-2.094395    1.439734    1.939632    19.240939    19.241041    54.331729    54.331729    106.969323    106.969323    177.153057    177.153057    264.882815    264.882815    370.158561    370.158561    492.980284    492.980284    633.347977    633.347977    791.261637    791.261637    966.721264    966.721264    1159.726855    1159.726855    1370.278412    1370.278412    1598.375933    1598.375933    1844.019417    1844.019417    2107.208866    2107.208866    2387.944278    2387.944278    2686.225654    2686.225654    3002.052994    3002.052994    3335.426297    3335.426297    3686.345564    3686.345564    4054.810794    4054.810794    4440.821988    4440.821988    4844.379145    4844.379145    5265.482265    5265.482265    5704.131349    5704.131349    6160.326397    6160.326397    6634.067408    6634.067408    7125.354382    7125.354382    7634.187320    7634.187438    8160.566336    
-2.083923    1.438827    1.940648    19.175254    19.306836    54.222123    54.441445    106.815851    107.122904    176.955720    177.350504    264.641613    265.124127    369.873494    370.443738    492.651352    493.309325    632.975180    633.720883    790.844975    791.678409    966.260737    967.181900    1159.222464    1160.231357    1369.730155    1370.826778    1597.783811    1598.968164    1843.383431    1844.655513    2106.529015    2107.888827    2387.220562    2388.668104    2685.458073    2686.993345    3001.241548    3002.864549    3334.570986    3336.281717    3685.446388    3687.244849    4053.867753    4055.753944    4439.835082    4441.809003    4843.348374    4845.410025    5264.407630    5266.557010    5703.012849    5705.249959    6159.164032    6161.488872    6632.861178    6635.273747    7124.104287    7126.604587    7632.893360    7635.481508    8159.228511    
-2.073451    1.436130    1.943675    19.109628    19.372791    54.112627    54.551271    106.662488    107.276595    176.758493    177.548060    264.400520    265.365548    369.588537    370.729024    492.322529    493.638477    632.602493    634.093899    790.428423    792.095290    965.800320    967.642646    1158.718182    1160.735968    1369.182009    1371.375254    1597.191799    1599.560504    1842.747554    1845.291719    2105.849273    2108.568897    2386.496956    2389.392039    2684.690602    2687.761145    3000.430211    3003.676215    3333.715785    3337.137248    3684.547322    3688.144244    4052.924822    4056.697204    4438.848286    4442.796128    4842.317713    4846.441015    5263.333104    5267.631865    5701.894458    5706.368679    6158.001776    6162.651456    6631.655057    6636.480197    7122.854302    7127.854901    7631.599509    7636.775687    8157.890796    
-2.062979    1.431705    1.948648    19.044112    19.438856    54.003240    54.661206    106.509236    107.430396    176.561375    177.745726    264.159538    265.607079    369.303689    371.014420    491.993817    493.967737    632.229915    634.467025    790.011981    792.512280    965.340013    968.103502    1158.214010    1161.240688    1368.633971    1371.923839    1596.599897    1600.152955    1842.111787    1845.928034    2105.169641    2109.249078    2385.773459    2390.116085    2683.923240    2688.529055    2999.618985    3004.487990    3332.860693    3337.992888    3683.648365    3689.043749    4051.982001    4057.640574    4437.861600    4443.783362    4841.287162    4847.472114    5262.258688    5268.706830    5700.776177    5707.487508    6156.839630    6163.814150    6630.449046    6637.686756    7121.604426    7129.105325    7630.305769    7638.069976    8156.553190    
-2.052507    1.425650    1.955470    18.978705    19.505030    53.893962    54.771251    106.356093    107.584307    176.364367    177.943502    263.918665    265.848720    369.018951    371.299926    491.665214    494.297108    631.857447    634.840261    789.595648    792.929381    964.879815    968.564467    1157.709947    1161.745519    1368.086044    1372.472535    1596.008105    1600.745515    1841.476130    1846.564459    2104.490119    2109.929367    2385.050072    2390.840239    2683.155988    2689.297075    2998.807868    3005.299874    3332.005711    3338.848637    3682.749518    3689.943363    4051.039289    4058.584053    4436.875023    4444.770707    4840.256721    4848.503323    5261.184382    5269.781904    5699.658006    5708.606447    6155.677594    6164.976954    6629.243145    6638.893425    7120.354660    7130.355859    7629.012138    7639.364375    8155.215694    
-2.042035    1.418088    1.964019    18.913408    19.571315    53.784795    54.881405    106.203060    107.738327    176.167469    178.141388    263.677901    266.090470    368.734323    371.585541    491.336721    494.626588    631.485089    635.213606    789.179425    793.346591    964.419727    969.025542    1157.205994    1162.250458    1367.538226    1373.021339    1595.416422    1601.338185    1840.840582    1847.200994    2103.810706    2110.609767    2384.326794    2391.564504    2682.388845    2690.065204    2997.996861    3006.111869    3331.150839    3339.704496    3681.850781    3690.843088    4050.096687    4059.527642    4435.888556    4445.758161    4839.226389    4849.534642    5260.110185    5270.857087    5698.539944    5709.725496    6154.515667    6166.139868    6628.037354    6640.100203    7119.105003    7131.606502    7627.718616    7640.658883    8153.878308    
-2.031563    1.409157    1.974155    18.848221    19.637709    53.675737    54.991669    106.050136    107.892457    175.970680    178.339383    263.437247    266.332330    368.449804    371.871266    491.008337    494.956178    631.112840    635.587061    788.763311    793.763911    963.959748    969.486727    1156.702151    1162.755508    1366.990518    1373.570254    1594.824849    1601.930964    1840.205144    1847.837638    2103.131403    2111.290276    2383.603626    2392.288878    2681.621813    2690.833443    2997.185963    3006.923973    3330.296077    3340.560465    3680.952154    3691.742921    4049.154195    4060.471341    4434.902199    4446.745724    4838.196167    4850.566071    5259.036098    5271.932381    5697.421992    5710.844654    6153.353850    6167.302891    6626.831672    6641.307091    7117.855457    7132.857255    7626.425205    7641.953501    8152.541031    
-2.021091    1.399002    1.985736    18.783143    19.704213    53.566789    55.102043    105.897322    108.046697    175.774001    178.537487    263.196703    266.574300    368.165395    372.157101    490.680063    495.285878    630.740701    635.960625    788.347308    794.181340    963.499880    969.948021    1156.198417    1163.260667    1366.442919    1374.119278    1594.233385    1602.523853    1839.569816    1848.474392    2102.452210    2111.970895    2382.880568    2393.013362    2680.854890    2691.601792    2996.375175    3007.736186    3329.441424    3341.416544    3680.053636    3692.642865    4048.211812    4061.415149    4433.915951    4447.733397    4837.166054    4851.597609    5257.962120    5273.007784    5696.304150    5711.963922    6152.192143    6168.466024    6625.626100    6642.514089    7116.606019    7134.108118    7625.131903    7643.248229    8151.203865    
-2.010619    1.387764    1.998618    18.718175    19.770826    53.457950    55.212527    105.744618    108.201046    175.577431    178.735702    262.956269    266.816379    367.881096    372.443045    490.351899    495.615687    630.368672    636.334299    787.931413    794.598879    963.040121    970.409425    1155.694793    1163.765936    1365.895430    1374.668412    1593.642032    1603.116852    1838.934597    1849.111256    2101.773126    2112.651624    2382.157619    2393.737955    2680.088076    2692.370251    2995.564497    3008.548509    3328.586880    3342.272732    3679.155228    3693.542918    4047.269539    4062.359067    4432.929813    4448.721180    4836.136051    4852.629257    5256.888252    5274.083297    5695.186417    5713.083300    6151.030545    6169.629267    6624.420637    6643.721197    7115.356692    7135.359090    7623.838710    7644.543066    8149.866807    
-2.000147    1.375579    2.012666    18.653317    19.837549    53.349221    55.323120    105.592023    108.355505    175.380972    178.934026    262.715944    267.058568    367.596906    372.729099    490.023844    495.945606    629.996753    636.708083    787.515629    795.016528    962.580471    970.870939    1155.191279    1164.271315    1365.348051    1375.217655    1593.050788    1603.709960    1838.299488    1849.748229    2101.094152    2113.332462    2381.434781    2394.462658    2679.321372    2693.138819    2994.753928    3009.360942    3327.732447    3343.129030    3678.256929    3694.443081    4046.327375    4063.303095    4431.943785    4449.709073    4835.106158    4853.661014    5255.814494    5275.158919    5694.068794    5714.202787    6149.869057    6170.792619    6623.215284    6644.928414    7114.107474    7136.610172    7622.545628    7645.838013    8148.529860    
-1.989675    1.362573    2.027755    18.588568    19.904382    53.240602    55.433823    105.439538    108.510073    175.184622    179.132459    262.475729    267.300867    367.312826    373.015263    489.695899    496.275634    629.624943    637.081977    787.099954    795.434286    962.120932    971.332562    1154.687874    1164.776803    1364.800782    1375.767008    1592.459653    1604.303178    1837.664489    1850.385312    2100.415288    2114.013410    2380.712051    2395.187471    2678.554778    2693.907496    2993.943469    3010.173485    3326.878123    3343.985437    3677.358741    3695.343353    4045.385322    4064.247232    4430.957866    4450.697075    4834.076374    4854.692881    5254.740846    5276.234651    5692.951281    5715.322384    6148.707679    6171.956081    6622.010041    6646.135741    7112.858366    7137.861364    7621.252655    7647.133069    8147.193022    
-1.979203    1.348857    2.043773    18.523930    19.971324    53.132093    55.544635    105.287163    108.664751    174.988381    179.331003    262.235624    267.543275    367.028856    373.301536    489.368064    496.605773    629.253243    637.455980    786.684389    795.852154    961.661502    971.794295    1154.184579    1165.282401    1364.253622    1376.316471    1591.868628    1604.896506    1837.029599    1851.022505    2099.736534    2114.694467    2379.989432    2395.912394    2677.788294    2694.676284    2993.133119    3010.986137    3326.023909    3344.841954    3676.460661    3696.243735    4044.443378    4065.191479    4429.972057    4451.685187    4833.046700    4855.724858    5253.667307    5277.310493    5691.833877    5716.442091    6147.546411    6173.119652    6620.804907    6647.343177    7111.609368    7139.112665    7619.959791    7648.428236    8145.856294    
-1.968731    1.334534    2.060618    18.459400    20.038377    53.023693    55.655558    105.134897    108.819539    174.792250    179.529656    261.995628    267.785793    366.744995    373.587919    489.040338    496.936021    628.881652    637.830093    786.268933    796.270132    961.202181    972.256138    1153.681394    1165.788108    1363.706571    1376.866044    1591.277713    1605.489943    1836.394819    1851.659807    2099.057889    2115.375634    2379.266922    2396.637426    2677.021919    2695.445181    2992.322880    3011.798899    3325.169804    3345.698581    3675.562692    3697.144227    4043.501543    4066.135836    4428.986358    4452.673408    4832.017136    4856.756945    5252.593878    5278.386444    5690.716583    5717.561907    6146.385252    6174.283333    6619.599884    6648.550723    7110.360479    7140.364076    7618.667038    7649.723512    8144.519675    
-1.958259    1.319690    2.078202    18.394981    20.105539    52.915403    55.766589    104.982741    108.974437    174.596229    179.728418    261.755742    268.028421    366.461244    373.874412    488.712722    497.266378    628.510171    638.204315    785.853588    796.688219    960.742970    972.718090    1153.178318    1166.293926    1363.159631    1377.415726    1590.686908    1606.083490    1835.760149    1852.297219    2098.379353    2116.056911    2378.544522    2397.362567    2676.255654    2696.214187    2991.512750    3012.611771    3324.315809    3346.555318    3674.664832    3698.044828    4042.559818    4067.080302    4428.000768    4453.661740    4830.987682    4857.789141    5251.520558    5279.462505    5689.599399    5718.681833    6145.224202    6175.447124    6618.394969    6649.758379    7109.111700    7141.615597    7617.374394    7651.018897    8143.183166    
-1.947787    1.304404    2.096448    18.330671    20.172810    52.807222    55.877731    104.830695    109.129444    174.400318    179.927291    261.515965    268.271158    366.177602    374.161014    488.385216    497.596845    628.138800    638.578647    785.438351    797.106417    960.283869    973.180152    1152.675352    1166.799852    1362.612800    1377.965518    1590.096212    1606.677147    1835.125588    1852.934740    2097.700928    2116.738298    2377.822231    2398.087819    2675.489499    2696.983304    2990.702729    3013.424752    3323.461924    3347.412164    3673.767082    3698.945539    4041.618203    4068.024878    4427.015288    4454.650181    4829.958337    4858.821446    5250.447349    5280.538676    5688.482324    5719.801869    6144.063263    6176.611025    6617.190165    6650.966144    7107.863030    7142.867227    7616.081859    7652.314392    8141.846767    
-1.937315    1.288742    2.115288    18.266471    20.240192    52.699151    55.988982    104.678758    109.284561    174.204516    180.126273    261.276299    268.514005    365.894071    374.447726    488.057819    497.927422    627.767538    638.953089    785.023225    797.524723    959.824878    973.642324    1152.172496    1167.305889    1362.066079    1378.515419    1589.505626    1607.270913    1834.491137    1853.572372    2097.022612    2117.419794    2377.100050    2398.813180    2674.723453    2697.752530    2989.892819    3014.237843    3322.608148    3348.269120    3672.869441    3699.846360    4040.676698    4068.969564    4426.029918    4455.638731    4828.929101    4859.853862    5249.374248    5281.614956    5687.365359    5720.922014    6142.902433    6177.775035    6615.985470    6652.174019    7106.614471    7144.118967    7614.789435    7653.609997    8140.510477    
-1.926843    1.272763    2.134665    18.202381    20.307683    52.591190    56.100343    104.526931    109.439787    174.008824    180.325364    261.036741    268.756962    365.610649    374.734547    487.730532    498.258109    627.396386    639.327640    784.608208    797.943140    959.365996    974.104605    1151.669749    1167.812035    1361.519467    1379.065430    1588.915149    1607.864789    1833.856795    1854.210113    2096.344405    2118.101400    2376.377979    2399.538651    2673.957517    2698.521865    2989.083018    3015.051043    3321.754482    3349.126185    3671.971910    3700.747290    4039.735302    4069.914359    4425.044657    4456.627391    4827.899976    4860.886387    5248.301258    5282.691346    5686.248503    5722.042269    6141.741712    6178.939155    6614.780885    6653.382004    7105.366021    7145.370817    7613.497120    7654.905712    8139.174297    
-1.916372    1.256517    2.154528    18.138401    20.375283    52.483338    56.211814    104.375214    109.595124    173.813241    180.524566    260.797294    269.000028    365.327336    375.021479    487.403355    498.588905    627.025344    639.702302    784.193301    798.361666    958.907224    974.566996    1151.167112    1168.318291    1360.972965    1379.615551    1588.324782    1608.458775    1833.222564    1854.847963    2095.666309    2118.783115    2375.656018    2400.264231    2673.191690    2699.291311    2988.273326    3015.864354    3320.900926    3349.983360    3671.074489    3701.648330    4038.794016    4070.859264    4424.059506    4457.616161    4826.870960    4861.919022    5247.228377    5283.767846    5685.131758    5723.162633    6140.581102    6180.103384    6613.576409    6654.590099    7104.117680    7146.622776    7612.204914    7656.201536    8137.838227    
-1.905900    1.240049    2.174834    18.074530    20.442994    52.375597    56.323394    104.223607    109.750569    173.617769    180.723877    260.557956    269.243204    365.044133    375.308520    487.076287    498.919811    626.654411    640.077072    783.778503    798.780301    958.448562    975.029496    1150.664585    1168.824657    1360.426573    1380.165781    1587.734525    1609.052870    1832.588442    1855.485924    2094.988322    2119.464940    2374.934166    2400.989921    2672.425973    2700.060866    2987.463745    3016.677774    3320.047479    3350.840645    3670.177178    3702.549480    4037.852840    4071.804279    4423.074465    4458.605041    4825.842054    4862.951766    5246.155606    5284.844455    5684.015122    5724.283108    6139.420601    6181.267723    6612.372043    6655.798303    7102.869449    7147.874845    7610.912819    7657.497470    8136.502266    
-1.895428    1.223395    2.195544    18.010769    20.510814    52.267964    56.435084    104.072109    109.906125    173.422406    180.923297    260.318728    269.486490    364.761040    375.595670    486.749329    499.250826    626.283588    640.451953    783.363816    799.199047    957.990009    975.492107    1150.162167    1169.331132    1359.880290    1380.716121    1587.144378    1609.647075    1831.954429    1856.123993    2094.310444    2120.146875    2374.212423    2401.715721    2671.660366    2700.830530    2986.654273    3017.491303    3319.194142    3351.698040    3669.279976    3703.450739    4036.911773    4072.749403    4422.089533    4459.594030    4824.813257    4863.984620    5245.082944    5285.921174    5682.898595    5725.403691    6138.260209    6182.432172    6611.167787    6657.006616    7101.621328    7149.127024    7609.620833    7658.793513    8135.166416    
-1.884956    1.206588    2.216625    17.947117    20.578744    52.160442    56.546883    103.920720    110.061790    173.227152    181.122828    260.079610    269.729885    364.478057    375.882930    486.422481    499.581952    625.912875    640.826943    782.949237    799.617902    957.531566    975.954827    1149.659859    1169.837717    1359.334117    1381.266571    1586.554340    1610.241390    1831.320526    1856.762173    2093.632677    2120.828920    2373.490791    2402.441630    2670.894869    2701.600305    2985.844910    3018.304942    3318.340915    3352.555544    3668.382884    3704.352109    4035.970816    4073.694637    4421.104711    4460.583129    4823.784570    4865.017584    5244.010393    5286.998003    5681.782178    5726.524385    6137.099928    6183.596731    6609.963640    6658.215040    7100.373317    7150.379312    7608.328956    7660.089667    8133.830674    
-1.874484    1.189657    2.238051    17.883575    20.646783    52.053029    56.658792    103.769442    110.217565    173.032008    181.322468    259.840601    269.973390    364.195183    376.170300    486.095742    499.913186    625.542272    641.202043    782.534769    800.036866    957.073232    976.417656    1149.157661    1170.344411    1358.788054    1381.817131    1585.964412    1610.835814    1830.686733    1857.400462    2092.955019    2121.511074    2372.769268    2403.167649    2670.129481    2702.370188    2985.035657    3019.118691    3317.487798    3353.413157    3667.485901    3705.253587    4035.029968    4074.639981    4420.119999    4461.572337    4822.755993    4866.050657    5242.937950    5288.074941    5680.665871    5727.645188    6135.939756    6184.761399    6608.759604    6659.423573    7099.125415    7151.631710    7607.037189    7661.385930    8132.495043    
-1.864012    1.172627    2.259795    17.820143    20.714932    51.945726    56.770811    103.618273    110.373449    172.836974    181.522217    259.601702    270.217005    363.912419    376.457780    485.769113    500.244531    625.171778    641.577252    782.120410    800.455941    956.615008    976.880595    1148.655572    1170.851215    1358.242101    1382.367800    1585.374593    1611.430348    1830.053050    1858.038861    2092.277470    2122.193338    2372.047855    2403.893778    2669.364203    2703.140182    2984.226514    3019.932550    3316.634790    3354.270881    3666.589028    3706.155176    4034.089230    4075.585434    4419.135396    4462.561655    4821.727525    4867.083841    5241.865618    5289.151989    5679.549674    5728.766101    6134.779693    6185.926177    6607.555676    6660.632216    7097.877623    7152.884218    7605.745532    7662.682302    8131.159521    
-1.853540    1.155518    2.281836    17.756821    20.783191    51.838532    56.882940    103.467213    110.529444    172.642050    181.722076    259.362912    270.460729    363.629765    376.745369    485.442594    500.575985    624.801393    641.952571    781.706161    800.875125    956.156894    977.343644    1148.153593    1171.358129    1357.696257    1382.918579    1584.784884    1612.024992    1829.419476    1858.677370    2091.600032    2122.875711    2371.326551    2404.620016    2668.599034    2703.910285    2983.417481    3020.746518    3315.781891    3355.128714    3665.692265    3707.056874    4033.148602    4076.530997    4418.150903    4463.551083    4820.699167    4868.117133    5240.793395    5290.229147    5678.433586    5729.887124    6133.619741    6187.091064    6606.351859    6661.840968    7096.629940    7154.136835    7604.453985    7663.978784    8129.824108    
-1.843068    1.138351    2.304155    17.693608    20.851560    51.731448    56.995178    103.316264    110.685547    172.447235    181.922045    259.124232    270.704563    363.347220    377.033068    485.116184    500.907549    624.431119    642.328000    781.292021    801.294418    955.698890    977.806803    1147.651724    1171.865153    1357.150522    1383.469467    1584.195285    1612.619745    1828.786012    1859.315988    2090.922703    2123.558194    2370.605357    2405.346365    2667.833975    2704.680498    2982.608557    3021.560596    3314.929103    3355.986657    3664.795611    3707.958681    4032.208084    4077.476669    4417.166520    4464.540621    4819.670919    4869.150536    5239.721282    5291.306414    5677.317608    5731.008256    6132.459898    6188.256061    6605.148151    6663.049830    7095.382367    7155.389562    7603.162547    7665.275376    8128.488806    
-1.832596    1.121141    2.326736    17.630506    20.920038    51.624474    57.107526    103.165424    110.841761    172.252530    182.122124    258.885662    270.948507    363.064785    377.320877    484.789884    501.239222    624.060954    642.703538    780.877991    801.713822    955.240995    978.270071    1147.149964    1172.372286    1356.604898    1384.020465    1583.605796    1613.214608    1828.152658    1859.954716    2090.245483    2124.240787    2369.884273    2406.072822    2667.069026    2705.450821    2981.799743    3022.374783    3314.076424    3356.844709    3663.899068    3708.860599    4031.267675    4078.422452    4416.182246    4465.530268    4818.642780    4870.184048    5238.649278    5292.383791    5676.201740    5732.129498    6131.300164    6189.421168    6603.944553    6664.258802    7094.134904    7156.642399    7601.871219    7666.572078    8127.153613    
-1.822124    1.103904    2.349564    17.567512    20.988626    51.517610    57.219983    103.014693    110.998084    172.057934    182.322312    258.647202    271.192560    362.782459    377.608795    484.463693    501.571006    623.690898    643.079186    780.464071    802.133335    954.783210    978.733449    1146.648314    1172.879529    1356.059383    1384.571573    1583.016416    1613.809581    1827.519413    1860.593553    2089.568374    2124.923490    2369.163298    2406.799390    2666.304187    2706.221253    2980.991039    3023.189081    3313.223854    3357.702871    3663.002633    3709.762626    4030.327376    4079.368343    4415.198082    4466.520025    4817.614751    4871.217670    5237.577384    5293.461278    5675.085981    5733.250849    6130.140541    6190.586385    6602.741064    6665.467883    7092.887551    7157.895345    7600.580001    7667.868889    8125.818529    
-1.811652    1.086651    2.372626    17.504629    21.057324    51.410855    57.332550    102.864073    111.154517    171.863448    182.522610    258.408851    271.436723    362.500243    377.896823    484.137613    501.902898    623.320953    643.454944    780.050261    802.552957    954.325534    979.196937    1146.146774    1173.386881    1355.513977    1385.122790    1582.427146    1614.404663    1826.886278    1861.232501    2088.891374    2125.606302    2368.442433    2407.526067    2665.539457    2706.991795    2980.182444    3024.003487    3312.371395    3358.561143    3662.106309    3710.664762    4029.387186    4080.314345    4414.214028    4467.509891    4816.586832    4872.251401    5236.505600    5294.538874    5673.970332    5734.372311    6128.981027    6191.751711    6601.537685    6666.677074    7091.640307    7159.148401    7599.288892    7669.165810    8124.483556    
-1.801180    1.069395    2.395911    17.441855    21.126131    51.304209    57.445227    102.713562    111.311059    171.669072    182.723018    258.170610    271.680995    362.218137    378.184960    483.811642    502.234901    622.951117    643.830812    779.636560    802.972690    953.867969    979.660534    1145.645343    1173.894343    1354.968682    1385.674117    1581.837985    1614.999855    1826.253252    1861.871558    2088.214483    2126.289224    2367.721678    2408.252853    2664.774837    2707.762447    2979.373959    3024.818004    3311.519045    3359.419524    3661.210094    3711.567009    4028.447107    4081.260456    4413.230083    4468.499867    4815.559023    4873.285242    5235.433926    5295.616580    5672.854792    5735.493882    6127.821622    6192.917146    6600.334416    6667.886375    7090.393173    7160.401567    7597.997893    7670.462840    8123.148692    
-1.790708    1.052145    2.419409    17.379191    21.195048    51.197674    57.558014    102.563160    111.467712    171.474806    182.923535    257.932478    271.925378    361.936141    378.473208    483.485780    502.567013    622.581390    644.206789    779.222968    803.392532    953.410513    980.124241    1145.144022    1174.401915    1354.423496    1386.225554    1581.248934    1615.595157    1825.620336    1862.510724    2087.537703    2126.972255    2367.001033    2408.979750    2664.010326    2708.533208    2978.565583    3025.632630    3310.666804    3360.278016    3660.313989    3712.469365    4027.507136    4082.206677    4412.246248    4469.489953    4814.531323    4874.319193    5234.362361    5296.694396    5671.739363    5736.615562    6126.662328    6194.082692    6599.131256    6669.095785    7089.146148    7161.654842    7596.707004    7671.759980    8121.813937    
-1.780236    1.034911    2.443111    17.316637    21.264075    51.091248    57.670910    102.412869    111.624473    171.280649    183.124162    257.694456    272.169870    361.654254    378.761564    483.160029    502.899235    622.211774    644.582875    778.809487    803.812483    952.953166    980.588057    1144.642810    1174.909597    1353.878420    1386.777100    1580.659993    1616.190568    1824.987530    1863.150000    2086.861032    2127.655396    2366.280497    2409.706756    2663.245925    2709.304079    2977.757318    3026.447366    3309.814674    3361.136616    3659.417993    3713.371830    4026.567276    4083.153008    4411.262522    4470.480149    4813.503732    4875.353253    5233.290906    5297.772321    5670.624042    5737.737352    6125.503143    6195.248347    6597.928206    6670.305305    7087.899233    7162.908227    7595.416224    7673.057230    8120.479293    
-1.769764    1.017700    2.467008    17.254192    21.333211    50.984932    57.783916    102.262687    111.781345    171.086602    183.324899    257.456544    272.414471    361.372477    379.050031    482.834387    503.231566    621.842267    644.959072    778.396115    804.232545    952.495929    981.051984    1144.141709    1175.417388    1353.333453    1387.328756    1580.071161    1616.786089    1824.354834    1863.789386    2086.184470    2128.338647    2365.560070    2410.433871    2662.481634    2710.075060    2976.949162    3027.262211    3308.962653    3361.995327    3658.522107    3714.274406    4025.627525    4084.099448    4410.278907    4471.470454    4812.476252    4876.387423    5232.219560    5298.850356    5669.508832    5738.859252    6124.344067    6196.414112    6596.725266    6671.514935    7086.652428    7164.161721    7594.125554    7674.354590    8119.144758    
-1.759292    1.000520    2.491095    17.191857    21.402457    50.878725    57.897031    102.112614    111.938326    170.892664    183.525745    257.218742    272.659182    361.090809    379.338607    482.508854    503.564007    621.472869    645.335378    777.982853    804.652716    952.038802    981.516020    1143.640717    1175.925288    1352.788596    1387.880522    1579.482439    1617.381720    1823.722247    1864.428882    2085.508018    2129.022007    2364.839754    2411.161097    2661.717453    2710.846150    2976.141115    3028.077167    3308.110741    3362.854147    3657.626331    3715.177091    4024.687884    4085.045998    4409.295401    4472.460869    4811.448881    4877.421703    5231.148324    5299.928501    5668.393731    5739.981262    6123.185102    6197.579986    6595.522435    6672.724674    7085.405733    7165.415326    7592.834993    7675.652059    8117.810332    
-1.748820    0.983376    2.515364    17.129632    21.471813    50.772628    58.010257    101.962652    112.095417    170.698836    183.726701    256.981049    272.904003    360.809252    379.627293    482.183431    503.896558    621.103582    645.711794    777.569700    805.072996    951.581785    981.980165    1143.139834    1176.433299    1352.243849    1388.432397    1578.893827    1617.977460    1823.089770    1865.068487    2084.831676    2129.705477    2364.119547    2411.888432    2660.953381    2711.617350    2975.333178    3028.892231    3307.258940    3363.713077    3656.730664    3716.079885    4023.748352    4085.992657    4408.312004    4473.451393    4810.421619    4878.456092    5230.077198    5301.006755    5667.278740    5741.103381    6122.026245    6198.745970    6594.319714    6673.934523    7084.159147    7166.669039    7591.544542    7676.949638    8116.476017    
-1.738348    0.966275    2.539809    17.067517    21.541279    50.666641    58.123591    101.812799    112.252617    170.505118    183.927766    256.743466    273.148934    360.527804    379.916089    481.858118    504.229219    620.734404    646.088319    777.156657    805.493387    951.124877    982.444420    1142.639061    1176.941419    1351.699211    1388.984382    1578.305325    1618.573310    1822.457402    1865.708202    2084.155444    2130.389057    2363.399449    2412.615876    2660.189419    2712.388659    2974.525351    3029.707406    3306.407248    3364.572116    3655.835107    3716.982790    4022.808931    4086.939427    4407.328717    4474.442027    4809.394468    4879.490591    5229.006181    5302.085119    5666.163859    5742.225610    6120.867499    6199.912064    6593.117103    6675.144482    7082.912671    7167.922863    7590.254201    7678.247326    8115.141811    
-1.727876    0.949222    2.564425    17.005511    21.610854    50.560764    58.237036    101.663055    112.409927    170.311510    184.128942    256.505992    273.393974    360.246465    380.204994    481.532915    504.561989    620.365335    646.464954    776.743724    805.913887    950.668079    982.908785    1142.138398    1177.449649    1351.154683    1389.536477    1577.716932    1619.169270    1821.825145    1866.348026    2083.479321    2131.072747    2362.679462    2413.343431    2659.425566    2713.160079    2973.717634    3030.522690    3305.555665    3365.431265    3654.939660    3717.885804    4021.869618    4087.886306    4406.345540    4475.432771    4808.367426    4880.525200    5227.935274    5303.163592    5665.049087    5743.347948    6119.708862    6201.078267    6591.914601    6676.354550    7081.666304    7169.176796    7588.963970    7679.545124    8113.807714    
-1.717404    0.932221    2.589209    16.943615    21.680539    50.454996    58.350590    101.513421    112.567347    170.118011    184.330227    256.268628    273.639124    359.965236    380.494009    481.207821    504.894869    619.996377    646.841699    776.330900    806.334496    950.211390    983.373260    1141.637845    1177.957988    1350.610265    1390.088682    1577.128648    1619.765339    1821.192996    1866.987960    2082.803308    2131.756546    2361.959584    2414.071095    2658.661823    2713.931608    2972.910026    3031.338084    3304.704192    3366.290524    3654.044322    3718.788927    4020.930416    4088.833294    4405.362473    4476.423624    4807.340493    4881.559918    5226.864477    5304.242176    5663.934425    5744.470396    6118.550335    6202.244581    6590.712209    6677.564728    7080.420047    7170.430839    7587.673848    7680.843032    8112.473728    
-1.706932    0.915277    2.614155    16.881828    21.750333    50.349338    58.464254    101.363897    112.724877    169.924622    184.531621    256.031374    273.884384    359.684117    380.783133    480.882837    505.227858    619.627528    647.218553    775.918186    806.755215    949.754811    983.837844    1141.137401    1178.466437    1350.065956    1390.640996    1576.540475    1620.361518    1820.560958    1867.628004    2082.127405    2132.440454    2361.239816    2414.798868    2657.898190    2714.703246    2972.102528    3032.153587    3303.852829    3367.149892    3653.149094    3719.692160    4019.991323    4089.780392    4404.379515    4477.414588    4806.313671    4882.594746    5225.793790    5305.320869    5662.819872    5745.592954    6117.391918    6203.411003    6589.509927    6678.775016    7079.173900    7171.684992    7586.383836    7682.141049    8111.139851    
-1.696460    0.898394    2.639260    16.820152    21.820238    50.243789    58.578027    101.214483    112.882516    169.731342    184.733125    255.794229    274.129753    359.403108    381.072367    480.557963    505.560957    619.258788    647.595517    775.505582    807.176044    949.298342    984.302538    1140.637067    1178.974996    1349.521757    1391.193419    1575.952411    1620.957806    1819.929029    1868.268158    2081.451611    2133.124473    2360.520157    2415.526752    2657.134666    2715.474994    2971.295139    3032.969200    3303.001576    3368.009370    3652.253976    3720.595503    4019.052340    4090.727600    4403.396667    4478.405660    4805.286958    4883.629684    5224.723212    5306.399671    5661.705429    5746.715622    6116.233610    6204.577536    6588.307755    6679.985413    7077.927862    7172.939254    7585.093934    7683.439177    8109.806083    
-1.685988    0.881574    2.664520    16.758585    21.890252    50.138350    58.691911    101.065178    113.040265    169.538172    184.934739    255.557195    274.375232    359.122208    381.361711    480.233198    505.894166    618.890159    647.972591    775.093087    807.596983    948.841982    984.767341    1140.136843    1179.483665    1348.977668    1391.745953    1575.364457    1621.554205    1819.297210    1868.908421    2080.775927    2133.808601    2359.800608    2416.254745    2656.371252    2716.246852    2970.487861    3033.784923    3302.150432    3368.868958    3651.358968    3721.498956    4018.113466    4091.674918    4402.413929    4479.396843    4804.260354    4884.664731    5223.652743    5307.478583    5660.591096    5747.838399    6115.075412    6205.744178    6587.105692    6681.195920    7076.681934    7174.193626    7583.804141    7684.737413    8108.472426    
-1.675516    0.864822    2.689932    16.697128    21.960375    50.033021    58.805903    100.915983    113.198123    169.345112    185.136463    255.320269    274.620820    358.841418    381.651165    479.908543    506.227484    618.521639    648.349774    774.680703    808.018031    948.385733    985.232254    1139.636728    1179.992443    1348.433688    1392.298596    1574.776612    1622.150713    1818.665500    1869.548794    2080.100353    2134.492839    2359.081169    2416.982847    2655.607948    2717.018820    2969.680691    3034.600756    3301.299398    3369.728655    3650.464069    3722.402518    4017.174702    4092.622345    4401.431300    4480.388135    4803.233861    4885.699888    5222.582385    5308.557605    5659.476873    5748.961286    6113.917324    6206.910930    6585.903738    6682.406537    7075.436116    7175.448107    7582.514458    7686.035760    8107.138878    
-1.665044    0.848140    2.715493    16.635780    22.030609    49.927801    58.920006    100.766898    113.356091    169.152161    185.338296    255.083454    274.866519    358.560737    381.940728    479.583997    506.560912    618.153228    648.727067    774.268427    808.439189    947.929592    985.697277    1139.136723    1180.501330    1347.889818    1392.851348    1574.188877    1622.747330    1818.033901    1870.189276    2079.424888    2135.177186    2358.361839    2417.711060    2654.844754    2717.790897    2968.873632    3035.416698    3300.448474    3370.588462    3649.569279    3723.306190    4016.236048    4093.569882    4400.448781    4481.379537    4802.207477    4886.735155    5221.512136    5309.636737    5658.362759    5750.084282    6112.759345    6208.077791    6584.701895    6683.617263    7074.190408    7176.702699    7581.224884    7687.334216    8105.805439    
-1.654572    0.831530    2.741201    16.574542    22.100952    49.822692    59.034218    100.617922    113.514169    168.959320    185.540239    254.846748    275.112326    358.280166    382.230401    479.259561    506.894450    617.784928    649.104470    773.856262    808.860457    947.473562    986.162410    1138.636827    1181.010328    1347.346057    1393.404211    1573.601252    1623.344057    1817.402410    1870.829868    2078.749533    2135.861643    2357.642619    2418.439382    2654.081669    2718.563084    2968.066682    3036.232750    3299.597659    3371.448379    3648.674600    3724.209972    4015.297504    4094.517528    4399.466371    4482.371048    4801.181202    4887.770531    5220.441997    5310.715978    5657.248755    5751.207388    6111.601476    6209.244762    6583.500161    6684.828099    7072.944809    7177.957399    7579.935420    7688.632782    8104.472111    
-1.644100    0.814995    2.767053    16.513414    22.171404    49.717691    59.148540    100.469056    113.672356    168.766589    185.742292    254.610152    275.358244    357.999705    382.520183    478.935235    507.228098    617.416737    649.481982    773.444206    809.281834    947.017641    986.627652    1138.137042    1181.519435    1346.802407    1393.957183    1573.013736    1623.940894    1816.771030    1871.470570    2078.074287    2136.546210    2356.923509    2419.167813    2653.318693    2719.335380    2967.259842    3037.048911    3298.746954    3372.308405    3647.780030    3725.113863    4014.359069    4095.465284    4398.484071    4483.362669    4800.155038    4888.806017    5219.371967    5311.795329    5656.134860    5752.330604    6110.443716    6210.411843    6582.298536    6686.039045    7071.699319    7179.212210    7578.646066    7689.931457    8103.138891    
-1.633628    0.798538    2.793047    16.452396    22.241967    49.612801    59.262971    100.320300    113.830653    168.573968    185.944454    254.373665    275.604271    357.719353    382.810075    478.611019    507.561855    617.048655    649.859604    773.032259    809.703321    946.561830    987.093004    1137.637365    1182.028652    1346.258866    1394.510264    1572.426330    1624.537841    1816.139759    1872.111382    2077.399152    2137.230886    2356.204508    2419.896355    2652.555828    2720.107787    2966.453111    3037.865182    3297.896359    3373.168541    3646.885569    3726.017864    4013.420744    4096.413150    4397.501881    4484.354400    4799.128982    4889.841613    5218.302047    5312.874790    5655.021075    5753.453930    6109.286067    6211.579033    6581.097022    6687.250100    7070.453940    7180.467130    7577.356822    7691.230242    8101.805782    
-1.623156    0.782159    2.819182    16.391487    22.312639    49.508020    59.377513    100.171653    113.989060    168.381456    186.146726    254.137288    275.850408    357.439112    383.100077    478.286912    507.895721    616.680683    650.237336    772.620423    810.124918    946.106128    987.558465    1137.137799    1182.537978    1345.715434    1395.063456    1571.839034    1625.134897    1815.508598    1872.752303    2076.724125    2137.915672    2355.485617    2420.625006    2651.793072    2720.880302    2965.646491    3038.681563    3297.045873    3374.028787    3645.991219    3726.921975    4012.482528    4097.361126    4396.519801    4485.346240    4798.103037    4890.877318    5217.232237    5313.954360    5653.907400    5754.577365    6108.128527    6212.746333    6579.895617    6688.461265    7069.208670    7181.722160    7576.067687    7692.529137    8100.472782    
-1.612684    0.765862    2.845454    16.330689    22.383421    49.403349    59.492163    100.023116    114.147577    168.189054    186.349107    253.901021    276.096655    357.158979    383.390189    477.962915    508.229698    616.312821    650.615177    772.208696    810.546624    945.650536    988.024036    1136.638342    1183.047414    1345.172113    1395.616757    1571.251847    1625.732063    1814.877546    1873.393334    2076.049209    2138.600568    2354.766836    2421.353766    2651.030426    2721.652928    2964.839979    3039.498053    3296.195497    3374.889142    3645.096978    3727.826195    4011.544422    4098.309211    4395.537830    4486.338190    4797.077201    4891.913133    5216.162536    5315.034040    5652.793834    5755.700910    6106.971096    6213.913743    6578.694321    6689.672539    7067.963510    7182.977300    7574.778662    7693.828141    8099.139892    
-1.602212    0.749648    2.871862    16.269999    22.454312    49.298787    59.606924    99.874689    114.306203    167.996761    186.551598    253.664863    276.343011    356.878957    383.680410    477.639027    508.563784    615.945069    650.993128    771.797078    810.968440    945.195054    988.489717    1136.138995    1183.556960    1344.628901    1396.170167    1570.664770    1626.329339    1814.246604    1874.034474    2075.374402    2139.285573    2354.048164    2422.082636    2650.267889    2722.425663    2964.033578    3040.314654    3295.345230    3375.749607    3644.202846    3728.730525    4010.606426    4099.257406    4394.555969    4487.330250    4796.051475    4892.949058    5215.092945    5316.113829    5651.680379    5756.824564    6105.813775    6215.081262    6577.493136    6690.883924    7066.718459    7184.232549    7573.489746    7695.127255    8097.807112    
-1.591740    0.733518    2.898406    16.209420    22.525313    49.194335    59.721794    99.726371    114.464938    167.804578    186.754199    253.428815    276.589477    356.599044    383.970741    477.315250    508.897980    615.577426    651.371189    771.385571    811.390365    944.739682    988.955508    1135.639758    1184.066615    1344.085798    1396.723687    1570.077803    1626.926724    1813.615772    1874.675724    2074.699705    2139.970688    2353.329602    2422.811616    2649.505462    2723.198508    2963.227286    3041.131363    3294.495074    3376.610182    3643.308825    3729.634964    4009.668539    4100.205710    4393.574217    4488.322420    4795.025859    4893.985092    5214.023464    5317.193728    5650.567032    5757.948328    6104.656564    6216.248891    6576.292059    6692.095418    7065.473518    7185.487908    7572.200940    7696.426479    8096.474441    
-1.581268    0.717474    2.925083    16.148950    22.596424    49.089993    59.836774    99.578163    114.623784    167.612505    186.956910    253.192877    276.836052    356.319241    384.261181    476.991582    509.232285    615.209893    651.749359    770.974173    811.812401    944.284419    989.421408    1135.140630    1184.576380    1343.542805    1397.277317    1569.490946    1627.524219    1812.985050    1875.317084    2074.025118    2140.655913    2352.611149    2423.540706    2648.743145    2723.971463    2962.421104    3041.948183    3293.645027    3377.470866    3642.414913    3730.539514    4008.730762    4101.154124    4392.592576    4489.314699    4794.000352    4895.021236    5212.954092    5318.273737    5649.453796    5759.072202    6103.499463    6217.416630    6575.091093    6693.307021    7064.228687    7186.743376    7570.912244    7697.725813    8095.141880    
-1.570796    0.701517    2.951891    16.088590    22.667645    48.985761    59.951863    99.430064    114.782739    167.420541    187.159730    252.957049    277.082737    356.039547    384.551731    476.668023    509.566700    614.842470    652.127639    770.562884    812.234545    943.829265    989.887418    1134.641612    1185.086255    1342.999922    1397.831057    1568.904198    1628.121823    1812.354437    1875.958553    2073.350640    2141.341247    2351.892807    2424.269905    2647.980937    2724.744527    2961.615031    3042.765112    3292.795089    3378.331660    3641.521110    3731.444173    4007.793095    4102.102648    4391.611043    4490.307087    4792.974955    4896.057490    5211.884830    5319.353856    5648.340669    5760.196185    6102.342471    6218.584478    6573.890236    6694.518735    7062.983965    7187.998954    7569.623658    7699.025256    8093.809429    
-1.560324    0.685649    2.978831    16.028340    22.738975    48.881638    60.067063    99.282076    114.941804    167.228687    187.362660    252.721330    277.329532    355.759963    384.842391    476.344574    509.901225    614.475156    652.506029    770.151706    812.656800    943.374222    990.353537    1134.142703    1185.596239    1342.457149    1398.384906    1568.317559    1628.719537    1811.723934    1876.600133    2072.676272    2142.026692    2351.174574    2424.999214    2647.218839    2725.517701    2960.809069    3043.582151    3291.945261    3379.192564    3640.627418    3732.348941    4006.855538    4103.051282    4390.629621    4491.299586    4791.949668    4897.093853    5210.815678    5320.434084    5647.227652    5761.320278    6101.185589    6219.752436    6572.689489    6695.730558    7061.739353    7189.254642    7568.335181    7700.324808    8092.477087    
-1.549852    0.669870    3.005900    15.968199    22.810415    48.777625    60.182371    99.134196    115.100978    167.036943    187.565699    252.485720    277.576437    355.480489    385.133160    476.021235    510.235859    614.107952    652.884528    769.740637    813.079164    942.919288    990.819766    1133.643904    1186.106334    1341.914485    1398.938865    1567.731031    1629.317361    1811.093540    1877.241821    2072.002013    2142.712245    2350.456450    2425.728633    2646.456851    2726.290984    2960.003215    3044.399299    3291.095543    3380.053577    3639.733835    3733.253819    4005.918090    4104.000025    4389.648308    4492.292194    4790.924490    4898.130326    5209.746635    5321.514422    5646.114744    5762.444481    6100.028816    6220.920504    6571.488852    6696.942490    7060.494851    7190.510440    7567.046814    7701.624471    8091.144855    
-1.539380    0.654182    3.033098    15.908169    22.881965    48.673721    60.297790    98.986427    115.260262    166.845308    187.768848    252.250221    277.823451    355.201124    385.424039    475.698006    510.570603    613.740858    653.263137    769.329677    813.501638    942.464464    991.286105    1133.145215    1186.616537    1341.371931    1399.492934    1567.144612    1629.915295    1810.463256    1877.883620    2071.327864    2143.397909    2349.738437    2426.458161    2645.694972    2727.064377    2959.197472    3045.216557    3290.245935    3380.914700    3638.840361    3734.158807    4004.980751    4104.948878    4388.667105    4493.284911    4789.899422    4899.166909    5208.677702    5322.594869    5645.001946    5763.568794    6098.872154    6222.088681    6570.288324    6698.154532    7059.250458    7191.766347    7565.758556    7702.924243    8089.812732    
-1.528908    0.638586    3.060423    15.848247    22.953624    48.569927    60.413318    98.838767    115.419656    166.653783    187.972107    252.014831    278.070575    354.921870    385.715028    475.374886    510.905457    613.373873    653.641856    768.918828    813.924222    942.009749    991.752554    1132.646636    1187.126851    1340.829487    1400.047112    1566.558302    1630.513338    1809.833082    1878.525528    2070.653825    2144.083682    2349.020533    2427.187799    2644.933203    2727.837880    2958.391838    3046.033925    3289.396436    3381.775933    3637.946998    3735.063905    4004.043523    4105.897840    4387.686011    4494.277739    4788.874464    4900.203601    5207.608879    5323.675427    5643.889258    5764.693216    6097.715600    6223.256968    6569.087906    6699.366684    7058.006176    7193.022364    7564.470408    7704.224125    8088.480720    
-1.518436    0.623083    3.087874    15.788436    23.025393    48.466243    60.528956    98.691217    115.579159    166.462368    188.175476    251.779550    278.317808    354.642724    386.006127    475.051876    511.240420    613.006998    654.020684    768.508088    814.346915    941.555144    992.219112    1132.148166    1187.637274    1340.287152    1400.601400    1565.972103    1631.111491    1809.203017    1879.167546    2069.979896    2144.769564    2348.302738    2427.917547    2644.171544    2728.611493    2957.586314    3046.851402    3288.547047    3382.637275    3637.053744    3735.969112    4003.106404    4106.846912    4386.705028    4495.270676    4787.849615    4901.240403    5206.540165    5324.756094    5642.776679    5765.817748    6096.559157    6224.425365    6567.887598    6700.578946    7056.762002    7194.278490    7563.182370    7705.524116    8087.148817    
-1.507964    0.607673    3.115452    15.728734    23.097272    48.362668    60.644703    98.543777    115.738772    166.271063    188.378954    251.544380    278.565151    354.363689    386.297335    474.728975    511.575493    612.640232    654.399622    768.097457    814.769718    941.100649    992.685779    1131.649806    1188.147806    1339.744927    1401.155798    1565.386013    1631.709753    1808.573062    1879.809673    2069.306076    2145.455557    2347.585053    2428.647404    2643.409995    2729.385215    2956.780899    3047.668989    3287.697767    3383.498727    3636.160599    3736.874429    4002.169395    4107.796094    4385.724153    4496.263723    4786.824876    4902.277315    5205.471561    5325.836870    5641.664211    5766.942389    6095.402823    6225.593871    6566.687399    6701.791317    7055.517939    7195.534726    7561.894441    7706.824217    8085.817023    
-1.497492    0.592357    3.143154    15.669142    23.169260    48.259204    60.760560    98.396446    115.898495    166.079867    188.582542    251.309319    278.812604    354.084763    386.588653    474.406184    511.910676    612.273576    654.778669    767.686937    815.192630    940.646263    993.152557    1131.151555    1188.658449    1339.202811    1401.710305    1564.800032    1632.308126    1807.943217    1880.451910    2068.632366    2146.141659    2346.867478    2429.377371    2642.648555    2730.159047    2955.975594    3048.486686    3286.848598    3384.360289    3635.267565    3737.779855    4001.232495    4108.745385    4384.743389    4497.256879    4785.800246    4903.314336    5204.403067    5326.917756    5640.551851    5768.067140    6094.246599    6226.762487    6565.487310    6703.003798    7054.273985    7196.791072    7560.606623    7708.124428    8084.485339    
-1.487021    0.577136    3.170981    15.609660    23.241358    48.155848    60.876527    98.249225    116.058327    165.888780    188.786239    251.074368    279.060167    353.805947    386.880080    474.083503    512.245968    611.907030    655.157827    767.276526    815.615652    940.191987    993.619444    1130.653414    1189.169201    1338.660806    1402.264922    1564.214162    1632.906607    1807.313482    1881.094257    2067.958765    2146.827870    2346.150013    2430.107447    2641.887224    2730.932988    2955.170399    3049.304492    3285.999538    3385.221960    3634.374640    3738.685392    4000.295705    4109.694787    4383.762734    4498.250145    4784.775726    4904.351467    5203.334682    5327.998752    5639.439602    5769.192001    6093.090484    6227.931213    6564.287331    6704.216389    7053.030140    7198.047528    7559.318913    7709.424748    8083.153765    
-1.476549    0.562011    3.198931    15.550288    23.313566    48.052603    60.992604    98.102113    116.218269    165.697804    188.990046    250.839526    279.307839    353.527240    387.171617    473.760931    512.581370    611.540594    655.537094    766.866224    816.038784    939.737821    994.086441    1130.155383    1189.680062    1338.118910    1402.819649    1563.628401    1633.505199    1806.683856    1881.736713    2067.285275    2147.514192    2345.432657    2430.837633    2641.126004    2731.707039    2954.365314    3050.122408    3285.150587    3386.083741    3633.481824    3739.591037    3999.359025    4110.644297    4382.782189    4499.243521    4783.751316    4905.388707    5202.266407    5329.079858    5638.327462    5770.316971    6091.934480    6229.100048    6563.087461    6705.429089    7051.786406    7199.304093    7558.031314    7710.725178    8081.822301    
-1.466077    0.546983    3.227003    15.491025    23.385883    47.949467    61.108790    97.955112    116.378321    165.506937    189.193963    250.604794    279.555620    353.248643    387.463264    473.438470    512.916882    611.174267    655.916470    766.456033    816.462026    939.283764    994.553547    1129.657461    1190.191034    1337.577123    1403.374485    1563.042749    1634.103900    1806.054339    1882.379279    2066.611893    2148.200622    2344.715411    2431.567929    2640.364893    2732.481200    2953.560338    3050.940434    3284.301746    3386.945632    3632.589118    3740.496793    3998.422454    4111.593918    4381.801753    4500.237006    4782.727016    4906.426058    5201.198242    5330.161073    5637.215432    5771.442051    6090.778584    6230.268993    6561.887701    6706.641899    7050.542781    7200.560767    7556.743824    7712.025718    8080.490946    
-1.455605    0.532052    3.255198    15.431872    23.458311    47.846441    61.225086    97.808220    116.538482    165.316179    189.397990    250.370172    279.803512    352.970156    387.755020    473.116117    513.252503    610.808050    656.295957    766.045951    816.885377    938.829817    995.020763    1129.159650    1190.702115    1337.035446    1403.929431    1562.457208    1634.702711    1805.424933    1883.021955    2065.938622    2148.887163    2343.998275    2432.298335    2639.603891    2733.255470    2952.755471    3051.758569    3283.453015    3387.807632    3631.696522    3741.402658    3997.485993    4112.543648    4380.821427    4501.230601    4781.702825    4907.463518    5200.130186    5331.242398    5636.103511    5772.567241    6089.622799    6231.438048    6560.688050    6707.854818    7049.299265    7201.817552    7555.456444    7713.326367    8079.159701    
-1.445133    0.517218    3.283514    15.372829    23.530847    47.743524    61.341491    97.661437    116.698753    165.125532    189.602126    250.135659    280.051513    352.691778    388.046886    472.793875    513.588234    610.441943    656.675552    765.635978    817.308838    938.375980    995.488089    1128.661947    1191.213305    1336.493879    1404.484486    1561.871776    1635.301631    1804.795636    1883.664740    2065.265460    2149.573813    2343.281248    2433.028850    2638.843000    2734.029851    2951.950715    3052.576814    3282.604394    3388.669742    3630.804036    3742.308633    3996.549642    4113.493488    4379.841211    4502.224306    4780.678744    4908.501087    5199.062240    5332.323832    5634.991700    5773.692540    6088.467123    6232.607212    6559.488510    6709.067847    7048.055860    7203.074446    7554.169173    7714.627126    8077.828565    
-1.434661    0.502483    3.311952    15.313895    23.603494    47.640717    61.458006    97.514764    116.859134    164.934994    189.806372    249.901256    280.299624    352.413510    388.338862    472.471742    513.924075    610.075945    657.055258    765.226116    817.732408    937.922253    995.955524    1128.164355    1191.724606    1335.952422    1405.039651    1561.286453    1635.900662    1804.166449    1884.307636    2064.592408    2150.260573    2342.564331    2433.759475    2638.082218    2734.804340    2951.146068    3053.395169    3281.755882    3389.531962    3629.911659    3743.214718    3995.613400    4114.443437    4378.861105    4503.218120    4779.654773    4909.538766    5197.994404    5333.405376    5633.879999    5774.817949    6087.311557    6233.776486    6558.289079    6710.280986    7046.812564    7204.331450    7552.882012    7715.927995    8076.497540    
-1.424189    0.487846    3.340509    15.255071    23.676250    47.538020    61.574631    97.368201    117.019624    164.744566    190.010727    249.666963    280.547844    352.135352    388.630947    472.149719    514.260025    609.710057    657.435073    764.816362    818.156088    937.468635    996.423070    1127.666872    1192.236016    1335.411074    1405.594926    1560.701240    1636.499801    1803.537371    1884.950640    2063.919465    2150.947443    2341.847523    2434.490210    2637.321545    2735.578940    2950.341531    3054.213634    3280.907480    3390.394291    3629.019392    3744.120912    3994.677268    4115.393496    4377.881108    4504.212044    4778.630911    4910.576555    5196.926677    5334.487030    5632.768407    5775.943468    6086.156100    6234.945870    6557.089757    6711.494235    7045.569377    7205.588563    7551.594961    7717.228973    8075.166623    
-1.413717    0.473309    3.369187    15.196357    23.749116    47.435433    61.691366    97.221748    117.180225    164.554247    190.215192    249.432779    280.796174    351.857303    388.923142    471.827805    514.596085    609.344278    657.814998    764.406719    818.579878    937.015126    996.890724    1127.169499    1192.747535    1334.869836    1406.150311    1560.116137    1637.099051    1802.908403    1885.593755    2063.246632    2151.634422    2341.130826    2435.221054    2636.560983    2736.353649    2949.537103    3055.032208    3280.059187    3391.256730    3628.127235    3745.027216    3993.741246    4116.343665    4376.901221    4505.206078    4777.607159    4911.614454    5195.859060    5335.568793    5631.656925    5777.069097    6085.000754    6236.115363    6555.890545    6712.707593    7044.326301    7206.845786    7550.308019    7718.530061    8073.835817    
-1.403245    0.458871    3.397985    15.137753    23.822092    47.332955    61.808210    97.075404    117.340934    164.364038    190.419767    249.198705    281.044614    351.579364    389.215447    471.506001    514.932255    608.978609    658.195033    763.997185    819.003778    936.561728    997.358489    1126.672235    1193.259165    1334.328707    1406.705805    1559.531144    1637.698410    1802.279545    1886.236979    2062.573909    2152.321511    2340.414238    2435.952008    2635.800530    2737.128468    2948.732785    3055.850891    3279.211004    3392.119278    3627.235187    3745.933629    3992.805333    4117.293943    4375.921443    4506.200221    4776.583516    4912.652462    5194.791553    5336.650667    5630.545553    5778.194835    6083.845516    6237.284966    6554.691443    6713.921061    7043.083334    7208.103119    7549.021187    7719.831259    8072.505120    
-1.392773    0.444533    3.426901    15.079258    23.895177    47.230587    61.925164    96.929170    117.501754    164.173939    190.624451    248.964741    281.293164    351.301535    389.507862    471.184307    515.268534    608.613050    658.575177    763.587761    819.427787    936.108439    997.826363    1126.175081    1193.770904    1333.787689    1407.261409    1558.946260    1638.297879    1801.650796    1886.880312    2061.901296    2153.008710    2339.697759    2436.683071    2635.040186    2737.903396    2947.928577    3056.669685    3278.362931    3392.981937    3626.343249    3746.840152    3991.869530    4118.244331    4374.941775    4507.194474    4775.559983    4913.690580    5193.724155    5337.732649    5629.434290    5779.320682    6082.690389    6238.454679    6553.492451    6715.134638    7041.840476    7209.360562    7547.734465    7721.132566    8071.174533    
-1.382301    0.430296    3.455936    15.020873    23.968372    47.128328    62.042227    96.783045    117.662683    163.983949    190.829246    248.730886    281.541823    351.023815    389.800386    470.862723    515.604923    608.247601    658.955431    763.178447    819.851906    935.655259    998.294346    1125.678037    1194.282752    1333.246779    1407.817123    1558.361486    1638.897457    1801.022157    1887.523756    2061.228792    2153.696018    2338.981390    2437.414244    2634.279953    2738.678434    2947.124478    3057.488588    3277.514968    3393.844705    3625.451421    3747.746785    3990.933837    4119.194829    4373.962217    4508.188837    4774.536560    4914.728807    5192.656867    5338.814742    5628.323137    5780.446640    6081.535371    6239.624501    6552.293568    6716.348326    7040.597729    7210.618114    7546.447853    7722.433983    8069.844055    
-1.371829    0.416160    3.485090    14.962598    24.041676    47.026179    62.159400    96.637030    117.823721    163.794069    191.034149    248.497141    281.790591    350.746206    390.093019    470.541248    515.941422    607.882261    659.335794    762.769242    820.276134    935.202190    998.762440    1125.181102    1194.794711    1332.705980    1408.372946    1557.776822    1639.497145    1800.393628    1888.167309    2060.556398    2154.383436    2338.265131    2438.145527    2633.519828    2739.453582    2946.320489    3058.307600    3276.667114    3394.707582    3624.559702    3748.653528    3989.998253    4120.145436    4372.982768    4509.183309    4773.513247    4915.767145    5191.589689    5339.896944    5627.212094    5781.572707    6080.380463    6240.794433    6551.094795    6717.562122    7039.355091    7211.875775    7545.161350    7723.735510    8068.513688    
-1.361357    0.402125    3.514361    14.904433    24.115091    46.924140    62.276683    96.491125    117.984870    163.604299    191.239163    248.263506    282.039470    350.468705    390.385763    470.219882    516.278030    607.517031    659.716268    762.360147    820.700472    934.749230    999.230643    1124.684278    1195.306779    1332.165290    1408.928879    1557.192267    1640.096943    1799.765208    1888.810971    2059.884113    2155.070964    2337.548982    2438.876920    2632.759814    2740.228839    2945.516610    3059.126723    3275.819370    3395.570569    3623.668093    3749.560380    3989.062779    4121.096154    4372.003429    4510.177891    4772.490043    4916.805592    5190.522620    5340.979256    5626.101160    5782.698883    6079.225664    6241.964474    6549.896132    6718.776029    7038.112562    7213.133547    7543.874956    7725.037146    8067.183429    
-1.350885    0.388191    3.543750    14.846377    24.188615    46.822211    62.394075    96.345330    118.146128    163.414638    191.444286    248.029980    282.288458    350.191315    390.678616    469.898627    516.614748    607.151910    660.096851    761.951162    821.124920    934.296379    999.698956    1124.187562    1195.818956    1331.624710    1409.484921    1556.607822    1640.696851    1799.136898    1889.454744    2059.211938    2155.758601    2336.832942    2439.608422    2631.999909    2741.004206    2944.712840    3059.945955    3274.971735    3396.433666    3622.776593    3750.467342    3988.127415    4122.046980    4371.024200    4511.172582    4771.466949    4917.844148    5189.455661    5342.061677    5624.990336    5783.825170    6078.070975    6243.134626    6548.697578    6719.990045    7036.870144    7214.391428    7542.588673    7726.338892    8065.853281    
-1.340413    0.374360    3.573257    14.788431    24.262248    46.720391    62.511578    96.199644    118.307495    163.225087    191.649519    247.796564    282.537556    349.914034    390.971578    469.577481    516.951576    606.786899    660.477543    761.542286    821.549478    933.843639    1000.167378    1123.690957    1196.331243    1331.084240    1410.041073    1556.023487    1641.296868    1798.508698    1890.098626    2058.539873    2156.446348    2336.117012    2440.340034    2631.240114    2741.779683    2943.909181    3060.765296    3274.124210    3397.296873    3621.885204    3751.374413    3987.192160    4122.997917    4370.045081    4512.167384    4770.443964    4918.882814    5188.388811    5343.144208    5623.879622    5784.951566    6076.916396    6244.304887    6547.499134    6721.204171    7035.627834    7215.649419    7541.302499    7727.640748    8064.523242    
-1.329941    0.360631    3.602880    14.730595    24.335992    46.618681    62.629189    96.054068    118.468973    163.035646    191.854861    247.563258    282.786763    349.636862    391.264651    469.256445    517.288513    606.421998    660.858345    761.133520    821.974145    933.391008    1000.635910    1123.194461    1196.843640    1330.543879    1410.597335    1555.439261    1641.896994    1797.880607    1890.742618    2057.867917    2157.134205    2335.401191    2441.071755    2630.480429    2742.555270    2943.105630    3061.584748    3273.276795    3398.160189    3620.993923    3752.281594    3986.257015    4123.948963    4369.066071    4513.162295    4769.421089    4919.921590    5187.322072    5344.226849    5622.769017    5786.078071    6075.761927    6245.475257    6546.300799    6722.418406    7034.385635    7216.907519    7540.016435    7728.942713    8063.193313    
-1.319469    0.347004    3.632620    14.672868    24.409845    46.517080    62.746911    95.908601    118.630560    162.846314    192.060313    247.330061    283.036080    349.359801    391.557833    468.935518    517.625560    606.057207    661.239257    760.724863    822.398922    932.938486    1001.104552    1122.698075    1197.356147    1330.003628    1411.153707    1554.855145    1642.497231    1797.252626    1891.386719    2057.196071    2157.822171    2334.685481    2441.803586    2629.720853    2743.330966    2942.302190    3062.404309    3272.429490    3399.023615    3620.102753    3753.188885    3985.321980    4124.900118    4368.087170    4514.157315    4768.398324    4920.960476    5186.255442    5345.309600    5621.658522    5787.204687    6074.607567    6246.645737    6545.102574    6723.632752    7033.143545    7218.165729    7538.730480    7730.244788    8061.863493    
-1.308997    0.333480    3.662476    14.615251    24.483807    46.415589    62.864742    95.763245    118.792256    162.657092    192.265875    247.096974    283.285507    349.082849    391.851124    468.614701    517.962717    605.692525    661.620279    760.316317    822.823808    932.486075    1001.573303    1122.201798    1197.868763    1329.463486    1411.710188    1554.271138    1643.097577    1796.624755    1892.030930    2056.524335    2158.510247    2333.969879    2442.535527    2628.961387    2744.106771    2941.498859    3063.223979    3271.582294    3399.887151    3619.211692    3754.096285    3984.387054    4125.851384    4367.108380    4515.152446    4767.375669    4921.999471    5185.188921    5346.392460    5620.548137    5788.331412    6073.453316    6247.816327    6543.904459    6724.847206    7031.901565    7219.424049    7537.444635    7731.546973    8060.533784    
-1.298525    0.320059    3.692449    14.557744    24.557880    46.314208    62.982683    95.617997    118.954062    162.467980    192.471546    246.863996    283.535043    348.806006    392.144526    468.293994    518.299983    605.327953    662.001410    759.907879    823.248804    932.033773    1002.042164    1121.705631    1198.381489    1328.923454    1412.266779    1553.687242    1643.698033    1795.996993    1892.675251    2055.852709    2159.198432    2333.254388    2443.267578    2628.202031    2744.882687    2940.695637    3064.043759    3270.735207    3400.750796    3618.320741    3755.003795    3983.452238    4126.802759    4366.129699    4516.147685    4766.353123    4923.038576    5184.122510    5347.475429    5619.437861    5789.458246    6072.299176    6248.987027    6542.706454    6726.061771    7030.659695    7220.682478    7536.158900    7732.849267    8059.204183    
-1.288053    0.306742    3.722538    14.500347    24.632062    46.212936    63.100733    95.472860    119.115978    162.278977    192.677327    246.631129    283.784689    348.529274    392.438037    467.973396    518.637359    604.963490    662.382651    759.499552    823.673910    931.581580    1002.511135    1121.209574    1198.894325    1328.383532    1412.823479    1553.103455    1644.298598    1795.369341    1893.319681    2055.181192    2159.886728    2332.539006    2443.999738    2627.442784    2745.658712    2939.892526    3064.863649    3269.888231    3401.614551    3617.429900    3755.911415    3982.517532    4127.754243    4365.151128    4517.143035    4765.330687    4924.077790    5183.056209    5348.558509    5618.327695    5790.585191    6071.145145    6250.157836    6541.508558    6727.276445    7029.417934    7221.941017    7534.873274    7734.151671    8057.874693    
-1.277581    0.293528    3.752742    14.443059    24.706354    46.111775    63.218893    95.327832    119.278004    162.090084    192.883218    246.398371    284.034445    348.252651    392.731658    467.652908    518.974845    604.599137    662.764001    759.091334    824.099125    931.129498    1002.980215    1120.713626    1199.407270    1327.843719    1413.380290    1552.519777    1644.899273    1794.741799    1893.964221    2054.509785    2160.575132    2331.823734    2444.732008    2626.683647    2746.434847    2939.089524    3065.683649    3269.041364    3402.478415    3616.539168    3756.819145    3981.582935    4128.705838    4364.172666    4518.138494    4764.308360    4925.117114    5181.990018    5349.641698    5617.217639    5791.712245    6069.991224    6251.328755    6540.310772    6728.491229    7028.176283    7223.199666    7533.587758    7735.454185    8056.545312    
-1.267109    0.280417    3.783062    14.385882    24.780755    46.010722    63.337163    95.182914    119.440139    161.901300    193.089219    246.165722    284.284311    347.976137    393.025388    467.332530    519.312440    604.234894    663.145461    758.683226    824.524450    930.677525    1003.449405    1120.217788    1199.920325    1327.304017    1413.937209    1551.936209    1645.500058    1794.114366    1894.608871    2053.838487    2161.263647    2331.108571    2445.464387    2625.924620    2747.211091    2938.286631    3066.503758    3268.194607    3403.342389    3615.648546    3757.726984    3980.648448    4129.657542    4363.194314    4519.134063    4763.286143    4926.156548    5180.923936    5350.724997    5616.107692    5792.839408    6068.837412    6252.499784    6539.113095    6729.706122    7026.934742    7224.458424    7532.302352    7736.756808    8055.216041    
-1.256637    0.267411    3.813496    14.328814    24.855266    45.909780    63.455542    95.038105    119.602384    161.712627    193.295329    245.933184    284.534286    347.699734    393.319228    467.012261    519.650145    603.870761    663.527031    758.275228    824.949885    930.225661    1003.918705    1119.722060    1200.433490    1326.764423    1414.494239    1551.352751    1646.100952    1793.487043    1895.253630    2053.167299    2161.952271    2330.393519    2446.196876    2625.165702    2747.987445    2937.483849    3067.323977    3267.347959    3404.206473    3614.758033    3758.634933    3979.714071    4130.609356    4362.216072    4520.129742    4762.264036    4927.196092    5179.857964    5351.808405    5614.997855    5793.966682    6067.683710    6253.670922    6537.915528    6730.921125    7025.693310    7225.717292    7531.017055    7738.059541    8053.886879    
-1.246165    0.254509    3.844046    14.271855    24.929887    45.808947    63.574032    94.893407    119.764739    161.524063    193.501548    245.700755    284.784370    347.423440    393.613178    466.692102    519.987959    603.506737    663.908711    757.867339    825.375430    929.773907    1004.388114    1119.226441    1200.946764    1326.224940    1415.051378    1550.769403    1646.701956    1792.859830    1895.898499    2052.496221    2162.641005    2329.678575    2446.929475    2624.406894    2748.763909    2936.681176    3068.144306    3266.501421    3405.070667    3613.867630    3759.542991    3978.779803    4131.561279    4361.237939    4521.125530    4761.242039    4928.235745    5178.792102    5352.891923    5613.888128    5795.094065    6066.530118    6254.842170    6536.718071    6732.136238    7024.451988    7226.976270    7529.731868    7739.362383    8052.557827    
-1.235693    0.241711    3.874711    14.215007    25.004618    45.708224    63.692630    94.748817    119.927203    161.335608    193.707878    245.468435    285.034565    347.147255    393.907237    466.372053    520.325884    603.142822    664.290500    757.459560    825.801084    929.322263    1004.857633    1118.730932    1201.460148    1325.685566    1415.608627    1550.186164    1647.303070    1792.232726    1896.543477    2051.825252    2163.329849    2328.963742    2447.662184    2623.648195    2749.540482    2935.878612    3068.964744    3265.654993    3405.934970    3612.977337    3760.451159    3977.845645    4132.513312    4360.259916    4522.121428    4760.220151    4929.275508    5177.726349    5353.975551    5612.778510    5796.221557    6065.376635    6256.013527    6535.520724    6733.351461    7023.210776    7228.235358    7528.446791    7740.665336    8051.228885    
-1.225221    0.229018    3.905491    14.158268    25.079458    45.607610    63.811339    94.604338    120.089777    161.147264    193.914317    245.236225    285.284869    346.871181    394.201406    466.052114    520.663917    602.779018    664.672399    757.051890    826.226847    928.870729    1005.327262    1118.235533    1201.973641    1325.146302    1416.165985    1549.603035    1647.904294    1791.605732    1897.188566    2051.154393    2164.018802    2328.249018    2448.395002    2622.889607    2750.317165    2935.076159    3069.785292    3264.808675    3406.799383    3612.087154    3761.359437    3976.911597    4133.465455    4359.282003    4523.117436    4759.198373    4930.315380    5176.660706    5355.059288    5611.669002    5797.349160    6064.223262    6257.184995    6534.323486    6734.566793    7021.969673    7229.494555    7527.161823    7741.968398    8049.900053    
-1.214749    0.216429    3.936384    14.101639    25.154408    45.507107    63.930157    94.459968    120.252461    160.959029    194.120866    245.004125    285.535282    346.595215    394.495684    465.732284    521.002061    602.415323    665.054407    756.644330    826.652721    928.419304    1005.797000    1117.740243    1202.487245    1324.607147    1416.723453    1549.020015    1648.505627    1790.978848    1897.833764    2050.483644    2164.707865    2327.534404    2449.127929    2622.131128    2751.093958    2934.273815    3070.605950    3263.962466    3407.663905    3611.197080    3762.267824    3975.977658    4134.417707    4358.304199    4524.113553    4758.176704    4931.355362    5175.595172    5356.143135    5610.559604    5798.476872    6063.069999    6258.356571    6533.126358    6735.782235    7020.728680    7230.753861    7525.876965    7743.271569    8048.571330    
-1.204277    0.203946    3.967393    14.045119    25.229467    45.406712    64.049085    94.315708    120.415254    160.770903    194.327524    244.772135    285.785806    346.319360    394.790073    465.412563    521.340314    602.051738    665.436525    756.236880    827.078704    927.967989    1006.266848    1117.245063    1203.000957    1324.068102    1417.281031    1548.437106    1649.107069    1790.352073    1898.479071    2049.813004    2165.397037    2326.819899    2449.860967    2621.372758    2751.870860    2933.471580    3071.426717    3263.116366    3408.528537    3610.307116    3763.176321    3975.043829    4135.370069    4357.326505    4525.109780    4757.155145    4932.395454    5174.529748    5357.227092    5609.450315    5799.604693    6061.916846    6259.528258    6531.929339    6736.997786    7019.487796    7232.013278    7524.592217    7744.574850    8047.242716    
-1.193805    0.191567    3.998515    13.988710    25.304637    45.306428    64.168122    94.171557    120.578157    160.582887    194.534292    244.540254    286.036439    346.043614    395.084571    465.092953    521.678677    601.688262    665.818753    755.829540    827.504797    927.516784    1006.736806    1116.749993    1203.514780    1323.529167    1417.838719    1547.854306    1649.708622    1789.725408    1899.124489    2049.142474    2166.086319    2326.105504    2450.594114    2620.614498    2752.647872    2932.669456    3072.247594    3262.270377    3409.393279    3609.417261    3764.084928    3974.110109    4136.322540    4356.348921    4526.106116    4756.133696    4933.435656    5173.464434    5358.311158    5608.341136    5800.732625    6060.763802    6260.700054    6530.732430    6738.213447    7018.247023    7233.272804    7523.307578    7745.878241    8045.914213    
-1.183333    0.179294    4.029751    13.932410    25.379916    45.206253    64.287269    94.027516    120.741170    160.394981    194.741170    244.308483    286.287181    345.767978    395.379178    464.773452    522.017150    601.324896    666.201091    755.422309    827.930999    927.065688    1007.206873    1116.255032    1204.028712    1322.990342    1418.396516    1547.271615    1650.310284    1789.098853    1899.770016    2048.472054    2166.775711    2325.391219    2451.327371    2619.856348    2753.424994    2931.867441    3073.068581    3261.424497    3410.258131    3608.527516    3764.993645    3973.176500    4137.275122    4355.371446    4527.102563    4755.112356    4934.475967    5172.399230    5359.395334    5607.232067    5801.860665    6059.610867    6261.871960    6529.535631    6739.429218    7017.006358    7234.532439    7522.023049    7747.181742    8044.585819    
-1.172861    0.167126    4.061102    13.876220    25.455304    45.106188    64.406526    93.883585    120.904292    160.207185    194.948157    244.076822    286.538034    345.492452    395.673896    464.454060    522.355732    600.961640    666.583538    755.015188    828.357311    926.614702    1007.677050    1115.760181    1204.542754    1322.451626    1418.954423    1546.689034    1650.912055    1788.472407    1900.415652    2047.801743    2167.465213    2324.677044    2452.060737    2619.098308    2754.202225    2931.065535    3073.889677    3260.578727    3411.123092    3607.637881    3765.902471    3972.243000    4138.227813    4354.394081    4528.099118    4754.091126    4935.516388    5171.334135    5360.479620    5606.123107    5802.988816    6058.458043    6263.043976    6528.338942    6740.645098    7015.765804    7235.792185    7520.738630    7748.485352    8043.257535    
-1.162389    0.155064    4.092566    13.820139    25.530803    45.006232    64.525892    93.739764    121.067524    160.019498    195.155254    243.845270    286.788996    345.217035    395.968723    464.134779    522.694424    600.598493    666.966095    754.608176    828.783733    926.163826    1008.147337    1115.265440    1205.056906    1321.913019    1419.512439    1546.106563    1651.513937    1787.846071    1901.061399    2047.131542    2168.154824    2323.962978    2452.794213    2618.340377    2754.979566    2930.263740    3074.710883    3259.733066    3411.988163    3606.748356    3766.811406    3971.309609    4139.180613    4353.416826    4529.095784    4753.070006    4936.556918    5170.269150    5361.564015    5605.014257    5804.117076    6057.305328    6264.216101    6527.142362    6741.861088    7014.525359    7237.052040    7519.454320    7749.789072    8041.929360    
-1.151917    0.143107    4.124143    13.764169    25.606411    44.906387    64.645369    93.596052    121.230865    159.831921    195.362461    243.613828    287.040068    344.941728    396.263659    463.815607    523.033225    600.235457    667.348761    754.201275    829.210264    925.713059    1008.617733    1114.770809    1205.571167    1321.374523    1420.070565    1545.524202    1652.115928    1787.219844    1901.707254    2046.461451    2168.844545    2323.249022    2453.527799    2617.582556    2755.757017    2929.462054    3075.532198    3258.887515    3412.853343    3605.858940    3767.720452    3970.376328    4140.133524    4352.439680    4530.092559    4752.048996    4937.597558    5169.204274    5362.648520    5603.905517    5805.245446    6056.152722    6265.388336    6525.945892    6743.077188    7013.285024    7238.312004    7518.170120    7751.092902    8040.601295    
-1.141445    0.131256    4.155834    13.708308    25.682128    44.806650    64.764954    93.452450    121.394317    159.644454    195.569777    243.382495    287.291249    344.666531    396.558706    463.496544    523.372137    599.872529    667.731537    753.794482    829.636905    925.262402    1009.088239    1114.276287    1206.085538    1320.836136    1420.628801    1544.941950    1652.718029    1786.593728    1902.353220    2045.791470    2169.534375    2322.535175    2454.261494    2616.824844    2756.534577    2928.660477    3076.353624    3258.042074    3413.718633    3604.969634    3768.629607    3969.443157    4141.086544    4351.462644    4531.089444    4751.028095    4938.638308    5168.139509    5363.733135    5602.796886    5806.373926    6055.000227    6266.560680    6524.749531    6744.293398    7012.044799    7239.572079    7516.886030    7752.396841    8039.273340    
-1.130973    0.119511    4.187638    13.652557    25.757956    44.707024    64.884650    93.308957    121.557878    159.457096    195.777203    243.151273    287.542540    344.391443    396.853861    463.177592    523.711157    599.509712    668.114423    753.387800    830.063656    924.811854    1009.558855    1113.781874    1206.600018    1320.297859    1421.187147    1544.359808    1653.320239    1785.967721    1902.999295    2045.121598    2170.224316    2321.821438    2454.995300    2616.067243    2757.312247    2927.859011    3077.175158    3257.196742    3414.584033    3604.080437    3769.538872    3968.510096    4142.039673    4350.485718    4532.086439    4750.007303    4939.679167    5167.074852    5364.817860    5601.688365    5807.502515    6053.847841    6267.733134    6523.553280    6745.509717    7010.804683    7240.832263    7515.602049    7753.700890    8037.945494    
-1.120501    0.107871    4.219556    13.596916    25.833893    44.607507    65.004455    93.165574    121.721548    159.269848    195.984739    242.920159    287.793941    344.116465    397.149127    462.858749    524.050288    599.147004    668.497419    752.981227    830.490516    924.361417    1010.029580    1113.287572    1207.114608    1319.759691    1421.745602    1543.777775    1653.922559    1785.341823    1903.645480    2044.451835    2170.914365    2321.107811    2455.729214    2615.309750    2758.090027    2927.057654    3077.996803    3256.351520    3415.449543    3603.191350    3770.448246    3967.577144    4142.992913    4349.508901    4533.083543    4748.986622    4940.720136    5166.010306    5365.902694    5600.579954    5808.631214    6052.695564    6268.905698    6522.357139    6746.726145    7009.564677    7242.092556    7514.318178    7755.005048    8036.617758    
-1.110029    0.096338    4.251586    13.541384    25.909939    44.508100    65.124370    93.022301    121.885328    159.082709    196.192384    242.689156    288.045451    343.841597    397.444502    462.540015    524.389528    598.784405    668.880524    752.574764    830.917486    923.911088    1010.500415    1112.793378    1207.629308    1319.221633    1422.304166    1543.195852    1654.524989    1784.716036    1904.291775    2043.782183    2171.604525    2320.394293    2456.463239    2614.552368    2758.867916    2926.256406    3078.818557    3255.506408    3416.315162    3602.302373    3771.357730    3966.644302    4143.946262    4348.532194    4534.080757    4747.966050    4941.761215    5164.945869    5366.987637    5599.471652    5809.760023    6051.543398    6270.078372    6521.161107    6747.942684    7008.324780    7243.352960    7513.034417    7756.309316    8035.290132    
-1.099557    0.084911    4.283730    13.485962    25.986096    44.408802    65.244394    92.879137    122.049218    158.895681    196.400139    242.458262    288.297071    343.566838    397.739987    462.221392    524.728878    598.421917    669.263738    752.168410    831.344566    923.460870    1010.971359    1112.299295    1208.144118    1318.683685    1422.862841    1542.614039    1655.127528    1784.090357    1904.938179    2043.112640    2172.294794    2319.680886    2457.197373    2613.795095    2759.645915    2925.455268    3079.640421    3254.661405    3417.180891    3601.413506    3772.267324    3965.711570    4144.899720    4347.555597    4535.078080    4746.945588    4942.802404    5163.881542    5368.072691    5598.363460    5810.888941    6050.391341    6271.251155    6519.965185    6749.159332    7007.084993    7244.613473    7511.750765    7757.613694    8033.962615    
-1.089085    0.073591    4.315987    13.430650    26.062362    44.309615    65.364528    92.736083    122.213218    158.708762    196.608004    242.227478    288.548800    343.292189    398.035582    461.902878    525.068338    598.059538    669.647063    751.762166    831.771755    923.010761    1011.442414    1111.805321    1208.659037    1318.145846    1423.421625    1542.032336    1655.730177    1783.464789    1905.584693    2042.443206    2172.985173    2318.967587    2457.931617    2613.037932    2760.424024    2924.654240    3080.462395    3253.816512    3418.046729    3600.524748    3773.177027    3964.778947    4145.853288    4346.579109    4536.075513    4745.925235    4943.843702    5162.817324    5369.157854    5597.255377    5812.017969    6049.239394    6272.424048    6518.769373    6750.376090    7005.845316    7245.874095    7510.467223    7758.918182    8032.635208    
-1.078613    0.062377    4.348356    13.375448    26.138738    44.210536    65.484772    92.593139    122.377327    158.521952    196.815978    241.996804    288.800640    343.017649    398.331286    461.584473    525.407907    597.697269    670.030497    751.356032    832.199054    922.560762    1011.913578    1111.311457    1209.174066    1317.608117    1423.980519    1541.450742    1656.332936    1782.839330    1906.231317    2041.773883    2173.675661    2318.254399    2458.665970    2612.280879    2761.202242    2923.853322    3081.284478    3252.971729    3418.912677    3599.636100    3774.086840    3963.846434    4146.806966    4345.602731    4537.073056    4744.904992    4944.885110    5161.753217    5370.243126    5596.147405    5813.147106    6048.087556    6273.597050    6517.573671    6751.592957    7004.605749    7247.134827    7509.183790    7760.222779    8031.307911    
-1.068142    0.051269    4.380838    13.320355    26.215223    44.111568    65.605125    92.450305    122.541546    158.335252    197.024062    241.766239    289.052589    342.743220    398.627100    461.266179    525.747586    597.335109    670.414041    750.950008    832.626463    922.110873    1012.384851    1110.817703    1209.689204    1317.070498    1424.539522    1540.869258    1656.935804    1782.213981    1906.878050    2041.104669    2174.366260    2317.541320    2459.400433    2611.523935    2761.980570    2923.052513    3082.106671    3252.127055    3419.778735    3598.747561    3774.996763    3962.914030    4147.760754    4344.626463    4538.070709    4743.884859    4945.926627    5160.689218    5371.328509    5595.039541    5814.276354    6046.935828    6274.770162    6516.378078    6752.809934    7003.366291    7248.395669    7507.900468    7761.527486    8029.980724    
-1.057670    0.040268    4.413432    13.265372    26.291818    44.012709    65.725588    92.307580    122.705875    158.148662    197.232256    241.535784    289.304647    342.468899    398.923024    460.947994    526.087374    596.973059    670.797694    750.544093    833.053981    921.661093    1012.856235    1110.324058    1210.204453    1316.532989    1425.098635    1540.287883    1657.538782    1781.588742    1907.524893    2040.435564    2175.056967    2316.828351    2460.135006    2610.767101    2762.759008    2922.251814    3082.928973    3251.282491    3420.644902    3597.859132    3775.906795    3961.981736    4148.714651    4343.650304    4539.068471    4742.864835    4946.968254    5159.625330    5372.414001    5593.931788    5815.405711    6045.784210    6275.943384    6515.182594    6754.027021    7002.126943    7249.656621    7506.617255    7762.832302    8028.653646    
-1.047198    0.029374    4.446139    13.210499    26.368523    43.913960    65.846161    92.164965    122.870313    157.962182    197.440559    241.305438    289.556816    342.194689    399.219057    460.629918    526.427272    596.611119    671.181457    750.138288    833.481609    921.211423    1013.327727    1109.830523    1210.719810    1315.995589    1425.657858    1539.706618    1658.141870    1780.963612    1908.171845    2039.766570    2175.747785    2316.115491    2460.869688    2610.010376    2763.537555    2921.451225    3083.751385    3250.438037    3421.511180    3596.970813    3776.816937    3961.049552    4149.668658    4342.674255    4540.066343    4741.844921    4948.009991    5158.561551    5373.499602    5592.824144    5816.535177    6044.632701    6277.116715    6513.987221    6755.244217    7000.887704    7250.917682    7505.334151    7764.137229    8027.326677    
-1.036726    0.018586    4.478959    13.155736    26.445337    43.815321    65.966844    92.022459    123.034861    157.775811    197.648972    241.075202    289.809094    341.920588    399.515200    460.311952    526.767280    596.249288    671.565330    749.732592    833.909347    920.761862    1013.799330    1109.337098    1211.235278    1315.458298    1426.217190    1539.125463    1658.745067    1780.338592    1908.818908    2039.097685    2176.438712    2315.402741    2461.604480    2609.253761    2764.316212    2920.650745    3084.573907    3249.593692    3422.377566    3596.082603    3777.727189    3960.117478    4150.622775    4341.698316    4541.064324    4740.825117    4949.051837    5157.497882    5374.585314    5591.716610    5817.664753    6043.481302    6278.290157    6512.791957    6756.461523    6999.648575    7252.178853    7504.051157    7765.442265    8025.999819    
-1.026254    0.007905    4.511891    13.101082    26.522262    43.716791    66.087636    91.880063    123.199518    157.589550    197.857495    240.845076    290.061481    341.646597    399.811452    459.994096    527.107398    595.887567    671.949312    749.327006    834.337194    920.312412    1014.271042    1108.843782    1211.750855    1314.921118    1426.776632    1538.544418    1659.348374    1779.713681    1909.466079    2038.428909    2177.129749    2314.690101    2462.339382    2608.497256    2765.094979    2919.850375    3085.396539    3248.749457    3423.244063    3595.194503    3778.637550    3959.185513    4151.577001    4340.722486    4542.062415    4739.805422    4950.093793    5156.434322    5375.671135    5590.609186    5818.794439    6042.330012    6279.463707    6511.596803    6757.678939    6998.409556    7253.440134    7502.768273    7766.747410    8024.673070    
-1.015782    -0.002669    4.544935    13.046539    26.599296    43.618371    66.208537    91.737777    123.364286    157.403398    198.066127    240.615060    290.313979    341.372716    400.107815    459.676350    527.447625    595.525956    672.333405    748.921530    834.765151    919.863070    1014.742864    1108.350576    1212.266542    1314.384047    1427.336184    1537.963482    1659.951791    1779.088881    1910.113361    2037.760244    2177.820895    2313.977570    2463.074393    2607.740861    2765.873855    2919.050115    3086.219280    3247.905332    3424.110669    3594.306513    3779.548021    3958.253658    4152.531337    4339.746766    4543.060616    4738.785837    4951.135859    5155.370872    5376.757065    5589.501871    5819.924235    6041.178833    6280.637368    6510.401758    6758.896464    6997.170647    7254.701524    7501.485499    7768.052665    8023.346430    
-1.005310    -0.013136    4.578091    12.992105    26.676439    43.520060    66.329549    91.595600    123.529162    157.217357    198.274869    240.385153    290.566585    341.098944    400.404286    459.358713    527.787962    595.164454    672.717606    748.516163    835.193218    919.413839    1015.214796    1107.857480    1212.782338    1313.847085    1427.895845    1537.382655    1660.555317    1778.464190    1910.760752    2037.091687    2178.512151    2313.265149    2463.809514    2606.984575    2766.652841    2918.249964    3087.042131    3247.061316    3424.977385    3593.418633    3780.458602    3957.321912    4153.485783    4338.771155    4544.058927    4737.766362    4952.178034    5154.307532    5377.843105    5588.394666    5821.054140    6040.027763    6281.811138    6509.206823    6760.114099    6995.931847    7255.963024    7500.202834    7769.358030    8022.019901    
-0.994838    -0.023495    4.611360    12.937780    26.753692    43.421859    66.450670    91.453533    123.694149    157.031424    198.483721    240.155356    290.819302    340.825282    400.700868    459.041186    528.128408    594.803062    673.101918    748.110906    835.621394    918.964717    1015.686837    1107.364493    1213.298244    1313.310234    1428.455617    1536.801939    1661.158953    1777.839608    1911.408253    2036.423241    2179.203517    2312.552838    2464.544745    2606.228399    2767.431936    2917.449923    3087.865091    3246.217410    3425.844210    3592.530862    3781.369292    3956.390276    4154.440338    4337.795655    4545.057347    4736.746996    4953.220319    5153.244302    5378.929255    5587.287570    5822.184155    6038.876802    6282.985018    6508.011998    6761.331844    6994.693157    7257.224634    7498.920279    7770.663505    8020.693481    
-0.984366    -0.033748    4.644740    12.883566    26.831055    43.323768    66.571901    91.311576    123.859245    156.845602    198.692682    239.925668    291.072128    340.551729    400.997559    458.723769    528.468964    594.441780    673.486339    747.705759    836.049680    918.515705    1016.158988    1106.871616    1213.814260    1312.773492    1429.015497    1536.221332    1661.762698    1777.215136    1912.055864    2035.754904    2179.894993    2311.840636    2465.280085    2605.472332    2768.211142    2916.649991    3088.688162    3245.373614    3426.711145    3591.643200    3782.280092    3955.458750    4155.395003    4336.820264    4546.055877    4735.727741    4954.262714    5152.181181    5380.015515    5586.180585    5823.314279    6037.725952    6284.159007    6506.817282    6762.549698    6993.454576    7258.486353    7497.637834    7771.969089    8019.367170    
-0.973894    -0.043894    4.678233    12.829461    26.908528    43.225787    66.693241    91.169728    124.024451    156.659889    198.901753    239.696090    291.325064    340.278287    401.294360    458.406461    528.809630    594.080607    673.870869    747.300722    836.478076    918.066802    1016.631248    1106.378849    1214.330386    1312.236860    1429.575488    1535.640835    1662.366554    1776.590774    1912.703584    2035.086677    2180.586578    2311.128544    2466.015535    2604.716375    2768.990457    2915.850169    3089.511341    3244.529927    3427.578190    3590.755649    3783.191002    3954.527334    4156.349777    4335.844982    4547.054516    4734.708594    4955.305218    5151.118170    5381.101884    5585.073708    5824.444514    6036.575211    6285.333106    6505.622676    6763.767662    6992.216105    7259.748182    7496.355498    7773.274782    8018.040970    
-0.963422    -0.053932    4.711837    12.775466    26.986110    43.127915    66.814691    91.027990    124.189767    156.474286    199.110933    239.466622    291.578110    340.004953    401.591271    458.089263    529.150406    593.719544    674.255510    746.895794    836.906581    917.618010    1017.103619    1105.886191    1214.846621    1311.700337    1430.135588    1535.060447    1662.970519    1775.966522    1913.351414    2034.418560    2181.278272    2310.416562    2466.751095    2603.960528    2769.769881    2915.050457    3090.334631    3243.686350    3428.445344    3589.868207    3784.102021    3953.596027    4157.304661    4334.869811    4548.053265    4733.689558    4956.347833    5150.055268    5382.188363    5583.966942    5825.574857    6035.424579    6286.507315    6504.428180    6764.985736    6990.977744    7261.010120    7495.073272    7774.580586    8016.714879    
-0.952950    -0.063863    4.745554    12.721581    27.063802    43.030153    66.936251    90.886362    124.355192    156.288792    199.320224    239.237264    291.831265    339.731730    401.888291    457.772175    529.491291    593.358591    674.640260    746.490975    837.335196    917.169326    1017.576099    1105.393643    1215.362966    1311.163924    1430.695797    1534.480169    1663.574593    1775.342379    1913.999353    2033.750552    2181.970077    2309.704689    2467.486764    2603.204790    2770.549415    2914.250855    3091.158030    3242.842883    3429.312608    3588.980875    3785.013150    3952.664830    4158.259655    4333.894748    4549.052124    4732.670631    4957.390556    5148.992476    5383.274952    5582.860285    5826.705311    6034.274058    6287.681633    6503.233793    6766.203919    6989.739493    7262.272169    7493.791155    7775.886499    8015.388897    
-0.942478    -0.073686    4.779382    12.667806    27.141604    42.932500    67.057920    90.744844    124.520727    156.103409    199.529624    239.008015    292.084530    339.458616    402.185421    457.455196    529.832285    592.997747    675.025120    746.086267    837.763921    916.720753    1018.048688    1104.901204    1215.879420    1310.627621    1431.256117    1533.900001    1664.178778    1774.718346    1914.647402    2033.082654    2182.661991    2308.992927    2468.222543    2602.449163    2771.329059    2913.451362    3091.981539    3241.999525    3430.179982    3588.093652    3785.924389    3951.733742    4159.214759    4332.919796    4550.051093    4731.651813    4958.433390    5147.929794    5384.361650    5581.753738    5827.835874    6033.123645    6288.856062    6502.039516    6767.422212    6988.501351    7263.534327    7492.509149    7777.192522    8014.063026    
-0.932006    -0.083402    4.813322    12.614140    27.219515    42.834957    67.179699    90.603435    124.686371    155.918134    199.739133    238.778876    292.337905    339.185612    402.482660    457.138327    530.173390    592.637013    675.410089    745.681668    838.192755    916.272289    1018.521387    1104.408876    1216.395984    1310.091427    1431.816546    1533.319942    1664.783071    1774.094422    1915.295561    2032.414866    2183.354015    2308.281273    2468.958432    2601.693644    2772.108813    2912.651979    3092.805157    3241.156277    3431.047465    3587.206539    3786.835737    3950.802764    4160.169972    4331.944953    4551.050171    4730.633106    4959.476333    5146.867221    5385.448458    5580.647300    5828.966547    6031.973343    6290.030599    6500.845349    6768.640615    6987.263319    7264.796594    7491.227251    7778.498654    8012.737264    
-0.921534    -0.093011    4.847373    12.560584    27.297536    42.737524    67.301588    90.462135    124.852125    155.732970    199.948752    238.549846    292.591389    338.912717    402.780009    456.821567    530.514604    592.276389    675.795168    745.277179    838.621699    915.823935    1018.994196    1103.916657    1216.912658    1309.555343    1432.377084    1532.739994    1665.387475    1773.470608    1915.943830    2031.747187    2184.046148    2307.569730    2469.694430    2600.938236    2772.888676    2911.852706    3093.628886    3240.313139    3431.915058    3586.319536    3787.747195    3949.871896    4161.125295    4330.970220    4552.049358    4729.614508    4960.519385    5145.804758    5386.535376    5579.540973    5830.097329    6030.823150    6291.205247    6499.651292    6769.859127    6986.025396    7266.058971    7489.945464    7779.804897    8011.411611    
-0.911062    -0.102512    4.881536    12.507138    27.375666    42.640201    67.423586    90.320946    125.017989    155.547915    200.158481    238.320926    292.844983    338.639933    403.077468    456.504918    530.855928    591.915874    676.180357    744.872799    839.050753    915.375690    1019.467115    1103.424547    1217.429441    1309.019369    1432.937733    1532.160154    1665.991988    1772.846904    1916.592208    2031.079618    2184.738391    2306.858296    2470.430538    2600.182937    2773.668649    2911.053542    3094.452723    3239.470110    3432.782761    3585.432642    3788.658763    3948.941138    4162.080727    4329.995597    4553.048656    4728.596019    4961.562548    5144.742405    5387.622403    5578.434755    5831.228222    6029.673067    6292.380004    6498.457344    6771.077749    6984.787583    7267.321458    7488.663786    7781.111248    8010.086069    
-0.900590    -0.111905    4.915811    12.453802    27.453907    42.542987    67.545694    90.179866    125.183963    155.362970    200.368320    238.092116    293.098686    338.367257    403.375037    456.188378    531.197361    591.555469    676.565655    744.468529    839.479916    914.927556    1019.940143    1102.932547    1217.946335    1308.483504    1433.498491    1531.580425    1666.596611    1772.223310    1917.240696    2030.412159    2185.430744    2306.146971    2471.166756    2599.427748    2774.448732    2910.254488    3095.276671    3238.627191    3433.650574    3584.545858    3789.570440    3948.010489    4163.036270    4329.021083    4554.048063    4727.577641    4962.605820    5143.680162    5388.709540    5577.328646    5832.359223    6028.523094    6293.554871    6497.263505    6772.296481    6983.549880    7268.584055    7487.382218    7782.417710    8008.760636    
-0.890118    -0.121191    4.950197    12.400575    27.532257    42.445883    67.667912    90.038896    125.350046    155.178134    200.578268    237.863416    293.352500    338.094692    403.672715    455.871947    531.538904    591.195174    676.951063    744.064369    839.909189    914.479530    1020.413281    1102.440657    1218.463337    1307.947749    1434.059359    1531.000805    1667.201344    1771.599825    1917.889293    2029.744809    2186.123206    2305.435757    2471.903083    2598.672668    2775.228924    2909.455543    3096.100728    3237.784382    3434.518496    3583.659184    3790.482227    3947.079950    4163.991922    4328.046679    4555.047580    4726.559372    4963.649201    5142.618028    5389.796786    5576.222647    5833.490335    6027.373230    6294.729847    6496.069777    6773.515322    6982.312286    7269.846761    7486.100760    7783.724281    8007.435312    
-0.879646    -0.130369    4.984695    12.347458    27.610716    42.348889    67.790240    89.898035    125.516239    154.993409    200.788326    237.634825    293.606423    337.822236    403.970503    455.555626    531.880557    590.834988    677.336581    743.660318    840.338572    914.031615    1020.886528    1101.948877    1218.980450    1307.412103    1434.620336    1530.421295    1667.806186    1770.976450    1918.538000    2029.077569    2186.815778    2304.724652    2472.639520    2597.917698    2776.009226    2908.656708    3096.924895    3236.941682    3435.386527    3582.772619    3791.394123    3946.149520    4164.947683    4327.072384    4556.047206    4725.541212    4964.692693    5141.556003    5390.884143    5575.116758    5834.621556    6026.223476    6295.904933    6494.876158    6774.734273    6981.074802    7271.109577    7484.819411    7785.030962    8006.110099    
-0.869174    -0.139439    5.019304    12.294451    27.689286    42.252004    67.912677    89.757284    125.682541    154.808792    200.998494    237.406344    293.860455    337.549890    404.268400    455.239415    532.222320    590.474912    677.722208    743.256377    840.768064    913.583809    1021.359885    1101.457206    1219.497672    1306.876568    1435.181423    1529.841894    1668.411138    1770.353184    1919.186817    2028.410438    2187.508460    2304.013656    2473.376067    2597.162838    2776.789637    2907.857983    3097.749171    3236.099092    3436.254669    3581.886164    3792.306130    3945.219200    4165.903554    4326.098200    4557.046942    4724.523162    4965.736294    5140.494089    5391.971609    5574.010978    5835.752887    6025.073832    6297.080129    6493.682648    6775.953334    6979.837428    7272.372503    7483.538172    7786.337752    8004.784995    
-0.858702    -0.148402    5.054025    12.241554    27.767965    42.155229    68.035223    89.616643    125.848953    154.624286    201.208771    237.177972    294.114597    337.277653    404.566407    454.923314    532.564192    590.114946    678.107945    742.852546    841.197666    913.136113    1021.833352    1100.965645    1220.015004    1306.341142    1435.742620    1529.262603    1669.016200    1769.730028    1919.835744    2027.743418    2188.201252    2303.302771    2474.112723    2596.408087    2777.570158    2907.059368    3098.573557    3235.256612    3437.122920    3580.999819    3793.218246    3944.288990    4166.859535    4325.124125    4558.046788    4723.505222    4966.780004    5139.432284    5393.059184    5572.905309    5836.884327    6023.924297    6298.255434    6492.489249    6777.172504    6978.600164    7273.635538    7482.257042    7787.644652    8003.460000    
-0.848230    -0.157257    5.088857    12.188767    27.846754    42.058563    68.157880    89.476111    126.015475    154.439889    201.419158    236.949710    294.368849    337.005527    404.864524    454.607322    532.906173    589.755089    678.493792    742.448824    841.627377    912.688526    1022.306929    1100.474193    1220.532445    1305.805825    1436.303926    1528.683422    1669.621371    1769.106982    1920.484780    2027.076506    2188.894153    2302.591995    2474.849489    2595.653446    2778.350789    2906.260862    3099.398053    3234.414241    3437.991280    3580.113583    3794.130471    3943.358890    4167.815626    4324.150159    4559.046743    4722.487392    4967.823825    5138.370589    5394.146869    5571.799748    5838.015878    6022.774872    6299.430849    6491.295959    6778.391784    6977.363009    7274.898683    7480.976022    7788.951662    8002.135115    
-0.837758    -0.166004    5.123800    12.136089    27.925652    41.962007    68.280646    89.335689    126.182107    154.255602    201.629654    236.721558    294.623211    336.733509    405.162751    454.291440    533.248265    589.395342    678.879748    742.045212    842.057199    912.241049    1022.780615    1099.982852    1221.049996    1305.270619    1436.865342    1528.104350    1670.226652    1768.484046    1921.133926    2026.409705    2189.587163    2301.881328    2475.586365    2594.898915    2779.131530    2905.462466    3100.222659    3233.571980    3438.859751    3579.227457    3795.042807    3942.428899    4168.771826    4323.176303    4560.046809    4721.469671    4968.867755    5137.309003    5395.234664    5570.694298    5839.147537    6021.625556    6300.606374    6490.102778    6779.611174    6976.125964    7276.161937    7479.695112    7790.258781    8000.810340    
-0.827286    -0.174642    5.158855    12.083521    28.004660    41.865561    68.403521    89.195377    126.348848    154.071424    201.840261    236.493515    294.877682    336.461602    405.461087    453.975667    533.590466    589.035705    679.265814    741.641710    842.487130    911.793682    1023.254411    1099.491619    1221.567657    1304.735522    1437.426867    1527.525388    1670.832042    1767.861219    1921.783181    2025.743013    2190.280284    2301.170772    2476.323350    2594.144494    2779.912380    2904.664179    3101.047374    3232.729828    3439.728331    3578.341441    3795.955251    3941.499017    4169.728136    4322.202557    4561.046983    4720.452060    4969.911794    5136.247527    5396.322569    5569.588957    5840.279307    6020.476351    6301.782008    6488.909708    6780.830673    6974.889028    7277.425301    7478.414312    7791.566011    7999.485675    
-0.816814    -0.183173    5.194020    12.031063    28.083778    41.769225    68.526507    89.055174    126.515699    153.887356    202.050977    236.265582    295.132263    336.189804    405.759533    453.660005    533.932777    588.676177    679.651990    741.238317    842.917170    911.346425    1023.728316    1099.000497    1222.085427    1304.200534    1437.988503    1526.946536    1671.437543    1767.238502    1922.432546    2025.076431    2190.973514    2300.460325    2477.060445    2593.390182    2780.693340    2903.866002    3101.872198    3231.887787    3440.597020    3577.455534    3796.867806    3940.569246    4170.684555    4321.228921    4562.047268    4719.434559    4970.955944    5135.186161    5397.410583    5568.483726    5841.411186    6019.327255    6302.957752    6487.716747    6782.050282    6973.652202    7278.688775    7477.133621    7792.873349    7998.161119    
-0.806342    -0.191597    5.229297    11.978715    28.163005    41.672998    68.649602    88.915081    126.682659    153.703398    202.261802    236.037759    295.386953    335.918116    406.058088    453.344451    534.275197    588.316759    680.038275    740.835035    843.347320    910.899277    1024.202331    1098.509484    1222.603307    1303.665657    1438.550248    1526.367793    1672.043152    1766.615894    1923.082021    2024.409959    2191.666853    2299.749987    2477.797650    2592.635979    2781.474409    2903.067935    3102.697133    3231.045855    3441.465820    3576.569737    3797.780470    3939.639584    4171.641084    4320.255394    4563.047662    4718.417167    4972.000203    5134.124904    5398.498707    5567.378604    5842.543175    6018.178268    6304.133606    6486.523895    6783.270001    6972.415486    7279.952359    7475.853040    7794.180798    7996.836673    
-0.795870    -0.199912    5.264685    11.926476    28.242342    41.576881    68.772807    88.775098    126.849729    153.519550    202.472737    235.810046    295.641754    335.646537    406.356753    453.029008    534.617727    587.957450    680.424670    740.431861    843.777580    910.452238    1024.676456    1098.018581    1223.121297    1303.130888    1439.112102    1525.789160    1672.648872    1765.993396    1923.731605    2023.743596    2192.360303    2299.039760    2478.534964    2591.881887    2782.255589    2902.269978    3103.522177    3230.204032    3442.334729    3575.684050    3798.693244    3938.710032    4172.597723    4319.281977    4564.048165    4717.399885    4973.044571    5133.063757    5399.586941    5566.273592    5843.675273    6017.029391    6305.309569    6485.331154    6784.489829    6971.178879    7281.216052    7474.572568    7795.488356    7995.512337    
-0.785398    -0.208118    5.300185    11.874348    28.321789    41.480874    68.896121    88.635224    127.016909    153.335811    202.683782    235.582442    295.896663    335.375068    406.655528    452.713674    534.960367    587.598252    680.811175    740.028798    844.207950    910.005310    1025.150691    1097.527788    1223.639396    1302.596230    1439.674067    1525.210637    1673.254701    1765.371008    1924.381300    2023.077343    2193.053862    2298.329641    2479.272388    2591.127904    2783.036877    2901.472130    3104.347331    3229.362319    3443.203747    3574.798473    3799.606128    3937.780589    4173.554472    4318.308669    4565.048779    4716.382713    4974.089050    5132.002720    5400.675284    5565.168690    5844.807481    6015.880624    6306.485642    6484.138521    6785.709767    6969.942382    7282.479855    7473.292206    7796.796024    7994.188110    
-0.774926    -0.216217    5.335795    11.822329    28.401346    41.384976    69.019545    88.495460    127.184198    153.152182    202.894937    235.354947    296.151683    335.103709    406.954413    452.398450    535.303116    587.239163    681.197789    739.625844    844.638429    909.558491    1025.625035    1097.037104    1224.157605    1302.061681    1440.236141    1524.632223    1673.860640    1764.748729    1925.031103    2022.411199    2193.747531    2297.619633    2480.009921    2590.374031    2783.818276    2900.674392    3105.172594    3228.520716    3444.072876    3573.913004    3800.519121    3936.851256    4174.511330    4317.335471    4566.049502    4715.365650    4975.133638    5130.941792    5401.763737    5564.063898    5845.939799    6014.731967    6307.661825    6482.945999    6786.929814    6968.705995    7283.743767    7472.011954    7798.103801    7992.863993    
-0.764454    -0.224208    5.371516    11.770420    28.481012    41.289188    69.143079    88.355806    127.351598    152.968662    203.106201    235.127563    296.406812    334.832460    407.253407    452.083336    535.645975    586.880183    681.584513    739.222999    845.069018    909.111782    1026.099489    1096.546530    1224.675924    1301.527242    1440.798324    1524.053919    1674.466689    1764.126560    1925.681017    2021.745166    2194.441309    2296.909734    2480.747565    2589.620267    2784.599784    2899.876763    3105.997967    3227.679223    3444.942114    3573.027646    3801.432224    3935.922033    4175.468298    4316.362383    4567.050335    4714.348697    4976.178335    5129.880974    5402.852299    5562.959215    5847.072227    6013.583419    6308.838117    6481.753586    6788.149972    6967.469717    7285.007789    7470.731812    7799.411688    7991.539986    
-0.753982    -0.232091    5.407349    11.718620    28.560788    41.193509    69.266722    88.216261    127.519106    152.785252    203.317575    234.900288    296.662051    334.561320    407.552511    451.768331    535.988944    586.521313    681.971347    738.820265    845.499717    908.665182    1026.574052    1096.056065    1225.194353    1300.992913    1441.360618    1523.475725    1675.072847    1763.504501    1926.331040    2021.079241    2195.135197    2296.199945    2481.485318    2588.866613    2785.381402    2899.079244    3106.823450    3226.837839    3445.811461    3572.142397    3802.345436    3934.992919    4176.425375    4315.389405    4568.051277    4713.331854    4977.223142    5128.820266    5403.940971    5561.854642    5848.204764    6012.434981    6310.014519    6480.561283    6789.370239    6966.233549    7286.271921    7469.451779    7800.719685    7990.216088    
-0.743510    -0.239865    5.443292    11.666931    28.640673    41.097941    69.390475    88.076826    127.686725    152.601952    203.529058    234.673123    296.917399    334.290290    407.851724    451.453436    536.332022    586.162553    682.358290    738.417640    845.930525    908.218692    1027.048725    1095.565710    1225.712891    1300.458693    1441.923021    1522.897640    1675.679115    1762.882552    1926.981173    2020.413427    2195.829195    2295.490266    2482.223180    2588.113069    2786.163129    2898.281835    3107.649042    3225.996565    3446.680919    3571.257258    3803.258759    3934.063915    4177.382562    4314.416536    4569.052329    4712.315120    4978.268059    5127.759667    5405.029753    5560.750178    5849.337410    6011.286652    6311.191031    6479.369090    6790.590615    6964.997491    7287.536163    7468.171856    7802.027791    7988.892300    
-0.733038    -0.247531    5.479346    11.615351    28.720668    41.002482    69.514338    87.937501    127.854453    152.418761    203.740652    234.446067    297.172858    334.019369    408.151047    451.138650    536.675210    585.803903    682.745343    738.015124    846.361443    907.772312    1027.523508    1095.075465    1226.231538    1299.924583    1442.485533    1522.319665    1676.285492    1762.260712    1927.631415    2019.747722    2196.523302    2294.780696    2482.961152    2587.359634    2786.944967    2897.484536    3108.474744    3225.155401    3447.550486    3570.372229    3804.172191    3933.135021    4178.339859    4313.443777    4570.053491    4711.298496    4979.313086    5126.699178    5406.118645    5559.645824    5850.470167    6010.138433    6312.367652    6478.177006    6791.811101    6963.761542    7288.800514    7466.892042    7803.336007    7987.568621    
-0.722566    -0.255089    5.515511    11.563881    28.800773    40.907132    69.638310    87.798285    128.022291    152.235680    203.952354    234.219121    297.428425    333.748558    408.450480    450.823974    537.018508    585.445362    683.132506    737.612719    846.792470    907.326041    1027.998400    1094.585330    1226.750296    1299.390583    1443.048155    1521.741800    1676.891979    1761.638982    1928.281767    2019.082127    2197.217519    2294.071236    2483.699234    2586.606309    2787.726913    2896.687346    3109.300556    3224.314346    3448.420162    3569.487309    3805.085732    3932.206237    4179.297265    4312.471127    4571.054762    4710.281981    4980.358222    5125.638799    5407.207646    5558.541580    5851.603033    6008.990324    6313.544383    6476.985032    6793.031697    6962.525703    7290.064975    7465.612338    7804.644333    7986.245052    
-0.712094    -0.262539    5.551787    11.512521    28.880988    40.811892    69.762392    87.659179    128.190238    152.052709    204.164167    233.992285    297.684103    333.477857    408.750022    450.509408    537.361915    585.086931    683.519778    737.210423    847.223607    906.879880    1028.473403    1094.095304    1227.269163    1298.856692    1443.610887    1521.164044    1677.498576    1761.017361    1928.932229    2018.416642    2197.911846    2293.361886    2484.437426    2585.853094    2788.508970    2895.890265    3110.126478    3223.473401    3449.289949    3568.602499    3805.999383    3931.277562    4180.254782    4311.498587    4572.056143    4709.265577    4981.403468    5124.578529    5408.296757    5557.437445    5852.736009    6007.842325    6314.721224    6475.793168    6794.252403    6961.289974    7291.329545    7464.332744    7805.952768    7984.921593    
-0.701622    -0.269880    5.588174    11.461271    28.961312    40.716762    69.886584    87.520183    128.358295    151.869848    204.376089    233.765558    297.939890    333.207265    409.049674    450.194952    537.705432    584.728610    683.907160    736.808236    847.654854    906.433829    1028.948514    1093.605388    1227.788139    1298.322911    1444.173729    1520.586398    1678.105283    1760.395850    1929.582800    2017.751266    2198.606282    2292.652645    2485.175727    2585.099988    2789.291136    2895.093295    3110.952509    3222.632565    3450.159845    3567.717799    3806.913144    3930.348996    4181.212407    4310.526157    4573.057634    4708.249281    4982.448824    5123.518369    5409.385977    5556.333420    5853.869094    6006.694435    6315.898174    6474.601413    6795.473218    6960.054355    7292.594225    7463.053259    7807.261313    7983.598244    
-0.691150    -0.277114    5.624672    11.410130    29.041746    40.621742    70.010885    87.381296    128.526462    151.687096    204.588121    233.538941    298.195787    332.936783    409.349436    449.880605    538.049059    584.370398    684.294651    736.406159    848.086211    905.987888    1029.423736    1093.115581    1228.307226    1297.789239    1444.736680    1520.008862    1678.712099    1759.774449    1930.233481    2017.086000    2199.300828    2291.943514    2485.914138    2584.346992    2790.073412    2894.296434    3111.778649    3221.791839    3451.029850    3566.833208    3807.827015    3929.420541    4182.170143    4309.553837    4574.059234    4707.233096    4983.494289    5122.458319    5410.475307    5555.229505    5855.002289    6005.546655    6317.075234    6473.409768    6796.694143    6958.818845    7293.859015    7461.773885    7808.569968    7982.275004    
-0.680678    -0.284238    5.661281    11.359100    29.122290    40.526831    70.135296    87.242519    128.694738    151.504453    204.800262    233.312434    298.451793    332.666411    409.649308    449.566367    538.392796    584.012296    684.682253    736.004192    848.517677    905.542056    1029.899067    1092.625884    1228.826422    1297.255678    1445.299741    1519.431435    1679.319025    1759.153157    1930.884272    2016.420843    2199.995484    2291.234493    2486.652659    2583.594106    2790.855797    2893.499683    3112.604900    3220.951223    3451.899966    3565.948727    3808.740995    3928.492195    4183.127988    4308.581626    4575.060944    4706.217020    4984.539864    5121.398378    5411.564747    5554.125700    5856.135594    6004.398984    6318.252404    6472.218233    6797.915178    6957.583444    7295.123915    7460.494619    7809.878732    7980.951874    
-0.670206    -0.291255    5.698000    11.308179    29.202943    40.432030    70.259817    87.103852    128.863125    151.321921    205.012514    233.086036    298.707910    332.396149    409.949289    449.252240    538.736642    583.654303    685.069964    735.602335    848.949253    905.096333    1030.374508    1092.136297    1229.345727    1296.722225    1445.862912    1518.854118    1679.926060    1758.531975    1931.535173    2015.755796    2200.690249    2290.525581    2487.391289    2582.841329    2791.638293    2892.703041    3113.431260    3220.110717    3452.770191    3565.064356    3809.655085    3927.563958    4184.085943    4307.609525    4576.062764    4705.201054    4985.585549    5120.338547    5412.654297    5553.022004    5857.269008    6003.251424    6319.429683    6471.026807    6799.136322    6956.348154    7296.388924    7459.215464    7811.187606    7979.628854    
-0.659734    -0.298163    5.734830    11.257368    29.283706    40.337339    70.384447    86.965294    129.031620    151.139498    205.224874    232.859748    298.964135    332.125996    410.249379    448.938222    539.080597    583.296421    685.457784    735.200587    849.380938    904.650721    1030.850058    1091.646819    1229.865143    1296.188883    1446.426192    1518.276911    1680.533205    1757.910903    1932.186183    2015.090859    2201.385124    2289.816779    2488.130029    2582.088662    2792.420897    2891.906509    3114.257729    3219.270320    3453.640525    3564.180094    3810.569284    3926.635832    4185.044007    4306.637533    4577.064693    4704.185198    4986.631343    5119.278826    5413.743956    5551.918417    5858.402532    6002.103972    6320.607072    6469.835491    6800.357576    6955.112973    7297.654042    7457.936418    7812.496590    7978.305943    
-0.649262    -0.304962    5.771771    11.206666    29.364578    40.242757    70.509187    86.826846    129.200226    150.957185    205.437345    232.633570    299.220471    331.855952    410.549580    448.624314    539.424663    582.938647    685.845715    734.798949    849.812733    904.205218    1031.325718    1091.157452    1230.384668    1295.655650    1446.989582    1517.699813    1681.140460    1757.289940    1932.837302    2014.426031    2202.080109    2289.108086    2488.868878    2581.336105    2793.203612    2891.110087    3115.084309    3218.430033    3454.510969    3563.295942    3811.483594    3925.707815    4186.002181    4305.665651    4578.066732    4703.169451    4987.677247    5118.219214    5414.833725    5550.814941    5859.536166    6000.956631    6321.784571    6468.644284    6801.578939    6953.877901    7298.919271    7456.657482    7813.805683    7976.983142    
-0.638791    -0.311654    5.808823    11.156075    29.445561    40.148285    70.634037    86.688508    129.368941    150.774981    205.649925    232.407501    299.476916    331.586019    410.849890    448.310515    539.768838    582.580984    686.233754    734.397421    850.244638    903.759824    1031.801488    1090.668193    1230.904302    1295.122527    1447.553081    1517.122825    1681.747825    1756.669087    1933.488532    2013.761314    2202.775203    2288.399504    2489.607838    2580.583657    2793.986436    2890.313774    3115.910998    3217.589855    3455.381523    3562.411900    3812.398012    3924.779908    4186.960465    4304.693879    4579.068881    4702.153814    4988.723260    5117.159712    5415.923603    5549.711574    5860.669910    5999.809399    6322.962179    6467.453188    6802.800412    6952.642940    7300.184609    7455.378655    7815.114886    7975.660450    
-0.628319    -0.318236    5.845985    11.105593    29.526653    40.053923    70.758996    86.550279    129.537766    150.592887    205.862615    232.181542    299.733471    331.316195    411.150310    447.996826    540.113122    582.223430    686.621904    733.996002    850.676653    903.314541    1032.277367    1090.179045    1231.424047    1294.589514    1448.116691    1516.545947    1682.355299    1756.048344    1934.139871    2013.096705    2203.470407    2287.691030    2490.346906    2579.831319    2794.769370    2889.517572    3116.737797    3216.749787    3456.252187    3561.527967    3813.312541    3923.852110    4187.918858    4303.722216    4580.071139    4701.138286    4989.769384    5116.100320    5417.013591    5548.608317    5861.803763    5998.662277    6324.139897    6466.262201    6804.021995    6951.408088    7301.450057    7454.099938    7816.424199    7974.337868    
-0.617847    -0.324710    5.883258    11.055222    29.607854    39.959670    70.884065    86.412160    129.706700    150.410903    206.075414    231.955693    299.990135    331.046480    411.450839    447.683247    540.457517    581.865986    687.010163    733.594693    851.108777    902.869367    1032.753356    1089.690006    1231.943901    1294.056610    1448.680410    1515.969178    1682.962883    1755.427711    1934.791320    2012.432207    2204.165720    2286.982667    2491.086085    2579.079091    2795.552413    2888.721478    3117.564705    3215.909829    3457.122960    3560.644144    3814.227179    3922.924422    4188.877361    4302.750664    4581.073507    4700.122869    4990.815616    5115.041037    5418.103689    5547.505169    5862.937725    5997.515264    6325.317725    6465.071323    6805.243688    6950.173345    7302.715614    7452.821331    7817.733621    7973.015396    
-0.607375    -0.331076    5.920642    11.004960    29.689166    39.865527    71.009244    86.274151    129.875744    150.229028    206.288323    231.729953    300.246909    330.776876    411.751478    447.369778    540.802021    581.508652    687.398532    733.193494    851.541011    902.424303    1033.229455    1089.201077    1232.463864    1293.523816    1449.244238    1515.392519    1683.570576    1754.807187    1935.442878    2011.767818    2204.861144    2286.274413    2491.825373    2578.326972    2796.335566    2887.925495    3118.391723    3215.069981    3457.993843    3559.760430    3815.141927    3921.996844    4189.835974    4301.779220    4582.075985    4699.107560    4991.861959    5113.981864    5419.193897    5546.402131    5864.071798    5996.368361    6326.495662    6463.880555    6806.465490    6948.938713    7303.981281    7451.542833    7819.043153    7971.693034    
-0.596903    -0.337333    5.958136    10.954807    29.770587    39.771493    71.134532    86.136251    130.044898    150.047263    206.501342    231.504323    300.503793    330.507381    412.052227    447.056418    541.146634    581.151427    687.787011    732.792404    851.973354    901.979348    1033.705664    1088.712257    1232.983938    1292.991131    1449.808176    1514.815970    1684.178379    1754.186772    1936.094546    2011.103539    2205.556677    2285.566269    2492.564771    2577.574963    2797.118829    2887.129621    3119.218851    3214.230242    3458.864836    3558.876827    3816.056784    3921.069375    4190.794697    4300.807887    4583.078572    4698.092362    4992.908411    5112.922801    5420.284214    5545.299203    5865.205980    5995.221568    6327.673709    6462.689897    6807.687402    6947.704190    7305.247058    7450.264445    7820.352795    7970.370781    
-0.586431    -0.343482    5.995741    10.904765    29.852117    39.677570    71.259930    85.998461    130.214161    149.865608    206.714471    231.278803    300.760787    330.237996    412.353085    446.743168    541.491357    580.794312    688.175599    732.391424    852.405807    901.534503    1034.181982    1088.223547    1233.504121    1292.458556    1450.372224    1514.239530    1684.786292    1753.566468    1936.746324    2010.439369    2206.252319    2284.858235    2493.304279    2576.823064    2797.902201    2886.333857    3120.046088    3213.390613    3459.735938    3557.993333    3816.971752    3920.142016    4191.753529    4299.836663    4584.081269    4697.077273    4993.954973    5111.863847    5421.374641    5544.196384    5866.340271    5994.074885    6328.851866    6461.499349    6808.909423    6946.469776    7306.512945    7448.986167    7821.662546    7969.048638    
-0.575959    -0.349522    6.033456    10.854833    29.933758    39.583756    71.385438    85.860781    130.383534    149.684062    206.927709    231.053393    301.017890    329.968720    412.654053    446.430027    541.836190    580.437306    688.564297    731.990554    852.838370    901.089768    1034.658409    1087.734947    1234.024413    1291.926091    1450.936382    1513.663200    1685.394314    1752.946273    1937.398211    2009.775309    2206.948072    2284.150310    2494.043896    2576.071274    2798.685684    2885.538202    3120.873435    3212.551093    3460.607150    3557.109948    3817.886828    3919.214767    4192.712470    4298.865549    4585.084076    4696.062294    4995.001645    5110.805003    5422.465177    5543.093675    5867.474673    5992.928311    6330.030132    6460.308910    6810.131555    6945.235473    7307.778941    7447.707999    7822.972407    7967.726604    
-0.565487    -0.355454    6.071282    10.805010    30.015508    39.490051    71.511055    85.723210    130.553017    149.502626    207.141057    230.828092    301.275102    329.699554    412.955131    446.116996    542.181133    580.080410    688.953104    731.589793    853.271043    900.645142    1035.134947    1087.246456    1234.544816    1291.393736    1451.500649    1513.086980    1686.002447    1752.326187    1938.050208    2009.111359    2207.643933    2283.442495    2494.783623    2575.319594    2799.469275    2884.742657    3121.700892    3211.711683    3461.478471    3556.226673    3818.802015    3918.287627    4193.671522    4297.894544    4586.086992    4695.047424    4996.048426    5109.746268    5423.555823    5541.991076    5868.609184    5991.781847    6331.208508    6459.118581    6811.353795    6944.001279    7309.045046    7446.429940    7824.282378    7966.404680    
-0.555015    -0.361277    6.109218    10.755297    30.097367    39.396457    71.636782    85.585749    130.722609    149.321300    207.354514    230.602900    301.532425    329.430498    413.256318    445.804075    542.526185    579.723624    689.342022    731.189142    853.703825    900.200626    1035.611594    1086.758076    1235.065328    1290.861490    1452.065026    1512.510869    1686.610688    1751.706212    1938.702315    2008.447519    2208.339905    2282.734789    2495.523459    2574.568024    2800.252977    2883.947222    3122.528458    3210.872383    3462.349903    3555.343508    3819.717311    3917.360597    4194.630683    4296.923649    4587.090018    4694.032665    4997.095317    5108.687644    5424.646579    5540.888586    5869.743804    5990.635492    6332.386994    6457.928361    6812.576146    6942.767194    7310.311262    7445.151990    7825.592458    7965.082866    
-0.544543    -0.366991    6.147266    10.705694    30.179337    39.302972    71.762619    85.448397    130.892311    149.140083    207.568081    230.377818    301.789857    329.161551    413.557615    445.491263    542.871347    579.366948    689.731049    730.788600    854.136717    899.756220    1036.088350    1086.269804    1235.585949    1290.329354    1452.629512    1511.934868    1687.219040    1751.086346    1939.354531    2007.783788    2209.035986    2282.027194    2496.263405    2573.816563    2801.036788    2883.151896    3123.356134    3210.033193    3463.221444    3554.460453    3820.632717    3916.433677    4195.589953    4295.952864    4588.093154    4693.018014    4998.142317    5107.629129    5425.737444    5539.786206    5870.878535    5989.489247    6333.565589    6456.738252    6813.798606    6941.533219    7311.577587    7443.874151    7826.902648    7963.761162    
-0.534071    -0.372597    6.185423    10.656201    30.261416    39.209596    71.888565    85.311156    131.062123    148.958976    207.781758    230.152846    302.047399    328.892714    413.859022    445.178561    543.216619    579.010381    690.120185    730.388169    854.569718    899.311923    1036.565217    1085.781643    1236.106680    1289.797327    1453.194109    1511.358976    1687.827501    1750.466589    1940.006857    2007.120167    2209.732177    2281.319707    2497.003461    2573.065212    2801.820709    2882.356680    3124.183920    3209.194112    3464.093094    3553.577507    3821.548232    3915.506866    4196.549334    4294.982188    4589.096399    4692.003474    4999.189427    5106.570723    5426.828419    5538.683936    5872.013375    5988.343112    6334.744294    6455.548251    6815.021176    6940.299354    7312.844022    7442.596421    7828.212948    7962.439567    
-0.523599    -0.378094    6.223691    10.606817    30.343605    39.116331    72.014621    85.174024    131.232044    148.777979    207.995544    229.927984    302.305050    328.623987    414.160538    444.865969    543.562000    578.653924    690.509431    729.987846    855.002829    898.867736    1037.042193    1085.293591    1236.627521    1289.265411    1453.758814    1510.783195    1688.436072    1749.846943    1940.659293    2006.456655    2210.428478    2280.612331    2497.743627    2572.313971    2802.604739    2881.561574    3125.011815    3208.355141    3464.964854    3552.694671    3822.463857    3914.580165    4197.508824    4294.011622    4590.099754    4690.989043    5000.236647    5105.512427    5427.919504    5537.581775    5873.148325    5987.197086    6335.923108    6454.358361    6816.243855    6939.065599    7314.110566    7441.318800    7829.523357    7961.118082    
-0.513127    -0.383483    6.262070    10.557544    30.425903    39.023175    72.140787    85.037001    131.402075    148.597091    208.209441    229.703231    302.562811    328.355369    414.462164    444.553487    543.907491    578.297576    690.898787    729.587634    855.436050    898.423659    1037.519279    1084.805649    1237.148472    1288.733603    1454.323630    1510.207523    1689.044752    1749.227406    1941.311838    2005.793253    2211.124888    2279.905064    2498.483902    2571.562839    2803.388879    2880.766577    3125.839820    3207.516279    3465.836724    3551.811945    3823.379592    3913.653574    4198.468424    4293.041166    4591.103218    4689.974722    5001.283977    5104.454241    5429.010699    5536.479724    5874.283384    5986.051170    6337.102033    6453.168580    6817.466645    6937.831953    7315.377220    7440.041290    7830.833876    7959.796706    
-0.502655    -0.388763    6.300559    10.508380    30.508311    38.930128    72.267062    84.900089    131.572216    148.416313    208.423446    229.478588    302.820682    328.086861    414.763900    444.241114    544.253092    577.941338    691.288253    729.187531    855.869380    897.979691    1037.996474    1084.317816    1237.669532    1288.201906    1454.888555    1509.631960    1689.653542    1748.607979    1941.964493    2005.129961    2211.821408    2279.197907    2499.224287    2570.811817    2804.173129    2879.971690    3126.667934    3206.677527    3466.708704    3550.929328    3824.295437    3912.727092    4199.428133    4292.070819    4592.106793    4688.960510    5002.331416    5103.396165    5430.102003    5535.377783    5875.418553    5984.905364    6338.281066    6451.978909    6818.689543    6936.598417    7316.643984    7438.763889    7832.144505    7958.475440    
-0.492183    -0.393934    6.339158    10.459327    30.590829    38.837191    72.393447    84.763285    131.742467    148.235645    208.637562    229.254055    303.078662    327.818463    415.065745    443.928850    544.598802    577.585210    691.677828    728.787538    856.302821    897.535833    1038.473779    1083.830093    1238.190702    1287.670318    1455.453590    1509.056507    1690.262442    1747.988661    1942.617258    2004.466778    2212.518038    2278.490859    2499.964781    2570.060904    2804.957488    2879.176913    3127.496159    3205.838885    3467.580793    3550.046821    3825.211391    3911.800720    4200.387952    4291.100582    4593.110477    4687.946409    5003.378965    5102.338198    5431.193416    5534.275951    5876.553832    5983.759668    6339.460210    6450.789348    6819.912552    6935.364991    7317.910857    7437.486598    7833.455243    7957.154284    
-0.481711    -0.398996    6.377868    10.410383    30.673456    38.744364    72.519942    84.626592    131.912827    148.055086    208.851787    229.029631    303.336752    327.550174    415.367701    443.616697    544.944622    577.229191    692.067513    728.387655    856.736370    897.092084    1038.951194    1083.342480    1238.711982    1287.138840    1456.018735    1508.481164    1690.871451    1747.369453    1943.270132    2003.803705    2213.214777    2277.783922    2500.705385    2569.310102    2805.741957    2878.382245    3128.324493    3205.000352    3468.452992    3549.164423    3826.127455    3910.874457    4201.347881    4290.130455    4594.114270    4686.932416    5004.426623    5101.280341    5432.284940    5533.174229    5877.689220    5982.614081    6340.639463    6449.599896    6821.135670    6934.131674    7319.177840    7436.209416    7834.766091    7955.833237    
-0.471239    -0.403950    6.416688    10.361548    30.756193    38.651647    72.646546    84.490008    132.083296    147.874637    209.066122    228.805317    303.594952    327.281995    415.669765    443.304653    545.290552    576.873283    692.457307    727.987881    857.170030    896.648446    1039.428718    1082.854976    1239.233371    1286.607471    1456.583989    1507.905931    1691.480570    1746.750354    1943.923116    2003.140742    2213.911626    2277.077093    2501.446099    2568.559409    2806.526536    2877.587687    3129.152936    3204.161930    3469.325300    3548.282135    3827.043628    3909.948305    4202.307919    4289.160438    4595.118174    4685.918534    5005.474392    5100.222594    5433.376573    5532.072617    5878.824718    5981.468604    6341.818826    6448.410554    6822.358898    6932.898467    7320.444933    7434.932344    7836.077049    7954.512301    
-0.460767    -0.408795    6.455619    10.312824    30.839040    38.559039    72.773260    84.353534    132.253876    147.694298    209.280566    228.581113    303.853262    327.013926    415.971940    442.992718    545.636591    576.517483    692.847211    727.588217    857.603799    896.204917    1039.906352    1082.367582    1239.754870    1286.076212    1457.149353    1507.330807    1692.089799    1746.131366    1944.576210    2002.477888    2214.608584    2276.370375    2502.186922    2567.808825    2807.311224    2876.793239    3129.981490    3203.323616    3470.197719    3547.399957    3827.959911    3909.022262    4203.268067    4288.190530    4596.122186    4684.904761    5006.522269    5099.164956    5434.468316    5530.971114    5879.960325    5980.323236    6342.998299    6447.221321    6823.582235    6931.665370    7321.712135    7433.655382    7837.388116    7953.191473    
-0.450295    -0.413532    6.494660    10.264210    30.921997    38.466541    72.900084    84.217170    132.424565    147.514068    209.495120    228.357018    304.111681    326.745966    416.274224    442.680894    545.982740    576.161794    693.237225    727.188662    858.037678    895.761497    1040.384096    1081.880298    1240.276479    1285.545063    1457.714826    1506.755793    1692.699138    1745.512487    1945.229413    2001.815145    2215.305652    2275.663766    2502.927856    2567.058351    2808.096022    2875.998900    3130.810153    3202.485413    3471.070246    3546.517889    3828.876304    3908.096328    4204.228325    4287.220731    4597.126309    4683.891098    5007.570257    5098.107428    5435.560168    5529.869721    5881.096043    5979.177978    6344.177881    6446.032198    6824.805682    6930.432382    7322.979447    7432.378529    7838.699293    7951.870756    
-0.439823    -0.418159    6.533811    10.215705    31.005063    38.374153    73.027017    84.080915    132.595363    147.333948    209.709784    228.133033    304.370209    326.478116    416.576617    442.369179    546.328998    575.806214    693.627349    726.789217    858.471666    895.318188    1040.861949    1081.393123    1240.798197    1285.014024    1458.280409    1506.180888    1693.308586    1744.893717    1945.882726    2001.152510    2216.002830    2274.957267    2503.668898    2566.307987    2808.880930    2875.204671    3131.638925    3201.647319    3471.942884    3545.635930    3829.792806    3907.170505    4205.188692    4286.251043    4598.130541    4682.877544    5008.618354    5097.050009    5436.652130    5528.768438    5882.231870    5978.032830    6345.357573    6444.843185    6826.029239    6929.199504    7324.246869    7431.101786    7840.010580    7950.550148    
-0.429351    -0.422678    6.573073    10.167311    31.088239    38.281875    73.154060    83.944770    132.766272    147.153938    209.924557    227.909158    304.628848    326.210376    416.879120    442.057574    546.675367    575.450744    694.017582    726.389882    858.905764    894.874988    1041.339912    1080.906058    1241.320025    1284.483094    1458.846102    1505.606094    1693.918143    1744.275058    1946.536149    2000.489986    2216.700118    2274.250877    2504.410051    2565.557733    2809.665947    2874.410552    3132.467807    3200.809335    3472.815631    3544.754081    3830.709418    3906.244791    4206.149169    4285.281464    4599.134883    4681.864100    5009.666561    5095.992701    5437.744202    5527.667264    5883.367806    5976.887791    6346.537374    6443.654282    6827.252906    6927.966735    7325.514400    7429.825153    7841.321976    7949.229650    
-0.418879    -0.427088    6.612445    10.119026    31.171524    38.189706    73.281213    83.808735    132.937290    146.974037    210.139440    227.685392    304.887596    325.942745    417.181733    441.746078    547.021845    575.095383    694.407925    725.990657    859.339972    894.431897    1041.817985    1080.419103    1241.841962    1283.952274    1459.411904    1505.031409    1694.527811    1743.656508    1947.189681    1999.827571    2217.397515    2273.544598    2505.151313    2564.807588    2810.451074    2873.616542    3133.296799    3199.971460    3473.688488    3543.872341    3831.626140    3905.319186    4207.109756    4284.311994    4600.139335    4680.850766    5010.714877    5094.935501    5438.836383    5526.566200    5884.503853    5975.742862    6347.717286    6442.465488    6828.476682    6926.734077    7326.782041    7428.548629    7842.633482    7947.909261    
-0.408407    -0.431390    6.651927    10.070851    31.254919    38.097646    73.408475    83.672809    133.108417    146.794246    210.354433    227.461736    305.146453    325.675224    417.484456    441.434692    547.368432    574.740132    694.798377    725.591541    859.774289    893.988916    1042.296167    1079.932257    1242.364010    1283.421563    1459.977817    1504.456833    1695.137588    1743.038067    1947.843323    1999.165265    2218.095022    2272.838427    2505.892685    2564.057553    2811.236311    2872.822642    3134.125901    3199.133695    3474.561455    3542.990712    3832.542972    3904.393691    4208.070452    4283.342635    4601.143896    4679.837542    5011.763303    5093.878412    5439.928674    5525.465246    5885.640009    5974.598043    6348.897306    6441.276804    6829.700568    6925.501528    7328.049792    7427.272215    7843.945097    7946.588982    
-0.397935    -0.435582    6.691520    10.022786    31.338424    38.005697    73.535847    83.536993    133.279655    146.614565    210.569535    227.238190    305.405421    325.407813    417.787288    441.123416    547.715129    574.384991    695.188939    725.192535    860.208716    893.546045    1042.774459    1079.445521    1242.886166    1282.890962    1460.543838    1503.882367    1695.747475    1742.419737    1948.497075    1998.503070    2218.792639    2272.132367    2506.634166    2563.307628    2812.021657    2872.028852    3134.955112    3198.296040    3475.434531    3542.109191    3833.459913    3903.468306    4209.031258    4282.373385    4602.148567    4678.824427    5012.811839    5092.821432    5441.021075    5524.364401    5886.776274    5973.453333    6350.077437    6440.088229    6830.924563    6924.269088    7329.317652    7425.995911    7845.256823    7945.268813    
-0.387463    -0.439666    6.731223    9.974831    31.422039    37.913857    73.663328    83.401286    133.451002    146.434993    210.784747    227.014753    305.664498    325.140511    418.090230    440.812249    548.061936    574.029959    695.579611    724.793638    860.643253    893.103284    1043.252861    1078.958895    1243.408433    1282.360471    1461.109970    1503.308011    1696.357471    1741.801516    1949.150936    1997.840984    2219.490365    2271.426416    2507.375757    2562.557812    2812.807113    2871.235171    3135.784433    3197.458494    3476.307717    3541.227781    3834.376963    3902.543031    4209.992174    4281.404244    4603.153347    4677.811422    5013.860485    5091.764562    5442.113585    5523.263666    5887.912650    5972.308733    6351.257677    6438.899764    6832.148668    6923.036758    7330.585622    7424.719716    7846.568657    7943.948753    
-0.376991    -0.443641    6.771036    9.926986    31.505763    37.822126    73.790920    83.265690    133.622458    146.255531    211.000069    226.791426    305.923684    324.873319    418.393282    440.501192    548.408853    573.675038    695.970393    724.394852    861.077899    892.660632    1043.731372    1078.472378    1243.930809    1281.830089    1461.676211    1502.733765    1696.967577    1741.183404    1949.804907    1997.179008    2220.188201    2270.720575    2508.117458    2561.808106    2813.592679    2870.441600    3136.613864    3196.621058    3477.181012    3540.346480    3835.294124    3901.617865    4210.953199    4280.435214    4604.158238    4676.798526    5014.909240    5090.707802    5443.206205    5522.163041    5889.049134    5971.164243    6352.438027    6437.711409    6833.372883    6921.804538    7331.853702    7423.443631    7847.880602    7942.628804    
-0.366519    -0.447507    6.810959    9.879250    31.589597    37.730506    73.918621    83.130202    133.794025    146.076179    211.215501    226.568208    306.182981    324.606237    418.696443    440.190245    548.755879    573.320225    696.361284    723.996174    861.512656    892.218090    1044.209993    1077.985971    1244.453295    1281.299817    1462.242562    1502.159628    1697.577793    1740.565402    1950.458987    1996.517141    2220.886146    2270.014843    2508.859268    2561.058509    2814.378354    2869.648139    3137.443404    3195.783732    3478.054417    3539.465289    3836.211394    3900.692809    4211.914334    4279.466293    4605.163238    4675.785740    5015.958105    5089.651151    5444.298935    5521.062525    5890.185729    5970.019862    6353.618486    6436.523163    6834.597207    6920.572428    7333.121891    7422.167656    7849.192656    7941.308963    
-0.356047    -0.451265    6.850993    9.831625    31.673540    37.638995    74.046431    82.994825    133.965701    145.896936    211.431042    226.345101    306.442387    324.339264    418.999714    439.879407    549.103015    572.965523    696.752285    723.597607    861.947521    891.775658    1044.688723    1077.499674    1244.975891    1280.769655    1462.809022    1501.585601    1698.188118    1739.947510    1951.113178    1995.855384    2221.584201    2269.309221    2509.601189    2560.309022    2815.164139    2868.854787    3138.273054    3194.946515    3478.927932    3538.584207    3837.128774    3899.767863    4212.875579    4278.497482    4606.168347    4674.773064    5017.007079    5088.594610    5445.391775    5519.962119    5891.322433    5968.875591    6354.799056    6435.335028    6835.821641    6919.340427    7334.390190    7420.891790    7850.504820    7939.989233    
-0.345575    -0.454913    6.891137    9.784109    31.757593    37.547593    74.174352    82.859557    134.137486    145.717803    211.646692    226.122102    306.701903    324.072401    419.303095    439.568679    549.450260    572.610930    697.143395    723.199149    862.382497    891.333335    1045.167564    1077.013486    1245.498596    1280.239603    1463.375592    1501.011683    1698.798553    1739.329728    1951.767478    1995.193737    2222.282366    2268.603709    2510.343218    2559.559645    2815.950034    2868.061545    3139.102814    3194.109409    3479.801556    3537.703235    3838.046263    3898.843026    4213.836933    4277.528780    4607.173566    4673.760497    5018.056163    5087.538178    5446.484724    5518.861822    5892.459247    5967.731430    6355.979735    6434.147001    6837.046185    6918.108536    7335.658599    7419.616034    7851.817094    7938.669612    
-0.335103    -0.458453    6.931391    9.736704    31.841756    37.456302    74.302381    82.724399    134.309381    145.538780    211.862453    225.899214    306.961528    323.805647    419.606585    439.258061    549.797616    572.256447    697.534615    722.800801    862.817582    890.891122    1045.646514    1076.527408    1246.021411    1279.709660    1463.942272    1500.437875    1699.409098    1738.712055    1952.421887    1994.532199    2222.980641    2267.898307    2511.085358    2558.810378    2816.736038    2867.268413    3139.932683    3193.272411    3480.675291    3536.822373    3838.963862    3897.918299    4214.798397    4276.560188    4608.178895    4672.748040    5019.105357    5086.481856    5447.577782    5517.761636    5893.596171    5966.587378    6357.160523    6432.959085    6838.270839    6916.876754    7336.927117    7418.340388    7853.129477    7937.350100    
-0.324631    -0.461884    6.971756    9.689408    31.926029    37.365120    74.430521    82.589351    134.481386    145.359866    212.078323    225.676435    307.221263    323.539004    419.910185    438.947552    550.145081    571.902073    697.925945    722.402562    863.252776    890.449018    1046.125573    1076.041440    1246.544335    1279.179826    1464.509062    1499.864177    1700.019752    1738.094492    1953.076407    1993.870771    2223.679025    2267.193014    2511.827607    2558.061220    2817.522152    2866.475390    3140.762662    3192.435524    3481.549134    3535.941621    3839.881571    3896.993681    4215.759970    4275.591705    4609.184334    4671.735693    5020.154660    5085.425644    5448.670951    5516.661559    5894.733204    5965.443437    6358.341421    6431.771278    6839.495602    6915.645083    7338.195745    7417.064851    7854.441970    7936.030699    
-0.314159    -0.465206    7.012230    9.642222    32.010411    37.274048    74.558770    82.454412    134.653501    145.181062    212.294302    225.453766    307.481108    323.272470    420.213895    438.637153    550.492655    571.547809    698.317384    722.004434    863.688081    890.007025    1046.604743    1075.555581    1247.067369    1278.650103    1465.075961    1499.290589    1700.630516    1737.477039    1953.731035    1993.209453    2224.377519    2266.487830    2512.569966    2557.312172    2818.308376    2865.682477    3141.592750    3191.598746    3482.423088    3535.060978    3840.799389    3896.069174    4216.721654    4274.623333    4610.189882    4670.723455    5021.204074    5084.369542    5449.764229    5515.561591    5895.870347    5964.299604    6359.522429    6430.583581    6840.720474    6914.413520    7339.464483    7415.789424    7855.754572    7934.711407    
-0.303687    -0.468419    7.052815    9.595146    32.094903    37.183085    74.687129    82.319583    134.825725    145.002367    212.510392    225.231207    307.741062    323.006045    420.517714    438.326864    550.840339    571.193655    698.708934    721.606414    864.123495    889.565141    1047.084022    1075.069832    1247.590513    1278.120489    1465.642969    1498.717110    1701.241390    1736.859695    1954.385774    1992.548244    2225.076122    2265.782757    2513.312434    2556.563233    2819.094709    2864.889674    3142.422948    3190.762077    3483.297151    3534.180445    3841.717317    3895.144775    4217.683447    4273.655070    4611.195540    4669.711328    5022.253596    5083.313549    5450.857616    5514.461733    5897.007600    5963.155882    6360.703546    6429.395993    6841.945457    6913.182068    7340.733330    7414.514106    7857.067285    7933.392225    
-0.293215    -0.471524    7.093510    9.548180    32.179505    37.092232    74.815598    82.184863    134.998059    144.823783    212.726591    225.008757    308.001126    322.739730    420.821643    438.016684    551.188133    570.839610    699.100592    721.208505    864.559018    889.123366    1047.563410    1074.584193    1248.113767    1277.590985    1466.210088    1498.143741    1701.852373    1736.242461    1955.040622    1991.887145    2225.774835    2265.077793    2514.055012    2555.814405    2819.881152    2864.096980    3143.253256    3189.925519    3484.171324    3533.300021    3842.635355    3894.220487    4218.645349    4272.686916    4612.201307    4668.699309    5023.303229    5082.257666    5451.951114    5513.361985    5898.144962    5962.012269    6361.884774    6428.208515    6843.170549    6911.950725    7342.002287    7413.238899    7858.380106    7932.073152    
-0.282743    -0.474519    7.134315    9.501324    32.264216    37.001489    74.944176    82.050254    135.170503    144.645308    212.942899    224.786417    308.261299    322.473525    421.125682    437.706614    551.536037    570.485675    699.492361    720.810705    864.994652    888.681701    1048.042908    1074.098663    1248.637130    1277.061590    1466.777316    1497.570481    1702.463466    1735.625337    1955.695580    1991.226156    2226.473658    2264.372939    2514.797700    2555.065685    2820.667705    2863.304396    3144.083674    3189.089070    3485.045606    3532.419707    3843.553502    3893.296308    4219.607362    4271.718873    4613.207184    4667.687401    5024.352971    5081.201892    5453.044721    5512.262347    5899.282434    5960.868765    6363.066110    6427.021147    6844.395751    6910.719492    7343.271354    7411.963801    7859.693038    7930.754189    
-0.272271    -0.477406    7.175230    9.454578    32.349037    36.910855    75.072864    81.915753    135.343056    144.466942    213.159318    224.564186    308.521583    322.207430    421.429830    437.396654    551.884050    570.131850    699.884239    720.413015    865.430395    888.240146    1048.522516    1073.613243    1249.160603    1276.532305    1467.344654    1496.997331    1703.074669    1735.008322    1956.350648    1990.565276    2227.172591    2263.668194    2515.540497    2554.317076    2821.454367    2862.511921    3144.914201    3188.252730    3485.919998    3531.539503    3844.471759    3892.372239    4220.569484    4270.750939    4614.213171    4666.675602    5025.402823    5080.146228    5454.138437    5511.162818    5900.420015    5959.725372    6364.247557    6425.833888    6845.621062    6909.488369    7344.540530    7410.688812    7861.006079    7929.435336    
-0.261799    -0.480184    7.216256    9.407942    32.433967    36.820331    75.201662    81.781363    135.515719    144.288686    213.375846    224.342066    308.781976    321.941444    421.734088    437.086803    552.232173    569.778134    700.276227    720.015434    865.866247    887.798701    1049.002234    1073.127933    1249.684185    1276.003130    1467.912101    1496.424291    1703.685981    1734.391417    1957.005825    1989.904506    2227.871633    2262.963559    2516.283404    2553.568576    2822.241139    2861.719557    3145.744838    3187.416501    3486.794500    3530.659408    3845.390126    3891.448280    4221.531715    4269.783114    4615.219268    4665.663912    5026.452784    5079.090674    5455.232264    5510.063399    5901.557707    5958.582088    6365.429113    6424.646739    6846.846483    6908.257355    7345.809816    7409.413933    7862.319230    7928.116592    
-0.251327    -0.482852    7.257391    9.361416    32.519008    36.729917    75.330569    81.647082    135.688492    144.110540    213.592483    224.120054    309.042478    321.675568    422.038455    436.777062    552.580405    569.424528    700.668324    719.617963    866.302210    887.357365    1049.482061    1072.642732    1250.207877    1275.474064    1468.479658    1495.851361    1704.297403    1733.774621    1957.661112    1989.243846    2228.570785    2262.259034    2517.026421    2552.820186    2823.028021    2860.927302    3146.575584    3186.580381    3487.669112    3529.779424    3846.308602    3890.524430    4222.494056    4268.815400    4616.225474    4664.652333    5027.502855    5078.035230    5456.326200    5508.964090    5902.695508    5957.438913    6366.610779    6423.459700    6848.072014    6907.026451    7347.079212    7408.139164    7863.632491    7926.797958    
-0.240855    -0.485412    7.298637    9.315000    32.604158    36.639612    75.459586    81.512911    135.861374    143.932504    213.809231    223.898153    309.303091    321.409802    422.342933    436.467431    552.928747    569.071032    701.060531    719.220602    866.738282    886.916139    1049.961998    1072.157641    1250.731679    1274.945108    1469.047325    1495.278540    1704.908935    1733.157935    1958.316508    1988.583295    2229.270046    2261.554618    2517.769547    2552.071905    2823.815012    2860.135156    3147.406441    3185.744371    3488.543833    3528.899548    3847.227188    3889.600690    4223.456507    4267.847795    4617.231790    4663.640863    5028.553036    5076.979895    5457.420245    5507.864890    5903.833418    5956.295849    6367.792554    6422.272771    6849.297654    6905.795656    7348.348717    7406.864505    7864.945861    7925.479434    
-0.230383    -0.487863    7.339992    9.268694    32.689417    36.549418    75.588712    81.378850    136.034366    143.754577    214.026088    223.676361    309.563813    321.144145    422.647519    436.157909    553.277199    568.717645    701.452848    718.823351    867.174464    886.475022    1050.442045    1071.672660    1251.255591    1274.416262    1469.615101    1494.705829    1705.520576    1732.541359    1958.972015    1987.922854    2229.969417    2260.850312    2518.512783    2551.323735    2824.602113    2859.343120    3148.237407    3184.908470    3489.418663    3528.019783    3848.145884    3888.677059    4224.419068    4266.880299    4618.238215    4662.629503    5029.603326    5075.924669    5458.514401    5506.765800    5904.971438    5955.152893    6368.974439    6421.085951    6850.523404    6904.564971    7349.618332    7405.589955    7866.259341    7924.161019    
-0.219911    -0.490206    7.381458    9.222497    32.774787    36.459332    75.717949    81.244898    136.207468    143.576760    214.243054    223.454679    309.824644    320.878598    422.952216    435.848497    553.625761    568.364368    701.845274    718.426209    867.610755    886.034016    1050.922201    1071.187788    1251.779612    1273.887525    1470.182987    1494.133227    1706.132327    1731.924893    1959.627631    1987.262523    2230.668898    2260.146116    2519.256129    2550.575673    2825.389324    2858.551194    3149.068482    3184.072679    3490.293604    3527.140127    3849.064689    3887.753538    4225.381738    4265.912913    4619.244750    4661.618252    5030.653726    5074.869554    5459.608665    5505.666819    5906.109568    5954.010048    6370.156434    6419.899240    6851.749264    6903.334396    7350.888057    7404.315515    7867.572930    7922.842714    
-0.209440    -0.492439    7.423033    9.176411    32.860266    36.369357    75.847295    81.111056    136.380679    143.399053    214.460131    223.233107    310.085586    320.613160    423.257022    435.539194    553.974432    568.011201    702.237810    718.029176    868.047156    885.593118    1051.402467    1070.703026    1252.303743    1273.358898    1470.750983    1493.560735    1706.744188    1731.308536    1960.283356    1986.602301    2231.368488    2259.442030    2519.999584    2549.827722    2826.176644    2857.759378    3149.899667    3183.236998    3491.168654    3526.260581    3849.983604    3886.830127    4226.344518    4264.945637    4620.251395    4660.607111    5031.704236    5073.814548    5460.703040    5504.567949    5907.247808    5952.867312    6371.338539    6418.712640    6852.975233    6902.103931    7352.157891    7403.041185    7868.886629    7921.524519    
-0.198968    -0.494563    7.464719    9.130435    32.945854    36.279491    75.976750    80.977323    136.554000    143.221455    214.677317    223.011644    310.346637    320.347833    423.561938    435.230002    554.323213    567.658143    702.630456    717.632254    868.483666    885.152331    1051.882842    1070.218374    1252.827983    1272.830381    1471.319089    1492.988353    1707.356158    1730.692289    1960.939191    1985.942189    2232.068188    2258.738053    2520.743149    2549.079880    2826.964074    2856.967671    3150.730962    3182.401426    3492.043814    3525.381144    3850.902629    3885.906826    4227.307408    4263.978471    4621.258150    4659.596080    5032.754855    5072.759652    5461.797524    5503.469187    5908.386157    5951.724686    6372.520753    6417.526149    6854.201312    6900.873575    7353.427835    7401.766964    7870.200438    7920.206433    
-0.188496    -0.496579    7.506515    9.084569    33.031553    36.189735    76.106315    80.843700    136.727430    143.043967    214.894612    222.790291    310.607797    320.082614    423.866964    434.920919    554.672103    567.305196    703.023212    717.235441    868.920287    884.711653    1052.363328    1069.733831    1253.352333    1272.301973    1471.887304    1492.416080    1707.968238    1730.076152    1961.595136    1985.282187    2232.767998    2258.034185    2521.486824    2548.332148    2827.751614    2856.176074    3151.562367    3181.565964    3492.919083    3524.501817    3851.821763    3884.983634    4228.270407    4263.011414    4622.265014    4658.585158    5033.805584    5071.704865    5462.892118    5502.370536    5909.524616    5950.582170    6373.703077    6416.339768    6855.427501    6899.643329    7354.697888    7400.492853    7871.514357    7918.888457    
-0.178024    -0.498485    7.548420    9.038814    33.117361    36.100088    76.235990    80.710187    136.900971    142.866588    215.112018    222.569047    310.869067    319.817506    424.172099    434.611945    555.021103    566.952357    703.416077    716.838738    869.357017    884.271085    1052.843923    1069.249398    1253.876793    1271.773675    1472.455628    1491.843918    1708.580428    1729.460124    1962.251191    1984.622294    2233.467918    2257.330428    2522.230608    2547.584525    2828.539263    2855.384587    3152.393881    3180.730611    3493.794462    3523.622600    3852.741007    3884.060552    4229.233516    4262.044467    4623.271988    4657.574346    5034.856423    5070.650188    5463.986822    5501.271994    5910.663184    5949.439763    6374.885510    6415.153496    6856.653799    6898.413192    7355.968052    7399.218851    7872.828385    7917.570591    
-0.167552    -0.500283    7.590436    8.993168    33.203278    36.010551    76.365775    80.576784    137.074620    142.689320    215.329533    222.347913    311.130447    319.552507    424.477344    434.303082    555.370213    566.599629    703.809051    716.442144    869.793856    883.830627    1053.324627    1068.765074    1254.401363    1271.245487    1473.024063    1491.271864    1709.192727    1728.844206    1962.907355    1983.962511    2234.167947    2256.626780    2522.974502    2546.837013    2829.327022    2854.593209    3153.225505    3179.895369    3494.669951    3522.743492    3853.660361    3883.137579    4230.196734    4261.077630    4624.279071    4656.563644    5035.907371    5069.595621    5465.081635    5500.173562    5911.801862    5948.297466    6376.068053    6413.967334    6857.880207    6897.183165    7357.238325    7397.944960    7874.142522    7916.252834    
-0.157080    -0.501971    7.632561    8.947632    33.289306    35.921124    76.495669    80.443490    137.248380    142.512160    215.547157    222.126889    311.391937    319.287618    424.782698    433.994327    555.719433    566.247010    704.202136    716.045660    870.230806    883.390278    1053.805441    1068.280861    1254.926042    1270.717408    1473.592607    1490.699921    1709.805136    1728.228397    1963.563629    1983.302837    2234.868086    2255.923241    2523.718506    2546.089609    2830.114890    2853.801941    3154.057238    3179.060236    3495.545549    3521.864494    3854.579824    3882.214716    4231.160062    4260.110902    4625.286264    4655.553051    5036.958430    5068.541164    5466.176558    5499.075240    5912.940650    5947.155279    6377.250706    6412.781282    6859.106725    6895.953248    7358.508707    7396.671178    7875.456770    7914.935187    
-0.146608    -0.503551    7.674796    8.902207    33.375443    35.831807    76.625673    80.310306    137.422249    142.335111    215.764892    221.905975    311.653536    319.022839    425.088162    433.685683    556.068762    565.894500    704.595330    715.649286    870.667865    882.950039    1054.286365    1067.796757    1255.450831    1270.189439    1474.161260    1490.128087    1710.417654    1727.612698    1964.220012    1982.643274    2235.568334    2255.219813    2524.462619    2545.342316    2830.902869    2853.010782    3154.889081    3178.225212    3496.421257    3520.985606    3855.499397    3881.291963    4232.123500    4259.144284    4626.293567    4654.542568    5038.009597    5067.486816    5467.271591    5497.977027    5914.079548    5946.013201    6378.433468    6411.595339    6860.333352    6894.723440    7359.779199    7395.397505    7876.771127    7913.617650    
-0.136136    -0.505022    7.717140    8.856893    33.461689    35.742599    76.755787    80.177231    137.596228    142.158171    215.982735    221.685170    311.915245    318.758169    425.393736    433.377148    556.418200    565.542101    704.988633    715.253021    871.105033    882.509909    1054.767399    1067.312762    1255.975729    1269.661580    1474.730024    1489.556363    1711.030283    1726.997109    1964.876505    1981.983820    2236.268692    2254.516494    2525.206842    2544.595132    2831.690956    2852.219734    3155.721034    3177.390299    3497.297075    3520.106827    3856.419080    3880.369320    4233.087048    4258.177776    4627.300980    4653.532195    5039.060875    5066.432577    5468.366733    5496.878924    5915.218555    5944.871233    6379.616340    6410.409506    6861.560089    6893.493743    7361.049801    7394.123942    7878.085594    7912.300222    
-0.125664    -0.506384    7.759594    8.811688    33.548046    35.653500    76.886010    80.044266    137.770317    141.981341    216.200689    221.464475    312.177064    318.493609    425.699420    433.068723    556.767749    565.189811    705.382047    714.856866    871.542312    882.069889    1055.248542    1066.828877    1256.500737    1269.133830    1475.298897    1488.984748    1711.643021    1726.381630    1965.533108    1981.324475    2236.969160    2253.813285    2525.951175    2543.848058    2832.479154    2851.428794    3156.553097    3176.555495    3498.173003    3519.228159    3857.338872    3879.446786    4234.050705    4257.211377    4628.308502    4652.521931    5040.112262    5065.378449    5469.461985    5495.780930    5916.357672    5943.729375    6380.799322    6409.223783    6862.786936    6892.264154    7362.320513    7392.850489    7879.400170    7910.982904    
-0.115192    -0.507637    7.802158    8.766595    33.634512    35.564512    77.016343    79.911411    137.944515    141.804621    216.418752    221.243889    312.438992    318.229158    426.005213    432.760408    557.117407    564.837630    705.775570    714.460821    871.979700    881.629979    1055.729795    1066.345102    1257.025855    1268.606190    1475.867879    1488.413243    1712.255868    1725.766260    1966.189821    1980.665240    2237.669737    2253.110185    2526.695617    2543.101093    2833.267461    2850.637965    3157.385269    3175.720800    3499.049040    3518.349599    3858.258774    3878.524362    4235.014472    4256.245088    4629.316133    4651.511777    5041.163758    5064.324430    5470.557347    5494.683046    5917.496898    5942.587626    6381.982414    6408.038169    6864.013892    6891.034676    7363.591334    7391.577146    7880.714857    7909.665696    
-0.104720    -0.508780    7.844831    8.721612    33.721087    35.475633    77.146785    79.778666    138.118823    141.628010    216.636925    221.023413    312.701030    317.964817    426.311116    432.452202    557.467175    564.485559    706.169203    714.064886    872.417197    881.190178    1056.211157    1065.861437    1257.551082    1268.078660    1476.436972    1487.841848    1712.868825    1725.151000    1966.846643    1980.006115    2238.370424    2252.407195    2527.440169    2542.354238    2834.055878    2849.847245    3158.217550    3174.886216    3499.925186    3517.471150    3859.178786    3877.602047    4235.978349    4255.278908    4630.323875    4650.501733    5042.215365    5063.270521    5471.652818    5493.585272    5918.636235    5941.445987    6383.165615    6406.852665    6865.240958    6889.805307    7364.862265    7390.303912    7882.029652    7908.348597    
-0.094248    -0.509816    7.887612    8.676740    33.807773    35.386864    77.277337    79.646030    138.293240    141.451509    216.855208    220.803047    312.963177    317.700586    426.617128    432.144106    557.817052    564.133598    706.562945    713.669060    872.854804    880.750488    1056.692629    1065.377881    1258.076419    1267.551239    1477.006174    1487.270562    1713.481892    1724.535849    1967.503575    1979.347100    2239.071221    2251.704315    2528.184831    2541.607493    2834.844405    2849.056635    3159.049942    3174.051741    3500.801443    3516.592810    3860.098907    3876.679842    4236.942335    4254.312838    4631.331726    4649.491798    5043.267081    5062.216721    5472.748399    5492.487608    5919.775680    5940.304458    6384.348925    6405.667271    6866.468134    6888.576048    7366.133306    7389.030788    7883.344558    7907.031608    
-0.083776    -0.510742    7.930503    8.631980    33.894568    35.298204    77.407999    79.513504    138.467768    141.275117    217.073600    220.582791    313.225435    317.436465    426.923251    431.836120    558.167039    563.781747    706.956797    713.273343    873.292521    880.310906    1057.174211    1064.894435    1258.601866    1267.023928    1477.575485    1486.699386    1714.095069    1723.920808    1968.160616    1978.688194    2239.772127    2251.001544    2528.929602    2540.860857    2835.633041    2848.266135    3159.882443    3173.217375    3501.677809    3515.714579    3861.019138    3875.757747    4237.906431    4253.346878    4632.339687    4648.481973    5044.318906    5061.163031    5473.844089    5491.390053    5920.915236    5939.163038    6385.532346    6404.481986    6867.695419    6887.346898    7367.404456    7387.757773    7884.659573    7905.714729    
-0.073304    -0.511559    7.973500    8.587332    33.981473    35.209655    77.538771    79.381087    138.642405    141.098835    217.292102    220.362644    313.487802    317.172453    427.229482    431.528243    558.517136    563.430005    707.350759    712.877737    873.730348    879.871435    1057.655903    1064.411099    1259.127423    1266.496727    1478.144907    1486.128320    1714.708355    1723.305877    1968.817767    1978.029398    2240.473144    2250.298883    2529.674483    2540.114332    2836.421787    2847.475744    3160.715054    3172.383119    3502.554284    3514.836459    3861.939479    3874.835762    4238.870636    4252.381028    4633.347757    4647.472258    5045.370842    5060.109451    5474.939890    5490.292608    5922.054901    5938.021728    6386.715876    6403.296811    6868.922814    6886.117858    7368.675716    7386.484869    7885.974698    7904.397959    
-0.062832    -0.512267    8.016605    8.542797    34.068487    35.121214    77.669652    79.248780    138.817151    140.922663    217.510714    220.142606    313.750278    316.908551    427.535824    431.220476    558.867343    563.078373    707.744830    712.482240    874.168284    879.432073    1058.137704    1063.927872    1259.653089    1265.969635    1478.714438    1485.557363    1715.321751    1722.691056    1969.475028    1977.370712    2241.174269    2249.596332    2530.419474    2539.367915    2837.210642    2846.685463    3161.547774    3171.548973    3503.430870    3513.958448    3862.859929    3873.913886    4239.834951    4251.415287    4634.355937    4646.462652    5046.422887    5059.055980    5476.035800    5489.195272    5923.194676    5936.880527    6387.899516    6402.111746    6870.150319    6884.888928    7369.947085    7385.212073    7887.289932    7903.081299    
-0.052360    -0.512866    8.059814    8.498378    34.155611    35.032884    77.800643    79.116583    138.992007    140.746601    217.729435    219.922679    314.012864    316.644758    427.842275    430.912818    559.217659    562.726851    708.139011    712.086853    874.606330    878.992821    1058.619615    1063.444755    1260.178864    1265.442653    1479.284078    1484.986516    1715.935257    1722.076344    1970.132399    1976.712135    2241.875505    2248.893890    2531.164574    2538.621609    2837.999608    2845.895291    3162.380604    3170.714937    3504.307565    3513.080546    3863.780489    3872.992119    4240.799376    4250.449656    4635.364227    4645.453156    5047.475041    5058.002619    5477.131819    5488.098046    5924.334560    5935.739436    6389.083265    6400.926790    6871.377933    6883.660107    7371.218564    7383.939388    7888.605276    7901.764749    
-0.041888    -0.513356    8.103123    8.454079    34.242845    34.944663    77.931744    78.984496    139.166973    140.570648    217.948266    219.702861    314.275560    316.381075    428.148836    430.605270    559.568084    562.375438    708.533302    711.691575    875.044486    878.553678    1059.101635    1062.961747    1260.704750    1264.915781    1479.853829    1484.415779    1716.548872    1721.461742    1970.789879    1976.053668    2242.576850    2248.191558    2531.909784    2537.875412    2838.788682    2845.105229    3163.213544    3169.881010    3505.184369    3512.202755    3864.701158    3872.070463    4241.763911    4249.484134    4636.372626    4644.443770    5048.527306    5056.949368    5478.227948    5487.000930    5925.474554    5934.598455    6390.267124    6399.741944    6872.605657    6882.431396    7372.490153    7382.666812    7889.920730    7900.448308    
-0.031416    -0.513738    8.146524    8.409908    34.330188    34.856552    78.062954    78.852518    139.342049    140.394805    218.167206    219.483153    314.538366    316.117502    428.455506    430.297832    559.918620    562.024135    708.927702    711.296407    875.482751    878.114645    1059.583766    1062.478849    1261.230745    1264.389018    1480.423689    1483.845152    1717.162597    1720.847249    1971.447469    1975.395310    2243.278304    2247.489336    2532.655104    2537.129325    2839.577867    2844.315277    3164.046594    3169.047193    3506.061284    3511.325073    3865.621938    3871.148916    4242.728555    4248.518723    4637.381135    4643.434493    5049.579680    5055.896226    5479.324187    5485.903923    5926.614658    5933.457584    6391.451093    6398.557208    6873.833491    6881.202795    7373.761852    7381.394346    7891.236293    7899.131977    
-0.020944    -0.514010    8.189986    8.365896    34.417641    34.768551    78.194274    78.720650    139.517234    140.219071    218.386257    219.263554    314.801281    315.854039    428.762287    429.990504    560.269265    561.672942    709.322212    710.901349    875.921126    877.675722    1060.066005    1061.996061    1261.756850    1263.862365    1480.993658    1483.274634    1717.776431    1720.232866    1972.105168    1974.737063    2243.979869    2246.787223    2533.400533    2536.383347    2840.367161    2843.525435    3164.879753    3168.213486    3506.938308    3510.447501    3866.542826    3870.227479    4243.693309    4247.553421    4638.389754    4642.425326    5050.632163    5054.843194    5480.420536    5484.807027    5927.754872    5932.316822    6392.635171    6397.372581    6875.061434    6879.974304    7375.033660    7380.121989    7892.551966    7897.815755    
-0.010472    -0.514174    8.233369    8.322183    34.505204    34.680659    78.325703    78.588891    139.692529    140.043447    218.605417    219.044065    315.064306    315.590685    429.069176    429.683285    560.620020    561.321858    709.716832    710.506400    876.359610    877.236909    1060.548355    1061.513383    1262.283064    1263.335822    1481.563738    1482.704225    1718.390376    1719.618593    1972.762977    1974.078925    2244.681543    2246.085220    2534.146072    2535.637479    2841.156565    2842.735702    3165.713021    3167.379888    3507.815442    3509.570038    3867.463825    3869.306151    4244.658172    4246.588228    4639.398483    4641.416268    5051.684757    5053.790272    5481.516994    5483.710239    5928.895195    5931.176170    6393.819359    6396.188064    6876.289487    6878.745922    7376.305578    7378.849743    7893.867749    7896.499644    
0.000000    -0.514228    8.270607    8.284835    34.592877    34.592877    78.457242    78.457242    139.867933    139.867933    218.824686    218.824686    315.327440    315.327440    429.376176    429.376176    560.970884    560.970884    710.111561    710.111561    876.798205    876.798205    1061.030814    1061.030814    1262.809388    1262.809388    1482.133927    1482.133927    1719.004429    1719.004429    1973.420896    1973.420896    2245.383327    2245.383327    2534.891721    2534.891721    2841.946079    2841.946079    3166.546400    3166.546400    3508.692685    3508.692685    3868.384933    3868.384933    4245.623145    4245.623145    4640.407321    4640.407321    5052.737460    5052.737460    5482.613562    5482.613562    5930.035628    5930.035628    6395.003657    6395.003657    6877.517649    6877.517649    7377.577605    7377.577605    7895.183642    7895.183642    
0.010472    -0.514174    8.233369    8.322183    34.505204    34.680659    78.325703    78.588891    139.692529    140.043447    218.605417    219.044065    315.064306    315.590685    429.069176    429.683285    560.620020    561.321858    709.716832    710.506400    876.359610    877.236909    1060.548355    1061.513383    1262.283064    1263.335822    1481.563738    1482.704225    1718.390376    1719.618593    1972.762977    1974.078925    2244.681543    2246.085220    2534.146072    2535.637479    2841.156565    2842.735702    3165.713021    3167.379888    3507.815442    3509.570038    3867.463825    3869.306151    4244.658172    4246.588228    4639.398483    4641.416268    5051.684757    5053.790272    5481.516994    5483.710239    5928.895195    5931.176170    6393.819359    6396.188064    6876.289487    6878.745922    7376.305578    7378.849743    7893.867749    7896.499644    
0.020944    -0.514010    8.189986    8.365896    34.417641    34.768551    78.194274    78.720650    139.517234    140.219071    218.386257    219.263554    314.801281    315.854039    428.762287    429.990504    560.269265    561.672942    709.322212    710.901349    875.921126    877.675722    1060.066005    1061.996061    1261.756850    1263.862365    1480.993658    1483.274634    1717.776431    1720.232866    1972.105168    1974.737063    2243.979869    2246.787223    2533.400533    2536.383347    2840.367161    2843.525435    3164.879753    3168.213486    3506.938308    3510.447501    3866.542826    3870.227479    4243.693309    4247.553421    4638.389754    4642.425326    5050.632163    5054.843194    5480.420536    5484.807027    5927.754872    5932.316822    6392.635171    6397.372581    6875.061434    6879.974304    7375.033660    7380.121989    7892.551966    7897.815755    
0.031416    -0.513738    8.146524    8.409908    34.330188    34.856552    78.062954    78.852518    139.342049    140.394805    218.167206    219.483153    314.538366    316.117502    428.455506    430.297832    559.918620    562.024135    708.927702    711.296407    875.482751    878.114645    1059.583766    1062.478849    1261.230745    1264.389018    1480.423689    1483.845152    1717.162597    1720.847249    1971.447469    1975.395310    2243.278304    2247.489336    2532.655104    2537.129325    2839.577867    2844.315277    3164.046594    3169.047193    3506.061284    3511.325073    3865.621938    3871.148916    4242.728555    4248.518723    4637.381135    4643.434493    5049.579680    5055.896226    5479.324187    5485.903923    5926.614658    5933.457584    6391.451093    6398.557208    6873.833491    6881.202795    7373.761852    7381.394346    7891.236293    7899.131977    
0.041888    -0.513356    8.103123    8.454079    34.242845    34.944663    77.931744    78.984496    139.166973    140.570648    217.948266    219.702861    314.275560    316.381075    428.148836    430.605270    559.568084    562.375438    708.533302    711.691575    875.044486    878.553678    1059.101635    1062.961747    1260.704750    1264.915781    1479.853829    1484.415779    1716.548872    1721.461742    1970.789879    1976.053668    2242.576850    2248.191558    2531.909784    2537.875412    2838.788682    2845.105229    3163.213544    3169.881010    3505.184369    3512.202755    3864.701158    3872.070463    4241.763911    4249.484134    4636.372626    4644.443770    5048.527306    5056.949368    5478.227948    5487.000930    5925.474554    5934.598455    6390.267124    6399.741944    6872.605657    6882.431396    7372.490153    7382.666812    7889.920730    7900.448308    
0.052360    -0.512866    8.059814    8.498378    34.155611    35.032884    77.800643    79.116583    138.992007    140.746601    217.729435    219.922679    314.012864    316.644758    427.842275    430.912818    559.217659    562.726851    708.139011    712.086853    874.606330    878.992821    1058.619615    1063.444755    1260.178864    1265.442653    1479.284078    1484.986516    1715.935257    1722.076344    1970.132399    1976.712135    2241.875505    2248.893890    2531.164574    2538.621609    2837.999608    2845.895291    3162.380604    3170.714937    3504.307565    3513.080546    3863.780489    3872.992119    4240.799376    4250.449656    4635.364227    4645.453156    5047.475041    5058.002619    5477.131819    5488.098046    5924.334560    5935.739436    6389.083265    6400.926790    6871.377933    6883.660107    7371.218564    7383.939388    7888.605276    7901.764749    
0.062832    -0.512267    8.016605    8.542797    34.068487    35.121214    77.669652    79.248780    138.817151    140.922663    217.510714    220.142606    313.750278    316.908551    427.535824    431.220476    558.867343    563.078373    707.744830    712.482240    874.168284    879.432073    1058.137704    1063.927872    1259.653089    1265.969635    1478.714438    1485.557363    1715.321751    1722.691056    1969.475028    1977.370712    2241.174269    2249.596332    2530.419474    2539.367915    2837.210642    2846.685463    3161.547774    3171.548973    3503.430870    3513.958448    3862.859929    3873.913886    4239.834951    4251.415287    4634.355937    4646.462652    5046.422887    5059.055980    5476.035800    5489.195272    5923.194676    5936.880527    6387.899516    6402.111746    6870.150319    6884.888928    7369.947085    7385.212073    7887.289932    7903.081299    
0.073304    -0.511559    7.973500    8.587332    33.981473    35.209655    77.538771    79.381087    138.642405    141.098835    217.292102    220.362644    313.487802    317.172453    427.229482    431.528243    558.517136    563.430005    707.350759    712.877737    873.730348    879.871435    1057.655903    1064.411099    1259.127423    1266.496727    1478.144907    1486.128320    1714.708355    1723.305877    1968.817767    1978.029398    2240.473144    2250.298883    2529.674483    2540.114332    2836.421787    2847.475744    3160.715054    3172.383119    3502.554284    3514.836459    3861.939479    3874.835762    4238.870636    4252.381028    4633.347757    4647.472258    5045.370842    5060.109451    5474.939890    5490.292608    5922.054901    5938.021728    6386.715876    6403.296811    6868.922814    6886.117858    7368.675716    7386.484869    7885.974698    7904.397959    
0.083776    -0.510742    7.930503    8.631980    33.894568    35.298204    77.407999    79.513504    138.467768    141.275117    217.073600    220.582791    313.225435    317.436465    426.923251    431.836120    558.167039    563.781747    706.956797    713.273343    873.292521    880.310906    1057.174211    1064.894435    1258.601866    1267.023928    1477.575485    1486.699386    1714.095069    1723.920808    1968.160616    1978.688194    2239.772127    2251.001544    2528.929602    2540.860857    2835.633041    2848.266135    3159.882443    3173.217375    3501.677809    3515.714579    3861.019138    3875.757747    4237.906431    4253.346878    4632.339687    4648.481973    5044.318906    5061.163031    5473.844089    5491.390053    5920.915236    5939.163038    6385.532346    6404.481986    6867.695419    6887.346898    7367.404456    7387.757773    7884.659573    7905.714729    
0.094248    -0.509816    7.887612    8.676740    33.807773    35.386864    77.277337    79.646030    138.293240    141.451509    216.855208    220.803047    312.963177    317.700586    426.617128    432.144106    557.817052    564.133598    706.562945    713.669060    872.854804    880.750488    1056.692629    1065.377881    1258.076419    1267.551239    1477.006174    1487.270562    1713.481892    1724.535849    1967.503575    1979.347100    2239.071221    2251.704315    2528.184831    2541.607493    2834.844405    2849.056635    3159.049942    3174.051741    3500.801443    3516.592810    3860.098907    3876.679842    4236.942335    4254.312838    4631.331726    4649.491798    5043.267081    5062.216721    5472.748399    5492.487608    5919.775680    5940.304458    6384.348925    6405.667271    6866.468134    6888.576048    7366.133306    7389.030788    7883.344558    7907.031608    
0.104720    -0.508780    7.844831    8.721612    33.721087    35.475633    77.146785    79.778666    138.118823    141.628010    216.636925    221.023413    312.701030    317.964817    426.311116    432.452202    557.467175    564.485559    706.169203    714.064886    872.417197    881.190178    1056.211157    1065.861437    1257.551082    1268.078660    1476.436972    1487.841848    1712.868825    1725.151000    1966.846643    1980.006115    2238.370424    2252.407195    2527.440169    2542.354238    2834.055878    2849.847245    3158.217550    3174.886216    3499.925186    3517.471150    3859.178786    3877.602047    4235.978349    4255.278908    4630.323875    4650.501733    5042.215365    5063.270521    5471.652818    5493.585272    5918.636235    5941.445987    6383.165615    6406.852665    6865.240958    6889.805307    7364.862265    7390.303912    7882.029652    7908.348597    
0.115192    -0.507637    7.802158    8.766595    33.634512    35.564512    77.016343    79.911411    137.944515    141.804621    216.418752    221.243889    312.438992    318.229158    426.005213    432.760408    557.117407    564.837630    705.775570    714.460821    871.979700    881.629979    1055.729795    1066.345102    1257.025855    1268.606190    1475.867879    1488.413243    1712.255868    1725.766260    1966.189821    1980.665240    2237.669737    2253.110185    2526.695617    2543.101093    2833.267461    2850.637965    3157.385269    3175.720800    3499.049040    3518.349599    3858.258774    3878.524362    4235.014472    4256.245088    4629.316133    4651.511777    5041.163758    5064.324430    5470.557347    5494.683046    5917.496898    5942.587626    6381.982414    6408.038169    6864.013892    6891.034676    7363.591334    7391.577146    7880.714857    7909.665696    
0.125664    -0.506384    7.759594    8.811688    33.548046    35.653500    76.886010    80.044266    137.770317    141.981341    216.200689    221.464475    312.177064    318.493609    425.699420    433.068723    556.767749    565.189811    705.382047    714.856866    871.542312    882.069889    1055.248542    1066.828877    1256.500737    1269.133830    1475.298897    1488.984748    1711.643021    1726.381630    1965.533108    1981.324475    2236.969160    2253.813285    2525.951175    2543.848058    2832.479154    2851.428794    3156.553097    3176.555495    3498.173003    3519.228159    3857.338872    3879.446786    4234.050705    4257.211377    4628.308502    4652.521931    5040.112262    5065.378449    5469.461985    5495.780930    5916.357672    5943.729375    6380.799322    6409.223783    6862.786936    6892.264154    7362.320513    7392.850489    7879.400170    7910.982904    
0.136136    -0.505022    7.717140    8.856893    33.461689    35.742599    76.755787    80.177231    137.596228    142.158171    215.982735    221.685170    311.915245    318.758169    425.393736    433.377148    556.418200    565.542101    704.988633    715.253021    871.105033    882.509909    1054.767399    1067.312762    1255.975729    1269.661580    1474.730024    1489.556363    1711.030283    1726.997109    1964.876505    1981.983820    2236.268692    2254.516494    2525.206842    2544.595132    2831.690956    2852.219734    3155.721034    3177.390299    3497.297075    3520.106827    3856.419080    3880.369320    4233.087048    4258.177776    4627.300980    4653.532195    5039.060875    5066.432577    5468.366733    5496.878924    5915.218555    5944.871233    6379.616340    6410.409506    6861.560089    6893.493743    7361.049801    7394.123942    7878.085594    7912.300222    
0.146608    -0.503551    7.674796    8.902207    33.375443    35.831807    76.625673    80.310306    137.422249    142.335111    215.764892    221.905975    311.653536    319.022839    425.088162    433.685683    556.068762    565.894500    704.595330    715.649286    870.667865    882.950039    1054.286365    1067.796757    1255.450831    1270.189439    1474.161260    1490.128087    1710.417654    1727.612698    1964.220012    1982.643274    2235.568334    2255.219813    2524.462619    2545.342316    2830.902869    2853.010782    3154.889081    3178.225212    3496.421257    3520.985606    3855.499397    3881.291963    4232.123500    4259.144284    4626.293567    4654.542568    5038.009597    5067.486816    5467.271591    5497.977027    5914.079548    5946.013201    6378.433468    6411.595339    6860.333352    6894.723440    7359.779199    7395.397505    7876.771127    7913.617650    
0.157080    -0.501971    7.632561    8.947632    33.289306    35.921124    76.495669    80.443490    137.248380    142.512160    215.547157    222.126889    311.391937    319.287618    424.782698    433.994327    555.719433    566.247010    704.202136    716.045660    870.230806    883.390278    1053.805441    1068.280861    1254.926042    1270.717408    1473.592607    1490.699921    1709.805136    1728.228397    1963.563629    1983.302837    2234.868086    2255.923241    2523.718506    2546.089609    2830.114890    2853.801941    3154.057238    3179.060236    3495.545549    3521.864494    3854.579824    3882.214716    4231.160062    4260.110902    4625.286264    4655.553051    5036.958430    5068.541164    5466.176558    5499.075240    5912.940650    5947.155279    6377.250706    6412.781282    6859.106725    6895.953248    7358.508707    7396.671178    7875.456770    7914.935187    
0.167552    -0.500283    7.590436    8.993168    33.203278    36.010551    76.365775    80.576784    137.074620    142.689320    215.329533    222.347913    311.130447    319.552507    424.477344    434.303082    555.370213    566.599629    703.809051    716.442144    869.793856    883.830627    1053.324627    1068.765074    1254.401363    1271.245487    1473.024063    1491.271864    1709.192727    1728.844206    1962.907355    1983.962511    2234.167947    2256.626780    2522.974502    2546.837013    2829.327022    2854.593209    3153.225505    3179.895369    3494.669951    3522.743492    3853.660361    3883.137579    4230.196734    4261.077630    4624.279071    4656.563644    5035.907371    5069.595621    5465.081635    5500.173562    5911.801862    5948.297466    6376.068053    6413.967334    6857.880207    6897.183165    7357.238325    7397.944960    7874.142522    7916.252834    
0.178024    -0.498485    7.548420    9.038814    33.117361    36.100088    76.235990    80.710187    136.900971    142.866588    215.112018    222.569047    310.869067    319.817506    424.172099    434.611945    555.021103    566.952357    703.416077    716.838738    869.357017    884.271085    1052.843923    1069.249398    1253.876793    1271.773675    1472.455628    1491.843918    1708.580428    1729.460124    1962.251191    1984.622294    2233.467918    2257.330428    2522.230608    2547.584525    2828.539263    2855.384587    3152.393881    3180.730611    3493.794462    3523.622600    3852.741007    3884.060552    4229.233516    4262.044467    4623.271988    4657.574346    5034.856423    5070.650188    5463.986822    5501.271994    5910.663184    5949.439763    6374.885510    6415.153496    6856.653799    6898.413192    7355.968052    7399.218851    7872.828385    7917.570591    
0.188496    -0.496579    7.506515    9.084569    33.031553    36.189735    76.106315    80.843700    136.727430    143.043967    214.894612    222.790291    310.607797    320.082614    423.866964    434.920919    554.672103    567.305196    703.023212    717.235441    868.920287    884.711653    1052.363328    1069.733831    1253.352333    1272.301973    1471.887304    1492.416080    1707.968238    1730.076152    1961.595136    1985.282187    2232.767998    2258.034185    2521.486824    2548.332148    2827.751614    2856.176074    3151.562367    3181.565964    3492.919083    3524.501817    3851.821763    3884.983634    4228.270407    4263.011414    4622.265014    4658.585158    5033.805584    5071.704865    5462.892118    5502.370536    5909.524616    5950.582170    6373.703077    6416.339768    6855.427501    6899.643329    7354.697888    7400.492853    7871.514357    7918.888457    
0.198968    -0.494563    7.464719    9.130435    32.945854    36.279491    75.976750    80.977323    136.554000    143.221455    214.677317    223.011644    310.346637    320.347833    423.561938    435.230002    554.323213    567.658143    702.630456    717.632254    868.483666    885.152331    1051.882842    1070.218374    1252.827983    1272.830381    1471.319089    1492.988353    1707.356158    1730.692289    1960.939191    1985.942189    2232.068188    2258.738053    2520.743149    2549.079880    2826.964074    2856.967671    3150.730962    3182.401426    3492.043814    3525.381144    3850.902629    3885.906826    4227.307408    4263.978471    4621.258150    4659.596080    5032.754855    5072.759652    5461.797524    5503.469187    5908.386157    5951.724686    6372.520753    6417.526149    6854.201312    6900.873575    7353.427835    7401.766964    7870.200438    7920.206433    
0.209440    -0.492439    7.423033    9.176411    32.860266    36.369357    75.847295    81.111056    136.380679    143.399053    214.460131    223.233107    310.085586    320.613160    423.257022    435.539194    553.974432    568.011201    702.237810    718.029176    868.047156    885.593118    1051.402467    1070.703026    1252.303743    1273.358898    1470.750983    1493.560735    1706.744188    1731.308536    1960.283356    1986.602301    2231.368488    2259.442030    2519.999584    2549.827722    2826.176644    2857.759378    3149.899667    3183.236998    3491.168654    3526.260581    3849.983604    3886.830127    4226.344518    4264.945637    4620.251395    4660.607111    5031.704236    5073.814548    5460.703040    5504.567949    5907.247808    5952.867312    6371.338539    6418.712640    6852.975233    6902.103931    7352.157891    7403.041185    7868.886629    7921.524519    
0.219911    -0.490206    7.381458    9.222497    32.774787    36.459332    75.717949    81.244898    136.207468    143.576760    214.243054    223.454679    309.824644    320.878598    422.952216    435.848497    553.625761    568.364368    701.845274    718.426209    867.610755    886.034016    1050.922201    1071.187788    1251.779612    1273.887525    1470.182987    1494.133227    1706.132327    1731.924893    1959.627631    1987.262523    2230.668898    2260.146116    2519.256129    2550.575673    2825.389324    2858.551194    3149.068482    3184.072679    3490.293604    3527.140127    3849.064689    3887.753538    4225.381738    4265.912913    4619.244750    4661.618252    5030.653726    5074.869554    5459.608665    5505.666819    5906.109568    5954.010048    6370.156434    6419.899240    6851.749264    6903.334396    7350.888057    7404.315515    7867.572930    7922.842714    
0.230383    -0.487863    7.339992    9.268694    32.689417    36.549418    75.588712    81.378850    136.034366    143.754577    214.026088    223.676361    309.563813    321.144145    422.647519    436.157909    553.277199    568.717645    701.452848    718.823351    867.174464    886.475022    1050.442045    1071.672660    1251.255591    1274.416262    1469.615101    1494.705829    1705.520576    1732.541359    1958.972015    1987.922854    2229.969417    2260.850312    2518.512783    2551.323735    2824.602113    2859.343120    3148.237407    3184.908470    3489.418663    3528.019783    3848.145884    3888.677059    4224.419068    4266.880299    4618.238215    4662.629503    5029.603326    5075.924669    5458.514401    5506.765800    5904.971438    5955.152893    6368.974439    6421.085951    6850.523404    6904.564971    7349.618332    7405.589955    7866.259341    7924.161019    
0.240855    -0.485412    7.298637    9.315000    32.604158    36.639612    75.459586    81.512911    135.861374    143.932504    213.809231    223.898153    309.303091    321.409802    422.342933    436.467431    552.928747    569.071032    701.060531    719.220602    866.738282    886.916139    1049.961998    1072.157641    1250.731679    1274.945108    1469.047325    1495.278540    1704.908935    1733.157935    1958.316508    1988.583295    2229.270046    2261.554618    2517.769547    2552.071905    2823.815012    2860.135156    3147.406441    3185.744371    3488.543833    3528.899548    3847.227188    3889.600690    4223.456507    4267.847795    4617.231790    4663.640863    5028.553036    5076.979895    5457.420245    5507.864890    5903.833418    5956.295849    6367.792554    6422.272771    6849.297654    6905.795656    7348.348717    7406.864505    7864.945861    7925.479434    
0.251327    -0.482852    7.257391    9.361416    32.519008    36.729917    75.330569    81.647082    135.688492    144.110540    213.592483    224.120054    309.042478    321.675568    422.038455    436.777062    552.580405    569.424528    700.668324    719.617963    866.302210    887.357365    1049.482061    1072.642732    1250.207877    1275.474064    1468.479658    1495.851361    1704.297403    1733.774621    1957.661112    1989.243846    2228.570785    2262.259034    2517.026421    2552.820186    2823.028021    2860.927302    3146.575584    3186.580381    3487.669112    3529.779424    3846.308602    3890.524430    4222.494056    4268.815400    4616.225474    4664.652333    5027.502855    5078.035230    5456.326200    5508.964090    5902.695508    5957.438913    6366.610779    6423.459700    6848.072014    6907.026451    7347.079212    7408.139164    7863.632491    7926.797958    
0.261799    -0.480184    7.216256    9.407942    32.433967    36.820331    75.201662    81.781363    135.515719    144.288686    213.375846    224.342066    308.781976    321.941444    421.734088    437.086803    552.232173    569.778134    700.276227    720.015434    865.866247    887.798701    1049.002234    1073.127933    1249.684185    1276.003130    1467.912101    1496.424291    1703.685981    1734.391417    1957.005825    1989.904506    2227.871633    2262.963559    2516.283404    2553.568576    2822.241139    2861.719557    3145.744838    3187.416501    3486.794500    3530.659408    3845.390126    3891.448280    4221.531715    4269.783114    4615.219268    4665.663912    5026.452784    5079.090674    5455.232264    5510.063399    5901.557707    5958.582088    6365.429113    6424.646739    6846.846483    6908.257355    7345.809816    7409.413933    7862.319230    7928.116592    
0.272271    -0.477406    7.175230    9.454578    32.349037    36.910855    75.072864    81.915753    135.343056    144.466942    213.159318    224.564186    308.521583    322.207430    421.429830    437.396654    551.884050    570.131850    699.884239    720.413015    865.430395    888.240146    1048.522516    1073.613243    1249.160603    1276.532305    1467.344654    1496.997331    1703.074669    1735.008322    1956.350648    1990.565276    2227.172591    2263.668194    2515.540497    2554.317076    2821.454367    2862.511921    3144.914201    3188.252730    3485.919998    3531.539503    3844.471759    3892.372239    4220.569484    4270.750939    4614.213171    4666.675602    5025.402823    5080.146228    5454.138437    5511.162818    5900.420015    5959.725372    6364.247557    6425.833888    6845.621062    6909.488369    7344.540530    7410.688812    7861.006079    7929.435336    
0.282743    -0.474519    7.134315    9.501324    32.264216    37.001489    74.944176    82.050254    135.170503    144.645308    212.942899    224.786417    308.261299    322.473525    421.125682    437.706614    551.536037    570.485675    699.492361    720.810705    864.994652    888.681701    1048.042908    1074.098663    1248.637130    1277.061590    1466.777316    1497.570481    1702.463466    1735.625337    1955.695580    1991.226156    2226.473658    2264.372939    2514.797700    2555.065685    2820.667705    2863.304396    3144.083674    3189.089070    3485.045606    3532.419707    3843.553502    3893.296308    4219.607362    4271.718873    4613.207184    4667.687401    5024.352971    5081.201892    5453.044721    5512.262347    5899.282434    5960.868765    6363.066110    6427.021147    6844.395751    6910.719492    7343.271354    7411.963801    7859.693038    7930.754189    
0.293215    -0.471524    7.093510    9.548180    32.179505    37.092232    74.815598    82.184863    134.998059    144.823783    212.726591    225.008757    308.001126    322.739730    420.821643    438.016684    551.188133    570.839610    699.100592    721.208505    864.559018    889.123366    1047.563410    1074.584193    1248.113767    1277.590985    1466.210088    1498.143741    1701.852373    1736.242461    1955.040622    1991.887145    2225.774835    2265.077793    2514.055012    2555.814405    2819.881152    2864.096980    3143.253256    3189.925519    3484.171324    3533.300021    3842.635355    3894.220487    4218.645349    4272.686916    4612.201307    4668.699309    5023.303229    5082.257666    5451.951114    5513.361985    5898.144962    5962.012269    6361.884774    6428.208515    6843.170549    6911.950725    7342.002287    7413.238899    7858.380106    7932.073152    
0.303687    -0.468419    7.052815    9.595146    32.094903    37.183085    74.687129    82.319583    134.825725    145.002367    212.510392    225.231207    307.741062    323.006045    420.517714    438.326864    550.840339    571.193655    698.708934    721.606414    864.123495    889.565141    1047.084022    1075.069832    1247.590513    1278.120489    1465.642969    1498.717110    1701.241390    1736.859695    1954.385774    1992.548244    2225.076122    2265.782757    2513.312434    2556.563233    2819.094709    2864.889674    3142.422948    3190.762077    3483.297151    3534.180445    3841.717317    3895.144775    4217.683447    4273.655070    4611.195540    4669.711328    5022.253596    5083.313549    5450.857616    5514.461733    5897.007600    5963.155882    6360.703546    6429.395993    6841.945457    6913.182068    7340.733330    7414.514106    7857.067285    7933.392225    
0.314159    -0.465206    7.012230    9.642222    32.010411    37.274048    74.558770    82.454412    134.653501    145.181062    212.294302    225.453766    307.481108    323.272470    420.213895    438.637153    550.492655    571.547809    698.317384    722.004434    863.688081    890.007025    1046.604743    1075.555581    1247.067369    1278.650103    1465.075961    1499.290589    1700.630516    1737.477039    1953.731035    1993.209453    2224.377519    2266.487830    2512.569966    2557.312172    2818.308376    2865.682477    3141.592750    3191.598746    3482.423088    3535.060978    3840.799389    3896.069174    4216.721654    4274.623333    4610.189882    4670.723455    5021.204074    5084.369542    5449.764229    5515.561591    5895.870347    5964.299604    6359.522429    6430.583581    6840.720474    6914.413520    7339.464483    7415.789424    7855.754572    7934.711407    
0.324631    -0.461884    6.971756    9.689408    31.926029    37.365120    74.430521    82.589351    134.481386    145.359866    212.078323    225.676435    307.221263    323.539004    419.910185    438.947552    550.145081    571.902073    697.925945    722.402562    863.252776    890.449018    1046.125573    1076.041440    1246.544335    1279.179826    1464.509062    1499.864177    1700.019752    1738.094492    1953.076407    1993.870771    2223.679025    2267.193014    2511.827607    2558.061220    2817.522152    2866.475390    3140.762662    3192.435524    3481.549134    3535.941621    3839.881571    3896.993681    4215.759970    4275.591705    4609.184334    4671.735693    5020.154660    5085.425644    5448.670951    5516.661559    5894.733204    5965.443437    6358.341421    6431.771278    6839.495602    6915.645083    7338.195745    7417.064851    7854.441970    7936.030699    
0.335103    -0.458453    6.931391    9.736704    31.841756    37.456302    74.302381    82.724399    134.309381    145.538780    211.862453    225.899214    306.961528    323.805647    419.606585    439.258061    549.797616    572.256447    697.534615    722.800801    862.817582    890.891122    1045.646514    1076.527408    1246.021411    1279.709660    1463.942272    1500.437875    1699.409098    1738.712055    1952.421887    1994.532199    2222.980641    2267.898307    2511.085358    2558.810378    2816.736038    2867.268413    3139.932683    3193.272411    3480.675291    3536.822373    3838.963862    3897.918299    4214.798397    4276.560188    4608.178895    4672.748040    5019.105357    5086.481856    5447.577782    5517.761636    5893.596171    5966.587378    6357.160523    6432.959085    6838.270839    6916.876754    7336.927117    7418.340388    7853.129477    7937.350100    
0.345575    -0.454913    6.891137    9.784109    31.757593    37.547593    74.174352    82.859557    134.137486    145.717803    211.646692    226.122102    306.701903    324.072401    419.303095    439.568679    549.450260    572.610930    697.143395    723.199149    862.382497    891.333335    1045.167564    1077.013486    1245.498596    1280.239603    1463.375592    1501.011683    1698.798553    1739.329728    1951.767478    1995.193737    2222.282366    2268.603709    2510.343218    2559.559645    2815.950034    2868.061545    3139.102814    3194.109409    3479.801556    3537.703235    3838.046263    3898.843026    4213.836933    4277.528780    4607.173566    4673.760497    5018.056163    5087.538178    5446.484724    5518.861822    5892.459247    5967.731430    6355.979735    6434.147001    6837.046185    6918.108536    7335.658599    7419.616034    7851.817094    7938.669612    
0.356047    -0.451265    6.850993    9.831625    31.673540    37.638995    74.046431    82.994825    133.965701    145.896936    211.431042    226.345101    306.442387    324.339264    418.999714    439.879407    549.103015    572.965523    696.752285    723.597607    861.947521    891.775658    1044.688723    1077.499674    1244.975891    1280.769655    1462.809022    1501.585601    1698.188118    1739.947510    1951.113178    1995.855384    2221.584201    2269.309221    2509.601189    2560.309022    2815.164139    2868.854787    3138.273054    3194.946515    3478.927932    3538.584207    3837.128774    3899.767863    4212.875579    4278.497482    4606.168347    4674.773064    5017.007079    5088.594610    5445.391775    5519.962119    5891.322433    5968.875591    6354.799056    6435.335028    6835.821641    6919.340427    7334.390190    7420.891790    7850.504820    7939.989233    
0.366519    -0.447507    6.810959    9.879250    31.589597    37.730506    73.918621    83.130202    133.794025    146.076179    211.215501    226.568208    306.182981    324.606237    418.696443    440.190245    548.755879    573.320225    696.361284    723.996174    861.512656    892.218090    1044.209993    1077.985971    1244.453295    1281.299817    1462.242562    1502.159628    1697.577793    1740.565402    1950.458987    1996.517141    2220.886146    2270.014843    2508.859268    2561.058509    2814.378354    2869.648139    3137.443404    3195.783732    3478.054417    3539.465289    3836.211394    3900.692809    4211.914334    4279.466293    4605.163238    4675.785740    5015.958105    5089.651151    5444.298935    5521.062525    5890.185729    5970.019862    6353.618486    6436.523163    6834.597207    6920.572428    7333.121891    7422.167656    7849.192656    7941.308963    
0.376991    -0.443641    6.771036    9.926986    31.505763    37.822126    73.790920    83.265690    133.622458    146.255531    211.000069    226.791426    305.923684    324.873319    418.393282    440.501192    548.408853    573.675038    695.970393    724.394852    861.077899    892.660632    1043.731372    1078.472378    1243.930809    1281.830089    1461.676211    1502.733765    1696.967577    1741.183404    1949.804907    1997.179008    2220.188201    2270.720575    2508.117458    2561.808106    2813.592679    2870.441600    3136.613864    3196.621058    3477.181012    3540.346480    3835.294124    3901.617865    4210.953199    4280.435214    4604.158238    4676.798526    5014.909240    5090.707802    5443.206205    5522.163041    5889.049134    5971.164243    6352.438027    6437.711409    6833.372883    6921.804538    7331.853702    7423.443631    7847.880602    7942.628804    
0.387463    -0.439666    6.731223    9.974831    31.422039    37.913857    73.663328    83.401286    133.451002    146.434993    210.784747    227.014753    305.664498    325.140511    418.090230    440.812249    548.061936    574.029959    695.579611    724.793638    860.643253    893.103284    1043.252861    1078.958895    1243.408433    1282.360471    1461.109970    1503.308011    1696.357471    1741.801516    1949.150936    1997.840984    2219.490365    2271.426416    2507.375757    2562.557812    2812.807113    2871.235171    3135.784433    3197.458494    3476.307717    3541.227781    3834.376963    3902.543031    4209.992174    4281.404244    4603.153347    4677.811422    5013.860485    5091.764562    5442.113585    5523.263666    5887.912650    5972.308733    6351.257677    6438.899764    6832.148668    6923.036758    7330.585622    7424.719716    7846.568657    7943.948753    
0.397935    -0.435582    6.691520    10.022786    31.338424    38.005697    73.535847    83.536993    133.279655    146.614565    210.569535    227.238190    305.405421    325.407813    417.787288    441.123416    547.715129    574.384991    695.188939    725.192535    860.208716    893.546045    1042.774459    1079.445521    1242.886166    1282.890962    1460.543838    1503.882367    1695.747475    1742.419737    1948.497075    1998.503070    2218.792639    2272.132367    2506.634166    2563.307628    2812.021657    2872.028852    3134.955112    3198.296040    3475.434531    3542.109191    3833.459913    3903.468306    4209.031258    4282.373385    4602.148567    4678.824427    5012.811839    5092.821432    5441.021075    5524.364401    5886.776274    5973.453333    6350.077437    6440.088229    6830.924563    6924.269088    7329.317652    7425.995911    7845.256823    7945.268813    
0.408407    -0.431390    6.651927    10.070851    31.254919    38.097646    73.408475    83.672809    133.108417    146.794246    210.354433    227.461736    305.146453    325.675224    417.484456    441.434692    547.368432    574.740132    694.798377    725.591541    859.774289    893.988916    1042.296167    1079.932257    1242.364010    1283.421563    1459.977817    1504.456833    1695.137588    1743.038067    1947.843323    1999.165265    2218.095022    2272.838427    2505.892685    2564.057553    2811.236311    2872.822642    3134.125901    3199.133695    3474.561455    3542.990712    3832.542972    3904.393691    4208.070452    4283.342635    4601.143896    4679.837542    5011.763303    5093.878412    5439.928674    5525.465246    5885.640009    5974.598043    6348.897306    6441.276804    6829.700568    6925.501528    7328.049792    7427.272215    7843.945097    7946.588982    
0.418879    -0.427088    6.612445    10.119026    31.171524    38.189706    73.281213    83.808735    132.937290    146.974037    210.139440    227.685392    304.887596    325.942745    417.181733    441.746078    547.021845    575.095383    694.407925    725.990657    859.339972    894.431897    1041.817985    1080.419103    1241.841962    1283.952274    1459.411904    1505.031409    1694.527811    1743.656508    1947.189681    1999.827571    2217.397515    2273.544598    2505.151313    2564.807588    2810.451074    2873.616542    3133.296799    3199.971460    3473.688488    3543.872341    3831.626140    3905.319186    4207.109756    4284.311994    4600.139335    4680.850766    5010.714877    5094.935501    5438.836383    5526.566200    5884.503853    5975.742862    6347.717286    6442.465488    6828.476682    6926.734077    7326.782041    7428.548629    7842.633482    7947.909261    
0.429351    -0.422678    6.573073    10.167311    31.088239    38.281875    73.154060    83.944770    132.766272    147.153938    209.924557    227.909158    304.628848    326.210376    416.879120    442.057574    546.675367    575.450744    694.017582    726.389882    858.905764    894.874988    1041.339912    1080.906058    1241.320025    1284.483094    1458.846102    1505.606094    1693.918143    1744.275058    1946.536149    2000.489986    2216.700118    2274.250877    2504.410051    2565.557733    2809.665947    2874.410552    3132.467807    3200.809335    3472.815631    3544.754081    3830.709418    3906.244791    4206.149169    4285.281464    4599.134883    4681.864100    5009.666561    5095.992701    5437.744202    5527.667264    5883.367806    5976.887791    6346.537374    6443.654282    6827.252906    6927.966735    7325.514400    7429.825153    7841.321976    7949.229650    
0.439823    -0.418159    6.533811    10.215705    31.005063    38.374153    73.027017    84.080915    132.595363    147.333948    209.709784    228.133033    304.370209    326.478116    416.576617    442.369179    546.328998    575.806214    693.627349    726.789217    858.471666    895.318188    1040.861949    1081.393123    1240.798197    1285.014024    1458.280409    1506.180888    1693.308586    1744.893717    1945.882726    2001.152510    2216.002830    2274.957267    2503.668898    2566.307987    2808.880930    2875.204671    3131.638925    3201.647319    3471.942884    3545.635930    3829.792806    3907.170505    4205.188692    4286.251043    4598.130541    4682.877544    5008.618354    5097.050009    5436.652130    5528.768438    5882.231870    5978.032830    6345.357573    6444.843185    6826.029239    6929.199504    7324.246869    7431.101786    7840.010580    7950.550148    
0.450295    -0.413532    6.494660    10.264210    30.921997    38.466541    72.900084    84.217170    132.424565    147.514068    209.495120    228.357018    304.111681    326.745966    416.274224    442.680894    545.982740    576.161794    693.237225    727.188662    858.037678    895.761497    1040.384096    1081.880298    1240.276479    1285.545063    1457.714826    1506.755793    1692.699138    1745.512487    1945.229413    2001.815145    2215.305652    2275.663766    2502.927856    2567.058351    2808.096022    2875.998900    3130.810153    3202.485413    3471.070246    3546.517889    3828.876304    3908.096328    4204.228325    4287.220731    4597.126309    4683.891098    5007.570257    5098.107428    5435.560168    5529.869721    5881.096043    5979.177978    6344.177881    6446.032198    6824.805682    6930.432382    7322.979447    7432.378529    7838.699293    7951.870756    
0.460767    -0.408795    6.455619    10.312824    30.839040    38.559039    72.773260    84.353534    132.253876    147.694298    209.280566    228.581113    303.853262    327.013926    415.971940    442.992718    545.636591    576.517483    692.847211    727.588217    857.603799    896.204917    1039.906352    1082.367582    1239.754870    1286.076212    1457.149353    1507.330807    1692.089799    1746.131366    1944.576210    2002.477888    2214.608584    2276.370375    2502.186922    2567.808825    2807.311224    2876.793239    3129.981490    3203.323616    3470.197719    3547.399957    3827.959911    3909.022262    4203.268067    4288.190530    4596.122186    4684.904761    5006.522269    5099.164956    5434.468316    5530.971114    5879.960325    5980.323236    6342.998299    6447.221321    6823.582235    6931.665370    7321.712135    7433.655382    7837.388116    7953.191473    
0.471239    -0.403950    6.416688    10.361548    30.756193    38.651647    72.646546    84.490008    132.083296    147.874637    209.066122    228.805317    303.594952    327.281995    415.669765    443.304653    545.290552    576.873283    692.457307    727.987881    857.170030    896.648446    1039.428718    1082.854976    1239.233371    1286.607471    1456.583989    1507.905931    1691.480570    1746.750354    1943.923116    2003.140742    2213.911626    2277.077093    2501.446099    2568.559409    2806.526536    2877.587687    3129.152936    3204.161930    3469.325300    3548.282135    3827.043628    3909.948305    4202.307919    4289.160438    4595.118174    4685.918534    5005.474392    5100.222594    5433.376573    5532.072617    5878.824718    5981.468604    6341.818826    6448.410554    6822.358898    6932.898467    7320.444933    7434.932344    7836.077049    7954.512301    
0.481711    -0.398996    6.377868    10.410383    30.673456    38.744364    72.519942    84.626592    131.912827    148.055086    208.851787    229.029631    303.336752    327.550174    415.367701    443.616697    544.944622    577.229191    692.067513    728.387655    856.736370    897.092084    1038.951194    1083.342480    1238.711982    1287.138840    1456.018735    1508.481164    1690.871451    1747.369453    1943.270132    2003.803705    2213.214777    2277.783922    2500.705385    2569.310102    2805.741957    2878.382245    3128.324493    3205.000352    3468.452992    3549.164423    3826.127455    3910.874457    4201.347881    4290.130455    4594.114270    4686.932416    5004.426623    5101.280341    5432.284940    5533.174229    5877.689220    5982.614081    6340.639463    6449.599896    6821.135670    6934.131674    7319.177840    7436.209416    7834.766091    7955.833237    
0.492183    -0.393934    6.339158    10.459327    30.590829    38.837191    72.393447    84.763285    131.742467    148.235645    208.637562    229.254055    303.078662    327.818463    415.065745    443.928850    544.598802    577.585210    691.677828    728.787538    856.302821    897.535833    1038.473779    1083.830093    1238.190702    1287.670318    1455.453590    1509.056507    1690.262442    1747.988661    1942.617258    2004.466778    2212.518038    2278.490859    2499.964781    2570.060904    2804.957488    2879.176913    3127.496159    3205.838885    3467.580793    3550.046821    3825.211391    3911.800720    4200.387952    4291.100582    4593.110477    4687.946409    5003.378965    5102.338198    5431.193416    5534.275951    5876.553832    5983.759668    6339.460210    6450.789348    6819.912552    6935.364991    7317.910857    7437.486598    7833.455243    7957.154284    
0.502655    -0.388763    6.300559    10.508380    30.508311    38.930128    72.267062    84.900089    131.572216    148.416313    208.423446    229.478588    302.820682    328.086861    414.763900    444.241114    544.253092    577.941338    691.288253    729.187531    855.869380    897.979691    1037.996474    1084.317816    1237.669532    1288.201906    1454.888555    1509.631960    1689.653542    1748.607979    1941.964493    2005.129961    2211.821408    2279.197907    2499.224287    2570.811817    2804.173129    2879.971690    3126.667934    3206.677527    3466.708704    3550.929328    3824.295437    3912.727092    4199.428133    4292.070819    4592.106793    4688.960510    5002.331416    5103.396165    5430.102003    5535.377783    5875.418553    5984.905364    6338.281066    6451.978909    6818.689543    6936.598417    7316.643984    7438.763889    7832.144505    7958.475440    
0.513127    -0.383483    6.262070    10.557544    30.425903    39.023175    72.140787    85.037001    131.402075    148.597091    208.209441    229.703231    302.562811    328.355369    414.462164    444.553487    543.907491    578.297576    690.898787    729.587634    855.436050    898.423659    1037.519279    1084.805649    1237.148472    1288.733603    1454.323630    1510.207523    1689.044752    1749.227406    1941.311838    2005.793253    2211.124888    2279.905064    2498.483902    2571.562839    2803.388879    2880.766577    3125.839820    3207.516279    3465.836724    3551.811945    3823.379592    3913.653574    4198.468424    4293.041166    4591.103218    4689.974722    5001.283977    5104.454241    5429.010699    5536.479724    5874.283384    5986.051170    6337.102033    6453.168580    6817.466645    6937.831953    7315.377220    7440.041290    7830.833876    7959.796706    
0.523599    -0.378094    6.223691    10.606817    30.343605    39.116331    72.014621    85.174024    131.232044    148.777979    207.995544    229.927984    302.305050    328.623987    414.160538    444.865969    543.562000    578.653924    690.509431    729.987846    855.002829    898.867736    1037.042193    1085.293591    1236.627521    1289.265411    1453.758814    1510.783195    1688.436072    1749.846943    1940.659293    2006.456655    2210.428478    2280.612331    2497.743627    2572.313971    2802.604739    2881.561574    3125.011815    3208.355141    3464.964854    3552.694671    3822.463857    3914.580165    4197.508824    4294.011622    4590.099754    4690.989043    5000.236647    5105.512427    5427.919504    5537.581775    5873.148325    5987.197086    6335.923108    6454.358361    6816.243855    6939.065599    7314.110566    7441.318800    7829.523357    7961.118082    
0.534071    -0.372597    6.185423    10.656201    30.261416    39.209596    71.888565    85.311156    131.062123    148.958976    207.781758    230.152846    302.047399    328.892714    413.859022    445.178561    543.216619    579.010381    690.120185    730.388169    854.569718    899.311923    1036.565217    1085.781643    1236.106680    1289.797327    1453.194109    1511.358976    1687.827501    1750.466589    1940.006857    2007.120167    2209.732177    2281.319707    2497.003461    2573.065212    2801.820709    2882.356680    3124.183920    3209.194112    3464.093094    3553.577507    3821.548232    3915.506866    4196.549334    4294.982188    4589.096399    4692.003474    4999.189427    5106.570723    5426.828419    5538.683936    5872.013375    5988.343112    6334.744294    6455.548251    6815.021176    6940.299354    7312.844022    7442.596421    7828.212948    7962.439567    
0.544543    -0.366991    6.147266    10.705694    30.179337    39.302972    71.762619    85.448397    130.892311    149.140083    207.568081    230.377818    301.789857    329.161551    413.557615    445.491263    542.871347    579.366948    689.731049    730.788600    854.136717    899.756220    1036.088350    1086.269804    1235.585949    1290.329354    1452.629512    1511.934868    1687.219040    1751.086346    1939.354531    2007.783788    2209.035986    2282.027194    2496.263405    2573.816563    2801.036788    2883.151896    3123.356134    3210.033193    3463.221444    3554.460453    3820.632717    3916.433677    4195.589953    4295.952864    4588.093154    4693.018014    4998.142317    5107.629129    5425.737444    5539.786206    5870.878535    5989.489247    6333.565589    6456.738252    6813.798606    6941.533219    7311.577587    7443.874151    7826.902648    7963.761162    
0.555015    -0.361277    6.109218    10.755297    30.097367    39.396457    71.636782    85.585749    130.722609    149.321300    207.354514    230.602900    301.532425    329.430498    413.256318    445.804075    542.526185    579.723624    689.342022    731.189142    853.703825    900.200626    1035.611594    1086.758076    1235.065328    1290.861490    1452.065026    1512.510869    1686.610688    1751.706212    1938.702315    2008.447519    2208.339905    2282.734789    2495.523459    2574.568024    2800.252977    2883.947222    3122.528458    3210.872383    3462.349903    3555.343508    3819.717311    3917.360597    4194.630683    4296.923649    4587.090018    4694.032665    4997.095317    5108.687644    5424.646579    5540.888586    5869.743804    5990.635492    6332.386994    6457.928361    6812.576146    6942.767194    7310.311262    7445.151990    7825.592458    7965.082866    
0.565487    -0.355454    6.071282    10.805010    30.015508    39.490051    71.511055    85.723210    130.553017    149.502626    207.141057    230.828092    301.275102    329.699554    412.955131    446.116996    542.181133    580.080410    688.953104    731.589793    853.271043    900.645142    1035.134947    1087.246456    1234.544816    1291.393736    1451.500649    1513.086980    1686.002447    1752.326187    1938.050208    2009.111359    2207.643933    2283.442495    2494.783623    2575.319594    2799.469275    2884.742657    3121.700892    3211.711683    3461.478471    3556.226673    3818.802015    3918.287627    4193.671522    4297.894544    4586.086992    4695.047424    4996.048426    5109.746268    5423.555823    5541.991076    5868.609184    5991.781847    6331.208508    6459.118581    6811.353795    6944.001279    7309.045046    7446.429940    7824.282378    7966.404680    
0.575959    -0.349522    6.033456    10.854833    29.933758    39.583756    71.385438    85.860781    130.383534    149.684062    206.927709    231.053393    301.017890    329.968720    412.654053    446.430027    541.836190    580.437306    688.564297    731.990554    852.838370    901.089768    1034.658409    1087.734947    1234.024413    1291.926091    1450.936382    1513.663200    1685.394314    1752.946273    1937.398211    2009.775309    2206.948072    2284.150310    2494.043896    2576.071274    2798.685684    2885.538202    3120.873435    3212.551093    3460.607150    3557.109948    3817.886828    3919.214767    4192.712470    4298.865549    4585.084076    4696.062294    4995.001645    5110.805003    5422.465177    5543.093675    5867.474673    5992.928311    6330.030132    6460.308910    6810.131555    6945.235473    7307.778941    7447.707999    7822.972407    7967.726604    
0.586431    -0.343482    5.995741    10.904765    29.852117    39.677570    71.259930    85.998461    130.214161    149.865608    206.714471    231.278803    300.760787    330.237996    412.353085    446.743168    541.491357    580.794312    688.175599    732.391424    852.405807    901.534503    1034.181982    1088.223547    1233.504121    1292.458556    1450.372224    1514.239530    1684.786292    1753.566468    1936.746324    2010.439369    2206.252319    2284.858235    2493.304279    2576.823064    2797.902201    2886.333857    3120.046088    3213.390613    3459.735938    3557.993333    3816.971752    3920.142016    4191.753529    4299.836663    4584.081269    4697.077273    4993.954973    5111.863847    5421.374641    5544.196384    5866.340271    5994.074885    6328.851866    6461.499349    6808.909423    6946.469776    7306.512945    7448.986167    7821.662546    7969.048638    
0.596903    -0.337333    5.958136    10.954807    29.770587    39.771493    71.134532    86.136251    130.044898    150.047263    206.501342    231.504323    300.503793    330.507381    412.052227    447.056418    541.146634    581.151427    687.787011    732.792404    851.973354    901.979348    1033.705664    1088.712257    1232.983938    1292.991131    1449.808176    1514.815970    1684.178379    1754.186772    1936.094546    2011.103539    2205.556677    2285.566269    2492.564771    2577.574963    2797.118829    2887.129621    3119.218851    3214.230242    3458.864836    3558.876827    3816.056784    3921.069375    4190.794697    4300.807887    4583.078572    4698.092362    4992.908411    5112.922801    5420.284214    5545.299203    5865.205980    5995.221568    6327.673709    6462.689897    6807.687402    6947.704190    7305.247058    7450.264445    7820.352795    7970.370781    
0.607375    -0.331076    5.920642    11.004960    29.689166    39.865527    71.009244    86.274151    129.875744    150.229028    206.288323    231.729953    300.246909    330.776876    411.751478    447.369778    540.802021    581.508652    687.398532    733.193494    851.541011    902.424303    1033.229455    1089.201077    1232.463864    1293.523816    1449.244238    1515.392519    1683.570576    1754.807187    1935.442878    2011.767818    2204.861144    2286.274413    2491.825373    2578.326972    2796.335566    2887.925495    3118.391723    3215.069981    3457.993843    3559.760430    3815.141927    3921.996844    4189.835974    4301.779220    4582.075985    4699.107560    4991.861959    5113.981864    5419.193897    5546.402131    5864.071798    5996.368361    6326.495662    6463.880555    6806.465490    6948.938713    7303.981281    7451.542833    7819.043153    7971.693034    
0.617847    -0.324710    5.883258    11.055222    29.607854    39.959670    70.884065    86.412160    129.706700    150.410903    206.075414    231.955693    299.990135    331.046480    411.450839    447.683247    540.457517    581.865986    687.010163    733.594693    851.108777    902.869367    1032.753356    1089.690006    1231.943901    1294.056610    1448.680410    1515.969178    1682.962883    1755.427711    1934.791320    2012.432207    2204.165720    2286.982667    2491.086085    2579.079091    2795.552413    2888.721478    3117.564705    3215.909829    3457.122960    3560.644144    3814.227179    3922.924422    4188.877361    4302.750664    4581.073507    4700.122869    4990.815616    5115.041037    5418.103689    5547.505169    5862.937725    5997.515264    6325.317725    6465.071323    6805.243688    6950.173345    7302.715614    7452.821331    7817.733621    7973.015396    
0.628319    -0.318236    5.845985    11.105593    29.526653    40.053923    70.758996    86.550279    129.537766    150.592887    205.862615    232.181542    299.733471    331.316195    411.150310    447.996826    540.113122    582.223430    686.621904    733.996002    850.676653    903.314541    1032.277367    1090.179045    1231.424047    1294.589514    1448.116691    1516.545947    1682.355299    1756.048344    1934.139871    2013.096705    2203.470407    2287.691030    2490.346906    2579.831319    2794.769370    2889.517572    3116.737797    3216.749787    3456.252187    3561.527967    3813.312541    3923.852110    4187.918858    4303.722216    4580.071139    4701.138286    4989.769384    5116.100320    5417.013591    5548.608317    5861.803763    5998.662277    6324.139897    6466.262201    6804.021995    6951.408088    7301.450057    7454.099938    7816.424199    7974.337868    
0.638791    -0.311654    5.808823    11.156075    29.445561    40.148285    70.634037    86.688508    129.368941    150.774981    205.649925    232.407501    299.476916    331.586019    410.849890    448.310515    539.768838    582.580984    686.233754    734.397421    850.244638    903.759824    1031.801488    1090.668193    1230.904302    1295.122527    1447.553081    1517.122825    1681.747825    1756.669087    1933.488532    2013.761314    2202.775203    2288.399504    2489.607838    2580.583657    2793.986436    2890.313774    3115.910998    3217.589855    3455.381523    3562.411900    3812.398012    3924.779908    4186.960465    4304.693879    4579.068881    4702.153814    4988.723260    5117.159712    5415.923603    5549.711574    5860.669910    5999.809399    6322.962179    6467.453188    6802.800412    6952.642940    7300.184609    7455.378655    7815.114886    7975.660450    
0.649262    -0.304962    5.771771    11.206666    29.364578    40.242757    70.509187    86.826846    129.200226    150.957185    205.437345    232.633570    299.220471    331.855952    410.549580    448.624314    539.424663    582.938647    685.845715    734.798949    849.812733    904.205218    1031.325718    1091.157452    1230.384668    1295.655650    1446.989582    1517.699813    1681.140460    1757.289940    1932.837302    2014.426031    2202.080109    2289.108086    2488.868878    2581.336105    2793.203612    2891.110087    3115.084309    3218.430033    3454.510969    3563.295942    3811.483594    3925.707815    4186.002181    4305.665651    4578.066732    4703.169451    4987.677247    5118.219214    5414.833725    5550.814941    5859.536166    6000.956631    6321.784571    6468.644284    6801.578939    6953.877901    7298.919271    7456.657482    7813.805683    7976.983142    
0.659734    -0.298163    5.734830    11.257368    29.283706    40.337339    70.384447    86.965294    129.031620    151.139498    205.224874    232.859748    298.964135    332.125996    410.249379    448.938222    539.080597    583.296421    685.457784    735.200587    849.380938    904.650721    1030.850058    1091.646819    1229.865143    1296.188883    1446.426192    1518.276911    1680.533205    1757.910903    1932.186183    2015.090859    2201.385124    2289.816779    2488.130029    2582.088662    2792.420897    2891.906509    3114.257729    3219.270320    3453.640525    3564.180094    3810.569284    3926.635832    4185.044007    4306.637533    4577.064693    4704.185198    4986.631343    5119.278826    5413.743956    5551.918417    5858.402532    6002.103972    6320.607072    6469.835491    6800.357576    6955.112973    7297.654042    7457.936418    7812.496590    7978.305943    
0.670206    -0.291255    5.698000    11.308179    29.202943    40.432030    70.259817    87.103852    128.863125    151.321921    205.012514    233.086036    298.707910    332.396149    409.949289    449.252240    538.736642    583.654303    685.069964    735.602335    848.949253    905.096333    1030.374508    1092.136297    1229.345727    1296.722225    1445.862912    1518.854118    1679.926060    1758.531975    1931.535173    2015.755796    2200.690249    2290.525581    2487.391289    2582.841329    2791.638293    2892.703041    3113.431260    3220.110717    3452.770191    3565.064356    3809.655085    3927.563958    4184.085943    4307.609525    4576.062764    4705.201054    4985.585549    5120.338547    5412.654297    5553.022004    5857.269008    6003.251424    6319.429683    6471.026807    6799.136322    6956.348154    7296.388924    7459.215464    7811.187606    7979.628854    
0.680678    -0.284238    5.661281    11.359100    29.122290    40.526831    70.135296    87.242519    128.694738    151.504453    204.800262    233.312434    298.451793    332.666411    409.649308    449.566367    538.392796    584.012296    684.682253    736.004192    848.517677    905.542056    1029.899067    1092.625884    1228.826422    1297.255678    1445.299741    1519.431435    1679.319025    1759.153157    1930.884272    2016.420843    2199.995484    2291.234493    2486.652659    2583.594106    2790.855797    2893.499683    3112.604900    3220.951223    3451.899966    3565.948727    3808.740995    3928.492195    4183.127988    4308.581626    4575.060944    4706.217020    4984.539864    5121.398378    5411.564747    5554.125700    5856.135594    6004.398984    6318.252404    6472.218233    6797.915178    6957.583444    7295.123915    7460.494619    7809.878732    7980.951874    
0.691150    -0.277114    5.624672    11.410130    29.041746    40.621742    70.010885    87.381296    128.526462    151.687096    204.588121    233.538941    298.195787    332.936783    409.349436    449.880605    538.049059    584.370398    684.294651    736.406159    848.086211    905.987888    1029.423736    1093.115581    1228.307226    1297.789239    1444.736680    1520.008862    1678.712099    1759.774449    1930.233481    2017.086000    2199.300828    2291.943514    2485.914138    2584.346992    2790.073412    2894.296434    3111.778649    3221.791839    3451.029850    3566.833208    3807.827015    3929.420541    4182.170143    4309.553837    4574.059234    4707.233096    4983.494289    5122.458319    5410.475307    5555.229505    5855.002289    6005.546655    6317.075234    6473.409768    6796.694143    6958.818845    7293.859015    7461.773885    7808.569968    7982.275004    
0.701622    -0.269880    5.588174    11.461271    28.961312    40.716762    69.886584    87.520183    128.358295    151.869848    204.376089    233.765558    297.939890    333.207265    409.049674    450.194952    537.705432    584.728610    683.907160    736.808236    847.654854    906.433829    1028.948514    1093.605388    1227.788139    1298.322911    1444.173729    1520.586398    1678.105283    1760.395850    1929.582800    2017.751266    2198.606282    2292.652645    2485.175727    2585.099988    2789.291136    2895.093295    3110.952509    3222.632565    3450.159845    3567.717799    3806.913144    3930.348996    4181.212407    4310.526157    4573.057634    4708.249281    4982.448824    5123.518369    5409.385977    5556.333420    5853.869094    6006.694435    6315.898174    6474.601413    6795.473218    6960.054355    7292.594225    7463.053259    7807.261313    7983.598244    
0.712094    -0.262539    5.551787    11.512521    28.880988    40.811892    69.762392    87.659179    128.190238    152.052709    204.164167    233.992285    297.684103    333.477857    408.750022    450.509408    537.361915    585.086931    683.519778    737.210423    847.223607    906.879880    1028.473403    1094.095304    1227.269163    1298.856692    1443.610887    1521.164044    1677.498576    1761.017361    1928.932229    2018.416642    2197.911846    2293.361886    2484.437426    2585.853094    2788.508970    2895.890265    3110.126478    3223.473401    3449.289949    3568.602499    3805.999383    3931.277562    4180.254782    4311.498587    4572.056143    4709.265577    4981.403468    5124.578529    5408.296757    5557.437445    5852.736009    6007.842325    6314.721224    6475.793168    6794.252403    6961.289974    7291.329545    7464.332744    7805.952768    7984.921593    
0.722566    -0.255089    5.515511    11.563881    28.800773    40.907132    69.638310    87.798285    128.022291    152.235680    203.952354    234.219121    297.428425    333.748558    408.450480    450.823974    537.018508    585.445362    683.132506    737.612719    846.792470    907.326041    1027.998400    1094.585330    1226.750296    1299.390583    1443.048155    1521.741800    1676.891979    1761.638982    1928.281767    2019.082127    2197.217519    2294.071236    2483.699234    2586.606309    2787.726913    2896.687346    3109.300556    3224.314346    3448.420162    3569.487309    3805.085732    3932.206237    4179.297265    4312.471127    4571.054762    4710.281981    4980.358222    5125.638799    5407.207646    5558.541580    5851.603033    6008.990324    6313.544383    6476.985032    6793.031697    6962.525703    7290.064975    7465.612338    7804.644333    7986.245052    
0.733038    -0.247531    5.479346    11.615351    28.720668    41.002482    69.514338    87.937501    127.854453    152.418761    203.740652    234.446067    297.172858    334.019369    408.151047    451.138650    536.675210    585.803903    682.745343    738.015124    846.361443    907.772312    1027.523508    1095.075465    1226.231538    1299.924583    1442.485533    1522.319665    1676.285492    1762.260712    1927.631415    2019.747722    2196.523302    2294.780696    2482.961152    2587.359634    2786.944967    2897.484536    3108.474744    3225.155401    3447.550486    3570.372229    3804.172191    3933.135021    4178.339859    4313.443777    4570.053491    4711.298496    4979.313086    5126.699178    5406.118645    5559.645824    5850.470167    6010.138433    6312.367652    6478.177006    6791.811101    6963.761542    7288.800514    7466.892042    7803.336007    7987.568621    
0.743510    -0.239865    5.443292    11.666931    28.640673    41.097941    69.390475    88.076826    127.686725    152.601952    203.529058    234.673123    296.917399    334.290290    407.851724    451.453436    536.332022    586.162553    682.358290    738.417640    845.930525    908.218692    1027.048725    1095.565710    1225.712891    1300.458693    1441.923021    1522.897640    1675.679115    1762.882552    1926.981173    2020.413427    2195.829195    2295.490266    2482.223180    2588.113069    2786.163129    2898.281835    3107.649042    3225.996565    3446.680919    3571.257258    3803.258759    3934.063915    4177.382562    4314.416536    4569.052329    4712.315120    4978.268059    5127.759667    5405.029753    5560.750178    5849.337410    6011.286652    6311.191031    6479.369090    6790.590615    6964.997491    7287.536163    7468.171856    7802.027791    7988.892300    
0.753982    -0.232091    5.407349    11.718620    28.560788    41.193509    69.266722    88.216261    127.519106    152.785252    203.317575    234.900288    296.662051    334.561320    407.552511    451.768331    535.988944    586.521313    681.971347    738.820265    845.499717    908.665182    1026.574052    1096.056065    1225.194353    1300.992913    1441.360618    1523.475725    1675.072847    1763.504501    1926.331040    2021.079241    2195.135197    2296.199945    2481.485318    2588.866613    2785.381402    2899.079244    3106.823450    3226.837839    3445.811461    3572.142397    3802.345436    3934.992919    4176.425375    4315.389405    4568.051277    4713.331854    4977.223142    5128.820266    5403.940971    5561.854642    5848.204764    6012.434981    6310.014519    6480.561283    6789.370239    6966.233549    7286.271921    7469.451779    7800.719685    7990.216088    
0.764454    -0.224208    5.371516    11.770420    28.481012    41.289188    69.143079    88.355806    127.351598    152.968662    203.106201    235.127563    296.406812    334.832460    407.253407    452.083336    535.645975    586.880183    681.584513    739.222999    845.069018    909.111782    1026.099489    1096.546530    1224.675924    1301.527242    1440.798324    1524.053919    1674.466689    1764.126560    1925.681017    2021.745166    2194.441309    2296.909734    2480.747565    2589.620267    2784.599784    2899.876763    3105.997967    3227.679223    3444.942114    3573.027646    3801.432224    3935.922033    4175.468298    4316.362383    4567.050335    4714.348697    4976.178335    5129.880974    5402.852299    5562.959215    5847.072227    6013.583419    6308.838117    6481.753586    6788.149972    6967.469717    7285.007789    7470.731812    7799.411688    7991.539986    
0.774926    -0.216217    5.335795    11.822329    28.401346    41.384976    69.019545    88.495460    127.184198    153.152182    202.894937    235.354947    296.151683    335.103709    406.954413    452.398450    535.303116    587.239163    681.197789    739.625844    844.638429    909.558491    1025.625035    1097.037104    1224.157605    1302.061681    1440.236141    1524.632223    1673.860640    1764.748729    1925.031103    2022.411199    2193.747531    2297.619633    2480.009921    2590.374031    2783.818276    2900.674392    3105.172594    3228.520716    3444.072876    3573.913004    3800.519121    3936.851256    4174.511330    4317.335471    4566.049502    4715.365650    4975.133638    5130.941792    5401.763737    5564.063898    5845.939799    6014.731967    6307.661825    6482.945999    6786.929814    6968.705995    7283.743767    7472.011954    7798.103801    7992.863993    
0.785398    -0.208118    5.300185    11.874348    28.321789    41.480874    68.896121    88.635224    127.016909    153.335811    202.683782    235.582442    295.896663    335.375068    406.655528    452.713674    534.960367    587.598252    680.811175    740.028798    844.207950    910.005310    1025.150691    1097.527788    1223.639396    1302.596230    1439.674067    1525.210637    1673.254701    1765.371008    1924.381300    2023.077343    2193.053862    2298.329641    2479.272388    2591.127904    2783.036877    2901.472130    3104.347331    3229.362319    3443.203747    3574.798473    3799.606128    3937.780589    4173.554472    4318.308669    4565.048779    4716.382713    4974.089050    5132.002720    5400.675284    5565.168690    5844.807481    6015.880624    6306.485642    6484.138521    6785.709767    6969.942382    7282.479855    7473.292206    7796.796024    7994.188110    
0.795870    -0.199912    5.264685    11.926476    28.242342    41.576881    68.772807    88.775098    126.849729    153.519550    202.472737    235.810046    295.641754    335.646537    406.356753    453.029008    534.617727    587.957450    680.424670    740.431861    843.777580    910.452238    1024.676456    1098.018581    1223.121297    1303.130888    1439.112102    1525.789160    1672.648872    1765.993396    1923.731605    2023.743596    2192.360303    2299.039760    2478.534964    2591.881887    2782.255589    2902.269978    3103.522177    3230.204032    3442.334729    3575.684050    3798.693244    3938.710032    4172.597723    4319.281977    4564.048165    4717.399885    4973.044571    5133.063757    5399.586941    5566.273592    5843.675273    6017.029391    6305.309569    6485.331154    6784.489829    6971.178879    7281.216052    7474.572568    7795.488356    7995.512337    
0.806342    -0.191597    5.229297    11.978715    28.163005    41.672998    68.649602    88.915081    126.682659    153.703398    202.261802    236.037759    295.386953    335.918116    406.058088    453.344451    534.275197    588.316759    680.038275    740.835035    843.347320    910.899277    1024.202331    1098.509484    1222.603307    1303.665657    1438.550248    1526.367793    1672.043152    1766.615894    1923.082021    2024.409959    2191.666853    2299.749987    2477.797650    2592.635979    2781.474409    2903.067935    3102.697133    3231.045855    3441.465820    3576.569737    3797.780470    3939.639584    4171.641084    4320.255394    4563.047662    4718.417167    4972.000203    5134.124904    5398.498707    5567.378604    5842.543175    6018.178268    6304.133606    6486.523895    6783.270001    6972.415486    7279.952359    7475.853040    7794.180798    7996.836673    
0.816814    -0.183173    5.194020    12.031063    28.083778    41.769225    68.526507    89.055174    126.515699    153.887356    202.050977    236.265582    295.132263    336.189804    405.759533    453.660005    533.932777    588.676177    679.651990    741.238317    842.917170    911.346425    1023.728316    1099.000497    1222.085427    1304.200534    1437.988503    1526.946536    1671.437543    1767.238502    1922.432546    2025.076431    2190.973514    2300.460325    2477.060445    2593.390182    2780.693340    2903.866002    3101.872198    3231.887787    3440.597020    3577.455534    3796.867806    3940.569246    4170.684555    4321.228921    4562.047268    4719.434559    4970.955944    5135.186161    5397.410583    5568.483726    5841.411186    6019.327255    6302.957752    6487.716747    6782.050282    6973.652202    7278.688775    7477.133621    7792.873349    7998.161119    
0.827286    -0.174642    5.158855    12.083521    28.004660    41.865561    68.403521    89.195377    126.348848    154.071424    201.840261    236.493515    294.877682    336.461602    405.461087    453.975667    533.590466    589.035705    679.265814    741.641710    842.487130    911.793682    1023.254411    1099.491619    1221.567657    1304.735522    1437.426867    1527.525388    1670.832042    1767.861219    1921.783181    2025.743013    2190.280284    2301.170772    2476.323350    2594.144494    2779.912380    2904.664179    3101.047374    3232.729828    3439.728331    3578.341441    3795.955251    3941.499017    4169.728136    4322.202557    4561.046983    4720.452060    4969.911794    5136.247527    5396.322569    5569.588957    5840.279307    6020.476351    6301.782008    6488.909708    6780.830673    6974.889028    7277.425301    7478.414312    7791.566011    7999.485675    
0.837758    -0.166004    5.123800    12.136089    27.925652    41.962007    68.280646    89.335689    126.182107    154.255602    201.629654    236.721558    294.623211    336.733509    405.162751    454.291440    533.248265    589.395342    678.879748    742.045212    842.057199    912.241049    1022.780615    1099.982852    1221.049996    1305.270619    1436.865342    1528.104350    1670.226652    1768.484046    1921.133926    2026.409705    2189.587163    2301.881328    2475.586365    2594.898915    2779.131530    2905.462466    3100.222659    3233.571980    3438.859751    3579.227457    3795.042807    3942.428899    4168.771826    4323.176303    4560.046809    4721.469671    4968.867755    5137.309003    5395.234664    5570.694298    5839.147537    6021.625556    6300.606374    6490.102778    6779.611174    6976.125964    7276.161937    7479.695112    7790.258781    8000.810340    
0.848230    -0.157257    5.088857    12.188767    27.846754    42.058563    68.157880    89.476111    126.015475    154.439889    201.419158    236.949710    294.368849    337.005527    404.864524    454.607322    532.906173    589.755089    678.493792    742.448824    841.627377    912.688526    1022.306929    1100.474193    1220.532445    1305.805825    1436.303926    1528.683422    1669.621371    1769.106982    1920.484780    2027.076506    2188.894153    2302.591995    2474.849489    2595.653446    2778.350789    2906.260862    3099.398053    3234.414241    3437.991280    3580.113583    3794.130471    3943.358890    4167.815626    4324.150159    4559.046743    4722.487392    4967.823825    5138.370589    5394.146869    5571.799748    5838.015878    6022.774872    6299.430849    6491.295959    6778.391784    6977.363009    7274.898683    7480.976022    7788.951662    8002.135115    
0.858702    -0.148402    5.054025    12.241554    27.767965    42.155229    68.035223    89.616643    125.848953    154.624286    201.208771    237.177972    294.114597    337.277653    404.566407    454.923314    532.564192    590.114946    678.107945    742.852546    841.197666    913.136113    1021.833352    1100.965645    1220.015004    1306.341142    1435.742620    1529.262603    1669.016200    1769.730028    1919.835744    2027.743418    2188.201252    2303.302771    2474.112723    2596.408087    2777.570158    2907.059368    3098.573557    3235.256612    3437.122920    3580.999819    3793.218246    3944.288990    4166.859535    4325.124125    4558.046788    4723.505222    4966.780004    5139.432284    5393.059184    5572.905309    5836.884327    6023.924297    6298.255434    6492.489249    6777.172504    6978.600164    7273.635538    7482.257042    7787.644652    8003.460000    
0.869174    -0.139439    5.019304    12.294451    27.689286    42.252004    67.912677    89.757284    125.682541    154.808792    200.998494    237.406344    293.860455    337.549890    404.268400    455.239415    532.222320    590.474912    677.722208    743.256377    840.768064    913.583809    1021.359885    1101.457206    1219.497672    1306.876568    1435.181423    1529.841894    1668.411138    1770.353184    1919.186817    2028.410438    2187.508460    2304.013656    2473.376067    2597.162838    2776.789637    2907.857983    3097.749171    3236.099092    3436.254669    3581.886164    3792.306130    3945.219200    4165.903554    4326.098200    4557.046942    4724.523162    4965.736294    5140.494089    5391.971609    5574.010978    5835.752887    6025.073832    6297.080129    6493.682648    6775.953334    6979.837428    7272.372503    7483.538172    7786.337752    8004.784995    
0.879646    -0.130369    4.984695    12.347458    27.610716    42.348889    67.790240    89.898035    125.516239    154.993409    200.788326    237.634825    293.606423    337.822236    403.970503    455.555626    531.880557    590.834988    677.336581    743.660318    840.338572    914.031615    1020.886528    1101.948877    1218.980450    1307.412103    1434.620336    1530.421295    1667.806186    1770.976450    1918.538000    2029.077569    2186.815778    2304.724652    2472.639520    2597.917698    2776.009226    2908.656708    3096.924895    3236.941682    3435.386527    3582.772619    3791.394123    3946.149520    4164.947683    4327.072384    4556.047206    4725.541212    4964.692693    5141.556003    5390.884143    5575.116758    5834.621556    6026.223476    6295.904933    6494.876158    6774.734273    6981.074802    7271.109577    7484.819411    7785.030962    8006.110099    
0.890118    -0.121191    4.950197    12.400575    27.532257    42.445883    67.667912    90.038896    125.350046    155.178134    200.578268    237.863416    293.352500    338.094692    403.672715    455.871947    531.538904    591.195174    676.951063    744.064369    839.909189    914.479530    1020.413281    1102.440657    1218.463337    1307.947749    1434.059359    1531.000805    1667.201344    1771.599825    1917.889293    2029.744809    2186.123206    2305.435757    2471.903083    2598.672668    2775.228924    2909.455543    3096.100728    3237.784382    3434.518496    3583.659184    3790.482227    3947.079950    4163.991922    4328.046679    4555.047580    4726.559372    4963.649201    5142.618028    5389.796786    5576.222647    5833.490335    6027.373230    6294.729847    6496.069777    6773.515322    6982.312286    7269.846761    7486.100760    7783.724281    8007.435312    
0.900590    -0.111905    4.915811    12.453802    27.453907    42.542987    67.545694    90.179866    125.183963    155.362970    200.368320    238.092116    293.098686    338.367257    403.375037    456.188378    531.197361    591.555469    676.565655    744.468529    839.479916    914.927556    1019.940143    1102.932547    1217.946335    1308.483504    1433.498491    1531.580425    1666.596611    1772.223310    1917.240696    2030.412159    2185.430744    2306.146971    2471.166756    2599.427748    2774.448732    2910.254488    3095.276671    3238.627191    3433.650574    3584.545858    3789.570440    3948.010489    4163.036270    4329.021083    4554.048063    4727.577641    4962.605820    5143.680162    5388.709540    5577.328646    5832.359223    6028.523094    6293.554871    6497.263505    6772.296481    6983.549880    7268.584055    7487.382218    7782.417710    8008.760636    
0.911062    -0.102512    4.881536    12.507138    27.375666    42.640201    67.423586    90.320946    125.017989    155.547915    200.158481    238.320926    292.844983    338.639933    403.077468    456.504918    530.855928    591.915874    676.180357    744.872799    839.050753    915.375690    1019.467115    1103.424547    1217.429441    1309.019369    1432.937733    1532.160154    1665.991988    1772.846904    1916.592208    2031.079618    2184.738391    2306.858296    2470.430538    2600.182937    2773.668649    2911.053542    3094.452723    3239.470110    3432.782761    3585.432642    3788.658763    3948.941138    4162.080727    4329.995597    4553.048656    4728.596019    4961.562548    5144.742405    5387.622403    5578.434755    5831.228222    6029.673067    6292.380004    6498.457344    6771.077749    6984.787583    7267.321458    7488.663786    7781.111248    8010.086069    
0.921534    -0.093011    4.847373    12.560584    27.297536    42.737524    67.301588    90.462135    124.852125    155.732970    199.948752    238.549846    292.591389    338.912717    402.780009    456.821567    530.514604    592.276389    675.795168    745.277179    838.621699    915.823935    1018.994196    1103.916657    1216.912658    1309.555343    1432.377084    1532.739994    1665.387475    1773.470608    1915.943830    2031.747187    2184.046148    2307.569730    2469.694430    2600.938236    2772.888676    2911.852706    3093.628886    3240.313139    3431.915058    3586.319536    3787.747195    3949.871896    4161.125295    4330.970220    4552.049358    4729.614508    4960.519385    5145.804758    5386.535376    5579.540973    5830.097329    6030.823150    6291.205247    6499.651292    6769.859127    6986.025396    7266.058971    7489.945464    7779.804897    8011.411611    
0.932006    -0.083402    4.813322    12.614140    27.219515    42.834957    67.179699    90.603435    124.686371    155.918134    199.739133    238.778876    292.337905    339.185612    402.482660    457.138327    530.173390    592.637013    675.410089    745.681668    838.192755    916.272289    1018.521387    1104.408876    1216.395984    1310.091427    1431.816546    1533.319942    1664.783071    1774.094422    1915.295561    2032.414866    2183.354015    2308.281273    2468.958432    2601.693644    2772.108813    2912.651979    3092.805157    3241.156277    3431.047465    3587.206539    3786.835737    3950.802764    4160.169972    4331.944953    4551.050171    4730.633106    4959.476333    5146.867221    5385.448458    5580.647300    5828.966547    6031.973343    6290.030599    6500.845349    6768.640615    6987.263319    7264.796594    7491.227251    7778.498654    8012.737264    
0.942478    -0.073686    4.779382    12.667806    27.141604    42.932500    67.057920    90.744844    124.520727    156.103409    199.529624    239.008015    292.084530    339.458616    402.185421    457.455196    529.832285    592.997747    675.025120    746.086267    837.763921    916.720753    1018.048688    1104.901204    1215.879420    1310.627621    1431.256117    1533.900001    1664.178778    1774.718346    1914.647402    2033.082654    2182.661991    2308.992927    2468.222543    2602.449163    2771.329059    2913.451362    3091.981539    3241.999525    3430.179982    3588.093652    3785.924389    3951.733742    4159.214759    4332.919796    4550.051093    4731.651813    4958.433390    5147.929794    5384.361650    5581.753738    5827.835874    6033.123645    6288.856062    6502.039516    6767.422212    6988.501351    7263.534327    7492.509149    7777.192522    8014.063026    
0.952950    -0.063863    4.745554    12.721581    27.063802    43.030153    66.936251    90.886362    124.355192    156.288792    199.320224    239.237264    291.831265    339.731730    401.888291    457.772175    529.491291    593.358591    674.640260    746.490975    837.335196    917.169326    1017.576099    1105.393643    1215.362966    1311.163924    1430.695797    1534.480169    1663.574593    1775.342379    1913.999353    2033.750552    2181.970077    2309.704689    2467.486764    2603.204790    2770.549415    2914.250855    3091.158030    3242.842883    3429.312608    3588.980875    3785.013150    3952.664830    4158.259655    4333.894748    4549.052124    4732.670631    4957.390556    5148.992476    5383.274952    5582.860285    5826.705311    6034.274058    6287.681633    6503.233793    6766.203919    6989.739493    7262.272169    7493.791155    7775.886499    8015.388897    
0.963422    -0.053932    4.711837    12.775466    26.986110    43.127915    66.814691    91.027990    124.189767    156.474286    199.110933    239.466622    291.578110    340.004953    401.591271    458.089263    529.150406    593.719544    674.255510    746.895794    836.906581    917.618010    1017.103619    1105.886191    1214.846621    1311.700337    1430.135588    1535.060447    1662.970519    1775.966522    1913.351414    2034.418560    2181.278272    2310.416562    2466.751095    2603.960528    2769.769881    2915.050457    3090.334631    3243.686350    3428.445344    3589.868207    3784.102021    3953.596027    4157.304661    4334.869811    4548.053265    4733.689558    4956.347833    5150.055268    5382.188363    5583.966942    5825.574857    6035.424579    6286.507315    6504.428180    6764.985736    6990.977744    7261.010120    7495.073272    7774.580586    8016.714879    
0.973894    -0.043894    4.678233    12.829461    26.908528    43.225787    66.693241    91.169728    124.024451    156.659889    198.901753    239.696090    291.325064    340.278287    401.294360    458.406461    528.809630    594.080607    673.870869    747.300722    836.478076    918.066802    1016.631248    1106.378849    1214.330386    1312.236860    1429.575488    1535.640835    1662.366554    1776.590774    1912.703584    2035.086677    2180.586578    2311.128544    2466.015535    2604.716375    2768.990457    2915.850169    3089.511341    3244.529927    3427.578190    3590.755649    3783.191002    3954.527334    4156.349777    4335.844982    4547.054516    4734.708594    4955.305218    5151.118170    5381.101884    5585.073708    5824.444514    6036.575211    6285.333106    6505.622676    6763.767662    6992.216105    7259.748182    7496.355498    7773.274782    8018.040970    
0.984366    -0.033748    4.644740    12.883566    26.831055    43.323768    66.571901    91.311576    123.859245    156.845602    198.692682    239.925668    291.072128    340.551729    400.997559    458.723769    528.468964    594.441780    673.486339    747.705759    836.049680    918.515705    1016.158988    1106.871616    1213.814260    1312.773492    1429.015497    1536.221332    1661.762698    1777.215136    1912.055864    2035.754904    2179.894993    2311.840636    2465.280085    2605.472332    2768.211142    2916.649991    3088.688162    3245.373614    3426.711145    3591.643200    3782.280092    3955.458750    4155.395003    4336.820264    4546.055877    4735.727741    4954.262714    5152.181181    5380.015515    5586.180585    5823.314279    6037.725952    6284.159007    6506.817282    6762.549698    6993.454576    7258.486353    7497.637834    7771.969089    8019.367170    
0.994838    -0.023495    4.611360    12.937780    26.753692    43.421859    66.450670    91.453533    123.694149    157.031424    198.483721    240.155356    290.819302    340.825282    400.700868    459.041186    528.128408    594.803062    673.101918    748.110906    835.621394    918.964717    1015.686837    1107.364493    1213.298244    1313.310234    1428.455617    1536.801939    1661.158953    1777.839608    1911.408253    2036.423241    2179.203517    2312.552838    2464.544745    2606.228399    2767.431936    2917.449923    3087.865091    3246.217410    3425.844210    3592.530862    3781.369292    3956.390276    4154.440338    4337.795655    4545.057347    4736.746996    4953.220319    5153.244302    5378.929255    5587.287570    5822.184155    6038.876802    6282.985018    6508.011998    6761.331844    6994.693157    7257.224634    7498.920279    7770.663505    8020.693481    
1.005310    -0.013136    4.578091    12.992105    26.676439    43.520060    66.329549    91.595600    123.529162    157.217357    198.274869    240.385153    290.566585    341.098944    400.404286    459.358713    527.787962    595.164454    672.717606    748.516163    835.193218    919.413839    1015.214796    1107.857480    1212.782338    1313.847085    1427.895845    1537.382655    1660.555317    1778.464190    1910.760752    2037.091687    2178.512151    2313.265149    2463.809514    2606.984575    2766.652841    2918.249964    3087.042131    3247.061316    3424.977385    3593.418633    3780.458602    3957.321912    4153.485783    4338.771155    4544.058927    4737.766362    4952.178034    5154.307532    5377.843105    5588.394666    5821.054140    6040.027763    6281.811138    6509.206823    6760.114099    6995.931847    7255.963024    7500.202834    7769.358030    8022.019901    
1.015782    -0.002669    4.544935    13.046539    26.599296    43.618371    66.208537    91.737777    123.364286    157.403398    198.066127    240.615060    290.313979    341.372716    400.107815    459.676350    527.447625    595.525956    672.333405    748.921530    834.765151    919.863070    1014.742864    1108.350576    1212.266542    1314.384047    1427.336184    1537.963482    1659.951791    1779.088881    1910.113361    2037.760244    2177.820895    2313.977570    2463.074393    2607.740861    2765.873855    2919.050115    3086.219280    3247.905332    3424.110669    3594.306513    3779.548021    3958.253658    4152.531337    4339.746766    4543.060616    4738.785837    4951.135859    5155.370872    5376.757065    5589.501871    5819.924235    6041.178833    6280.637368    6510.401758    6758.896464    6997.170647    7254.701524    7501.485499    7768.052665    8023.346430    
1.026254    0.007905    4.511891    13.101082    26.522262    43.716791    66.087636    91.880063    123.199518    157.589550    197.857495    240.845076    290.061481    341.646597    399.811452    459.994096    527.107398    595.887567    671.949312    749.327006    834.337194    920.312412    1014.271042    1108.843782    1211.750855    1314.921118    1426.776632    1538.544418    1659.348374    1779.713681    1909.466079    2038.428909    2177.129749    2314.690101    2462.339382    2608.497256    2765.094979    2919.850375    3085.396539    3248.749457    3423.244063    3595.194503    3778.637550    3959.185513    4151.577001    4340.722486    4542.062415    4739.805422    4950.093793    5156.434322    5375.671135    5590.609186    5818.794439    6042.330012    6279.463707    6511.596803    6757.678939    6998.409556    7253.440134    7502.768273    7766.747410    8024.673070    
1.036726    0.018586    4.478959    13.155736    26.445337    43.815321    65.966844    92.022459    123.034861    157.775811    197.648972    241.075202    289.809094    341.920588    399.515200    460.311952    526.767280    596.249288    671.565330    749.732592    833.909347    920.761862    1013.799330    1109.337098    1211.235278    1315.458298    1426.217190    1539.125463    1658.745067    1780.338592    1908.818908    2039.097685    2176.438712    2315.402741    2461.604480    2609.253761    2764.316212    2920.650745    3084.573907    3249.593692    3422.377566    3596.082603    3777.727189    3960.117478    4150.622775    4341.698316    4541.064324    4740.825117    4949.051837    5157.497882    5374.585314    5591.716610    5817.664753    6043.481302    6278.290157    6512.791957    6756.461523    6999.648575    7252.178853    7504.051157    7765.442265    8025.999819    
1.047198    0.029374    4.446139    13.210499    26.368523    43.913960    65.846161    92.164965    122.870313    157.962182    197.440559    241.305438    289.556816    342.194689    399.219057    460.629918    526.427272    596.611119    671.181457    750.138288    833.481609    921.211423    1013.327727    1109.830523    1210.719810    1315.995589    1425.657858    1539.706618    1658.141870    1780.963612    1908.171845    2039.766570    2175.747785    2316.115491    2460.869688    2610.010376    2763.537555    2921.451225    3083.751385    3250.438037    3421.511180    3596.970813    3776.816937    3961.049552    4149.668658    4342.674255    4540.066343    4741.844921    4948.009991    5158.561551    5373.499602    5592.824144    5816.535177    6044.632701    6277.116715    6513.987221    6755.244217    7000.887704    7250.917682    7505.334151    7764.137229    8027.326677    
1.057670    0.040268    4.413432    13.265372    26.291818    44.012709    65.725588    92.307580    122.705875    158.148662    197.232256    241.535784    289.304647    342.468899    398.923024    460.947994    526.087374    596.973059    670.797694    750.544093    833.053981    921.661093    1012.856235    1110.324058    1210.204453    1316.532989    1425.098635    1540.287883    1657.538782    1781.588742    1907.524893    2040.435564    2175.056967    2316.828351    2460.135006    2610.767101    2762.759008    2922.251814    3082.928973    3251.282491    3420.644902    3597.859132    3775.906795    3961.981736    4148.714651    4343.650304    4539.068471    4742.864835    4946.968254    5159.625330    5372.414001    5593.931788    5815.405711    6045.784210    6275.943384    6515.182594    6754.027021    7002.126943    7249.656621    7506.617255    7762.832302    8028.653646    
1.068142    0.051269    4.380838    13.320355    26.215223    44.111568    65.605125    92.450305    122.541546    158.335252    197.024062    241.766239    289.052589    342.743220    398.627100    461.266179    525.747586    597.335109    670.414041    750.950008    832.626463    922.110873    1012.384851    1110.817703    1209.689204    1317.070498    1424.539522    1540.869258    1656.935804    1782.213981    1906.878050    2041.104669    2174.366260    2317.541320    2459.400433    2611.523935    2761.980570    2923.052513    3082.106671    3252.127055    3419.778735    3598.747561    3774.996763    3962.914030    4147.760754    4344.626463    4538.070709    4743.884859    4945.926627    5160.689218    5371.328509    5595.039541    5814.276354    6046.935828    6274.770162    6516.378078    6752.809934    7003.366291    7248.395669    7507.900468    7761.527486    8029.980724    
1.078613    0.062377    4.348356    13.375448    26.138738    44.210536    65.484772    92.593139    122.377327    158.521952    196.815978    241.996804    288.800640    343.017649    398.331286    461.584473    525.407907    597.697269    670.030497    751.356032    832.199054    922.560762    1011.913578    1111.311457    1209.174066    1317.608117    1423.980519    1541.450742    1656.332936    1782.839330    1906.231317    2041.773883    2173.675661    2318.254399    2458.665970    2612.280879    2761.202242    2923.853322    3081.284478    3252.971729    3418.912677    3599.636100    3774.086840    3963.846434    4146.806966    4345.602731    4537.073056    4744.904992    4944.885110    5161.753217    5370.243126    5596.147405    5813.147106    6048.087556    6273.597050    6517.573671    6751.592957    7004.605749    7247.134827    7509.183790    7760.222779    8031.307911    
1.089085    0.073591    4.315987    13.430650    26.062362    44.309615    65.364528    92.736083    122.213218    158.708762    196.608004    242.227478    288.548800    343.292189    398.035582    461.902878    525.068338    598.059538    669.647063    751.762166    831.771755    923.010761    1011.442414    1111.805321    1208.659037    1318.145846    1423.421625    1542.032336    1655.730177    1783.464789    1905.584693    2042.443206    2172.985173    2318.967587    2457.931617    2613.037932    2760.424024    2924.654240    3080.462395    3253.816512    3418.046729    3600.524748    3773.177027    3964.778947    4145.853288    4346.579109    4536.075513    4745.925235    4943.843702    5162.817324    5369.157854    5597.255377    5812.017969    6049.239394    6272.424048    6518.769373    6750.376090    7005.845316    7245.874095    7510.467223    7758.918182    8032.635208    
1.099557    0.084911    4.283730    13.485962    25.986096    44.408802    65.244394    92.879137    122.049218    158.895681    196.400139    242.458262    288.297071    343.566838    397.739987    462.221392    524.728878    598.421917    669.263738    752.168410    831.344566    923.460870    1010.971359    1112.299295    1208.144118    1318.683685    1422.862841    1542.614039    1655.127528    1784.090357    1904.938179    2043.112640    2172.294794    2319.680886    2457.197373    2613.795095    2759.645915    2925.455268    3079.640421    3254.661405    3417.180891    3601.413506    3772.267324    3965.711570    4144.899720    4347.555597    4535.078080    4746.945588    4942.802404    5163.881542    5368.072691    5598.363460    5810.888941    6050.391341    6271.251155    6519.965185    6749.159332    7007.084993    7244.613473    7511.750765    7757.613694    8033.962615    
1.110029    0.096338    4.251586    13.541384    25.909939    44.508100    65.124370    93.022301    121.885328    159.082709    196.192384    242.689156    288.045451    343.841597    397.444502    462.540015    524.389528    598.784405    668.880524    752.574764    830.917486    923.911088    1010.500415    1112.793378    1207.629308    1319.221633    1422.304166    1543.195852    1654.524989    1784.716036    1904.291775    2043.782183    2171.604525    2320.394293    2456.463239    2614.552368    2758.867916    2926.256406    3078.818557    3255.506408    3416.315162    3602.302373    3771.357730    3966.644302    4143.946262    4348.532194    4534.080757    4747.966050    4941.761215    5164.945869    5366.987637    5599.471652    5809.760023    6051.543398    6270.078372    6521.161107    6747.942684    7008.324780    7243.352960    7513.034417    7756.309316    8035.290132    
1.120501    0.107871    4.219556    13.596916    25.833893    44.607507    65.004455    93.165574    121.721548    159.269848    195.984739    242.920159    287.793941    344.116465    397.149127    462.858749    524.050288    599.147004    668.497419    752.981227    830.490516    924.361417    1010.029580    1113.287572    1207.114608    1319.759691    1421.745602    1543.777775    1653.922559    1785.341823    1903.645480    2044.451835    2170.914365    2321.107811    2455.729214    2615.309750    2758.090027    2927.057654    3077.996803    3256.351520    3415.449543    3603.191350    3770.448246    3967.577144    4142.992913    4349.508901    4533.083543    4748.986622    4940.720136    5166.010306    5365.902694    5600.579954    5808.631214    6052.695564    6268.905698    6522.357139    6746.726145    7009.564677    7242.092556    7514.318178    7755.005048    8036.617758    
1.130973    0.119511    4.187638    13.652557    25.757956    44.707024    64.884650    93.308957    121.557878    159.457096    195.777203    243.151273    287.542540    344.391443    396.853861    463.177592    523.711157    599.509712    668.114423    753.387800    830.063656    924.811854    1009.558855    1113.781874    1206.600018    1320.297859    1421.187147    1544.359808    1653.320239    1785.967721    1902.999295    2045.121598    2170.224316    2321.821438    2454.995300    2616.067243    2757.312247    2927.859011    3077.175158    3257.196742    3414.584033    3604.080437    3769.538872    3968.510096    4142.039673    4350.485718    4532.086439    4750.007303    4939.679167    5167.074852    5364.817860    5601.688365    5807.502515    6053.847841    6267.733134    6523.553280    6745.509717    7010.804683    7240.832263    7515.602049    7753.700890    8037.945494    
1.141445    0.131256    4.155834    13.708308    25.682128    44.806650    64.764954    93.452450    121.394317    159.644454    195.569777    243.382495    287.291249    344.666531    396.558706    463.496544    523.372137    599.872529    667.731537    753.794482    829.636905    925.262402    1009.088239    1114.276287    1206.085538    1320.836136    1420.628801    1544.941950    1652.718029    1786.593728    1902.353220    2045.791470    2169.534375    2322.535175    2454.261494    2616.824844    2756.534577    2928.660477    3076.353624    3258.042074    3413.718633    3604.969634    3768.629607    3969.443157    4141.086544    4351.462644    4531.089444    4751.028095    4938.638308    5168.139509    5363.733135    5602.796886    5806.373926    6055.000227    6266.560680    6524.749531    6744.293398    7012.044799    7239.572079    7516.886030    7752.396841    8039.273340    
1.151917    0.143107    4.124143    13.764169    25.606411    44.906387    64.645369    93.596052    121.230865    159.831921    195.362461    243.613828    287.040068    344.941728    396.263659    463.815607    523.033225    600.235457    667.348761    754.201275    829.210264    925.713059    1008.617733    1114.770809    1205.571167    1321.374523    1420.070565    1545.524202    1652.115928    1787.219844    1901.707254    2046.461451    2168.844545    2323.249022    2453.527799    2617.582556    2755.757017    2929.462054    3075.532198    3258.887515    3412.853343    3605.858940    3767.720452    3970.376328    4140.133524    4352.439680    4530.092559    4752.048996    4937.597558    5169.204274    5362.648520    5603.905517    5805.245446    6056.152722    6265.388336    6525.945892    6743.077188    7013.285024    7238.312004    7518.170120    7751.092902    8040.601295    
1.162389    0.155064    4.092566    13.820139    25.530803    45.006232    64.525892    93.739764    121.067524    160.019498    195.155254    243.845270    286.788996    345.217035    395.968723    464.134779    522.694424    600.598493    666.966095    754.608176    828.783733    926.163826    1008.147337    1115.265440    1205.056906    1321.913019    1419.512439    1546.106563    1651.513937    1787.846071    1901.061399    2047.131542    2168.154824    2323.962978    2452.794213    2618.340377    2754.979566    2930.263740    3074.710883    3259.733066    3411.988163    3606.748356    3766.811406    3971.309609    4139.180613    4353.416826    4529.095784    4753.070006    4936.556918    5170.269150    5361.564015    5605.014257    5804.117076    6057.305328    6264.216101    6527.142362    6741.861088    7014.525359    7237.052040    7519.454320    7749.789072    8041.929360    
1.172861    0.167126    4.061102    13.876220    25.455304    45.106188    64.406526    93.883585    120.904292    160.207185    194.948157    244.076822    286.538034    345.492452    395.673896    464.454060    522.355732    600.961640    666.583538    755.015188    828.357311    926.614702    1007.677050    1115.760181    1204.542754    1322.451626    1418.954423    1546.689034    1650.912055    1788.472407    1900.415652    2047.801743    2167.465213    2324.677044    2452.060737    2619.098308    2754.202225    2931.065535    3073.889677    3260.578727    3411.123092    3607.637881    3765.902471    3972.243000    4138.227813    4354.394081    4528.099118    4754.091126    4935.516388    5171.334135    5360.479620    5606.123107    5802.988816    6058.458043    6263.043976    6528.338942    6740.645098    7015.765804    7235.792185    7520.738630    7748.485352    8043.257535    
1.183333    0.179294    4.029751    13.932410    25.379916    45.206253    64.287269    94.027516    120.741170    160.394981    194.741170    244.308483    286.287181    345.767978    395.379178    464.773452    522.017150    601.324896    666.201091    755.422309    827.930999    927.065688    1007.206873    1116.255032    1204.028712    1322.990342    1418.396516    1547.271615    1650.310284    1789.098853    1899.770016    2048.472054    2166.775711    2325.391219    2451.327371    2619.856348    2753.424994    2931.867441    3073.068581    3261.424497    3410.258131    3608.527516    3764.993645    3973.176500    4137.275122    4355.371446    4527.102563    4755.112356    4934.475967    5172.399230    5359.395334    5607.232067    5801.860665    6059.610867    6261.871960    6529.535631    6739.429218    7017.006358    7234.532439    7522.023049    7747.181742    8044.585819    
1.193805    0.191567    3.998515    13.988710    25.304637    45.306428    64.168122    94.171557    120.578157    160.582887    194.534292    244.540254    286.036439    346.043614    395.084571    465.092953    521.678677    601.688262    665.818753    755.829540    827.504797    927.516784    1006.736806    1116.749993    1203.514780    1323.529167    1417.838719    1547.854306    1649.708622    1789.725408    1899.124489    2049.142474    2166.086319    2326.105504    2450.594114    2620.614498    2752.647872    2932.669456    3072.247594    3262.270377    3409.393279    3609.417261    3764.084928    3974.110109    4136.322540    4356.348921    4526.106116    4756.133696    4933.435656    5173.464434    5358.311158    5608.341136    5800.732625    6060.763802    6260.700054    6530.732430    6738.213447    7018.247023    7233.272804    7523.307578    7745.878241    8045.914213    
1.204277    0.203946    3.967393    14.045119    25.229467    45.406712    64.049085    94.315708    120.415254    160.770903    194.327524    244.772135    285.785806    346.319360    394.790073    465.412563    521.340314    602.051738    665.436525    756.236880    827.078704    927.967989    1006.266848    1117.245063    1203.000957    1324.068102    1417.281031    1548.437106    1649.107069    1790.352073    1898.479071    2049.813004    2165.397037    2326.819899    2449.860967    2621.372758    2751.870860    2933.471580    3071.426717    3263.116366    3408.528537    3610.307116    3763.176321    3975.043829    4135.370069    4357.326505    4525.109780    4757.155145    4932.395454    5174.529748    5357.227092    5609.450315    5799.604693    6061.916846    6259.528258    6531.929339    6736.997786    7019.487796    7232.013278    7524.592217    7744.574850    8047.242716    
1.214749    0.216429    3.936384    14.101639    25.154408    45.507107    63.930157    94.459968    120.252461    160.959029    194.120866    245.004125    285.535282    346.595215    394.495684    465.732284    521.002061    602.415323    665.054407    756.644330    826.652721    928.419304    1005.797000    1117.740243    1202.487245    1324.607147    1416.723453    1549.020015    1648.505627    1790.978848    1897.833764    2050.483644    2164.707865    2327.534404    2449.127929    2622.131128    2751.093958    2934.273815    3070.605950    3263.962466    3407.663905    3611.197080    3762.267824    3975.977658    4134.417707    4358.304199    4524.113553    4758.176704    4931.355362    5175.595172    5356.143135    5610.559604    5798.476872    6063.069999    6258.356571    6533.126358    6735.782235    7020.728680    7230.753861    7525.876965    7743.271569    8048.571330    
1.225221    0.229018    3.905491    14.158268    25.079458    45.607610    63.811339    94.604338    120.089777    161.147264    193.914317    245.236225    285.284869    346.871181    394.201406    466.052114    520.663917    602.779018    664.672399    757.051890    826.226847    928.870729    1005.327262    1118.235533    1201.973641    1325.146302    1416.165985    1549.603035    1647.904294    1791.605732    1897.188566    2051.154393    2164.018802    2328.249018    2448.395002    2622.889607    2750.317165    2935.076159    3069.785292    3264.808675    3406.799383    3612.087154    3761.359437    3976.911597    4133.465455    4359.282003    4523.117436    4759.198373    4930.315380    5176.660706    5355.059288    5611.669002    5797.349160    6064.223262    6257.184995    6534.323486    6734.566793    7021.969673    7229.494555    7527.161823    7741.968398    8049.900053    
1.235693    0.241711    3.874711    14.215007    25.004618    45.708224    63.692630    94.748817    119.927203    161.335608    193.707878    245.468435    285.034565    347.147255    393.907237    466.372053    520.325884    603.142822    664.290500    757.459560    825.801084    929.322263    1004.857633    1118.730932    1201.460148    1325.685566    1415.608627    1550.186164    1647.303070    1792.232726    1896.543477    2051.825252    2163.329849    2328.963742    2447.662184    2623.648195    2749.540482    2935.878612    3068.964744    3265.654993    3405.934970    3612.977337    3760.451159    3977.845645    4132.513312    4360.259916    4522.121428    4760.220151    4929.275508    5177.726349    5353.975551    5612.778510    5796.221557    6065.376635    6256.013527    6535.520724    6733.351461    7023.210776    7228.235358    7528.446791    7740.665336    8051.228885    
1.246165    0.254509    3.844046    14.271855    24.929887    45.808947    63.574032    94.893407    119.764739    161.524063    193.501548    245.700755    284.784370    347.423440    393.613178    466.692102    519.987959    603.506737    663.908711    757.867339    825.375430    929.773907    1004.388114    1119.226441    1200.946764    1326.224940    1415.051378    1550.769403    1646.701956    1792.859830    1895.898499    2052.496221    2162.641005    2329.678575    2446.929475    2624.406894    2748.763909    2936.681176    3068.144306    3266.501421    3405.070667    3613.867630    3759.542991    3978.779803    4131.561279    4361.237939    4521.125530    4761.242039    4928.235745    5178.792102    5352.891923    5613.888128    5795.094065    6066.530118    6254.842170    6536.718071    6732.136238    7024.451988    7226.976270    7529.731868    7739.362383    8052.557827    
1.256637    0.267411    3.813496    14.328814    24.855266    45.909780    63.455542    95.038105    119.602384    161.712627    193.295329    245.933184    284.534286    347.699734    393.319228    467.012261    519.650145    603.870761    663.527031    758.275228    824.949885    930.225661    1003.918705    1119.722060    1200.433490    1326.764423    1414.494239    1551.352751    1646.100952    1793.487043    1895.253630    2053.167299    2161.952271    2330.393519    2446.196876    2625.165702    2747.987445    2937.483849    3067.323977    3267.347959    3404.206473    3614.758033    3758.634933    3979.714071    4130.609356    4362.216072    4520.129742    4762.264036    4927.196092    5179.857964    5351.808405    5614.997855    5793.966682    6067.683710    6253.670922    6537.915528    6730.921125    7025.693310    7225.717292    7531.017055    7738.059541    8053.886879    
1.267109    0.280417    3.783062    14.385882    24.780755    46.010722    63.337163    95.182914    119.440139    161.901300    193.089219    246.165722    284.284311    347.976137    393.025388    467.332530    519.312440    604.234894    663.145461    758.683226    824.524450    930.677525    1003.449405    1120.217788    1199.920325    1327.304017    1413.937209    1551.936209    1645.500058    1794.114366    1894.608871    2053.838487    2161.263647    2331.108571    2445.464387    2625.924620    2747.211091    2938.286631    3066.503758    3268.194607    3403.342389    3615.648546    3757.726984    3980.648448    4129.657542    4363.194314    4519.134063    4763.286143    4926.156548    5180.923936    5350.724997    5616.107692    5792.839408    6068.837412    6252.499784    6539.113095    6729.706122    7026.934742    7224.458424    7532.302352    7736.756808    8055.216041    
1.277581    0.293528    3.752742    14.443059    24.706354    46.111775    63.218893    95.327832    119.278004    162.090084    192.883218    246.398371    284.034445    348.252651    392.731658    467.652908    518.974845    604.599137    662.764001    759.091334    824.099125    931.129498    1002.980215    1120.713626    1199.407270    1327.843719    1413.380290    1552.519777    1644.899273    1794.741799    1893.964221    2054.509785    2160.575132    2331.823734    2444.732008    2626.683647    2746.434847    2939.089524    3065.683649    3269.041364    3402.478415    3616.539168    3756.819145    3981.582935    4128.705838    4364.172666    4518.138494    4764.308360    4925.117114    5181.990018    5349.641698    5617.217639    5791.712245    6069.991224    6251.328755    6540.310772    6728.491229    7028.176283    7223.199666    7533.587758    7735.454185    8056.545312    
1.288053    0.306742    3.722538    14.500347    24.632062    46.212936    63.100733    95.472860    119.115978    162.278977    192.677327    246.631129    283.784689    348.529274    392.438037    467.973396    518.637359    604.963490    662.382651    759.499552    823.673910    931.581580    1002.511135    1121.209574    1198.894325    1328.383532    1412.823479    1553.103455    1644.298598    1795.369341    1893.319681    2055.181192    2159.886728    2332.539006    2443.999738    2627.442784    2745.658712    2939.892526    3064.863649    3269.888231    3401.614551    3617.429900    3755.911415    3982.517532    4127.754243    4365.151128    4517.143035    4765.330687    4924.077790    5183.056209    5348.558509    5618.327695    5790.585191    6071.145145    6250.157836    6541.508558    6727.276445    7029.417934    7221.941017    7534.873274    7734.151671    8057.874693    
1.298525    0.320059    3.692449    14.557744    24.557880    46.314208    62.982683    95.617997    118.954062    162.467980    192.471546    246.863996    283.535043    348.806006    392.144526    468.293994    518.299983    605.327953    662.001410    759.907879    823.248804    932.033773    1002.042164    1121.705631    1198.381489    1328.923454    1412.266779    1553.687242    1643.698033    1795.996993    1892.675251    2055.852709    2159.198432    2333.254388    2443.267578    2628.202031    2744.882687    2940.695637    3064.043759    3270.735207    3400.750796    3618.320741    3755.003795    3983.452238    4126.802759    4366.129699    4516.147685    4766.353123    4923.038576    5184.122510    5347.475429    5619.437861    5789.458246    6072.299176    6248.987027    6542.706454    6726.061771    7030.659695    7220.682478    7536.158900    7732.849267    8059.204183    
1.308997    0.333480    3.662476    14.615251    24.483807    46.415589    62.864742    95.763245    118.792256    162.657092    192.265875    247.096974    283.285507    349.082849    391.851124    468.614701    517.962717    605.692525    661.620279    760.316317    822.823808    932.486075    1001.573303    1122.201798    1197.868763    1329.463486    1411.710188    1554.271138    1643.097577    1796.624755    1892.030930    2056.524335    2158.510247    2333.969879    2442.535527    2628.961387    2744.106771    2941.498859    3063.223979    3271.582294    3399.887151    3619.211692    3754.096285    3984.387054    4125.851384    4367.108380    4515.152446    4767.375669    4921.999471    5185.188921    5346.392460    5620.548137    5788.331412    6073.453316    6247.816327    6543.904459    6724.847206    7031.901565    7219.424049    7537.444635    7731.546973    8060.533784    
1.319469    0.347004    3.632620    14.672868    24.409845    46.517080    62.746911    95.908601    118.630560    162.846314    192.060313    247.330061    283.036080    349.359801    391.557833    468.935518    517.625560    606.057207    661.239257    760.724863    822.398922    932.938486    1001.104552    1122.698075    1197.356147    1330.003628    1411.153707    1554.855145    1642.497231    1797.252626    1891.386719    2057.196071    2157.822171    2334.685481    2441.803586    2629.720853    2743.330966    2942.302190    3062.404309    3272.429490    3399.023615    3620.102753    3753.188885    3985.321980    4124.900118    4368.087170    4514.157315    4768.398324    4920.960476    5186.255442    5345.309600    5621.658522    5787.204687    6074.607567    6246.645737    6545.102574    6723.632752    7033.143545    7218.165729    7538.730480    7730.244788    8061.863493    
1.329941    0.360631    3.602880    14.730595    24.335992    46.618681    62.629189    96.054068    118.468973    163.035646    191.854861    247.563258    282.786763    349.636862    391.264651    469.256445    517.288513    606.421998    660.858345    761.133520    821.974145    933.391008    1000.635910    1123.194461    1196.843640    1330.543879    1410.597335    1555.439261    1641.896994    1797.880607    1890.742618    2057.867917    2157.134205    2335.401191    2441.071755    2630.480429    2742.555270    2943.105630    3061.584748    3273.276795    3398.160189    3620.993923    3752.281594    3986.257015    4123.948963    4369.066071    4513.162295    4769.421089    4919.921590    5187.322072    5344.226849    5622.769017    5786.078071    6075.761927    6245.475257    6546.300799    6722.418406    7034.385635    7216.907519    7540.016435    7728.942713    8063.193313    
1.340413    0.374360    3.573257    14.788431    24.262248    46.720391    62.511578    96.199644    118.307495    163.225087    191.649519    247.796564    282.537556    349.914034    390.971578    469.577481    516.951576    606.786899    660.477543    761.542286    821.549478    933.843639    1000.167378    1123.690957    1196.331243    1331.084240    1410.041073    1556.023487    1641.296868    1798.508698    1890.098626    2058.539873    2156.446348    2336.117012    2440.340034    2631.240114    2741.779683    2943.909181    3060.765296    3274.124210    3397.296873    3621.885204    3751.374413    3987.192160    4122.997917    4370.045081    4512.167384    4770.443964    4918.882814    5188.388811    5343.144208    5623.879622    5784.951566    6076.916396    6244.304887    6547.499134    6721.204171    7035.627834    7215.649419    7541.302499    7727.640748    8064.523242    
1.350885    0.388191    3.543750    14.846377    24.188615    46.822211    62.394075    96.345330    118.146128    163.414638    191.444286    248.029980    282.288458    350.191315    390.678616    469.898627    516.614748    607.151910    660.096851    761.951162    821.124920    934.296379    999.698956    1124.187562    1195.818956    1331.624710    1409.484921    1556.607822    1640.696851    1799.136898    1889.454744    2059.211938    2155.758601    2336.832942    2439.608422    2631.999909    2741.004206    2944.712840    3059.945955    3274.971735    3396.433666    3622.776593    3750.467342    3988.127415    4122.046980    4371.024200    4511.172582    4771.466949    4917.844148    5189.455661    5342.061677    5624.990336    5783.825170    6078.070975    6243.134626    6548.697578    6719.990045    7036.870144    7214.391428    7542.588673    7726.338892    8065.853281    
1.361357    0.402125    3.514361    14.904433    24.115091    46.924140    62.276683    96.491125    117.984870    163.604299    191.239163    248.263506    282.039470    350.468705    390.385763    470.219882    516.278030    607.517031    659.716268    762.360147    820.700472    934.749230    999.230643    1124.684278    1195.306779    1332.165290    1408.928879    1557.192267    1640.096943    1799.765208    1888.810971    2059.884113    2155.070964    2337.548982    2438.876920    2632.759814    2740.228839    2945.516610    3059.126723    3275.819370    3395.570569    3623.668093    3749.560380    3989.062779    4121.096154    4372.003429    4510.177891    4772.490043    4916.805592    5190.522620    5340.979256    5626.101160    5782.698883    6079.225664    6241.964474    6549.896132    6718.776029    7038.112562    7213.133547    7543.874956    7725.037146    8067.183429    
1.371829    0.416160    3.485090    14.962598    24.041676    47.026179    62.159400    96.637030    117.823721    163.794069    191.034149    248.497141    281.790591    350.746206    390.093019    470.541248    515.941422    607.882261    659.335794    762.769242    820.276134    935.202190    998.762440    1125.181102    1194.794711    1332.705980    1408.372946    1557.776822    1639.497145    1800.393628    1888.167309    2060.556398    2154.383436    2338.265131    2438.145527    2633.519828    2739.453582    2946.320489    3058.307600    3276.667114    3394.707582    3624.559702    3748.653528    3989.998253    4120.145436    4372.982768    4509.183309    4773.513247    4915.767145    5191.589689    5339.896944    5627.212094    5781.572707    6080.380463    6240.794433    6551.094795    6717.562122    7039.355091    7211.875775    7545.161350    7723.735510    8068.513688    
1.382301    0.430296    3.455936    15.020873    23.968372    47.128328    62.042227    96.783045    117.662683    163.983949    190.829246    248.730886    281.541823    351.023815    389.800386    470.862723    515.604923    608.247601    658.955431    763.178447    819.851906    935.655259    998.294346    1125.678037    1194.282752    1333.246779    1407.817123    1558.361486    1638.897457    1801.022157    1887.523756    2061.228792    2153.696018    2338.981390    2437.414244    2634.279953    2738.678434    2947.124478    3057.488588    3277.514968    3393.844705    3625.451421    3747.746785    3990.933837    4119.194829    4373.962217    4508.188837    4774.536560    4914.728807    5192.656867    5338.814742    5628.323137    5780.446640    6081.535371    6239.624501    6552.293568    6716.348326    7040.597729    7210.618114    7546.447853    7722.433983    8069.844055    
1.392773    0.444533    3.426901    15.079258    23.895177    47.230587    61.925164    96.929170    117.501754    164.173939    190.624451    248.964741    281.293164    351.301535    389.507862    471.184307    515.268534    608.613050    658.575177    763.587761    819.427787    936.108439    997.826363    1126.175081    1193.770904    1333.787689    1407.261409    1558.946260    1638.297879    1801.650796    1886.880312    2061.901296    2153.008710    2339.697759    2436.683071    2635.040186    2737.903396    2947.928577    3056.669685    3278.362931    3392.981937    3626.343249    3746.840152    3991.869530    4118.244331    4374.941775    4507.194474    4775.559983    4913.690580    5193.724155    5337.732649    5629.434290    5779.320682    6082.690389    6238.454679    6553.492451    6715.134638    7041.840476    7209.360562    7547.734465    7721.132566    8071.174533    
1.403245    0.458871    3.397985    15.137753    23.822092    47.332955    61.808210    97.075404    117.340934    164.364038    190.419767    249.198705    281.044614    351.579364    389.215447    471.506001    514.932255    608.978609    658.195033    763.997185    819.003778    936.561728    997.358489    1126.672235    1193.259165    1334.328707    1406.705805    1559.531144    1637.698410    1802.279545    1886.236979    2062.573909    2152.321511    2340.414238    2435.952008    2635.800530    2737.128468    2948.732785    3055.850891    3279.211004    3392.119278    3627.235187    3745.933629    3992.805333    4117.293943    4375.921443    4506.200221    4776.583516    4912.652462    5194.791553    5336.650667    5630.545553    5778.194835    6083.845516    6237.284966    6554.691443    6713.921061    7043.083334    7208.103119    7549.021187    7719.831259    8072.505120    
1.413717    0.473309    3.369187    15.196357    23.749116    47.435433    61.691366    97.221748    117.180225    164.554247    190.215192    249.432779    280.796174    351.857303    388.923142    471.827805    514.596085    609.344278    657.814998    764.406719    818.579878    937.015126    996.890724    1127.169499    1192.747535    1334.869836    1406.150311    1560.116137    1637.099051    1802.908403    1885.593755    2063.246632    2151.634422    2341.130826    2435.221054    2636.560983    2736.353649    2949.537103    3055.032208    3280.059187    3391.256730    3628.127235    3745.027216    3993.741246    4116.343665    4376.901221    4505.206078    4777.607159    4911.614454    5195.859060    5335.568793    5631.656925    5777.069097    6085.000754    6236.115363    6555.890545    6712.707593    7044.326301    7206.845786    7550.308019    7718.530061    8073.835817    
1.424189    0.487846    3.340509    15.255071    23.676250    47.538020    61.574631    97.368201    117.019624    164.744566    190.010727    249.666963    280.547844    352.135352    388.630947    472.149719    514.260025    609.710057    657.435073    764.816362    818.156088    937.468635    996.423070    1127.666872    1192.236016    1335.411074    1405.594926    1560.701240    1636.499801    1803.537371    1884.950640    2063.919465    2150.947443    2341.847523    2434.490210    2637.321545    2735.578940    2950.341531    3054.213634    3280.907480    3390.394291    3629.019392    3744.120912    3994.677268    4115.393496    4377.881108    4504.212044    4778.630911    4910.576555    5196.926677    5334.487030    5632.768407    5775.943468    6086.156100    6234.945870    6557.089757    6711.494235    7045.569377    7205.588563    7551.594961    7717.228973    8075.166623    
1.434661    0.502483    3.311952    15.313895    23.603494    47.640717    61.458006    97.514764    116.859134    164.934994    189.806372    249.901256    280.299624    352.413510    388.338862    472.471742    513.924075    610.075945    657.055258    765.226116    817.732408    937.922253    995.955524    1128.164355    1191.724606    1335.952422    1405.039651    1561.286453    1635.900662    1804.166449    1884.307636    2064.592408    2150.260573    2342.564331    2433.759475    2638.082218    2734.804340    2951.146068    3053.395169    3281.755882    3389.531962    3629.911659    3743.214718    3995.613400    4114.443437    4378.861105    4503.218120    4779.654773    4909.538766    5197.994404    5333.405376    5633.879999    5774.817949    6087.311557    6233.776486    6558.289079    6710.280986    7046.812564    7204.331450    7552.882012    7715.927995    8076.497540    
1.445133    0.517218    3.283514    15.372829    23.530847    47.743524    61.341491    97.661437    116.698753    165.125532    189.602126    250.135659    280.051513    352.691778    388.046886    472.793875    513.588234    610.441943    656.675552    765.635978    817.308838    938.375980    995.488089    1128.661947    1191.213305    1336.493879    1404.484486    1561.871776    1635.301631    1804.795636    1883.664740    2065.265460    2149.573813    2343.281248    2433.028850    2638.843000    2734.029851    2951.950715    3052.576814    3282.604394    3388.669742    3630.804036    3742.308633    3996.549642    4113.493488    4379.841211    4502.224306    4780.678744    4908.501087    5199.062240    5332.323832    5634.991700    5773.692540    6088.467123    6232.607212    6559.488510    6709.067847    7048.055860    7203.074446    7554.169173    7714.627126    8077.828565    
1.455605    0.532052    3.255198    15.431872    23.458311    47.846441    61.225086    97.808220    116.538482    165.316179    189.397990    250.370172    279.803512    352.970156    387.755020    473.116117    513.252503    610.808050    656.295957    766.045951    816.885377    938.829817    995.020763    1129.159650    1190.702115    1337.035446    1403.929431    1562.457208    1634.702711    1805.424933    1883.021955    2065.938622    2148.887163    2343.998275    2432.298335    2639.603891    2733.255470    2952.755471    3051.758569    3283.453015    3387.807632    3631.696522    3741.402658    3997.485993    4112.543648    4380.821427    4501.230601    4781.702825    4907.463518    5200.130186    5331.242398    5636.103511    5772.567241    6089.622799    6231.438048    6560.688050    6707.854818    7049.299265    7201.817552    7555.456444    7713.326367    8079.159701    
1.466077    0.546983    3.227003    15.491025    23.385883    47.949467    61.108790    97.955112    116.378321    165.506937    189.193963    250.604794    279.555620    353.248643    387.463264    473.438470    512.916882    611.174267    655.916470    766.456033    816.462026    939.283764    994.553547    1129.657461    1190.191034    1337.577123    1403.374485    1563.042749    1634.103900    1806.054339    1882.379279    2066.611893    2148.200622    2344.715411    2431.567929    2640.364893    2732.481200    2953.560338    3050.940434    3284.301746    3386.945632    3632.589118    3740.496793    3998.422454    4111.593918    4381.801753    4500.237006    4782.727016    4906.426058    5201.198242    5330.161073    5637.215432    5771.442051    6090.778584    6230.268993    6561.887701    6706.641899    7050.542781    7200.560767    7556.743824    7712.025718    8080.490946    
1.476549    0.562011    3.198931    15.550288    23.313566    48.052603    60.992604    98.102113    116.218269    165.697804    188.990046    250.839526    279.307839    353.527240    387.171617    473.760931    512.581370    611.540594    655.537094    766.866224    816.038784    939.737821    994.086441    1130.155383    1189.680062    1338.118910    1402.819649    1563.628401    1633.505199    1806.683856    1881.736713    2067.285275    2147.514192    2345.432657    2430.837633    2641.126004    2731.707039    2954.365314    3050.122408    3285.150587    3386.083741    3633.481824    3739.591037    3999.359025    4110.644297    4382.782189    4499.243521    4783.751316    4905.388707    5202.266407    5329.079858    5638.327462    5770.316971    6091.934480    6229.100048    6563.087461    6705.429089    7051.786406    7199.304093    7558.031314    7710.725178    8081.822301    
1.487021    0.577136    3.170981    15.609660    23.241358    48.155848    60.876527    98.249225    116.058327    165.888780    188.786239    251.074368    279.060167    353.805947    386.880080    474.083503    512.245968    611.907030    655.157827    767.276526    815.615652    940.191987    993.619444    1130.653414    1189.169201    1338.660806    1402.264922    1564.214162    1632.906607    1807.313482    1881.094257    2067.958765    2146.827870    2346.150013    2430.107447    2641.887224    2730.932988    2955.170399    3049.304492    3285.999538    3385.221960    3634.374640    3738.685392    4000.295705    4109.694787    4383.762734    4498.250145    4784.775726    4904.351467    5203.334682    5327.998752    5639.439602    5769.192001    6093.090484    6227.931213    6564.287331    6704.216389    7053.030140    7198.047528    7559.318913    7709.424748    8083.153765    
1.497492    0.592357    3.143154    15.669142    23.169260    48.259204    60.760560    98.396446    115.898495    166.079867    188.582542    251.309319    278.812604    354.084763    386.588653    474.406184    511.910676    612.273576    654.778669    767.686937    815.192630    940.646263    993.152557    1131.151555    1188.658449    1339.202811    1401.710305    1564.800032    1632.308126    1807.943217    1880.451910    2068.632366    2146.141659    2346.867478    2429.377371    2642.648555    2730.159047    2955.975594    3048.486686    3286.848598    3384.360289    3635.267565    3737.779855    4001.232495    4108.745385    4384.743389    4497.256879    4785.800246    4903.314336    5204.403067    5326.917756    5640.551851    5768.067140    6094.246599    6226.762487    6565.487310    6703.003798    7054.273985    7196.791072    7560.606623    7708.124428    8084.485339    
1.507964    0.607673    3.115452    15.728734    23.097272    48.362668    60.644703    98.543777    115.738772    166.271063    188.378954    251.544380    278.565151    354.363689    386.297335    474.728975    511.575493    612.640232    654.399622    768.097457    814.769718    941.100649    992.685779    1131.649806    1188.147806    1339.744927    1401.155798    1565.386013    1631.709753    1808.573062    1879.809673    2069.306076    2145.455557    2347.585053    2428.647404    2643.409995    2729.385215    2956.780899    3047.668989    3287.697767    3383.498727    3636.160599    3736.874429    4002.169395    4107.796094    4385.724153    4496.263723    4786.824876    4902.277315    5205.471561    5325.836870    5641.664211    5766.942389    6095.402823    6225.593871    6566.687399    6701.791317    7055.517939    7195.534726    7561.894441    7706.824217    8085.817023    
1.518436    0.623083    3.087874    15.788436    23.025393    48.466243    60.528956    98.691217    115.579159    166.462368    188.175476    251.779550    278.317808    354.642724    386.006127    475.051876    511.240420    613.006998    654.020684    768.508088    814.346915    941.555144    992.219112    1132.148166    1187.637274    1340.287152    1400.601400    1565.972103    1631.111491    1809.203017    1879.167546    2069.979896    2144.769564    2348.302738    2427.917547    2644.171544    2728.611493    2957.586314    3046.851402    3288.547047    3382.637275    3637.053744    3735.969112    4003.106404    4106.846912    4386.705028    4495.270676    4787.849615    4901.240403    5206.540165    5324.756094    5642.776679    5765.817748    6096.559157    6224.425365    6567.887598    6700.578946    7056.762002    7194.278490    7563.182370    7705.524116    8087.148817    
1.528908    0.638586    3.060423    15.848247    22.953624    48.569927    60.413318    98.838767    115.419656    166.653783    187.972107    252.014831    278.070575    354.921870    385.715028    475.374886    510.905457    613.373873    653.641856    768.918828    813.924222    942.009749    991.752554    1132.646636    1187.126851    1340.829487    1400.047112    1566.558302    1630.513338    1809.833082    1878.525528    2070.653825    2144.083682    2349.020533    2427.187799    2644.933203    2727.837880    2958.391838    3046.033925    3289.396436    3381.775933    3637.946998    3735.063905    4004.043523    4105.897840    4387.686011    4494.277739    4788.874464    4900.203601    5207.608879    5323.675427    5643.889258    5764.693216    6097.715600    6223.256968    6569.087906    6699.366684    7058.006176    7193.022364    7564.470408    7704.224125    8088.480720    
1.539380    0.654182    3.033098    15.908169    22.881965    48.673721    60.297790    98.986427    115.260262    166.845308    187.768848    252.250221    277.823451    355.201124    385.424039    475.698006    510.570603    613.740858    653.263137    769.329677    813.501638    942.464464    991.286105    1133.145215    1186.616537    1341.371931    1399.492934    1567.144612    1629.915295    1810.463256    1877.883620    2071.327864    2143.397909    2349.738437    2426.458161    2645.694972    2727.064377    2959.197472    3045.216557    3290.245935    3380.914700    3638.840361    3734.158807    4004.980751    4104.948878    4388.667105    4493.284911    4789.899422    4899.166909    5208.677702    5322.594869    5645.001946    5763.568794    6098.872154    6222.088681    6570.288324    6698.154532    7059.250458    7191.766347    7565.758556    7702.924243    8089.812732    
1.549852    0.669870    3.005900    15.968199    22.810415    48.777625    60.182371    99.134196    115.100978    167.036943    187.565699    252.485720    277.576437    355.480489    385.133160    476.021235    510.235859    614.107952    652.884528    769.740637    813.079164    942.919288    990.819766    1133.643904    1186.106334    1341.914485    1398.938865    1567.731031    1629.317361    1811.093540    1877.241821    2072.002013    2142.712245    2350.456450    2425.728633    2646.456851    2726.290984    2960.003215    3044.399299    3291.095543    3380.053577    3639.733835    3733.253819    4005.918090    4104.000025    4389.648308    4492.292194    4790.924490    4898.130326    5209.746635    5321.514422    5646.114744    5762.444481    6100.028816    6220.920504    6571.488852    6696.942490    7060.494851    7190.510440    7567.046814    7701.624471    8091.144855    
1.560324    0.685649    2.978831    16.028340    22.738975    48.881638    60.067063    99.282076    114.941804    167.228687    187.362660    252.721330    277.329532    355.759963    384.842391    476.344574    509.901225    614.475156    652.506029    770.151706    812.656800    943.374222    990.353537    1134.142703    1185.596239    1342.457149    1398.384906    1568.317559    1628.719537    1811.723934    1876.600133    2072.676272    2142.026692    2351.174574    2424.999214    2647.218839    2725.517701    2960.809069    3043.582151    3291.945261    3379.192564    3640.627418    3732.348941    4006.855538    4103.051282    4390.629621    4491.299586    4791.949668    4897.093853    5210.815678    5320.434084    5647.227652    5761.320278    6101.185589    6219.752436    6572.689489    6695.730558    7061.739353    7189.254642    7568.335181    7700.324808    8092.477087    
1.570796    0.701517    2.951891    16.088590    22.667645    48.985761    59.951863    99.430064    114.782739    167.420541    187.159730    252.957049    277.082737    356.039547    384.551731    476.668023    509.566700    614.842470    652.127639    770.562884    812.234545    943.829265    989.887418    1134.641612    1185.086255    1342.999922    1397.831057    1568.904198    1628.121823    1812.354437    1875.958553    2073.350640    2141.341247    2351.892807    2424.269905    2647.980937    2724.744527    2961.615031    3042.765112    3292.795089    3378.331660    3641.521110    3731.444173    4007.793095    4102.102648    4391.611043    4490.307087    4792.974955    4896.057490    5211.884830    5319.353856    5648.340669    5760.196185    6102.342471    6218.584478    6573.890236    6694.518735    7062.983965    7187.998954    7569.623658    7699.025256    8093.809429    
1.581268    0.717474    2.925083    16.148950    22.596424    49.089993    59.836774    99.578163    114.623784    167.612505    186.956910    253.192877    276.836052    356.319241    384.261181    476.991582    509.232285    615.209893    651.749359    770.974173    811.812401    944.284419    989.421408    1135.140630    1184.576380    1343.542805    1397.277317    1569.490946    1627.524219    1812.985050    1875.317084    2074.025118    2140.655913    2352.611149    2423.540706    2648.743145    2723.971463    2962.421104    3041.948183    3293.645027    3377.470866    3642.414913    3730.539514    4008.730762    4101.154124    4392.592576    4489.314699    4794.000352    4895.021236    5212.954092    5318.273737    5649.453796    5759.072202    6103.499463    6217.416630    6575.091093    6693.307021    7064.228687    7186.743376    7570.912244    7697.725813    8095.141880    
1.591740    0.733518    2.898406    16.209420    22.525313    49.194335    59.721794    99.726371    114.464938    167.804578    186.754199    253.428815    276.589477    356.599044    383.970741    477.315250    508.897980    615.577426    651.371189    771.385571    811.390365    944.739682    988.955508    1135.639758    1184.066615    1344.085798    1396.723687    1570.077803    1626.926724    1813.615772    1874.675724    2074.699705    2139.970688    2353.329602    2422.811616    2649.505462    2723.198508    2963.227286    3041.131363    3294.495074    3376.610182    3643.308825    3729.634964    4009.668539    4100.205710    4393.574217    4488.322420    4795.025859    4893.985092    5214.023464    5317.193728    5650.567032    5757.948328    6104.656564    6216.248891    6576.292059    6692.095418    7065.473518    7185.487908    7572.200940    7696.426479    8096.474441    
1.602212    0.749648    2.871862    16.269999    22.454312    49.298787    59.606924    99.874689    114.306203    167.996761    186.551598    253.664863    276.343011    356.878957    383.680410    477.639027    508.563784    615.945069    650.993128    771.797078    810.968440    945.195054    988.489717    1136.138995    1183.556960    1344.628901    1396.170167    1570.664770    1626.329339    1814.246604    1874.034474    2075.374402    2139.285573    2354.048164    2422.082636    2650.267889    2722.425663    2964.033578    3040.314654    3295.345230    3375.749607    3644.202846    3728.730525    4010.606426    4099.257406    4394.555969    4487.330250    4796.051475    4892.949058    5215.092945    5316.113829    5651.680379    5756.824564    6105.813775    6215.081262    6577.493136    6690.883924    7066.718459    7184.232549    7573.489746    7695.127255    8097.807112    
1.612684    0.765862    2.845454    16.330689    22.383421    49.403349    59.492163    100.023116    114.147577    168.189054    186.349107    253.901021    276.096655    357.158979    383.390189    477.962915    508.229698    616.312821    650.615177    772.208696    810.546624    945.650536    988.024036    1136.638342    1183.047414    1345.172113    1395.616757    1571.251847    1625.732063    1814.877546    1873.393334    2076.049209    2138.600568    2354.766836    2421.353766    2651.030426    2721.652928    2964.839979    3039.498053    3296.195497    3374.889142    3645.096978    3727.826195    4011.544422    4098.309211    4395.537830    4486.338190    4797.077201    4891.913133    5216.162536    5315.034040    5652.793834    5755.700910    6106.971096    6213.913743    6578.694321    6689.672539    7067.963510    7182.977300    7574.778662    7693.828141    8099.139892    
1.623156    0.782159    2.819182    16.391487    22.312639    49.508020    59.377513    100.171653    113.989060    168.381456    186.146726    254.137288    275.850408    357.439112    383.100077    478.286912    507.895721    616.680683    650.237336    772.620423    810.124918    946.106128    987.558465    1137.137799    1182.537978    1345.715434    1395.063456    1571.839034    1625.134897    1815.508598    1872.752303    2076.724125    2137.915672    2355.485617    2420.625006    2651.793072    2720.880302    2965.646491    3038.681563    3297.045873    3374.028787    3645.991219    3726.921975    4012.482528    4097.361126    4396.519801    4485.346240    4798.103037    4890.877318    5217.232237    5313.954360    5653.907400    5754.577365    6108.128527    6212.746333    6579.895617    6688.461265    7069.208670    7181.722160    7576.067687    7692.529137    8100.472782    
1.633628    0.798538    2.793047    16.452396    22.241967    49.612801    59.262971    100.320300    113.830653    168.573968    185.944454    254.373665    275.604271    357.719353    382.810075    478.611019    507.561855    617.048655    649.859604    773.032259    809.703321    946.561830    987.093004    1137.637365    1182.028652    1346.258866    1394.510264    1572.426330    1624.537841    1816.139759    1872.111382    2077.399152    2137.230886    2356.204508    2419.896355    2652.555828    2720.107787    2966.453111    3037.865182    3297.896359    3373.168541    3646.885569    3726.017864    4013.420744    4096.413150    4397.501881    4484.354400    4799.128982    4889.841613    5218.302047    5312.874790    5655.021075    5753.453930    6109.286067    6211.579033    6581.097022    6687.250100    7070.453940    7180.467130    7577.356822    7691.230242    8101.805782    
1.644100    0.814995    2.767053    16.513414    22.171404    49.717691    59.148540    100.469056    113.672356    168.766589    185.742292    254.610152    275.358244    357.999705    382.520183    478.935235    507.228098    617.416737    649.481982    773.444206    809.281834    947.017641    986.627652    1138.137042    1181.519435    1346.802407    1393.957183    1573.013736    1623.940894    1816.771030    1871.470570    2078.074287    2136.546210    2356.923509    2419.167813    2653.318693    2719.335380    2967.259842    3037.048911    3298.746954    3372.308405    3647.780030    3725.113863    4014.359069    4095.465284    4398.484071    4483.362669    4800.155038    4888.806017    5219.371967    5311.795329    5656.134860    5752.330604    6110.443716    6210.411843    6582.298536    6686.039045    7071.699319    7179.212210    7578.646066    7689.931457    8103.138891    
1.654572    0.831530    2.741201    16.574542    22.100952    49.822692    59.034218    100.617922    113.514169    168.959320    185.540239    254.846748    275.112326    358.280166    382.230401    479.259561    506.894450    617.784928    649.104470    773.856262    808.860457    947.473562    986.162410    1138.636827    1181.010328    1347.346057    1393.404211    1573.601252    1623.344057    1817.402410    1870.829868    2078.749533    2135.861643    2357.642619    2418.439382    2654.081669    2718.563084    2968.066682    3036.232750    3299.597659    3371.448379    3648.674600    3724.209972    4015.297504    4094.517528    4399.466371    4482.371048    4801.181202    4887.770531    5220.441997    5310.715978    5657.248755    5751.207388    6111.601476    6209.244762    6583.500161    6684.828099    7072.944809    7177.957399    7579.935420    7688.632782    8104.472111    
1.665044    0.848140    2.715493    16.635780    22.030609    49.927801    58.920006    100.766898    113.356091    169.152161    185.338296    255.083454    274.866519    358.560737    381.940728    479.583997    506.560912    618.153228    648.727067    774.268427    808.439189    947.929592    985.697277    1139.136723    1180.501330    1347.889818    1392.851348    1574.188877    1622.747330    1818.033901    1870.189276    2079.424888    2135.177186    2358.361839    2417.711060    2654.844754    2717.790897    2968.873632    3035.416698    3300.448474    3370.588462    3649.569279    3723.306190    4016.236048    4093.569882    4400.448781    4481.379537    4802.207477    4886.735155    5221.512136    5309.636737    5658.362759    5750.084282    6112.759345    6208.077791    6584.701895    6683.617263    7074.190408    7176.702699    7581.224884    7687.334216    8105.805439    
1.675516    0.864822    2.689932    16.697128    21.960375    50.033021    58.805903    100.915983    113.198123    169.345112    185.136463    255.320269    274.620820    358.841418    381.651165    479.908543    506.227484    618.521639    648.349774    774.680703    808.018031    948.385733    985.232254    1139.636728    1179.992443    1348.433688    1392.298596    1574.776612    1622.150713    1818.665500    1869.548794    2080.100353    2134.492839    2359.081169    2416.982847    2655.607948    2717.018820    2969.680691    3034.600756    3301.299398    3369.728655    3650.464069    3722.402518    4017.174702    4092.622345    4401.431300    4480.388135    4803.233861    4885.699888    5222.582385    5308.557605    5659.476873    5748.961286    6113.917324    6206.910930    6585.903738    6682.406537    7075.436116    7175.448107    7582.514458    7686.035760    8107.138878    
1.685988    0.881574    2.664520    16.758585    21.890252    50.138350    58.691911    101.065178    113.040265    169.538172    184.934739    255.557195    274.375232    359.122208    381.361711    480.233198    505.894166    618.890159    647.972591    775.093087    807.596983    948.841982    984.767341    1140.136843    1179.483665    1348.977668    1391.745953    1575.364457    1621.554205    1819.297210    1868.908421    2080.775927    2133.808601    2359.800608    2416.254745    2656.371252    2716.246852    2970.487861    3033.784923    3302.150432    3368.868958    3651.358968    3721.498956    4018.113466    4091.674918    4402.413929    4479.396843    4804.260354    4884.664731    5223.652743    5307.478583    5660.591096    5747.838399    6115.075412    6205.744178    6587.105692    6681.195920    7076.681934    7174.193626    7583.804141    7684.737413    8108.472426    
1.696460    0.898394    2.639260    16.820152    21.820238    50.243789    58.578027    101.214483    112.882516    169.731342    184.733125    255.794229    274.129753    359.403108    381.072367    480.557963    505.560957    619.258788    647.595517    775.505582    807.176044    949.298342    984.302538    1140.637067    1178.974996    1349.521757    1391.193419    1575.952411    1620.957806    1819.929029    1868.268158    2081.451611    2133.124473    2360.520157    2415.526752    2657.134666    2715.474994    2971.295139    3032.969200    3303.001576    3368.009370    3652.253976    3720.595503    4019.052340    4090.727600    4403.396667    4478.405660    4805.286958    4883.629684    5224.723212    5306.399671    5661.705429    5746.715622    6116.233610    6204.577536    6588.307755    6679.985413    7077.927862    7172.939254    7585.093934    7683.439177    8109.806083    
1.706932    0.915277    2.614155    16.881828    21.750333    50.349338    58.464254    101.363897    112.724877    169.924622    184.531621    256.031374    273.884384    359.684117    380.783133    480.882837    505.227858    619.627528    647.218553    775.918186    806.755215    949.754811    983.837844    1141.137401    1178.466437    1350.065956    1390.640996    1576.540475    1620.361518    1820.560958    1867.628004    2082.127405    2132.440454    2361.239816    2414.798868    2657.898190    2714.703246    2972.102528    3032.153587    3303.852829    3367.149892    3653.149094    3719.692160    4019.991323    4089.780392    4404.379515    4477.414588    4806.313671    4882.594746    5225.793790    5305.320869    5662.819872    5745.592954    6117.391918    6203.411003    6589.509927    6678.775016    7079.173900    7171.684992    7586.383836    7682.141049    8111.139851    
1.717404    0.932221    2.589209    16.943615    21.680539    50.454996    58.350590    101.513421    112.567347    170.118011    184.330227    256.268628    273.639124    359.965236    380.494009    481.207821    504.894869    619.996377    646.841699    776.330900    806.334496    950.211390    983.373260    1141.637845    1177.957988    1350.610265    1390.088682    1577.128648    1619.765339    1821.192996    1866.987960    2082.803308    2131.756546    2361.959584    2414.071095    2658.661823    2713.931608    2972.910026    3031.338084    3304.704192    3366.290524    3654.044322    3718.788927    4020.930416    4088.833294    4405.362473    4476.423624    4807.340493    4881.559918    5226.864477    5304.242176    5663.934425    5744.470396    6118.550335    6202.244581    6590.712209    6677.564728    7080.420047    7170.430839    7587.673848    7680.843032    8112.473728    
1.727876    0.949222    2.564425    17.005511    21.610854    50.560764    58.237036    101.663055    112.409927    170.311510    184.128942    256.505992    273.393974    360.246465    380.204994    481.532915    504.561989    620.365335    646.464954    776.743724    805.913887    950.668079    982.908785    1142.138398    1177.449649    1351.154683    1389.536477    1577.716932    1619.169270    1821.825145    1866.348026    2083.479321    2131.072747    2362.679462    2413.343431    2659.425566    2713.160079    2973.717634    3030.522690    3305.555665    3365.431265    3654.939660    3717.885804    4021.869618    4087.886306    4406.345540    4475.432771    4808.367426    4880.525200    5227.935274    5303.163592    5665.049087    5743.347948    6119.708862    6201.078267    6591.914601    6676.354550    7081.666304    7169.176796    7588.963970    7679.545124    8113.807714    
1.738348    0.966275    2.539809    17.067517    21.541279    50.666641    58.123591    101.812799    112.252617    170.505118    183.927766    256.743466    273.148934    360.527804    379.916089    481.858118    504.229219    620.734404    646.088319    777.156657    805.493387    951.124877    982.444420    1142.639061    1176.941419    1351.699211    1388.984382    1578.305325    1618.573310    1822.457402    1865.708202    2084.155444    2130.389057    2363.399449    2412.615876    2660.189419    2712.388659    2974.525351    3029.707406    3306.407248    3364.572116    3655.835107    3716.982790    4022.808931    4086.939427    4407.328717    4474.442027    4809.394468    4879.490591    5229.006181    5302.085119    5666.163859    5742.225610    6120.867499    6199.912064    6593.117103    6675.144482    7082.912671    7167.922863    7590.254201    7678.247326    8115.141811    
1.748820    0.983376    2.515364    17.129632    21.471813    50.772628    58.010257    101.962652    112.095417    170.698836    183.726701    256.981049    272.904003    360.809252    379.627293    482.183431    503.896558    621.103582    645.711794    777.569700    805.072996    951.581785    981.980165    1143.139834    1176.433299    1352.243849    1388.432397    1578.893827    1617.977460    1823.089770    1865.068487    2084.831676    2129.705477    2364.119547    2411.888432    2660.953381    2711.617350    2975.333178    3028.892231    3307.258940    3363.713077    3656.730664    3716.079885    4023.748352    4085.992657    4408.312004    4473.451393    4810.421619    4878.456092    5230.077198    5301.006755    5667.278740    5741.103381    6122.026245    6198.745970    6594.319714    6673.934523    7084.159147    7166.669039    7591.544542    7676.949638    8116.476017    
1.759292    1.000520    2.491095    17.191857    21.402457    50.878725    57.897031    102.112614    111.938326    170.892664    183.525745    257.218742    272.659182    361.090809    379.338607    482.508854    503.564007    621.472869    645.335378    777.982853    804.652716    952.038802    981.516020    1143.640717    1175.925288    1352.788596    1387.880522    1579.482439    1617.381720    1823.722247    1864.428882    2085.508018    2129.022007    2364.839754    2411.161097    2661.717453    2710.846150    2976.141115    3028.077167    3308.110741    3362.854147    3657.626331    3715.177091    4024.687884    4085.045998    4409.295401    4472.460869    4811.448881    4877.421703    5231.148324    5299.928501    5668.393731    5739.981262    6123.185102    6197.579986    6595.522435    6672.724674    7085.405733    7165.415326    7592.834993    7675.652059    8117.810332    
1.769764    1.017700    2.467008    17.254192    21.333211    50.984932    57.783916    102.262687    111.781345    171.086602    183.324899    257.456544    272.414471    361.372477    379.050031    482.834387    503.231566    621.842267    644.959072    778.396115    804.232545    952.495929    981.051984    1144.141709    1175.417388    1353.333453    1387.328756    1580.071161    1616.786089    1824.354834    1863.789386    2086.184470    2128.338647    2365.560070    2410.433871    2662.481634    2710.075060    2976.949162    3027.262211    3308.962653    3361.995327    3658.522107    3714.274406    4025.627525    4084.099448    4410.278907    4471.470454    4812.476252    4876.387423    5232.219560    5298.850356    5669.508832    5738.859252    6124.344067    6196.414112    6596.725266    6671.514935    7086.652428    7164.161721    7594.125554    7674.354590    8119.144758    
1.780236    1.034911    2.443111    17.316637    21.264075    51.091248    57.670910    102.412869    111.624473    171.280649    183.124162    257.694456    272.169870    361.654254    378.761564    483.160029    502.899235    622.211774    644.582875    778.809487    803.812483    952.953166    980.588057    1144.642810    1174.909597    1353.878420    1386.777100    1580.659993    1616.190568    1824.987530    1863.150000    2086.861032    2127.655396    2366.280497    2409.706756    2663.245925    2709.304079    2977.757318    3026.447366    3309.814674    3361.136616    3659.417993    3713.371830    4026.567276    4083.153008    4411.262522    4470.480149    4813.503732    4875.353253    5233.290906    5297.772321    5670.624042    5737.737352    6125.503143    6195.248347    6597.928206    6670.305305    7087.899233    7162.908227    7595.416224    7673.057230    8120.479293    
1.790708    1.052145    2.419409    17.379191    21.195048    51.197674    57.558014    102.563160    111.467712    171.474806    182.923535    257.932478    271.925378    361.936141    378.473208    483.485780    502.567013    622.581390    644.206789    779.222968    803.392532    953.410513    980.124241    1145.144022    1174.401915    1354.423496    1386.225554    1581.248934    1615.595157    1825.620336    1862.510724    2087.537703    2126.972255    2367.001033    2408.979750    2664.010326    2708.533208    2978.565583    3025.632630    3310.666804    3360.278016    3660.313989    3712.469365    4027.507136    4082.206677    4412.246248    4469.489953    4814.531323    4874.319193    5234.362361    5296.694396    5671.739363    5736.615562    6126.662328    6194.082692    6599.131256    6669.095785    7089.146148    7161.654842    7596.707004    7671.759980    8121.813937    
1.801180    1.069395    2.395911    17.441855    21.126131    51.304209    57.445227    102.713562    111.311059    171.669072    182.723018    258.170610    271.680995    362.218137    378.184960    483.811642    502.234901    622.951117    643.830812    779.636560    802.972690    953.867969    979.660534    1145.645343    1173.894343    1354.968682    1385.674117    1581.837985    1614.999855    1826.253252    1861.871558    2088.214483    2126.289224    2367.721678    2408.252853    2664.774837    2707.762447    2979.373959    3024.818004    3311.519045    3359.419524    3661.210094    3711.567009    4028.447107    4081.260456    4413.230083    4468.499867    4815.559023    4873.285242    5235.433926    5295.616580    5672.854792    5735.493882    6127.821622    6192.917146    6600.334416    6667.886375    7090.393173    7160.401567    7597.997893    7670.462840    8123.148692    
1.811652    1.086651    2.372626    17.504629    21.057324    51.410855    57.332550    102.864073    111.154517    171.863448    182.522610    258.408851    271.436723    362.500243    377.896823    484.137613    501.902898    623.320953    643.454944    780.050261    802.552957    954.325534    979.196937    1146.146774    1173.386881    1355.513977    1385.122790    1582.427146    1614.404663    1826.886278    1861.232501    2088.891374    2125.606302    2368.442433    2407.526067    2665.539457    2706.991795    2980.182444    3024.003487    3312.371395    3358.561143    3662.106309    3710.664762    4029.387186    4080.314345    4414.214028    4467.509891    4816.586832    4872.251401    5236.505600    5294.538874    5673.970332    5734.372311    6128.981027    6191.751711    6601.537685    6666.677074    7091.640307    7159.148401    7599.288892    7669.165810    8124.483556    
1.822124    1.103904    2.349564    17.567512    20.988626    51.517610    57.219983    103.014693    110.998084    172.057934    182.322312    258.647202    271.192560    362.782459    377.608795    484.463693    501.571006    623.690898    643.079186    780.464071    802.133335    954.783210    978.733449    1146.648314    1172.879529    1356.059383    1384.571573    1583.016416    1613.809581    1827.519413    1860.593553    2089.568374    2124.923490    2369.163298    2406.799390    2666.304187    2706.221253    2980.991039    3023.189081    3313.223854    3357.702871    3663.002633    3709.762626    4030.327376    4079.368343    4415.198082    4466.520025    4817.614751    4871.217670    5237.577384    5293.461278    5675.085981    5733.250849    6130.140541    6190.586385    6602.741064    6665.467883    7092.887551    7157.895345    7600.580001    7667.868889    8125.818529    
1.832596    1.121141    2.326736    17.630506    20.920038    51.624474    57.107526    103.165424    110.841761    172.252530    182.122124    258.885662    270.948507    363.064785    377.320877    484.789884    501.239222    624.060954    642.703538    780.877991    801.713822    955.240995    978.270071    1147.149964    1172.372286    1356.604898    1384.020465    1583.605796    1613.214608    1828.152658    1859.954716    2090.245483    2124.240787    2369.884273    2406.072822    2667.069026    2705.450821    2981.799743    3022.374783    3314.076424    3356.844709    3663.899068    3708.860599    4031.267675    4078.422452    4416.182246    4465.530268    4818.642780    4870.184048    5238.649278    5292.383791    5676.201740    5732.129498    6131.300164    6189.421168    6603.944553    6664.258802    7094.134904    7156.642399    7601.871219    7666.572078    8127.153613    
1.843068    1.138351    2.304155    17.693608    20.851560    51.731448    56.995178    103.316264    110.685547    172.447235    181.922045    259.124232    270.704563    363.347220    377.033068    485.116184    500.907549    624.431119    642.328000    781.292021    801.294418    955.698890    977.806803    1147.651724    1171.865153    1357.150522    1383.469467    1584.195285    1612.619745    1828.786012    1859.315988    2090.922703    2123.558194    2370.605357    2405.346365    2667.833975    2704.680498    2982.608557    3021.560596    3314.929103    3355.986657    3664.795611    3707.958681    4032.208084    4077.476669    4417.166520    4464.540621    4819.670919    4869.150536    5239.721282    5291.306414    5677.317608    5731.008256    6132.459898    6188.256061    6605.148151    6663.049830    7095.382367    7155.389562    7603.162547    7665.275376    8128.488806    
1.853540    1.155518    2.281836    17.756821    20.783191    51.838532    56.882940    103.467213    110.529444    172.642050    181.722076    259.362912    270.460729    363.629765    376.745369    485.442594    500.575985    624.801393    641.952571    781.706161    800.875125    956.156894    977.343644    1148.153593    1171.358129    1357.696257    1382.918579    1584.784884    1612.024992    1829.419476    1858.677370    2091.600032    2122.875711    2371.326551    2404.620016    2668.599034    2703.910285    2983.417481    3020.746518    3315.781891    3355.128714    3665.692265    3707.056874    4033.148602    4076.530997    4418.150903    4463.551083    4820.699167    4868.117133    5240.793395    5290.229147    5678.433586    5729.887124    6133.619741    6187.091064    6606.351859    6661.840968    7096.629940    7154.136835    7604.453985    7663.978784    8129.824108    
1.864012    1.172627    2.259795    17.820143    20.714932    51.945726    56.770811    103.618273    110.373449    172.836974    181.522217    259.601702    270.217005    363.912419    376.457780    485.769113    500.244531    625.171778    641.577252    782.120410    800.455941    956.615008    976.880595    1148.655572    1170.851215    1358.242101    1382.367800    1585.374593    1611.430348    1830.053050    1858.038861    2092.277470    2122.193338    2372.047855    2403.893778    2669.364203    2703.140182    2984.226514    3019.932550    3316.634790    3354.270881    3666.589028    3706.155176    4034.089230    4075.585434    4419.135396    4462.561655    4821.727525    4867.083841    5241.865618    5289.151989    5679.549674    5728.766101    6134.779693    6185.926177    6607.555676    6660.632216    7097.877623    7152.884218    7605.745532    7662.682302    8131.159521    
1.874484    1.189657    2.238051    17.883575    20.646783    52.053029    56.658792    103.769442    110.217565    173.032008    181.322468    259.840601    269.973390    364.195183    376.170300    486.095742    499.913186    625.542272    641.202043    782.534769    800.036866    957.073232    976.417656    1149.157661    1170.344411    1358.788054    1381.817131    1585.964412    1610.835814    1830.686733    1857.400462    2092.955019    2121.511074    2372.769268    2403.167649    2670.129481    2702.370188    2985.035657    3019.118691    3317.487798    3353.413157    3667.485901    3705.253587    4035.029968    4074.639981    4420.119999    4461.572337    4822.755993    4866.050657    5242.937950    5288.074941    5680.665871    5727.645188    6135.939756    6184.761399    6608.759604    6659.423573    7099.125415    7151.631710    7607.037189    7661.385930    8132.495043    
1.884956    1.206588    2.216625    17.947117    20.578744    52.160442    56.546883    103.920720    110.061790    173.227152    181.122828    260.079610    269.729885    364.478057    375.882930    486.422481    499.581952    625.912875    640.826943    782.949237    799.617902    957.531566    975.954827    1149.659859    1169.837717    1359.334117    1381.266571    1586.554340    1610.241390    1831.320526    1856.762173    2093.632677    2120.828920    2373.490791    2402.441630    2670.894869    2701.600305    2985.844910    3018.304942    3318.340915    3352.555544    3668.382884    3704.352109    4035.970816    4073.694637    4421.104711    4460.583129    4823.784570    4865.017584    5244.010393    5286.998003    5681.782178    5726.524385    6137.099928    6183.596731    6609.963640    6658.215040    7100.373317    7150.379312    7608.328956    7660.089667    8133.830674    
1.895428    1.223395    2.195544    18.010769    20.510814    52.267964    56.435084    104.072109    109.906125    173.422406    180.923297    260.318728    269.486490    364.761040    375.595670    486.749329    499.250826    626.283588    640.451953    783.363816    799.199047    957.990009    975.492107    1150.162167    1169.331132    1359.880290    1380.716121    1587.144378    1609.647075    1831.954429    1856.123993    2094.310444    2120.146875    2374.212423    2401.715721    2671.660366    2700.830530    2986.654273    3017.491303    3319.194142    3351.698040    3669.279976    3703.450739    4036.911773    4072.749403    4422.089533    4459.594030    4824.813257    4863.984620    5245.082944    5285.921174    5682.898595    5725.403691    6138.260209    6182.432172    6611.167787    6657.006616    7101.621328    7149.127024    7609.620833    7658.793513    8135.166416    
1.905900    1.240049    2.174834    18.074530    20.442994    52.375597    56.323394    104.223607    109.750569    173.617769    180.723877    260.557956    269.243204    365.044133    375.308520    487.076287    498.919811    626.654411    640.077072    783.778503    798.780301    958.448562    975.029496    1150.664585    1168.824657    1360.426573    1380.165781    1587.734525    1609.052870    1832.588442    1855.485924    2094.988322    2119.464940    2374.934166    2400.989921    2672.425973    2700.060866    2987.463745    3016.677774    3320.047479    3350.840645    3670.177178    3702.549480    4037.852840    4071.804279    4423.074465    4458.605041    4825.842054    4862.951766    5246.155606    5284.844455    5684.015122    5724.283108    6139.420601    6181.267723    6612.372043    6655.798303    7102.869449    7147.874845    7610.912819    7657.497470    8136.502266    
1.916372    1.256517    2.154528    18.138401    20.375283    52.483338    56.211814    104.375214    109.595124    173.813241    180.524566    260.797294    269.000028    365.327336    375.021479    487.403355    498.588905    627.025344    639.702302    784.193301    798.361666    958.907224    974.566996    1151.167112    1168.318291    1360.972965    1379.615551    1588.324782    1608.458775    1833.222564    1854.847963    2095.666309    2118.783115    2375.656018    2400.264231    2673.191690    2699.291311    2988.273326    3015.864354    3320.900926    3349.983360    3671.074489    3701.648330    4038.794016    4070.859264    4424.059506    4457.616161    4826.870960    4861.919022    5247.228377    5283.767846    5685.131758    5723.162633    6140.581102    6180.103384    6613.576409    6654.590099    7104.117680    7146.622776    7612.204914    7656.201536    8137.838227    
1.926843    1.272763    2.134665    18.202381    20.307683    52.591190    56.100343    104.526931    109.439787    174.008824    180.325364    261.036741    268.756962    365.610649    374.734547    487.730532    498.258109    627.396386    639.327640    784.608208    797.943140    959.365996    974.104605    1151.669749    1167.812035    1361.519467    1379.065430    1588.915149    1607.864789    1833.856795    1854.210113    2096.344405    2118.101400    2376.377979    2399.538651    2673.957517    2698.521865    2989.083018    3015.051043    3321.754482    3349.126185    3671.971910    3700.747290    4039.735302    4069.914359    4425.044657    4456.627391    4827.899976    4860.886387    5248.301258    5282.691346    5686.248503    5722.042269    6141.741712    6178.939155    6614.780885    6653.382004    7105.366021    7145.370817    7613.497120    7654.905712    8139.174297    
1.937315    1.288742    2.115288    18.266471    20.240192    52.699151    55.988982    104.678758    109.284561    174.204516    180.126273    261.276299    268.514005    365.894071    374.447726    488.057819    497.927422    627.767538    638.953089    785.023225    797.524723    959.824878    973.642324    1152.172496    1167.305889    1362.066079    1378.515419    1589.505626    1607.270913    1834.491137    1853.572372    2097.022612    2117.419794    2377.100050    2398.813180    2674.723453    2697.752530    2989.892819    3014.237843    3322.608148    3348.269120    3672.869441    3699.846360    4040.676698    4068.969564    4426.029918    4455.638731    4828.929101    4859.853862    5249.374248    5281.614956    5687.365359    5720.922014    6142.902433    6177.775035    6615.985470    6652.174019    7106.614471    7144.118967    7614.789435    7653.609997    8140.510477    
1.947787    1.304404    2.096448    18.330671    20.172810    52.807222    55.877731    104.830695    109.129444    174.400318    179.927291    261.515965    268.271158    366.177602    374.161014    488.385216    497.596845    628.138800    638.578647    785.438351    797.106417    960.283869    973.180152    1152.675352    1166.799852    1362.612800    1377.965518    1590.096212    1606.677147    1835.125588    1852.934740    2097.700928    2116.738298    2377.822231    2398.087819    2675.489499    2696.983304    2990.702729    3013.424752    3323.461924    3347.412164    3673.767082    3698.945539    4041.618203    4068.024878    4427.015288    4454.650181    4829.958337    4858.821446    5250.447349    5280.538676    5688.482324    5719.801869    6144.063263    6176.611025    6617.190165    6650.966144    7107.863030    7142.867227    7616.081859    7652.314392    8141.846767    
1.958259    1.319690    2.078202    18.394981    20.105539    52.915403    55.766589    104.982741    108.974437    174.596229    179.728418    261.755742    268.028421    366.461244    373.874412    488.712722    497.266378    628.510171    638.204315    785.853588    796.688219    960.742970    972.718090    1153.178318    1166.293926    1363.159631    1377.415726    1590.686908    1606.083490    1835.760149    1852.297219    2098.379353    2116.056911    2378.544522    2397.362567    2676.255654    2696.214187    2991.512750    3012.611771    3324.315809    3346.555318    3674.664832    3698.044828    4042.559818    4067.080302    4428.000768    4453.661740    4830.987682    4857.789141    5251.520558    5279.462505    5689.599399    5718.681833    6145.224202    6175.447124    6618.394969    6649.758379    7109.111700    7141.615597    7617.374394    7651.018897    8143.183166    
1.968731    1.334534    2.060618    18.459400    20.038377    53.023693    55.655558    105.134897    108.819539    174.792250    179.529656    261.995628    267.785793    366.744995    373.587919    489.040338    496.936021    628.881652    637.830093    786.268933    796.270132    961.202181    972.256138    1153.681394    1165.788108    1363.706571    1376.866044    1591.277713    1605.489943    1836.394819    1851.659807    2099.057889    2115.375634    2379.266922    2396.637426    2677.021919    2695.445181    2992.322880    3011.798899    3325.169804    3345.698581    3675.562692    3697.144227    4043.501543    4066.135836    4428.986358    4452.673408    4832.017136    4856.756945    5252.593878    5278.386444    5690.716583    5717.561907    6146.385252    6174.283333    6619.599884    6648.550723    7110.360479    7140.364076    7618.667038    7649.723512    8144.519675    
1.979203    1.348857    2.043773    18.523930    19.971324    53.132093    55.544635    105.287163    108.664751    174.988381    179.331003    262.235624    267.543275    367.028856    373.301536    489.368064    496.605773    629.253243    637.455980    786.684389    795.852154    961.661502    971.794295    1154.184579    1165.282401    1364.253622    1376.316471    1591.868628    1604.896506    1837.029599    1851.022505    2099.736534    2114.694467    2379.989432    2395.912394    2677.788294    2694.676284    2993.133119    3010.986137    3326.023909    3344.841954    3676.460661    3696.243735    4044.443378    4065.191479    4429.972057    4451.685187    4833.046700    4855.724858    5253.667307    5277.310493    5691.833877    5716.442091    6147.546411    6173.119652    6620.804907    6647.343177    7111.609368    7139.112665    7619.959791    7648.428236    8145.856294    
1.989675    1.362573    2.027755    18.588568    19.904382    53.240602    55.433823    105.439538    108.510073    175.184622    179.132459    262.475729    267.300867    367.312826    373.015263    489.695899    496.275634    629.624943    637.081977    787.099954    795.434286    962.120932    971.332562    1154.687874    1164.776803    1364.800782    1375.767008    1592.459653    1604.303178    1837.664489    1850.385312    2100.415288    2114.013410    2380.712051    2395.187471    2678.554778    2693.907496    2993.943469    3010.173485    3326.878123    3343.985437    3677.358741    3695.343353    4045.385322    4064.247232    4430.957866    4450.697075    4834.076374    4854.692881    5254.740846    5276.234651    5692.951281    5715.322384    6148.707679    6171.956081    6622.010041    6646.135741    7112.858366    7137.861364    7621.252655    7647.133069    8147.193022    
2.000147    1.375579    2.012666    18.653317    19.837549    53.349221    55.323120    105.592023    108.355505    175.380972    178.934026    262.715944    267.058568    367.596906    372.729099    490.023844    495.945606    629.996753    636.708083    787.515629    795.016528    962.580471    970.870939    1155.191279    1164.271315    1365.348051    1375.217655    1593.050788    1603.709960    1838.299488    1849.748229    2101.094152    2113.332462    2381.434781    2394.462658    2679.321372    2693.138819    2994.753928    3009.360942    3327.732447    3343.129030    3678.256929    3694.443081    4046.327375    4063.303095    4431.943785    4449.709073    4835.106158    4853.661014    5255.814494    5275.158919    5694.068794    5714.202787    6149.869057    6170.792619    6623.215284    6644.928414    7114.107474    7136.610172    7622.545628    7645.838013    8148.529860    
2.010619    1.387764    1.998618    18.718175    19.770826    53.457950    55.212527    105.744618    108.201046    175.577431    178.735702    262.956269    266.816379    367.881096    372.443045    490.351899    495.615687    630.368672    636.334299    787.931413    794.598879    963.040121    970.409425    1155.694793    1163.765936    1365.895430    1374.668412    1593.642032    1603.116852    1838.934597    1849.111256    2101.773126    2112.651624    2382.157619    2393.737955    2680.088076    2692.370251    2995.564497    3008.548509    3328.586880    3342.272732    3679.155228    3693.542918    4047.269539    4062.359067    4432.929813    4448.721180    4836.136051    4852.629257    5256.888252    5274.083297    5695.186417    5713.083300    6151.030545    6169.629267    6624.420637    6643.721197    7115.356692    7135.359090    7623.838710    7644.543066    8149.866807    
2.021091    1.399002    1.985736    18.783143    19.704213    53.566789    55.102043    105.897322    108.046697    175.774001    178.537487    263.196703    266.574300    368.165395    372.157101    490.680063    495.285878    630.740701    635.960625    788.347308    794.181340    963.499880    969.948021    1156.198417    1163.260667    1366.442919    1374.119278    1594.233385    1602.523853    1839.569816    1848.474392    2102.452210    2111.970895    2382.880568    2393.013362    2680.854890    2691.601792    2996.375175    3007.736186    3329.441424    3341.416544    3680.053636    3692.642865    4048.211812    4061.415149    4433.915951    4447.733397    4837.166054    4851.597609    5257.962120    5273.007784    5696.304150    5711.963922    6152.192143    6168.466024    6625.626100    6642.514089    7116.606019    7134.108118    7625.131903    7643.248229    8151.203865    
2.031563    1.409157    1.974155    18.848221    19.637709    53.675737    54.991669    106.050136    107.892457    175.970680    178.339383    263.437247    266.332330    368.449804    371.871266    491.008337    494.956178    631.112840    635.587061    788.763311    793.763911    963.959748    969.486727    1156.702151    1162.755508    1366.990518    1373.570254    1594.824849    1601.930964    1840.205144    1847.837638    2103.131403    2111.290276    2383.603626    2392.288878    2681.621813    2690.833443    2997.185963    3006.923973    3330.296077    3340.560465    3680.952154    3691.742921    4049.154195    4060.471341    4434.902199    4446.745724    4838.196167    4850.566071    5259.036098    5271.932381    5697.421992    5710.844654    6153.353850    6167.302891    6626.831672    6641.307091    7117.855457    7132.857255    7626.425205    7641.953501    8152.541031    
2.042035    1.418088    1.964019    18.913408    19.571315    53.784795    54.881405    106.203060    107.738327    176.167469    178.141388    263.677901    266.090470    368.734323    371.585541    491.336721    494.626588    631.485089    635.213606    789.179425    793.346591    964.419727    969.025542    1157.205994    1162.250458    1367.538226    1373.021339    1595.416422    1601.338185    1840.840582    1847.200994    2103.810706    2110.609767    2384.326794    2391.564504    2682.388845    2690.065204    2997.996861    3006.111869    3331.150839    3339.704496    3681.850781    3690.843088    4050.096687    4059.527642    4435.888556    4445.758161    4839.226389    4849.534642    5260.110185    5270.857087    5698.539944    5709.725496    6154.515667    6166.139868    6628.037354    6640.100203    7119.105003    7131.606502    7627.718616    7640.658883    8153.878308    
2.052507    1.425650    1.955470    18.978705    19.505030    53.893962    54.771251    106.356093    107.584307    176.364367    177.943502    263.918665    265.848720    369.018951    371.299926    491.665214    494.297108    631.857447    634.840261    789.595648    792.929381    964.879815    968.564467    1157.709947    1161.745519    1368.086044    1372.472535    1596.008105    1600.745515    1841.476130    1846.564459    2104.490119    2109.929367    2385.050072    2390.840239    2683.155988    2689.297075    2998.807868    3005.299874    3332.005711    3338.848637    3682.749518    3689.943363    4051.039289    4058.584053    4436.875023    4444.770707    4840.256721    4848.503323    5261.184382    5269.781904    5699.658006    5708.606447    6155.677594    6164.976954    6629.243145    6638.893425    7120.354660    7130.355859    7629.012138    7639.364375    8155.215694    
2.062979    1.431705    1.948648    19.044112    19.438856    54.003240    54.661206    106.509236    107.430396    176.561375    177.745726    264.159538    265.607079    369.303689    371.014420    491.993817    493.967737    632.229915    634.467025    790.011981    792.512280    965.340013    968.103502    1158.214010    1161.240688    1368.633971    1371.923839    1596.599897    1600.152955    1842.111787    1845.928034    2105.169641    2109.249078    2385.773459    2390.116085    2683.923240    2688.529055    2999.618985    3004.487990    3332.860693    3337.992888    3683.648365    3689.043749    4051.982001    4057.640574    4437.861600    4443.783362    4841.287162    4847.472114    5262.258688    5268.706830    5700.776177    5707.487508    6156.839630    6163.814150    6630.449046    6637.686756    7121.604426    7129.105325    7630.305769    7638.069976    8156.553190    
2.073451    1.436130    1.943675    19.109628    19.372791    54.112627    54.551271    106.662488    107.276595    176.758493    177.548060    264.400520    265.365548    369.588537    370.729024    492.322529    493.638477    632.602493    634.093899    790.428423    792.095290    965.800320    967.642646    1158.718182    1160.735968    1369.182009    1371.375254    1597.191799    1599.560504    1842.747554    1845.291719    2105.849273    2108.568897    2386.496956    2389.392039    2684.690602    2687.761145    3000.430211    3003.676215    3333.715785    3337.137248    3684.547322    3688.144244    4052.924822    4056.697204    4438.848286    4442.796128    4842.317713    4846.441015    5263.333104    5267.631865    5701.894458    5706.368679    6158.001776    6162.651456    6631.655057    6636.480197    7122.854302    7127.854901    7631.599509    7636.775687    8157.890796    
2.083923    1.438827    1.940648    19.175254    19.306836    54.222123    54.441445    106.815851    107.122904    176.955720    177.350504    264.641613    265.124127    369.873494    370.443738    492.651352    493.309325    632.975180    633.720883    790.844975    791.678409    966.260737    967.181900    1159.222464    1160.231357    1369.730155    1370.826778    1597.783811    1598.968164    1843.383431    1844.655513    2106.529015    2107.888827    2387.220562    2388.668104    2685.458073    2686.993345    3001.241548    3002.864549    3334.570986    3336.281717    3685.446388    3687.244849    4053.867753    4055.753944    4439.835082    4441.809003    4843.348374    4845.410025    5264.407630    5266.557010    5703.012849    5705.249959    6159.164032    6161.488872    6632.861178    6635.273747    7124.104287    7126.604587    7632.893360    7635.481508    8159.228511    
2.094395    1.439734    1.939632    19.240939    19.241041    54.331729    54.331729    106.969323    106.969323    177.153057    177.153057    264.882815    264.882815    370.158561    370.158561    492.980284    492.980284    633.347977    633.347977    791.261637    791.261637    966.721264    966.721264    1159.726855    1159.726855    1370.278412    1370.278412    1598.375933    1598.375933    1844.019417    1844.019417    2107.208866    2107.208866    2387.944278    2387.944278    2686.225654    2686.225654    3002.052994    3002.052994    3335.426297    3335.426297    3686.345564    3686.345564    4054.810794    4054.810794    4440.821988    4440.821988    4844.379145    4844.379145    5265.482265    5265.482265    5704.131349    5704.131349    6160.326397    6160.326397    6634.067408    6634.067408    7125.354382    7125.354382    7634.187320    7634.187438    8160.566336    
