-2.094395    1.439734    1.939632    19.240939    19.241041    54.331729    54.331729    106.969323    106.969323    177.153057    177.153057    264.882815    264.882815    370.158561    370.158561    492.980284    492.980284    633.347977    633.347977    791.261637    791.261993    966.721588    
-2.083923    1.438827    1.940648    19.175254    19.306836    54.222123    54.441445    106.815851    107.122904    176.955720    177.350504    264.641613    265.124127    369.873494    370.443738    492.651352    493.309325    632.975180    633.720883    790.844975    791.678765    966.261061    
-2.073451    1.436130    1.943675    19.109628    19.372791    54.112627    54.551271    106.662488    107.276595    176.758493    177.548060    264.400520    265.365548    369.588537    370.729024    492.322529    493.638477    632.602493    634.093899    790.428423    792.095646    965.800644    
-2.062979    1.431705    1.948648    19.044112    19.438856    54.003240    54.661206    106.509236    107.430396    176.561375    177.745726    264.159538    265.607079    369.303689    371.014420    491.993817    493.967737    632.229915    634.467025    790.011981    792.512636    965.340337    
-2.052507    1.425650    1.955470    18.978705    19.505030    53.893962    54.771251    106.356093    107.584307    176.364367    177.943502    263.918665    265.848720    369.018951    371.299926    491.665214    494.297108    631.857447    634.840261    789.595648    792.929737    964.880139    
-2.042035    1.418088    1.964019    18.913408    19.571315    53.784795    54.881405    106.203060    107.738327    176.167469    178.141388    263.677901    266.090470    368.734323    371.585541    491.336721    494.626588    631.485089    635.213606    789.179425    793.346947    964.420051    
-2.031563    1.409157    1.974155    18.848221    19.637709    53.675737    54.991669    106.050136    107.892457    175.970680    178.339383    263.437247    266.332330    368.449804    371.871266    491.008337    494.956178    631.112840    635.587061    788.763311    793.764266    963.960073    
-2.021091    1.399002    1.985736    18.783143    19.704213    53.566789    55.102043    105.897322    108.046697    175.774001    178.537487    263.196703    266.574300    368.165395    372.157101    490.680063    495.285878    630.740701    635.960625    788.347308    794.181696    963.500204    
-2.010619    1.387764    1.998618    18.718175    19.770826    53.457950    55.212527    105.744618    108.201046    175.577431    178.735702    262.956269    266.816379    367.881096    372.443045    490.351899    495.615687    630.368672    636.334299    787.931413    794.599235    963.040445    
-2.000147    1.375579    2.012666    18.653317    19.837549    53.349221    55.323120    105.592023    108.355505    175.380972    178.934026    262.715944    267.058568    367.596906    372.729099    490.023844    495.945606    629.996753    636.708083    787.515629    795.016883    962.580796    
-1.989675    1.362573    2.027755    18.588568    19.904382    53.240602    55.433823    105.439538    108.510073    175.184622    179.132459    262.475729    267.300867    367.312826    373.015263    489.695899    496.275634    629.624943    637.081977    787.099954    795.434642    962.121256    
-1.979203    1.348857    2.043773    18.523930    19.971324    53.132093    55.544635    105.287163    108.664751    174.988381    179.331003    262.235624    267.543275    367.028856    373.301536    489.368064    496.605773    629.253243    637.455980    786.684389    795.852510    961.661826    
-1.968731    1.334534    2.060618    18.459400    20.038377    53.023693    55.655558    105.134897    108.819539    174.792250    179.529656    261.995628    267.785793    366.744995    373.587919    489.040338    496.936021    628.881652    637.830093    786.268933    796.270487    961.202506    
-1.958259    1.319690    2.078202    18.394981    20.105539    52.915403    55.766589    104.982741    108.974437    174.596229    179.728418    261.755742    268.028421    366.461244    373.874412    488.712722    497.266378    628.510171    638.204315    785.853588    796.688575    960.743295    
-1.947787    1.304404    2.096448    18.330671    20.172810    52.807222    55.877731    104.830695    109.129444    174.400318    179.927291    261.515965    268.271158    366.177602    374.161014    488.385216    497.596845    628.138800    638.578647    785.438351    797.106771    960.284194    
-1.937315    1.288742    2.115288    18.266471    20.240192    52.699151    55.988982    104.678758    109.284561    174.204516    180.126273    261.276299    268.514005    365.894071    374.447726    488.057819    497.927422    627.767538    638.953089    785.023225    797.525078    959.825203    
-1.926843    1.272763    2.134665    18.202381    20.307683    52.591190    56.100343    104.526931    109.439787    174.008824    180.325364    261.036741    268.756962    365.610649    374.734547    487.730532    498.258109    627.396386    639.327640    784.608208    797.943494    959.366321    
-1.916372    1.256517    2.154528    18.138401    20.375283    52.483338    56.211814    104.375214    109.595124    173.813241    180.524566    260.797294    269.000028    365.327336    375.021479    487.403355    498.588905    627.025344    639.702302    784.193301    798.362020    958.907549    
-1.905900    1.240049    2.174834    18.074530    20.442994    52.375597    56.323394    104.223607    109.750569    173.617769    180.723877    260.557956    269.243204    365.044133    375.308520    487.076287    498.919811    626.654411    640.077072    783.778503    798.780656    958.448887    
-1.895428    1.223395    2.195544    18.010769    20.510814    52.267964    56.435084    104.072109    109.906125    173.422406    180.923297    260.318728    269.486490    364.761040    375.595670    486.749329    499.250826    626.283588    640.451953    783.363816    799.199401    957.990334    
-1.884956    1.206588    2.216625    17.947117    20.578744    52.160442    56.546883    103.920720    110.061790    173.227152    181.122828    260.079610    269.729885    364.478057    375.882930    486.422481    499.581952    625.912875    640.826943    782.949237    799.618256    957.531891    
-1.874484    1.189657    2.238051    17.883575    20.646783    52.053029    56.658792    103.769442    110.217565    173.032008    181.322468    259.840601    269.973390    364.195183    376.170300    486.095742    499.913186    625.542272    641.202043    782.534769    800.037221    957.073558    
-1.864012    1.172627    2.259795    17.820143    20.714932    51.945726    56.770811    103.618273    110.373449    172.836974    181.522217    259.601702    270.217005    363.912419    376.457780    485.769113    500.244531    625.171778    641.577252    782.120410    800.456295    956.615334    
-1.853540    1.155518    2.281836    17.756821    20.783191    51.838532    56.882940    103.467213    110.529444    172.642050    181.722076    259.362912    270.460729    363.629765    376.745369    485.442594    500.575985    624.801393    641.952571    781.706161    800.875479    956.157220    
-1.843068    1.138351    2.304155    17.693608    20.851560    51.731448    56.995178    103.316264    110.685547    172.447235    181.922045    259.124232    270.704563    363.347220    377.033068    485.116184    500.907549    624.431119    642.328000    781.292021    801.294773    955.699215    
-1.832596    1.121141    2.326736    17.630506    20.920038    51.624474    57.107526    103.165424    110.841761    172.252530    182.122124    258.885662    270.948507    363.064785    377.320877    484.789884    501.239222    624.060954    642.703538    780.877991    801.714176    955.241321    
-1.822124    1.103904    2.349564    17.567512    20.988626    51.517610    57.219983    103.014693    110.998084    172.057934    182.322312    258.647202    271.192560    362.782459    377.608795    484.463693    501.571006    623.690898    643.079186    780.464071    802.133689    954.783536    
-1.811652    1.086651    2.372626    17.504629    21.057324    51.410855    57.332550    102.864073    111.154517    171.863448    182.522610    258.408851    271.436723    362.500243    377.896823    484.137613    501.902898    623.320953    643.454944    780.050261    802.553311    954.325860    
-1.801180    1.069395    2.395911    17.441855    21.126131    51.304209    57.445227    102.713562    111.311059    171.669072    182.723018    258.170610    271.680995    362.218137    378.184960    483.811642    502.234901    622.951117    643.830812    779.636560    802.973043    953.868295    
-1.790708    1.052145    2.419409    17.379191    21.195048    51.197674    57.558014    102.563160    111.467712    171.474806    182.923535    257.932478    271.925378    361.936141    378.473208    483.485780    502.567013    622.581390    644.206789    779.222968    803.392885    953.410838    
-1.780236    1.034911    2.443111    17.316637    21.264075    51.091248    57.670910    102.412869    111.624473    171.280649    183.124162    257.694456    272.169870    361.654254    378.761564    483.160029    502.899235    622.211774    644.582875    778.809487    803.812837    952.953492    
-1.769764    1.017700    2.467008    17.254192    21.333211    50.984932    57.783916    102.262687    111.781345    171.086602    183.324899    257.456544    272.414471    361.372477    379.050031    482.834387    503.231566    621.842267    644.959072    778.396115    804.232898    952.496255    
-1.759292    1.000520    2.491095    17.191857    21.402457    50.878725    57.897031    102.112614    111.938326    170.892664    183.525745    257.218742    272.659182    361.090809    379.338607    482.508854    503.564007    621.472869    645.335378    777.982853    804.653069    952.039128    
-1.748820    0.983376    2.515364    17.129632    21.471813    50.772628    58.010257    101.962652    112.095417    170.698836    183.726701    256.981049    272.904003    360.809252    379.627293    482.183431    503.896558    621.103582    645.711794    777.569700    805.073350    951.582111    
-1.738348    0.966275    2.539809    17.067517    21.541279    50.666641    58.123591    101.812799    112.252617    170.505118    183.927766    256.743466    273.148934    360.527804    379.916089    481.858118    504.229219    620.734404    646.088319    777.156657    805.493740    951.125203    
-1.727876    0.949222    2.564425    17.005511    21.610854    50.560764    58.237036    101.663055    112.409927    170.311510    184.128942    256.505992    273.393974    360.246465    380.204994    481.532915    504.561989    620.365335    646.464954    776.743724    805.914240    950.668405    
-1.717404    0.932221    2.589209    16.943615    21.680539    50.454996    58.350590    101.513421    112.567347    170.118011    184.330227    256.268628    273.639124    359.965236    380.494009    481.207821    504.894869    619.996377    646.841699    776.330900    806.334849    950.211717    
-1.706932    0.915277    2.614155    16.881828    21.750333    50.349338    58.464254    101.363897    112.724877    169.924622    184.531621    256.031374    273.884384    359.684117    380.783133    480.882837    505.227858    619.627528    647.218553    775.918186    806.755568    949.755138    
-1.696460    0.898394    2.639260    16.820152    21.820238    50.243789    58.578027    101.214483    112.882516    169.731342    184.733125    255.794229    274.129753    359.403108    381.072367    480.557963    505.560957    619.258788    647.595517    775.505582    807.176397    949.298669    
-1.685988    0.881574    2.664520    16.758585    21.890252    50.138350    58.691911    101.065178    113.040265    169.538172    184.934739    255.557195    274.375232    359.122208    381.361711    480.233198    505.894166    618.890159    647.972591    775.093087    807.597336    948.842309    
-1.675516    0.864822    2.689932    16.697128    21.960375    50.033021    58.805903    100.915983    113.198123    169.345112    185.136463    255.320269    274.620820    358.841418    381.651165    479.908543    506.227484    618.521639    648.349774    774.680703    808.018384    948.386059    
-1.665044    0.848140    2.715493    16.635780    22.030609    49.927801    58.920006    100.766898    113.356091    169.152161    185.338296    255.083454    274.866519    358.560737    381.940728    479.583997    506.560912    618.153228    648.727067    774.268427    808.439542    947.929919    
-1.654572    0.831530    2.741201    16.574542    22.100952    49.822692    59.034218    100.617922    113.514169    168.959320    185.540239    254.846748    275.112326    358.280166    382.230401    479.259561    506.894450    617.784928    649.104470    773.856262    808.860809    947.473889    
-1.644100    0.814995    2.767053    16.513414    22.171404    49.717691    59.148540    100.469056    113.672356    168.766589    185.742292    254.610152    275.358244    357.999705    382.520183    478.935235    507.228098    617.416737    649.481982    773.444206    809.282186    947.017968    
-1.633628    0.798538    2.793047    16.452396    22.241967    49.612801    59.262971    100.320300    113.830653    168.573968    185.944454    254.373665    275.604271    357.719353    382.810075    478.611019    507.561855    617.048655    649.859604    773.032259    809.703673    946.562157    
-1.623156    0.782159    2.819182    16.391487    22.312639    49.508020    59.377513    100.171653    113.989060    168.381456    186.146726    254.137288    275.850408    357.439112    383.100077    478.286912    507.895721    616.680683    650.237336    772.620423    810.125270    946.106455    
-1.612684    0.765862    2.845454    16.330689    22.383421    49.403349    59.492163    100.023116    114.147577    168.189054    186.349107    253.901021    276.096655    357.158979    383.390189    477.962915    508.229698    616.312821    650.615177    772.208696    810.546976    945.650864    
-1.602212    0.749648    2.871862    16.269999    22.454312    49.298787    59.606924    99.874689    114.306203    167.996761    186.551598    253.664863    276.343011    356.878957    383.680410    477.639027    508.563784    615.945069    650.993128    771.797078    810.968792    945.195381    
-1.591740    0.733518    2.898406    16.209420    22.525313    49.194335    59.721794    99.726371    114.464938    167.804578    186.754199    253.428815    276.589477    356.599044    383.970741    477.315250    508.897980    615.577426    651.371189    771.385571    811.390717    944.740009    
-1.581268    0.717474    2.925083    16.148950    22.596424    49.089993    59.836774    99.578163    114.623784    167.612505    186.956910    253.192877    276.836052    356.319241    384.261181    476.991582    509.232285    615.209893    651.749359    770.974173    811.812752    944.284746    
-1.570796    0.701517    2.951891    16.088590    22.667645    48.985761    59.951863    99.430064    114.782739    167.420541    187.159730    252.957049    277.082737    356.039547    384.551731    476.668023    509.566700    614.842470    652.127639    770.562884    812.234897    943.829593    
-1.560324    0.685649    2.978831    16.028340    22.738975    48.881638    60.067063    99.282076    114.941804    167.228687    187.362660    252.721330    277.329532    355.759963    384.842391    476.344574    509.901225    614.475156    652.506029    770.151706    812.657152    943.374549    
-1.549852    0.669870    3.005900    15.968199    22.810415    48.777625    60.182371    99.134196    115.100978    167.036943    187.565699    252.485720    277.576437    355.480489    385.133160    476.021235    510.235859    614.107952    652.884528    769.740637    813.079516    942.919616    
-1.539380    0.654182    3.033098    15.908169    22.881965    48.673721    60.297790    98.986427    115.260262    166.845308    187.768848    252.250221    277.823451    355.201124    385.424039    475.698006    510.570603    613.740858    653.263137    769.329677    813.501990    942.464791    
-1.528908    0.638586    3.060423    15.848247    22.953624    48.569927    60.413318    98.838767    115.419656    166.653783    187.972107    252.014831    278.070575    354.921870    385.715028    475.374886    510.905457    613.373873    653.641856    768.918828    813.924573    942.010077    
-1.518436    0.623083    3.087874    15.788436    23.025393    48.466243    60.528956    98.691217    115.579159    166.462368    188.175476    251.779550    278.317808    354.642724    386.006127    475.051876    511.240420    613.006998    654.020684    768.508088    814.347266    941.555472    
-1.507964    0.607673    3.115452    15.728734    23.097272    48.362668    60.644703    98.543777    115.738772    166.271063    188.378954    251.544380    278.565151    354.363689    386.297335    474.728975    511.575493    612.640232    654.399622    768.097457    814.770069    941.100977    
-1.497492    0.592357    3.143154    15.669142    23.169260    48.259204    60.760560    98.396446    115.898495    166.079867    188.582542    251.309319    278.812604    354.084763    386.588653    474.406184    511.910676    612.273576    654.778669    767.686937    815.192981    940.646591    
-1.487021    0.577136    3.170981    15.609660    23.241358    48.155848    60.876527    98.249225    116.058327    165.888780    188.786239    251.074368    279.060167    353.805947    386.880080    474.083503    512.245968    611.907030    655.157827    767.276526    815.616004    940.192315    
-1.476549    0.562011    3.198931    15.550288    23.313566    48.052603    60.992604    98.102113    116.218269    165.697804    188.990046    250.839526    279.307839    353.527240    387.171617    473.760931    512.581370    611.540594    655.537094    766.866224    816.039135    939.738149    
-1.466077    0.546983    3.227003    15.491025    23.385883    47.949467    61.108790    97.955112    116.378321    165.506937    189.193963    250.604794    279.555620    353.248643    387.463264    473.438470    512.916882    611.174267    655.916470    766.456033    816.462377    939.284093    
-1.455605    0.532052    3.255198    15.431872    23.458311    47.846441    61.225086    97.808220    116.538482    165.316179    189.397990    250.370172    279.803512    352.970156    387.755020    473.116117    513.252503    610.808050    656.295957    766.045951    816.885728    938.830146    
-1.445133    0.517218    3.283514    15.372829    23.530847    47.743524    61.341491    97.661437    116.698753    165.125532    189.602126    250.135659    280.051513    352.691778    388.046886    472.793875    513.588234    610.441943    656.675552    765.635978    817.309189    938.376309    
-1.434661    0.502483    3.311952    15.313895    23.603494    47.640717    61.458006    97.514764    116.859134    164.934994    189.806372    249.901256    280.299624    352.413510    388.338862    472.471742    513.924075    610.075945    657.055258    765.226116    817.732759    937.922581    
-1.424189    0.487846    3.340509    15.255071    23.676250    47.538020    61.574631    97.368201    117.019624    164.744566    190.010727    249.666963    280.547844    352.135352    388.630947    472.149719    514.260025    609.710057    657.435073    764.816362    818.156439    937.468963    
-1.413717    0.473309    3.369187    15.196357    23.749116    47.435433    61.691366    97.221748    117.180225    164.554247    190.215192    249.432779    280.796174    351.857303    388.923142    471.827805    514.596085    609.344278    657.814998    764.406719    818.580229    937.015455    
-1.403245    0.458871    3.397985    15.137753    23.822092    47.332955    61.808210    97.075404    117.340934    164.364038    190.419767    249.198705    281.044614    351.579364    389.215447    471.506001    514.932255    608.978609    658.195033    763.997185    819.004128    936.562056    
-1.392773    0.444533    3.426901    15.079258    23.895177    47.230587    61.925164    96.929170    117.501754    164.173939    190.624451    248.964741    281.293164    351.301535    389.507862    471.184307    515.268534    608.613050    658.575177    763.587761    819.428137    936.108767    
-1.382301    0.430296    3.455936    15.020873    23.968372    47.128328    62.042227    96.783045    117.662683    163.983949    190.829246    248.730886    281.541823    351.023815    389.800386    470.862723    515.604923    608.247601    658.955431    763.178447    819.852256    935.655588    
-1.371829    0.416160    3.485090    14.962598    24.041676    47.026179    62.159400    96.637030    117.823721    163.794069    191.034149    248.497141    281.790591    350.746206    390.093019    470.541248    515.941422    607.882261    659.335794    762.769242    820.276484    935.202519    
-1.361357    0.402125    3.514361    14.904433    24.115091    46.924140    62.276683    96.491125    117.984870    163.604299    191.239163    248.263506    282.039470    350.468705    390.385763    470.219882    516.278030    607.517031    659.716268    762.360147    820.700822    934.749559    
-1.350885    0.388191    3.543750    14.846377    24.188615    46.822211    62.394075    96.345330    118.146128    163.414638    191.444286    248.029980    282.288458    350.191315    390.678616    469.898627    516.614748    607.151910    660.096851    761.951162    821.125270    934.296708    
-1.340413    0.374360    3.573257    14.788431    24.262248    46.720391    62.511578    96.199644    118.307495    163.225087    191.649519    247.796564    282.537556    349.914034    390.971578    469.577481    516.951576    606.786899    660.477543    761.542286    821.549828    933.843968    
-1.329941    0.360631    3.602880    14.730595    24.335992    46.618681    62.629189    96.054068    118.468973    163.035646    191.854861    247.563258    282.786763    349.636862    391.264651    469.256445    517.288513    606.421998    660.858345    761.133520    821.974495    933.391337    
-1.319469    0.347004    3.632620    14.672868    24.409845    46.517080    62.746911    95.908601    118.630560    162.846314    192.060313    247.330061    283.036080    349.359801    391.557833    468.935518    517.625560    606.057207    661.239257    760.724863    822.399271    932.938816    
-1.308997    0.333480    3.662476    14.615251    24.483807    46.415589    62.864742    95.763245    118.792256    162.657092    192.265875    247.096974    283.285507    349.082849    391.851124    468.614701    517.962717    605.692525    661.620279    760.316317    822.824158    932.486404    
-1.298525    0.320059    3.692449    14.557744    24.557880    46.314208    62.982683    95.617997    118.954062    162.467980    192.471546    246.863996    283.535043    348.806006    392.144526    468.293994    518.299983    605.327953    662.001410    759.907879    823.249154    932.034102    
-1.288053    0.306742    3.722538    14.500347    24.632062    46.212936    63.100733    95.472860    119.115978    162.278977    192.677327    246.631129    283.784689    348.529274    392.438037    467.973396    518.637359    604.963490    662.382651    759.499552    823.674259    931.581910    
-1.277581    0.293528    3.752742    14.443059    24.706354    46.111775    63.218893    95.327832    119.278004    162.090084    192.883218    246.398371    284.034445    348.252651    392.731658    467.652908    518.974845    604.599137    662.764001    759.091334    824.099475    931.129827    
-1.267109    0.280417    3.783062    14.385882    24.780755    46.010722    63.337163    95.182914    119.440139    161.901300    193.089219    246.165722    284.284311    347.976137    393.025388    467.332530    519.312440    604.234894    663.145461    758.683226    824.524800    930.677854    
-1.256637    0.267411    3.813496    14.328814    24.855266    45.909780    63.455542    95.038105    119.602384    161.712627    193.295329    245.933184    284.534286    347.699734    393.319228    467.012261    519.650145    603.870761    663.527031    758.275228    824.950234    930.225991    
-1.246165    0.254509    3.844046    14.271855    24.929887    45.808947    63.574032    94.893407    119.764739    161.524063    193.501548    245.700755    284.784370    347.423440    393.613178    466.692102    519.987959    603.506737    663.908711    757.867339    825.375779    929.774237    
-1.235693    0.241711    3.874711    14.215007    25.004618    45.708224    63.692630    94.748817    119.927203    161.335608    193.707878    245.468435    285.034565    347.147255    393.907237    466.372053    520.325884    603.142822    664.290500    757.459560    825.801433    929.322593    
-1.225221    0.229018    3.905491    14.158268    25.079458    45.607610    63.811339    94.604338    120.089777    161.147264    193.914317    245.236225    285.284869    346.871181    394.201406    466.052114    520.663917    602.779018    664.672399    757.051890    826.227196    928.871059    
-1.214749    0.216429    3.936384    14.101639    25.154408    45.507107    63.930157    94.459968    120.252461    160.959029    194.120866    245.004125    285.535282    346.595215    394.495684    465.732284    521.002061    602.415323    665.054407    756.644330    826.653070    928.419634    
-1.204277    0.203946    3.967393    14.045119    25.229467    45.406712    64.049085    94.315708    120.415254    160.770903    194.327524    244.772135    285.785806    346.319360    394.790073    465.412563    521.340314    602.051738    665.436525    756.236880    827.079053    927.968319    
-1.193805    0.191567    3.998515    13.988710    25.304637    45.306428    64.168122    94.171557    120.578157    160.582887    194.534292    244.540254    286.036439    346.043614    395.084571    465.092953    521.678677    601.688262    665.818753    755.829540    827.505145    927.517114    
-1.183333    0.179294    4.029751    13.932410    25.379916    45.206253    64.287269    94.027516    120.741170    160.394981    194.741170    244.308483    286.287181    345.767978    395.379178    464.773452    522.017150    601.324896    666.201091    755.422309    827.931348    927.066018    
-1.172861    0.167126    4.061102    13.876220    25.455304    45.106188    64.406526    93.883585    120.904292    160.207185    194.948157    244.076822    286.538034    345.492452    395.673896    464.454060    522.355732    600.961640    666.583538    755.015188    828.357660    926.615032    
-1.162389    0.155064    4.092566    13.820139    25.530803    45.006232    64.525892    93.739764    121.067524    160.019498    195.155254    243.845270    286.788996    345.217035    395.968723    464.134779    522.694424    600.598493    666.966095    754.608176    828.784081    926.164156    
-1.151917    0.143107    4.124143    13.764169    25.606411    44.906387    64.645369    93.596052    121.230865    159.831921    195.362461    243.613828    287.040068    344.941728    396.263659    463.815607    523.033225    600.235457    667.348761    754.201275    829.210613    925.713389    
-1.141445    0.131256    4.155834    13.708308    25.682128    44.806650    64.764954    93.452450    121.394317    159.644454    195.569777    243.382495    287.291249    344.666531    396.558706    463.496544    523.372137    599.872529    667.731537    753.794482    829.637254    925.262732    
-1.130973    0.119511    4.187638    13.652557    25.757956    44.707024    64.884650    93.308957    121.557878    159.457096    195.777203    243.151273    287.542540    344.391443    396.853861    463.177592    523.711157    599.509712    668.114423    753.387800    830.064004    924.812185    
-1.120501    0.107871    4.219556    13.596916    25.833893    44.607507    65.004455    93.165574    121.721548    159.269848    195.984739    242.920159    287.793941    344.116465    397.149127    462.858749    524.050288    599.147004    668.497419    752.981227    830.490864    924.361747    
-1.110029    0.096338    4.251586    13.541384    25.909939    44.508100    65.124370    93.022301    121.885328    159.082709    196.192384    242.689156    288.045451    343.841597    397.444502    462.540015    524.389528    598.784405    668.880524    752.574764    830.917834    923.911419    
-1.099557    0.084911    4.283730    13.485962    25.986096    44.408802    65.244394    92.879137    122.049218    158.895681    196.400139    242.458262    288.297071    343.566838    397.739987    462.221392    524.728878    598.421917    669.263738    752.168410    831.344914    923.461201    
-1.089085    0.073591    4.315987    13.430650    26.062362    44.309615    65.364528    92.736083    122.213218    158.708762    196.608004    242.227478    288.548800    343.292189    398.035582    461.902878    525.068338    598.059538    669.647063    751.762166    831.772103    923.011092    
-1.078613    0.062377    4.348356    13.375448    26.138738    44.210536    65.484772    92.593139    122.377327    158.521952    196.815978    241.996804    288.800640    343.017649    398.331286    461.584473    525.407907    597.697269    670.030497    751.356032    832.199402    922.561093    
-1.068142    0.051269    4.380838    13.320355    26.215223    44.111568    65.605125    92.450305    122.541546    158.335252    197.024062    241.766239    289.052589    342.743220    398.627100    461.266179    525.747586    597.335109    670.414041    750.950008    832.626811    922.111204    
-1.057670    0.040268    4.413432    13.265372    26.291818    44.012709    65.725588    92.307580    122.705875    158.148662    197.232256    241.535784    289.304647    342.468899    398.923024    460.947994    526.087374    596.973059    670.797694    750.544093    833.054329    921.661424    
-1.047198    0.029374    4.446139    13.210499    26.368523    43.913960    65.846161    92.164965    122.870313    157.962182    197.440559    241.305438    289.556816    342.194689    399.219057    460.629918    526.427272    596.611119    671.181457    750.138288    833.481957    921.211754    
-1.036726    0.018586    4.478959    13.155736    26.445337    43.815321    65.966844    92.022459    123.034861    157.775811    197.648972    241.075202    289.809094    341.920588    399.515200    460.311952    526.767280    596.249288    671.565330    749.732592    833.909695    920.762194    
-1.026254    0.007905    4.511891    13.101082    26.522262    43.716791    66.087636    91.880063    123.199518    157.589550    197.857495    240.845076    290.061481    341.646597    399.811452    459.994096    527.107398    595.887567    671.949312    749.327006    834.337542    920.312743    
-1.015782    -0.002669    4.544935    13.046539    26.599296    43.618371    66.208537    91.737777    123.364286    157.403398    198.066127    240.615060    290.313979    341.372716    400.107815    459.676350    527.447625    595.525956    672.333405    748.921530    834.765499    919.863402    
-1.005310    -0.013136    4.578091    12.992105    26.676439    43.520060    66.329549    91.595600    123.529162    157.217357    198.274869    240.385153    290.566585    341.098944    400.404286    459.358713    527.787962    595.164454    672.717606    748.516163    835.193565    919.414171    
-0.994838    -0.023495    4.611360    12.937780    26.753692    43.421859    66.450670    91.453533    123.694149    157.031424    198.483721    240.155356    290.819302    340.825282    400.700868    459.041186    528.128408    594.803062    673.101918    748.110906    835.621742    918.965049    
-0.984366    -0.033748    4.644740    12.883566    26.831055    43.323768    66.571901    91.311576    123.859245    156.845602    198.692682    239.925668    291.072128    340.551729    400.997559    458.723769    528.468964    594.441780    673.486339    747.705759    836.050027    918.516037    
-0.973894    -0.043894    4.678233    12.829461    26.908528    43.225787    66.693241    91.169728    124.024451    156.659889    198.901753    239.696090    291.325064    340.278287    401.294360    458.406461    528.809630    594.080607    673.870869    747.300722    836.478423    918.067134    
-0.963422    -0.053932    4.711837    12.775466    26.986110    43.127915    66.814691    91.027990    124.189767    156.474286    199.110933    239.466622    291.578110    340.004953    401.591271    458.089263    529.150406    593.719544    674.255510    746.895794    836.906928    917.618342    
-0.952950    -0.063863    4.745554    12.721581    27.063802    43.030153    66.936251    90.886362    124.355192    156.288792    199.320224    239.237264    291.831265    339.731730    401.888291    457.772175    529.491291    593.358591    674.640260    746.490975    837.335543    917.169658    
-0.942478    -0.073686    4.779382    12.667806    27.141604    42.932500    67.057920    90.744844    124.520727    156.103409    199.529624    239.008015    292.084530    339.458616    402.185421    457.455196    529.832285    592.997747    675.025120    746.086267    837.764268    916.721085    
-0.932006    -0.083402    4.813322    12.614140    27.219515    42.834957    67.179699    90.603435    124.686371    155.918134    199.739133    238.778876    292.337905    339.185612    402.482660    457.138327    530.173390    592.637013    675.410089    745.681668    838.193102    916.272621    
-0.921534    -0.093011    4.847373    12.560584    27.297536    42.737524    67.301588    90.462135    124.852125    155.732970    199.948752    238.549846    292.591389    338.912717    402.780009    456.821567    530.514604    592.276389    675.795168    745.277179    838.622046    915.824267    
-0.911062    -0.102512    4.881536    12.507138    27.375666    42.640201    67.423586    90.320946    125.017989    155.547915    200.158481    238.320926    292.844983    338.639933    403.077468    456.504918    530.855928    591.915874    676.180357    744.872799    839.051099    915.376023    
-0.900590    -0.111905    4.915811    12.453802    27.453907    42.542987    67.545694    90.179866    125.183963    155.362970    200.368320    238.092116    293.098686    338.367257    403.375037    456.188378    531.197361    591.555469    676.565655    744.468529    839.480262    914.927888    
-0.890118    -0.121191    4.950197    12.400575    27.532257    42.445883    67.667912    90.038896    125.350046    155.178134    200.578268    237.863416    293.352500    338.094692    403.672715    455.871947    531.538904    591.195174    676.951063    744.064369    839.909535    914.479863    
-0.879646    -0.130369    4.984695    12.347458    27.610716    42.348889    67.790240    89.898035    125.516239    154.993409    200.788326    237.634825    293.606423    337.822236    403.970503    455.555626    531.880557    590.834988    677.336581    743.660318    840.338918    914.031947    
-0.869174    -0.139439    5.019304    12.294451    27.689286    42.252004    67.912677    89.757284    125.682541    154.808792    200.998494    237.406344    293.860455    337.549890    404.268400    455.239415    532.222320    590.474912    677.722208    743.256377    840.768410    913.584142    
-0.858702    -0.148402    5.054025    12.241554    27.767965    42.155229    68.035223    89.616643    125.848953    154.624286    201.208771    237.177972    294.114597    337.277653    404.566407    454.923314    532.564192    590.114946    678.107945    742.852546    841.198012    913.136446    
-0.848230    -0.157257    5.088857    12.188767    27.846754    42.058563    68.157880    89.476111    126.015475    154.439889    201.419158    236.949710    294.368849    337.005527    404.864524    454.607322    532.906173    589.755089    678.493792    742.448824    841.627723    912.688859    
-0.837758    -0.166004    5.123800    12.136089    27.925652    41.962007    68.280646    89.335689    126.182107    154.255602    201.629654    236.721558    294.623211    336.733509    405.162751    454.291440    533.248265    589.395342    678.879748    742.045212    842.057545    912.241382    
-0.827286    -0.174642    5.158855    12.083521    28.004660    41.865561    68.403521    89.195377    126.348848    154.071424    201.840261    236.493515    294.877682    336.461602    405.461087    453.975667    533.590466    589.035705    679.265814    741.641710    842.487475    911.794015    
-0.816814    -0.183173    5.194020    12.031063    28.083778    41.769225    68.526507    89.055174    126.515699    153.887356    202.050977    236.265582    295.132263    336.189804    405.759533    453.660005    533.932777    588.676177    679.651990    741.238317    842.917516    911.346758    
-0.806342    -0.191597    5.229297    11.978715    28.163005    41.672998    68.649602    88.915081    126.682659    153.703398    202.261802    236.037759    295.386953    335.918116    406.058088    453.344451    534.275197    588.316759    680.038275    740.835035    843.347666    910.899610    
-0.795870    -0.199912    5.264685    11.926476    28.242342    41.576881    68.772807    88.775098    126.849729    153.519550    202.472737    235.810046    295.641754    335.646537    406.356753    453.029008    534.617727    587.957450    680.424670    740.431861    843.777926    910.452572    
-0.785398    -0.208118    5.300185    11.874348    28.321789    41.480874    68.896121    88.635224    127.016909    153.335811    202.683782    235.582442    295.896663    335.375068    406.655528    452.713674    534.960367    587.598252    680.811175    740.028798    844.208295    910.005643    
-0.774926    -0.216217    5.335795    11.822329    28.401346    41.384976    69.019545    88.495460    127.184198    153.152182    202.894937    235.354947    296.151683    335.103709    406.954413    452.398450    535.303116    587.239163    681.197789    739.625844    844.638774    909.558824    
-0.764454    -0.224208    5.371516    11.770420    28.481012    41.289188    69.143079    88.355806    127.351598    152.968662    203.106201    235.127563    296.406812    334.832460    407.253407    452.083336    535.645975    586.880183    681.584513    739.222999    845.069363    909.112115    
-0.753982    -0.232091    5.407349    11.718620    28.560788    41.193509    69.266722    88.216261    127.519106    152.785252    203.317575    234.900288    296.662051    334.561320    407.552511    451.768331    535.988944    586.521313    681.971347    738.820265    845.500062    908.665516    
-0.743510    -0.239865    5.443292    11.666931    28.640673    41.097941    69.390475    88.076826    127.686725    152.601952    203.529058    234.673123    296.917399    334.290290    407.851724    451.453436    536.332022    586.162553    682.358290    738.417640    845.930870    908.219026    
-0.733038    -0.247531    5.479346    11.615351    28.720668    41.002482    69.514338    87.937501    127.854453    152.418761    203.740652    234.446067    297.172858    334.019369    408.151047    451.138650    536.675210    585.803903    682.745343    738.015124    846.361788    907.772646    
-0.722566    -0.255089    5.515511    11.563881    28.800773    40.907132    69.638310    87.798285    128.022291    152.235680    203.952354    234.219121    297.428425    333.748558    408.450480    450.823974    537.018508    585.445362    683.132506    737.612719    846.792815    907.326375    
-0.712094    -0.262539    5.551787    11.512521    28.880988    40.811892    69.762392    87.659179    128.190238    152.052709    204.164167    233.992285    297.684103    333.477857    408.750022    450.509408    537.361915    585.086931    683.519778    737.210423    847.223952    906.880214    
-0.701622    -0.269880    5.588174    11.461271    28.961312    40.716762    69.886584    87.520183    128.358295    151.869848    204.376089    233.765558    297.939890    333.207265    409.049674    450.194952    537.705432    584.728610    683.907160    736.808236    847.655199    906.434163    
-0.691150    -0.277114    5.624672    11.410130    29.041746    40.621742    70.010885    87.381296    128.526462    151.687096    204.588121    233.538941    298.195787    332.936783    409.349436    449.880605    538.049059    584.370398    684.294651    736.406159    848.086555    905.988222    
-0.680678    -0.284238    5.661281    11.359100    29.122290    40.526831    70.135296    87.242519    128.694738    151.504453    204.800262    233.312434    298.451793    332.666411    409.649308    449.566367    538.392796    584.012296    684.682253    736.004192    848.518022    905.542390    
-0.670206    -0.291255    5.698000    11.308179    29.202943    40.432030    70.259817    87.103852    128.863125    151.321921    205.012514    233.086036    298.707910    332.396149    409.949289    449.252240    538.736642    583.654303    685.069964    735.602335    848.949597    905.096667    
-0.659734    -0.298163    5.734830    11.257368    29.283706    40.337339    70.384447    86.965294    129.031620    151.139498    205.224874    232.859748    298.964135    332.125996    410.249379    448.938222    539.080597    583.296421    685.457784    735.200587    849.381283    904.651055    
-0.649262    -0.304962    5.771771    11.206666    29.364578    40.242757    70.509187    86.826846    129.200226    150.957185    205.437345    232.633570    299.220471    331.855952    410.549580    448.624314    539.424663    582.938647    685.845715    734.798949    849.813078    904.205552    
-0.638791    -0.311654    5.808823    11.156075    29.445561    40.148285    70.634037    86.688508    129.368941    150.774981    205.649925    232.407501    299.476916    331.586019    410.849890    448.310515    539.768838    582.580984    686.233754    734.397421    850.244983    903.760159    
-0.628319    -0.318236    5.845985    11.105593    29.526653    40.053923    70.758996    86.550279    129.537766    150.592887    205.862615    232.181542    299.733471    331.316195    411.150310    447.996826    540.113122    582.223430    686.621904    733.996002    850.676997    903.314875    
-0.617847    -0.324710    5.883258    11.055222    29.607854    39.959670    70.884065    86.412160    129.706700    150.410903    206.075414    231.955693    299.990135    331.046480    411.450839    447.683247    540.457517    581.865986    687.010163    733.594693    851.109121    902.869701    
-0.607375    -0.331076    5.920642    11.004960    29.689166    39.865527    71.009244    86.274151    129.875744    150.229028    206.288323    231.729953    300.246909    330.776876    411.751478    447.369778    540.802021    581.508652    687.398532    733.193494    851.541355    902.424637    
-0.596903    -0.337333    5.958136    10.954807    29.770587    39.771493    71.134532    86.136251    130.044898    150.047263    206.501342    231.504323    300.503793    330.507381    412.052227    447.056418    541.146634    581.151427    687.787011    732.792404    851.973698    901.979683    
-0.586431    -0.343482    5.995741    10.904765    29.852117    39.677570    71.259930    85.998461    130.214161    149.865608    206.714471    231.278803    300.760787    330.237996    412.353085    446.743168    541.491357    580.794312    688.175599    732.391424    852.406151    901.534838    
-0.575959    -0.349522    6.033456    10.854833    29.933758    39.583756    71.385438    85.860781    130.383534    149.684062    206.927709    231.053393    301.017890    329.968720    412.654053    446.430027    541.836190    580.437306    688.564297    731.990554    852.838714    901.090102    
-0.565487    -0.355454    6.071282    10.805010    30.015508    39.490051    71.511055    85.723210    130.553017    149.502626    207.141057    230.828092    301.275102    329.699554    412.955131    446.116996    542.181133    580.080410    688.953104    731.589793    853.271386    900.645477    
-0.555015    -0.361277    6.109218    10.755297    30.097367    39.396457    71.636782    85.585749    130.722609    149.321300    207.354514    230.602900    301.532425    329.430498    413.256318    445.804075    542.526185    579.723624    689.342022    731.189142    853.704168    900.200961    
-0.544543    -0.366991    6.147266    10.705694    30.179337    39.302972    71.762619    85.448397    130.892311    149.140083    207.568081    230.377818    301.789857    329.161551    413.557615    445.491263    542.871347    579.366948    689.731049    730.788600    854.137060    899.756555    
-0.534071    -0.372597    6.185423    10.656201    30.261416    39.209596    71.888565    85.311156    131.062123    148.958976    207.781758    230.152846    302.047399    328.892714    413.859022    445.178561    543.216619    579.010381    690.120185    730.388169    854.570062    899.312258    
-0.523599    -0.378094    6.223691    10.606817    30.343605    39.116331    72.014621    85.174024    131.232044    148.777979    207.995544    229.927984    302.305050    328.623987    414.160538    444.865969    543.562000    578.653924    690.509431    729.987846    855.003173    898.868071    
-0.513127    -0.383483    6.262070    10.557544    30.425903    39.023175    72.140787    85.037001    131.402075    148.597091    208.209441    229.703231    302.562811    328.355369    414.462164    444.553487    543.907491    578.297576    690.898787    729.587634    855.436393    898.423994    
-0.502655    -0.388763    6.300559    10.508380    30.508311    38.930128    72.267062    84.900089    131.572216    148.416313    208.423446    229.478588    302.820682    328.086861    414.763900    444.241114    544.253092    577.941338    691.288253    729.187531    855.869724    897.980026    
-0.492183    -0.393934    6.339158    10.459327    30.590829    38.837191    72.393447    84.763285    131.742467    148.235645    208.637562    229.254055    303.078662    327.818463    415.065745    443.928850    544.598802    577.585210    691.677828    728.787538    856.303164    897.536168    
-0.481711    -0.398996    6.377868    10.410383    30.673456    38.744364    72.519942    84.626592    131.912827    148.055086    208.851787    229.029631    303.336752    327.550174    415.367701    443.616697    544.944622    577.229191    692.067513    728.387655    856.736713    897.092420    
-0.471239    -0.403950    6.416688    10.361548    30.756193    38.651647    72.646546    84.490008    132.083296    147.874637    209.066122    228.805317    303.594952    327.281995    415.669765    443.304653    545.290552    576.873283    692.457307    727.987881    857.170373    896.648781    
-0.460767    -0.408795    6.455619    10.312824    30.839040    38.559039    72.773260    84.353534    132.253876    147.694298    209.280566    228.581113    303.853262    327.013926    415.971940    442.992718    545.636591    576.517483    692.847211    727.588217    857.604142    896.205252    
-0.450295    -0.413532    6.494660    10.264210    30.921997    38.466541    72.900084    84.217170    132.424565    147.514068    209.495120    228.357018    304.111681    326.745966    416.274224    442.680894    545.982740    576.161794    693.237225    727.188662    858.038020    895.761833    
-0.439823    -0.418159    6.533811    10.215705    31.005063    38.374153    73.027017    84.080915    132.595363    147.333948    209.709784    228.133033    304.370209    326.478116    416.576617    442.369179    546.328998    575.806214    693.627349    726.789217    858.472009    895.318524    
-0.429351    -0.422678    6.573073    10.167311    31.088239    38.281875    73.154060    83.944770    132.766272    147.153938    209.924557    227.909158    304.628848    326.210376    416.879120    442.057574    546.675367    575.450744    694.017582    726.389882    858.906107    894.875324    
-0.418879    -0.427088    6.612445    10.119026    31.171524    38.189706    73.281213    83.808735    132.937290    146.974037    210.139440    227.685392    304.887596    325.942745    417.181733    441.746078    547.021845    575.095383    694.407925    725.990657    859.340314    894.432233    
-0.408407    -0.431390    6.651927    10.070851    31.254919    38.097646    73.408475    83.672809    133.108417    146.794246    210.354433    227.461736    305.146453    325.675224    417.484456    441.434692    547.368432    574.740132    694.798377    725.591541    859.774632    893.989253    
-0.397935    -0.435582    6.691520    10.022786    31.338424    38.005697    73.535847    83.536993    133.279655    146.614565    210.569535    227.238190    305.405421    325.407813    417.787288    441.123416    547.715129    574.384991    695.188939    725.192535    860.209059    893.546382    
-0.387463    -0.439666    6.731223    9.974831    31.422039    37.913857    73.663328    83.401286    133.451002    146.434993    210.784747    227.014753    305.664498    325.140511    418.090230    440.812249    548.061936    574.029959    695.579611    724.793638    860.643595    893.103620    
-0.376991    -0.443641    6.771036    9.926986    31.505763    37.822126    73.790920    83.265690    133.622458    146.255531    211.000069    226.791426    305.923684    324.873319    418.393282    440.501192    548.408853    573.675038    695.970393    724.394852    861.078242    892.660969    
-0.366519    -0.447507    6.810959    9.879250    31.589597    37.730506    73.918621    83.130202    133.794025    146.076179    211.215501    226.568208    306.182981    324.606237    418.696443    440.190245    548.755879    573.320225    696.361284    723.996174    861.512998    892.218427    
-0.356047    -0.451265    6.850993    9.831625    31.673540    37.638995    74.046431    82.994825    133.965701    145.896936    211.431042    226.345101    306.442387    324.339264    418.999714    439.879407    549.103015    572.965523    696.752285    723.597607    861.947863    891.775994    
-0.345575    -0.454913    6.891137    9.784109    31.757593    37.547593    74.174352    82.859557    134.137486    145.717803    211.646692    226.122102    306.701903    324.072401    419.303095    439.568679    549.450260    572.610930    697.143395    723.199149    862.382839    891.333672    
-0.335103    -0.458453    6.931391    9.736704    31.841756    37.456302    74.302381    82.724399    134.309381    145.538780    211.862453    225.899214    306.961528    323.805647    419.606585    439.258061    549.797616    572.256447    697.534615    722.800801    862.817924    890.891459    
-0.324631    -0.461884    6.971756    9.689408    31.926029    37.365120    74.430521    82.589351    134.481386    145.359866    212.078323    225.676435    307.221263    323.539004    419.910185    438.947552    550.145081    571.902073    697.925945    722.402562    863.253118    890.449355    
-0.314159    -0.465206    7.012230    9.642222    32.010411    37.274048    74.558770    82.454412    134.653501    145.181062    212.294302    225.453766    307.481108    323.272470    420.213895    438.637153    550.492655    571.547809    698.317384    722.004434    863.688422    890.007362    
-0.303687    -0.468419    7.052815    9.595146    32.094903    37.183085    74.687129    82.319583    134.825725    145.002367    212.510392    225.231207    307.741062    323.006045    420.517714    438.326864    550.840339    571.193655    698.708934    721.606414    864.123836    889.565478    
-0.293215    -0.471524    7.093510    9.548180    32.179505    37.092232    74.815598    82.184863    134.998059    144.823783    212.726591    225.008757    308.001126    322.739730    420.821643    438.016684    551.188133    570.839610    699.100592    721.208505    864.559360    889.123703    
-0.282743    -0.474519    7.134315    9.501324    32.264216    37.001489    74.944176    82.050254    135.170503    144.645308    212.942899    224.786417    308.261299    322.473525    421.125682    437.706614    551.536037    570.485675    699.492361    720.810705    864.994993    888.682038    
-0.272271    -0.477406    7.175230    9.454578    32.349037    36.910855    75.072864    81.915753    135.343056    144.466942    213.159318    224.564186    308.521583    322.207430    421.429830    437.396654    551.884050    570.131850    699.884239    720.413015    865.430736    888.240483    
-0.261799    -0.480184    7.216256    9.407942    32.433967    36.820331    75.201662    81.781363    135.515719    144.288686    213.375846    224.342066    308.781976    321.941444    421.734088    437.086803    552.232173    569.778134    700.276227    720.015434    865.866589    887.799038    
-0.251327    -0.482852    7.257391    9.361416    32.519008    36.729917    75.330569    81.647082    135.688492    144.110540    213.592483    224.120054    309.042478    321.675568    422.038455    436.777062    552.580405    569.424528    700.668324    719.617963    866.302551    887.357702    
-0.240855    -0.485412    7.298637    9.315000    32.604158    36.639612    75.459586    81.512911    135.861374    143.932504    213.809231    223.898153    309.303091    321.409802    422.342933    436.467431    552.928747    569.071032    701.060531    719.220602    866.738623    886.916476    
-0.230383    -0.487863    7.339992    9.268694    32.689417    36.549418    75.588712    81.378850    136.034366    143.754577    214.026088    223.676361    309.563813    321.144145    422.647519    436.157909    553.277199    568.717645    701.452848    718.823351    867.174805    886.475360    
-0.219911    -0.490206    7.381458    9.222497    32.774787    36.459332    75.717949    81.244898    136.207468    143.576760    214.243054    223.454679    309.824644    320.878598    422.952216    435.848497    553.625761    568.364368    701.845274    718.426209    867.611096    886.034353    
-0.209440    -0.492439    7.423033    9.176411    32.860266    36.369357    75.847295    81.111056    136.380679    143.399053    214.460131    223.233107    310.085586    320.613160    423.257022    435.539194    553.974432    568.011201    702.237810    718.029176    868.047497    885.593456    
-0.198968    -0.494563    7.464719    9.130435    32.945854    36.279491    75.976750    80.977323    136.554000    143.221455    214.677317    223.011644    310.346637    320.347833    423.561938    435.230002    554.323213    567.658143    702.630456    717.632254    868.484007    885.152669    
-0.188496    -0.496579    7.506515    9.084569    33.031553    36.189735    76.106315    80.843700    136.727430    143.043967    214.894612    222.790291    310.607797    320.082614    423.866964    434.920919    554.672103    567.305196    703.023212    717.235441    868.920627    884.711991    
-0.178024    -0.498485    7.548420    9.038814    33.117361    36.100088    76.235990    80.710187    136.900971    142.866588    215.112018    222.569047    310.869067    319.817506    424.172099    434.611945    555.021103    566.952357    703.416077    716.838738    869.357357    884.271423    
-0.167552    -0.500283    7.590436    8.993168    33.203278    36.010551    76.365775    80.576784    137.074620    142.689320    215.329533    222.347913    311.130447    319.552507    424.477344    434.303082    555.370213    566.599629    703.809051    716.442144    869.794197    883.830964    
-0.157080    -0.501971    7.632561    8.947632    33.289306    35.921124    76.495669    80.443490    137.248380    142.512160    215.547157    222.126889    311.391937    319.287618    424.782698    433.994327    555.719433    566.247010    704.202136    716.045660    870.231146    883.390616    
-0.146608    -0.503551    7.674796    8.902207    33.375443    35.831807    76.625673    80.310306    137.422249    142.335111    215.764892    221.905975    311.653536    319.022839    425.088162    433.685683    556.068762    565.894500    704.595330    715.649286    870.668205    882.950377    
-0.136136    -0.505022    7.717140    8.856893    33.461689    35.742599    76.755787    80.177231    137.596228    142.158171    215.982735    221.685170    311.915245    318.758169    425.393736    433.377148    556.418200    565.542101    704.988633    715.253021    871.105374    882.510247    
-0.125664    -0.506384    7.759594    8.811688    33.548046    35.653500    76.886010    80.044266    137.770317    141.981341    216.200689    221.464475    312.177064    318.493609    425.699420    433.068723    556.767749    565.189811    705.382047    714.856866    871.542652    882.070227    
-0.115192    -0.507637    7.802158    8.766595    33.634512    35.564512    77.016343    79.911411    137.944515    141.804621    216.418752    221.243889    312.438992    318.229158    426.005213    432.760408    557.117407    564.837630    705.775570    714.460821    871.980040    881.630317    
-0.104720    -0.508780    7.844831    8.721612    33.721087    35.475633    77.146785    79.778666    138.118823    141.628010    216.636925    221.023413    312.701030    317.964817    426.311116    432.452202    557.467175    564.485559    706.169203    714.064886    872.417537    881.190517    
-0.094248    -0.509816    7.887612    8.676740    33.807773    35.386864    77.277337    79.646030    138.293240    141.451509    216.855208    220.803047    312.963177    317.700586    426.617128    432.144106    557.817052    564.133598    706.562945    713.669060    872.855144    880.750826    
-0.083776    -0.510742    7.930503    8.631980    33.894568    35.298204    77.407999    79.513504    138.467768    141.275117    217.073600    220.582791    313.225435    317.436465    426.923251    431.836120    558.167039    563.781747    706.956797    713.273343    873.292861    880.311245    
-0.073304    -0.511559    7.973500    8.587332    33.981473    35.209655    77.538771    79.381087    138.642405    141.098835    217.292102    220.362644    313.487802    317.172453    427.229482    431.528243    558.517136    563.430005    707.350759    712.877737    873.730688    879.871774    
-0.062832    -0.512267    8.016605    8.542797    34.068487    35.121214    77.669652    79.248780    138.817151    140.922663    217.510714    220.142606    313.750278    316.908551    427.535824    431.220476    558.867343    563.078373    707.744830    712.482240    874.168624    879.432412    
-0.052360    -0.512866    8.059814    8.498378    34.155611    35.032884    77.800643    79.116583    138.992007    140.746601    217.729435    219.922679    314.012864    316.644758    427.842275    430.912818    559.217659    562.726851    708.139011    712.086853    874.606670    878.993160    
-0.041888    -0.513356    8.103123    8.454079    34.242845    34.944663    77.931744    78.984496    139.166973    140.570648    217.948266    219.702861    314.275560    316.381075    428.148836    430.605270    559.568084    562.375438    708.533302    711.691575    875.044825    878.554017    
-0.031416    -0.513738    8.146524    8.409908    34.330188    34.856552    78.062954    78.852518    139.342049    140.394805    218.167206    219.483153    314.538366    316.117502    428.455506    430.297832    559.918620    562.024135    708.927702    711.296407    875.483090    878.114984    
-0.020944    -0.514010    8.189986    8.365896    34.417641    34.768551    78.194274    78.720650    139.517234    140.219071    218.386257    219.263554    314.801281    315.854039    428.762287    429.990504    560.269265    561.672942    709.322212    710.901349    875.921465    877.676061    
-0.010472    -0.514174    8.233369    8.322183    34.505204    34.680659    78.325703    78.588891    139.692529    140.043447    218.605417    219.044065    315.064306    315.590685    429.069176    429.683285    560.620020    561.321858    709.716832    710.506400    876.359950    877.237248    
0.000000    -0.514228    8.270607    8.284835    34.592877    34.592877    78.457242    78.457242    139.867933    139.867933    218.824686    218.824686    315.327440    315.327440    429.376176    429.376176    560.970884    560.970884    710.111561    710.111561    876.798544    876.798544    
0.010472    -0.514174    8.233369    8.322183    34.505204    34.680659    78.325703    78.588891    139.692529    140.043447    218.605417    219.044065    315.064306    315.590685    429.069176    429.683285    560.620020    561.321858    709.716832    710.506400    876.359950    877.237248    
0.020944    -0.514010    8.189986    8.365896    34.417641    34.768551    78.194274    78.720650    139.517234    140.219071    218.386257    219.263554    314.801281    315.854039    428.762287    429.990504    560.269265    561.672942    709.322212    710.901349    875.921465    877.676061    
0.031416    -0.513738    8.146524    8.409908    34.330188    34.856552    78.062954    78.852518    139.342049    140.394805    218.167206    219.483153    314.538366    316.117502    428.455506    430.297832    559.918620    562.024135    708.927702    711.296407    875.483090    878.114984    
0.041888    -0.513356    8.103123    8.454079    34.242845    34.944663    77.931744    78.984496    139.166973    140.570648    217.948266    219.702861    314.275560    316.381075    428.148836    430.605270    559.568084    562.375438    708.533302    711.691575    875.044825    878.554017    
0.052360    -0.512866    8.059814    8.498378    34.155611    35.032884    77.800643    79.116583    138.992007    140.746601    217.729435    219.922679    314.012864    316.644758    427.842275    430.912818    559.217659    562.726851    708.139011    712.086853    874.606670    878.993160    
0.062832    -0.512267    8.016605    8.542797    34.068487    35.121214    77.669652    79.248780    138.817151    140.922663    217.510714    220.142606    313.750278    316.908551    427.535824    431.220476    558.867343    563.078373    707.744830    712.482240    874.168624    879.432412    
0.073304    -0.511559    7.973500    8.587332    33.981473    35.209655    77.538771    79.381087    138.642405    141.098835    217.292102    220.362644    313.487802    317.172453    427.229482    431.528243    558.517136    563.430005    707.350759    712.877737    873.730688    879.871774    
0.083776    -0.510742    7.930503    8.631980    33.894568    35.298204    77.407999    79.513504    138.467768    141.275117    217.073600    220.582791    313.225435    317.436465    426.923251    431.836120    558.167039    563.781747    706.956797    713.273343    873.292861    880.311245    
0.094248    -0.509816    7.887612    8.676740    33.807773    35.386864    77.277337    79.646030    138.293240    141.451509    216.855208    220.803047    312.963177    317.700586    426.617128    432.144106    557.817052    564.133598    706.562945    713.669060    872.855144    880.750826    
0.104720    -0.508780    7.844831    8.721612    33.721087    35.475633    77.146785    79.778666    138.118823    141.628010    216.636925    221.023413    312.701030    317.964817    426.311116    432.452202    557.467175    564.485559    706.169203    714.064886    872.417537    881.190517    
0.115192    -0.507637    7.802158    8.766595    33.634512    35.564512    77.016343    79.911411    137.944515    141.804621    216.418752    221.243889    312.438992    318.229158    426.005213    432.760408    557.117407    564.837630    705.775570    714.460821    871.980040    881.630317    
0.125664    -0.506384    7.759594    8.811688    33.548046    35.653500    76.886010    80.044266    137.770317    141.981341    216.200689    221.464475    312.177064    318.493609    425.699420    433.068723    556.767749    565.189811    705.382047    714.856866    871.542652    882.070227    
0.136136    -0.505022    7.717140    8.856893    33.461689    35.742599    76.755787    80.177231    137.596228    142.158171    215.982735    221.685170    311.915245    318.758169    425.393736    433.377148    556.418200    565.542101    704.988633    715.253021    871.105374    882.510247    
0.146608    -0.503551    7.674796    8.902207    33.375443    35.831807    76.625673    80.310306    137.422249    142.335111    215.764892    221.905975    311.653536    319.022839    425.088162    433.685683    556.068762    565.894500    704.595330    715.649286    870.668205    882.950377    
0.157080    -0.501971    7.632561    8.947632    33.289306    35.921124    76.495669    80.443490    137.248380    142.512160    215.547157    222.126889    311.391937    319.287618    424.782698    433.994327    555.719433    566.247010    704.202136    716.045660    870.231146    883.390616    
0.167552    -0.500283    7.590436    8.993168    33.203278    36.010551    76.365775    80.576784    137.074620    142.689320    215.329533    222.347913    311.130447    319.552507    424.477344    434.303082    555.370213    566.599629    703.809051    716.442144    869.794197    883.830964    
0.178024    -0.498485    7.548420    9.038814    33.117361    36.100088    76.235990    80.710187    136.900971    142.866588    215.112018    222.569047    310.869067    319.817506    424.172099    434.611945    555.021103    566.952357    703.416077    716.838738    869.357357    884.271423    
0.188496    -0.496579    7.506515    9.084569    33.031553    36.189735    76.106315    80.843700    136.727430    143.043967    214.894612    222.790291    310.607797    320.082614    423.866964    434.920919    554.672103    567.305196    703.023212    717.235441    868.920627    884.711991    
0.198968    -0.494563    7.464719    9.130435    32.945854    36.279491    75.976750    80.977323    136.554000    143.221455    214.677317    223.011644    310.346637    320.347833    423.561938    435.230002    554.323213    567.658143    702.630456    717.632254    868.484007    885.152669    
0.209440    -0.492439    7.423033    9.176411    32.860266    36.369357    75.847295    81.111056    136.380679    143.399053    214.460131    223.233107    310.085586    320.613160    423.257022    435.539194    553.974432    568.011201    702.237810    718.029176    868.047497    885.593456    
0.219911    -0.490206    7.381458    9.222497    32.774787    36.459332    75.717949    81.244898    136.207468    143.576760    214.243054    223.454679    309.824644    320.878598    422.952216    435.848497    553.625761    568.364368    701.845274    718.426209    867.611096    886.034353    
0.230383    -0.487863    7.339992    9.268694    32.689417    36.549418    75.588712    81.378850    136.034366    143.754577    214.026088    223.676361    309.563813    321.144145    422.647519    436.157909    553.277199    568.717645    701.452848    718.823351    867.174805    886.475360    
0.240855    -0.485412    7.298637    9.315000    32.604158    36.639612    75.459586    81.512911    135.861374    143.932504    213.809231    223.898153    309.303091    321.409802    422.342933    436.467431    552.928747    569.071032    701.060531    719.220602    866.738623    886.916476    
0.251327    -0.482852    7.257391    9.361416    32.519008    36.729917    75.330569    81.647082    135.688492    144.110540    213.592483    224.120054    309.042478    321.675568    422.038455    436.777062    552.580405    569.424528    700.668324    719.617963    866.302551    887.357702    
0.261799    -0.480184    7.216256    9.407942    32.433967    36.820331    75.201662    81.781363    135.515719    144.288686    213.375846    224.342066    308.781976    321.941444    421.734088    437.086803    552.232173    569.778134    700.276227    720.015434    865.866589    887.799038    
0.272271    -0.477406    7.175230    9.454578    32.349037    36.910855    75.072864    81.915753    135.343056    144.466942    213.159318    224.564186    308.521583    322.207430    421.429830    437.396654    551.884050    570.131850    699.884239    720.413015    865.430736    888.240483    
0.282743    -0.474519    7.134315    9.501324    32.264216    37.001489    74.944176    82.050254    135.170503    144.645308    212.942899    224.786417    308.261299    322.473525    421.125682    437.706614    551.536037    570.485675    699.492361    720.810705    864.994993    888.682038    
0.293215    -0.471524    7.093510    9.548180    32.179505    37.092232    74.815598    82.184863    134.998059    144.823783    212.726591    225.008757    308.001126    322.739730    420.821643    438.016684    551.188133    570.839610    699.100592    721.208505    864.559360    889.123703    
0.303687    -0.468419    7.052815    9.595146    32.094903    37.183085    74.687129    82.319583    134.825725    145.002367    212.510392    225.231207    307.741062    323.006045    420.517714    438.326864    550.840339    571.193655    698.708934    721.606414    864.123836    889.565478    
0.314159    -0.465206    7.012230    9.642222    32.010411    37.274048    74.558770    82.454412    134.653501    145.181062    212.294302    225.453766    307.481108    323.272470    420.213895    438.637153    550.492655    571.547809    698.317384    722.004434    863.688422    890.007362    
0.324631    -0.461884    6.971756    9.689408    31.926029    37.365120    74.430521    82.589351    134.481386    145.359866    212.078323    225.676435    307.221263    323.539004    419.910185    438.947552    550.145081    571.902073    697.925945    722.402562    863.253118    890.449355    
0.335103    -0.458453    6.931391    9.736704    31.841756    37.456302    74.302381    82.724399    134.309381    145.538780    211.862453    225.899214    306.961528    323.805647    419.606585    439.258061    549.797616    572.256447    697.534615    722.800801    862.817924    890.891459    
0.345575    -0.454913    6.891137    9.784109    31.757593    37.547593    74.174352    82.859557    134.137486    145.717803    211.646692    226.122102    306.701903    324.072401    419.303095    439.568679    549.450260    572.610930    697.143395    723.199149    862.382839    891.333672    
0.356047    -0.451265    6.850993    9.831625    31.673540    37.638995    74.046431    82.994825    133.965701    145.896936    211.431042    226.345101    306.442387    324.339264    418.999714    439.879407    549.103015    572.965523    696.752285    723.597607    861.947863    891.775994    
0.366519    -0.447507    6.810959    9.879250    31.589597    37.730506    73.918621    83.130202    133.794025    146.076179    211.215501    226.568208    306.182981    324.606237    418.696443    440.190245    548.755879    573.320225    696.361284    723.996174    861.512998    892.218427    
0.376991    -0.443641    6.771036    9.926986    31.505763    37.822126    73.790920    83.265690    133.622458    146.255531    211.000069    226.791426    305.923684    324.873319    418.393282    440.501192    548.408853    573.675038    695.970393    724.394852    861.078242    892.660969    
0.387463    -0.439666    6.731223    9.974831    31.422039    37.913857    73.663328    83.401286    133.451002    146.434993    210.784747    227.014753    305.664498    325.140511    418.090230    440.812249    548.061936    574.029959    695.579611    724.793638    860.643595    893.103620    
0.397935    -0.435582    6.691520    10.022786    31.338424    38.005697    73.535847    83.536993    133.279655    146.614565    210.569535    227.238190    305.405421    325.407813    417.787288    441.123416    547.715129    574.384991    695.188939    725.192535    860.209059    893.546382    
0.408407    -0.431390    6.651927    10.070851    31.254919    38.097646    73.408475    83.672809    133.108417    146.794246    210.354433    227.461736    305.146453    325.675224    417.484456    441.434692    547.368432    574.740132    694.798377    725.591541    859.774632    893.989253    
0.418879    -0.427088    6.612445    10.119026    31.171524    38.189706    73.281213    83.808735    132.937290    146.974037    210.139440    227.685392    304.887596    325.942745    417.181733    441.746078    547.021845    575.095383    694.407925    725.990657    859.340314    894.432233    
0.429351    -0.422678    6.573073    10.167311    31.088239    38.281875    73.154060    83.944770    132.766272    147.153938    209.924557    227.909158    304.628848    326.210376    416.879120    442.057574    546.675367    575.450744    694.017582    726.389882    858.906107    894.875324    
0.439823    -0.418159    6.533811    10.215705    31.005063    38.374153    73.027017    84.080915    132.595363    147.333948    209.709784    228.133033    304.370209    326.478116    416.576617    442.369179    546.328998    575.806214    693.627349    726.789217    858.472009    895.318524    
0.450295    -0.413532    6.494660    10.264210    30.921997    38.466541    72.900084    84.217170    132.424565    147.514068    209.495120    228.357018    304.111681    326.745966    416.274224    442.680894    545.982740    576.161794    693.237225    727.188662    858.038020    895.761833    
0.460767    -0.408795    6.455619    10.312824    30.839040    38.559039    72.773260    84.353534    132.253876    147.694298    209.280566    228.581113    303.853262    327.013926    415.971940    442.992718    545.636591    576.517483    692.847211    727.588217    857.604142    896.205252    
0.471239    -0.403950    6.416688    10.361548    30.756193    38.651647    72.646546    84.490008    132.083296    147.874637    209.066122    228.805317    303.594952    327.281995    415.669765    443.304653    545.290552    576.873283    692.457307    727.987881    857.170373    896.648781    
0.481711    -0.398996    6.377868    10.410383    30.673456    38.744364    72.519942    84.626592    131.912827    148.055086    208.851787    229.029631    303.336752    327.550174    415.367701    443.616697    544.944622    577.229191    692.067513    728.387655    856.736713    897.092420    
0.492183    -0.393934    6.339158    10.459327    30.590829    38.837191    72.393447    84.763285    131.742467    148.235645    208.637562    229.254055    303.078662    327.818463    415.065745    443.928850    544.598802    577.585210    691.677828    728.787538    856.303164    897.536168    
0.502655    -0.388763    6.300559    10.508380    30.508311    38.930128    72.267062    84.900089    131.572216    148.416313    208.423446    229.478588    302.820682    328.086861    414.763900    444.241114    544.253092    577.941338    691.288253    729.187531    855.869724    897.980026    
0.513127    -0.383483    6.262070    10.557544    30.425903    39.023175    72.140787    85.037001    131.402075    148.597091    208.209441    229.703231    302.562811    328.355369    414.462164    444.553487    543.907491    578.297576    690.898787    729.587634    855.436393    898.423994    
0.523599    -0.378094    6.223691    10.606817    30.343605    39.116331    72.014621    85.174024    131.232044    148.777979    207.995544    229.927984    302.305050    328.623987    414.160538    444.865969    543.562000    578.653924    690.509431    729.987846    855.003173    898.868071    
0.534071    -0.372597    6.185423    10.656201    30.261416    39.209596    71.888565    85.311156    131.062123    148.958976    207.781758    230.152846    302.047399    328.892714    413.859022    445.178561    543.216619    579.010381    690.120185    730.388169    854.570062    899.312258    
0.544543    -0.366991    6.147266    10.705694    30.179337    39.302972    71.762619    85.448397    130.892311    149.140083    207.568081    230.377818    301.789857    329.161551    413.557615    445.491263    542.871347    579.366948    689.731049    730.788600    854.137060    899.756555    
0.555015    -0.361277    6.109218    10.755297    30.097367    39.396457    71.636782    85.585749    130.722609    149.321300    207.354514    230.602900    301.532425    329.430498    413.256318    445.804075    542.526185    579.723624    689.342022    731.189142    853.704168    900.200961    
0.565487    -0.355454    6.071282    10.805010    30.015508    39.490051    71.511055    85.723210    130.553017    149.502626    207.141057    230.828092    301.275102    329.699554    412.955131    446.116996    542.181133    580.080410    688.953104    731.589793    853.271386    900.645477    
0.575959    -0.349522    6.033456    10.854833    29.933758    39.583756    71.385438    85.860781    130.383534    149.684062    206.927709    231.053393    301.017890    329.968720    412.654053    446.430027    541.836190    580.437306    688.564297    731.990554    852.838714    901.090102    
0.586431    -0.343482    5.995741    10.904765    29.852117    39.677570    71.259930    85.998461    130.214161    149.865608    206.714471    231.278803    300.760787    330.237996    412.353085    446.743168    541.491357    580.794312    688.175599    732.391424    852.406151    901.534838    
0.596903    -0.337333    5.958136    10.954807    29.770587    39.771493    71.134532    86.136251    130.044898    150.047263    206.501342    231.504323    300.503793    330.507381    412.052227    447.056418    541.146634    581.151427    687.787011    732.792404    851.973698    901.979683    
0.607375    -0.331076    5.920642    11.004960    29.689166    39.865527    71.009244    86.274151    129.875744    150.229028    206.288323    231.729953    300.246909    330.776876    411.751478    447.369778    540.802021    581.508652    687.398532    733.193494    851.541355    902.424637    
0.617847    -0.324710    5.883258    11.055222    29.607854    39.959670    70.884065    86.412160    129.706700    150.410903    206.075414    231.955693    299.990135    331.046480    411.450839    447.683247    540.457517    581.865986    687.010163    733.594693    851.109121    902.869701    
0.628319    -0.318236    5.845985    11.105593    29.526653    40.053923    70.758996    86.550279    129.537766    150.592887    205.862615    232.181542    299.733471    331.316195    411.150310    447.996826    540.113122    582.223430    686.621904    733.996002    850.676997    903.314875    
0.638791    -0.311654    5.808823    11.156075    29.445561    40.148285    70.634037    86.688508    129.368941    150.774981    205.649925    232.407501    299.476916    331.586019    410.849890    448.310515    539.768838    582.580984    686.233754    734.397421    850.244983    903.760159    
0.649262    -0.304962    5.771771    11.206666    29.364578    40.242757    70.509187    86.826846    129.200226    150.957185    205.437345    232.633570    299.220471    331.855952    410.549580    448.624314    539.424663    582.938647    685.845715    734.798949    849.813078    904.205552    
0.659734    -0.298163    5.734830    11.257368    29.283706    40.337339    70.384447    86.965294    129.031620    151.139498    205.224874    232.859748    298.964135    332.125996    410.249379    448.938222    539.080597    583.296421    685.457784    735.200587    849.381283    904.651055    
0.670206    -0.291255    5.698000    11.308179    29.202943    40.432030    70.259817    87.103852    128.863125    151.321921    205.012514    233.086036    298.707910    332.396149    409.949289    449.252240    538.736642    583.654303    685.069964    735.602335    848.949597    905.096667    
0.680678    -0.284238    5.661281    11.359100    29.122290    40.526831    70.135296    87.242519    128.694738    151.504453    204.800262    233.312434    298.451793    332.666411    409.649308    449.566367    538.392796    584.012296    684.682253    736.004192    848.518022    905.542390    
0.691150    -0.277114    5.624672    11.410130    29.041746    40.621742    70.010885    87.381296    128.526462    151.687096    204.588121    233.538941    298.195787    332.936783    409.349436    449.880605    538.049059    584.370398    684.294651    736.406159    848.086555    905.988222    
0.701622    -0.269880    5.588174    11.461271    28.961312    40.716762    69.886584    87.520183    128.358295    151.869848    204.376089    233.765558    297.939890    333.207265    409.049674    450.194952    537.705432    584.728610    683.907160    736.808236    847.655199    906.434163    
0.712094    -0.262539    5.551787    11.512521    28.880988    40.811892    69.762392    87.659179    128.190238    152.052709    204.164167    233.992285    297.684103    333.477857    408.750022    450.509408    537.361915    585.086931    683.519778    737.210423    847.223952    906.880214    
0.722566    -0.255089    5.515511    11.563881    28.800773    40.907132    69.638310    87.798285    128.022291    152.235680    203.952354    234.219121    297.428425    333.748558    408.450480    450.823974    537.018508    585.445362    683.132506    737.612719    846.792815    907.326375    
0.733038    -0.247531    5.479346    11.615351    28.720668    41.002482    69.514338    87.937501    127.854453    152.418761    203.740652    234.446067    297.172858    334.019369    408.151047    451.138650    536.675210    585.803903    682.745343    738.015124    846.361788    907.772646    
0.743510    -0.239865    5.443292    11.666931    28.640673    41.097941    69.390475    88.076826    127.686725    152.601952    203.529058    234.673123    296.917399    334.290290    407.851724    451.453436    536.332022    586.162553    682.358290    738.417640    845.930870    908.219026    
0.753982    -0.232091    5.407349    11.718620    28.560788    41.193509    69.266722    88.216261    127.519106    152.785252    203.317575    234.900288    296.662051    334.561320    407.552511    451.768331    535.988944    586.521313    681.971347    738.820265    845.500062    908.665516    
0.764454    -0.224208    5.371516    11.770420    28.481012    41.289188    69.143079    88.355806    127.351598    152.968662    203.106201    235.127563    296.406812    334.832460    407.253407    452.083336    535.645975    586.880183    681.584513    739.222999    845.069363    909.112115    
0.774926    -0.216217    5.335795    11.822329    28.401346    41.384976    69.019545    88.495460    127.184198    153.152182    202.894937    235.354947    296.151683    335.103709    406.954413    452.398450    535.303116    587.239163    681.197789    739.625844    844.638774    909.558824    
0.785398    -0.208118    5.300185    11.874348    28.321789    41.480874    68.896121    88.635224    127.016909    153.335811    202.683782    235.582442    295.896663    335.375068    406.655528    452.713674    534.960367    587.598252    680.811175    740.028798    844.208295    910.005643    
0.795870    -0.199912    5.264685    11.926476    28.242342    41.576881    68.772807    88.775098    126.849729    153.519550    202.472737    235.810046    295.641754    335.646537    406.356753    453.029008    534.617727    587.957450    680.424670    740.431861    843.777926    910.452572    
0.806342    -0.191597    5.229297    11.978715    28.163005    41.672998    68.649602    88.915081    126.682659    153.703398    202.261802    236.037759    295.386953    335.918116    406.058088    453.344451    534.275197    588.316759    680.038275    740.835035    843.347666    910.899610    
0.816814    -0.183173    5.194020    12.031063    28.083778    41.769225    68.526507    89.055174    126.515699    153.887356    202.050977    236.265582    295.132263    336.189804    405.759533    453.660005    533.932777    588.676177    679.651990    741.238317    842.917516    911.346758    
0.827286    -0.174642    5.158855    12.083521    28.004660    41.865561    68.403521    89.195377    126.348848    154.071424    201.840261    236.493515    294.877682    336.461602    405.461087    453.975667    533.590466    589.035705    679.265814    741.641710    842.487475    911.794015    
0.837758    -0.166004    5.123800    12.136089    27.925652    41.962007    68.280646    89.335689    126.182107    154.255602    201.629654    236.721558    294.623211    336.733509    405.162751    454.291440    533.248265    589.395342    678.879748    742.045212    842.057545    912.241382    
0.848230    -0.157257    5.088857    12.188767    27.846754    42.058563    68.157880    89.476111    126.015475    154.439889    201.419158    236.949710    294.368849    337.005527    404.864524    454.607322    532.906173    589.755089    678.493792    742.448824    841.627723    912.688859    
0.858702    -0.148402    5.054025    12.241554    27.767965    42.155229    68.035223    89.616643    125.848953    154.624286    201.208771    237.177972    294.114597    337.277653    404.566407    454.923314    532.564192    590.114946    678.107945    742.852546    841.198012    913.136446    
0.869174    -0.139439    5.019304    12.294451    27.689286    42.252004    67.912677    89.757284    125.682541    154.808792    200.998494    237.406344    293.860455    337.549890    404.268400    455.239415    532.222320    590.474912    677.722208    743.256377    840.768410    913.584142    
0.879646    -0.130369    4.984695    12.347458    27.610716    42.348889    67.790240    89.898035    125.516239    154.993409    200.788326    237.634825    293.606423    337.822236    403.970503    455.555626    531.880557    590.834988    677.336581    743.660318    840.338918    914.031947    
0.890118    -0.121191    4.950197    12.400575    27.532257    42.445883    67.667912    90.038896    125.350046    155.178134    200.578268    237.863416    293.352500    338.094692    403.672715    455.871947    531.538904    591.195174    676.951063    744.064369    839.909535    914.479863    
0.900590    -0.111905    4.915811    12.453802    27.453907    42.542987    67.545694    90.179866    125.183963    155.362970    200.368320    238.092116    293.098686    338.367257    403.375037    456.188378    531.197361    591.555469    676.565655    744.468529    839.480262    914.927888    
0.911062    -0.102512    4.881536    12.507138    27.375666    42.640201    67.423586    90.320946    125.017989    155.547915    200.158481    238.320926    292.844983    338.639933    403.077468    456.504918    530.855928    591.915874    676.180357    744.872799    839.051099    915.376023    
0.921534    -0.093011    4.847373    12.560584    27.297536    42.737524    67.301588    90.462135    124.852125    155.732970    199.948752    238.549846    292.591389    338.912717    402.780009    456.821567    530.514604    592.276389    675.795168    745.277179    838.622046    915.824267    
0.932006    -0.083402    4.813322    12.614140    27.219515    42.834957    67.179699    90.603435    124.686371    155.918134    199.739133    238.778876    292.337905    339.185612    402.482660    457.138327    530.173390    592.637013    675.410089    745.681668    838.193102    916.272621    
0.942478    -0.073686    4.779382    12.667806    27.141604    42.932500    67.057920    90.744844    124.520727    156.103409    199.529624    239.008015    292.084530    339.458616    402.185421    457.455196    529.832285    592.997747    675.025120    746.086267    837.764268    916.721085    
0.952950    -0.063863    4.745554    12.721581    27.063802    43.030153    66.936251    90.886362    124.355192    156.288792    199.320224    239.237264    291.831265    339.731730    401.888291    457.772175    529.491291    593.358591    674.640260    746.490975    837.335543    917.169658    
0.963422    -0.053932    4.711837    12.775466    26.986110    43.127915    66.814691    91.027990    124.189767    156.474286    199.110933    239.466622    291.578110    340.004953    401.591271    458.089263    529.150406    593.719544    674.255510    746.895794    836.906928    917.618342    
0.973894    -0.043894    4.678233    12.829461    26.908528    43.225787    66.693241    91.169728    124.024451    156.659889    198.901753    239.696090    291.325064    340.278287    401.294360    458.406461    528.809630    594.080607    673.870869    747.300722    836.478423    918.067134    
0.984366    -0.033748    4.644740    12.883566    26.831055    43.323768    66.571901    91.311576    123.859245    156.845602    198.692682    239.925668    291.072128    340.551729    400.997559    458.723769    528.468964    594.441780    673.486339    747.705759    836.050027    918.516037    
0.994838    -0.023495    4.611360    12.937780    26.753692    43.421859    66.450670    91.453533    123.694149    157.031424    198.483721    240.155356    290.819302    340.825282    400.700868    459.041186    528.128408    594.803062    673.101918    748.110906    835.621742    918.965049    
1.005310    -0.013136    4.578091    12.992105    26.676439    43.520060    66.329549    91.595600    123.529162    157.217357    198.274869    240.385153    290.566585    341.098944    400.404286    459.358713    527.787962    595.164454    672.717606    748.516163    835.193565    919.414171    
1.015782    -0.002669    4.544935    13.046539    26.599296    43.618371    66.208537    91.737777    123.364286    157.403398    198.066127    240.615060    290.313979    341.372716    400.107815    459.676350    527.447625    595.525956    672.333405    748.921530    834.765499    919.863402    
1.026254    0.007905    4.511891    13.101082    26.522262    43.716791    66.087636    91.880063    123.199518    157.589550    197.857495    240.845076    290.061481    341.646597    399.811452    459.994096    527.107398    595.887567    671.949312    749.327006    834.337542    920.312743    
1.036726    0.018586    4.478959    13.155736    26.445337    43.815321    65.966844    92.022459    123.034861    157.775811    197.648972    241.075202    289.809094    341.920588    399.515200    460.311952    526.767280    596.249288    671.565330    749.732592    833.909695    920.762194    
1.047198    0.029374    4.446139    13.210499    26.368523    43.913960    65.846161    92.164965    122.870313    157.962182    197.440559    241.305438    289.556816    342.194689    399.219057    460.629918    526.427272    596.611119    671.181457    750.138288    833.481957    921.211754    
1.057670    0.040268    4.413432    13.265372    26.291818    44.012709    65.725588    92.307580    122.705875    158.148662    197.232256    241.535784    289.304647    342.468899    398.923024    460.947994    526.087374    596.973059    670.797694    750.544093    833.054329    921.661424    
1.068142    0.051269    4.380838    13.320355    26.215223    44.111568    65.605125    92.450305    122.541546    158.335252    197.024062    241.766239    289.052589    342.743220    398.627100    461.266179    525.747586    597.335109    670.414041    750.950008    832.626811    922.111204    
1.078613    0.062377    4.348356    13.375448    26.138738    44.210536    65.484772    92.593139    122.377327    158.521952    196.815978    241.996804    288.800640    343.017649    398.331286    461.584473    525.407907    597.697269    670.030497    751.356032    832.199402    922.561093    
1.089085    0.073591    4.315987    13.430650    26.062362    44.309615    65.364528    92.736083    122.213218    158.708762    196.608004    242.227478    288.548800    343.292189    398.035582    461.902878    525.068338    598.059538    669.647063    751.762166    831.772103    923.011092    
1.099557    0.084911    4.283730    13.485962    25.986096    44.408802    65.244394    92.879137    122.049218    158.895681    196.400139    242.458262    288.297071    343.566838    397.739987    462.221392    524.728878    598.421917    669.263738    752.168410    831.344914    923.461201    
1.110029    0.096338    4.251586    13.541384    25.909939    44.508100    65.124370    93.022301    121.885328    159.082709    196.192384    242.689156    288.045451    343.841597    397.444502    462.540015    524.389528    598.784405    668.880524    752.574764    830.917834    923.911419    
1.120501    0.107871    4.219556    13.596916    25.833893    44.607507    65.004455    93.165574    121.721548    159.269848    195.984739    242.920159    287.793941    344.116465    397.149127    462.858749    524.050288    599.147004    668.497419    752.981227    830.490864    924.361747    
1.130973    0.119511    4.187638    13.652557    25.757956    44.707024    64.884650    93.308957    121.557878    159.457096    195.777203    243.151273    287.542540    344.391443    396.853861    463.177592    523.711157    599.509712    668.114423    753.387800    830.064004    924.812185    
1.141445    0.131256    4.155834    13.708308    25.682128    44.806650    64.764954    93.452450    121.394317    159.644454    195.569777    243.382495    287.291249    344.666531    396.558706    463.496544    523.372137    599.872529    667.731537    753.794482    829.637254    925.262732    
1.151917    0.143107    4.124143    13.764169    25.606411    44.906387    64.645369    93.596052    121.230865    159.831921    195.362461    243.613828    287.040068    344.941728    396.263659    463.815607    523.033225    600.235457    667.348761    754.201275    829.210613    925.713389    
1.162389    0.155064    4.092566    13.820139    25.530803    45.006232    64.525892    93.739764    121.067524    160.019498    195.155254    243.845270    286.788996    345.217035    395.968723    464.134779    522.694424    600.598493    666.966095    754.608176    828.784081    926.164156    
1.172861    0.167126    4.061102    13.876220    25.455304    45.106188    64.406526    93.883585    120.904292    160.207185    194.948157    244.076822    286.538034    345.492452    395.673896    464.454060    522.355732    600.961640    666.583538    755.015188    828.357660    926.615032    
1.183333    0.179294    4.029751    13.932410    25.379916    45.206253    64.287269    94.027516    120.741170    160.394981    194.741170    244.308483    286.287181    345.767978    395.379178    464.773452    522.017150    601.324896    666.201091    755.422309    827.931348    927.066018    
1.193805    0.191567    3.998515    13.988710    25.304637    45.306428    64.168122    94.171557    120.578157    160.582887    194.534292    244.540254    286.036439    346.043614    395.084571    465.092953    521.678677    601.688262    665.818753    755.829540    827.505145    927.517114    
1.204277    0.203946    3.967393    14.045119    25.229467    45.406712    64.049085    94.315708    120.415254    160.770903    194.327524    244.772135    285.785806    346.319360    394.790073    465.412563    521.340314    602.051738    665.436525    756.236880    827.079053    927.968319    
1.214749    0.216429    3.936384    14.101639    25.154408    45.507107    63.930157    94.459968    120.252461    160.959029    194.120866    245.004125    285.535282    346.595215    394.495684    465.732284    521.002061    602.415323    665.054407    756.644330    826.653070    928.419634    
1.225221    0.229018    3.905491    14.158268    25.079458    45.607610    63.811339    94.604338    120.089777    161.147264    193.914317    245.236225    285.284869    346.871181    394.201406    466.052114    520.663917    602.779018    664.672399    757.051890    826.227196    928.871059    
1.235693    0.241711    3.874711    14.215007    25.004618    45.708224    63.692630    94.748817    119.927203    161.335608    193.707878    245.468435    285.034565    347.147255    393.907237    466.372053    520.325884    603.142822    664.290500    757.459560    825.801433    929.322593    
1.246165    0.254509    3.844046    14.271855    24.929887    45.808947    63.574032    94.893407    119.764739    161.524063    193.501548    245.700755    284.784370    347.423440    393.613178    466.692102    519.987959    603.506737    663.908711    757.867339    825.375779    929.774237    
1.256637    0.267411    3.813496    14.328814    24.855266    45.909780    63.455542    95.038105    119.602384    161.712627    193.295329    245.933184    284.534286    347.699734    393.319228    467.012261    519.650145    603.870761    663.527031    758.275228    824.950234    930.225991    
1.267109    0.280417    3.783062    14.385882    24.780755    46.010722    63.337163    95.182914    119.440139    161.901300    193.089219    246.165722    284.284311    347.976137    393.025388    467.332530    519.312440    604.234894    663.145461    758.683226    824.524800    930.677854    
1.277581    0.293528    3.752742    14.443059    24.706354    46.111775    63.218893    95.327832    119.278004    162.090084    192.883218    246.398371    284.034445    348.252651    392.731658    467.652908    518.974845    604.599137    662.764001    759.091334    824.099475    931.129827    
1.288053    0.306742    3.722538    14.500347    24.632062    46.212936    63.100733    95.472860    119.115978    162.278977    192.677327    246.631129    283.784689    348.529274    392.438037    467.973396    518.637359    604.963490    662.382651    759.499552    823.674259    931.581910    
1.298525    0.320059    3.692449    14.557744    24.557880    46.314208    62.982683    95.617997    118.954062    162.467980    192.471546    246.863996    283.535043    348.806006    392.144526    468.293994    518.299983    605.327953    662.001410    759.907879    823.249154    932.034102    
1.308997    0.333480    3.662476    14.615251    24.483807    46.415589    62.864742    95.763245    118.792256    162.657092    192.265875    247.096974    283.285507    349.082849    391.851124    468.614701    517.962717    605.692525    661.620279    760.316317    822.824158    932.486404    
1.319469    0.347004    3.632620    14.672868    24.409845    46.517080    62.746911    95.908601    118.630560    162.846314    192.060313    247.330061    283.036080    349.359801    391.557833    468.935518    517.625560    606.057207    661.239257    760.724863    822.399271    932.938816    
1.329941    0.360631    3.602880    14.730595    24.335992    46.618681    62.629189    96.054068    118.468973    163.035646    191.854861    247.563258    282.786763    349.636862    391.264651    469.256445    517.288513    606.421998    660.858345    761.133520    821.974495    933.391337    
1.340413    0.374360    3.573257    14.788431    24.262248    46.720391    62.511578    96.199644    118.307495    163.225087    191.649519    247.796564    282.537556    349.914034    390.971578    469.577481    516.951576    606.786899    660.477543    761.542286    821.549828    933.843968    
1.350885    0.388191    3.543750    14.846377    24.188615    46.822211    62.394075    96.345330    118.146128    163.414638    191.444286    248.029980    282.288458    350.191315    390.678616    469.898627    516.614748    607.151910    660.096851    761.951162    821.125270    934.296708    
1.361357    0.402125    3.514361    14.904433    24.115091    46.924140    62.276683    96.491125    117.984870    163.604299    191.239163    248.263506    282.039470    350.468705    390.385763    470.219882    516.278030    607.517031    659.716268    762.360147    820.700822    934.749559    
1.371829    0.416160    3.485090    14.962598    24.041676    47.026179    62.159400    96.637030    117.823721    163.794069    191.034149    248.497141    281.790591    350.746206    390.093019    470.541248    515.941422    607.882261    659.335794    762.769242    820.276484    935.202519    
1.382301    0.430296    3.455936    15.020873    23.968372    47.128328    62.042227    96.783045    117.662683    163.983949    190.829246    248.730886    281.541823    351.023815    389.800386    470.862723    515.604923    608.247601    658.955431    763.178447    819.852256    935.655588    
1.392773    0.444533    3.426901    15.079258    23.895177    47.230587    61.925164    96.929170    117.501754    164.173939    190.624451    248.964741    281.293164    351.301535    389.507862    471.184307    515.268534    608.613050    658.575177    763.587761    819.428137    936.108767    
1.403245    0.458871    3.397985    15.137753    23.822092    47.332955    61.808210    97.075404    117.340934    164.364038    190.419767    249.198705    281.044614    351.579364    389.215447    471.506001    514.932255    608.978609    658.195033    763.997185    819.004128    936.562056    
1.413717    0.473309    3.369187    15.196357    23.749116    47.435433    61.691366    97.221748    117.180225    164.554247    190.215192    249.432779    280.796174    351.857303    388.923142    471.827805    514.596085    609.344278    657.814998    764.406719    818.580229    937.015455    
1.424189    0.487846    3.340509    15.255071    23.676250    47.538020    61.574631    97.368201    117.019624    164.744566    190.010727    249.666963    280.547844    352.135352    388.630947    472.149719    514.260025    609.710057    657.435073    764.816362    818.156439    937.468963    
1.434661    0.502483    3.311952    15.313895    23.603494    47.640717    61.458006    97.514764    116.859134    164.934994    189.806372    249.901256    280.299624    352.413510    388.338862    472.471742    513.924075    610.075945    657.055258    765.226116    817.732759    937.922581    
1.445133    0.517218    3.283514    15.372829    23.530847    47.743524    61.341491    97.661437    116.698753    165.125532    189.602126    250.135659    280.051513    352.691778    388.046886    472.793875    513.588234    610.441943    656.675552    765.635978    817.309189    938.376309    
1.455605    0.532052    3.255198    15.431872    23.458311    47.846441    61.225086    97.808220    116.538482    165.316179    189.397990    250.370172    279.803512    352.970156    387.755020    473.116117    513.252503    610.808050    656.295957    766.045951    816.885728    938.830146    
1.466077    0.546983    3.227003    15.491025    23.385883    47.949467    61.108790    97.955112    116.378321    165.506937    189.193963    250.604794    279.555620    353.248643    387.463264    473.438470    512.916882    611.174267    655.916470    766.456033    816.462377    939.284093    
1.476549    0.562011    3.198931    15.550288    23.313566    48.052603    60.992604    98.102113    116.218269    165.697804    188.990046    250.839526    279.307839    353.527240    387.171617    473.760931    512.581370    611.540594    655.537094    766.866224    816.039135    939.738149    
1.487021    0.577136    3.170981    15.609660    23.241358    48.155848    60.876527    98.249225    116.058327    165.888780    188.786239    251.074368    279.060167    353.805947    386.880080    474.083503    512.245968    611.907030    655.157827    767.276526    815.616004    940.192315    
1.497492    0.592357    3.143154    15.669142    23.169260    48.259204    60.760560    98.396446    115.898495    166.079867    188.582542    251.309319    278.812604    354.084763    386.588653    474.406184    511.910676    612.273576    654.778669    767.686937    815.192981    940.646591    
1.507964    0.607673    3.115452    15.728734    23.097272    48.362668    60.644703    98.543777    115.738772    166.271063    188.378954    251.544380    278.565151    354.363689    386.297335    474.728975    511.575493    612.640232    654.399622    768.097457    814.770069    941.100977    
1.518436    0.623083    3.087874    15.788436    23.025393    48.466243    60.528956    98.691217    115.579159    166.462368    188.175476    251.779550    278.317808    354.642724    386.006127    475.051876    511.240420    613.006998    654.020684    768.508088    814.347266    941.555472    
1.528908    0.638586    3.060423    15.848247    22.953624    48.569927    60.413318    98.838767    115.419656    166.653783    187.972107    252.014831    278.070575    354.921870    385.715028    475.374886    510.905457    613.373873    653.641856    768.918828    813.924573    942.010077    
1.539380    0.654182    3.033098    15.908169    22.881965    48.673721    60.297790    98.986427    115.260262    166.845308    187.768848    252.250221    277.823451    355.201124    385.424039    475.698006    510.570603    613.740858    653.263137    769.329677    813.501990    942.464791    
1.549852    0.669870    3.005900    15.968199    22.810415    48.777625    60.182371    99.134196    115.100978    167.036943    187.565699    252.485720    277.576437    355.480489    385.133160    476.021235    510.235859    614.107952    652.884528    769.740637    813.079516    942.919616    
1.560324    0.685649    2.978831    16.028340    22.738975    48.881638    60.067063    99.282076    114.941804    167.228687    187.362660    252.721330    277.329532    355.759963    384.842391    476.344574    509.901225    614.475156    652.506029    770.151706    812.657152    943.374549    
1.570796    0.701517    2.951891    16.088590    22.667645    48.985761    59.951863    99.430064    114.782739    167.420541    187.159730    252.957049    277.082737    356.039547    384.551731    476.668023    509.566700    614.842470    652.127639    770.562884    812.234897    943.829593    
1.581268    0.717474    2.925083    16.148950    22.596424    49.089993    59.836774    99.578163    114.623784    167.612505    186.956910    253.192877    276.836052    356.319241    384.261181    476.991582    509.232285    615.209893    651.749359    770.974173    811.812752    944.284746    
1.591740    0.733518    2.898406    16.209420    22.525313    49.194335    59.721794    99.726371    114.464938    167.804578    186.754199    253.428815    276.589477    356.599044    383.970741    477.315250    508.897980    615.577426    651.371189    771.385571    811.390717    944.740009    
1.602212    0.749648    2.871862    16.269999    22.454312    49.298787    59.606924    99.874689    114.306203    167.996761    186.551598    253.664863    276.343011    356.878957    383.680410    477.639027    508.563784    615.945069    650.993128    771.797078    810.968792    945.195381    
1.612684    0.765862    2.845454    16.330689    22.383421    49.403349    59.492163    100.023116    114.147577    168.189054    186.349107    253.901021    276.096655    357.158979    383.390189    477.962915    508.229698    616.312821    650.615177    772.208696    810.546976    945.650864    
1.623156    0.782159    2.819182    16.391487    22.312639    49.508020    59.377513    100.171653    113.989060    168.381456    186.146726    254.137288    275.850408    357.439112    383.100077    478.286912    507.895721    616.680683    650.237336    772.620423    810.125270    946.106455    
1.633628    0.798538    2.793047    16.452396    22.241967    49.612801    59.262971    100.320300    113.830653    168.573968    185.944454    254.373665    275.604271    357.719353    382.810075    478.611019    507.561855    617.048655    649.859604    773.032259    809.703673    946.562157    
1.644100    0.814995    2.767053    16.513414    22.171404    49.717691    59.148540    100.469056    113.672356    168.766589    185.742292    254.610152    275.358244    357.999705    382.520183    478.935235    507.228098    617.416737    649.481982    773.444206    809.282186    947.017968    
1.654572    0.831530    2.741201    16.574542    22.100952    49.822692    59.034218    100.617922    113.514169    168.959320    185.540239    254.846748    275.112326    358.280166    382.230401    479.259561    506.894450    617.784928    649.104470    773.856262    808.860809    947.473889    
1.665044    0.848140    2.715493    16.635780    22.030609    49.927801    58.920006    100.766898    113.356091    169.152161    185.338296    255.083454    274.866519    358.560737    381.940728    479.583997    506.560912    618.153228    648.727067    774.268427    808.439542    947.929919    
1.675516    0.864822    2.689932    16.697128    21.960375    50.033021    58.805903    100.915983    113.198123    169.345112    185.136463    255.320269    274.620820    358.841418    381.651165    479.908543    506.227484    618.521639    648.349774    774.680703    808.018384    948.386059    
1.685988    0.881574    2.664520    16.758585    21.890252    50.138350    58.691911    101.065178    113.040265    169.538172    184.934739    255.557195    274.375232    359.122208    381.361711    480.233198    505.894166    618.890159    647.972591    775.093087    807.597336    948.842309    
1.696460    0.898394    2.639260    16.820152    21.820238    50.243789    58.578027    101.214483    112.882516    169.731342    184.733125    255.794229    274.129753    359.403108    381.072367    480.557963    505.560957    619.258788    647.595517    775.505582    807.176397    949.298669    
1.706932    0.915277    2.614155    16.881828    21.750333    50.349338    58.464254    101.363897    112.724877    169.924622    184.531621    256.031374    273.884384    359.684117    380.783133    480.882837    505.227858    619.627528    647.218553    775.918186    806.755568    949.755138    
1.717404    0.932221    2.589209    16.943615    21.680539    50.454996    58.350590    101.513421    112.567347    170.118011    184.330227    256.268628    273.639124    359.965236    380.494009    481.207821    504.894869    619.996377    646.841699    776.330900    806.334849    950.211717    
1.727876    0.949222    2.564425    17.005511    21.610854    50.560764    58.237036    101.663055    112.409927    170.311510    184.128942    256.505992    273.393974    360.246465    380.204994    481.532915    504.561989    620.365335    646.464954    776.743724    805.914240    950.668405    
1.738348    0.966275    2.539809    17.067517    21.541279    50.666641    58.123591    101.812799    112.252617    170.505118    183.927766    256.743466    273.148934    360.527804    379.916089    481.858118    504.229219    620.734404    646.088319    777.156657    805.493740    951.125203    
1.748820    0.983376    2.515364    17.129632    21.471813    50.772628    58.010257    101.962652    112.095417    170.698836    183.726701    256.981049    272.904003    360.809252    379.627293    482.183431    503.896558    621.103582    645.711794    777.569700    805.073350    951.582111    
1.759292    1.000520    2.491095    17.191857    21.402457    50.878725    57.897031    102.112614    111.938326    170.892664    183.525745    257.218742    272.659182    361.090809    379.338607    482.508854    503.564007    621.472869    645.335378    777.982853    804.653069    952.039128    
1.769764    1.017700    2.467008    17.254192    21.333211    50.984932    57.783916    102.262687    111.781345    171.086602    183.324899    257.456544    272.414471    361.372477    379.050031    482.834387    503.231566    621.842267    644.959072    778.396115    804.232898    952.496255    
1.780236    1.034911    2.443111    17.316637    21.264075    51.091248    57.670910    102.412869    111.624473    171.280649    183.124162    257.694456    272.169870    361.654254    378.761564    483.160029    502.899235    622.211774    644.582875    778.809487    803.812837    952.953492    
1.790708    1.052145    2.419409    17.379191    21.195048    51.197674    57.558014    102.563160    111.467712    171.474806    182.923535    257.932478    271.925378    361.936141    378.473208    483.485780    502.567013    622.581390    644.206789    779.222968    803.392885    953.410838    
1.801180    1.069395    2.395911    17.441855    21.126131    51.304209    57.445227    102.713562    111.311059    171.669072    182.723018    258.170610    271.680995    362.218137    378.184960    483.811642    502.234901    622.951117    643.830812    779.636560    802.973043    953.868295    
1.811652    1.086651    2.372626    17.504629    21.057324    51.410855    57.332550    102.864073    111.154517    171.863448    182.522610    258.408851    271.436723    362.500243    377.896823    484.137613    501.902898    623.320953    643.454944    780.050261    802.553311    954.325860    
1.822124    1.103904    2.349564    17.567512    20.988626    51.517610    57.219983    103.014693    110.998084    172.057934    182.322312    258.647202    271.192560    362.782459    377.608795    484.463693    501.571006    623.690898    643.079186    780.464071    802.133689    954.783536    
1.832596    1.121141    2.326736    17.630506    20.920038    51.624474    57.107526    103.165424    110.841761    172.252530    182.122124    258.885662    270.948507    363.064785    377.320877    484.789884    501.239222    624.060954    642.703538    780.877991    801.714176    955.241321    
1.843068    1.138351    2.304155    17.693608    20.851560    51.731448    56.995178    103.316264    110.685547    172.447235    181.922045    259.124232    270.704563    363.347220    377.033068    485.116184    500.907549    624.431119    642.328000    781.292021    801.294773    955.699215    
1.853540    1.155518    2.281836    17.756821    20.783191    51.838532    56.882940    103.467213    110.529444    172.642050    181.722076    259.362912    270.460729    363.629765    376.745369    485.442594    500.575985    624.801393    641.952571    781.706161    800.875479    956.157220    
1.864012    1.172627    2.259795    17.820143    20.714932    51.945726    56.770811    103.618273    110.373449    172.836974    181.522217    259.601702    270.217005    363.912419    376.457780    485.769113    500.244531    625.171778    641.577252    782.120410    800.456295    956.615334    
1.874484    1.189657    2.238051    17.883575    20.646783    52.053029    56.658792    103.769442    110.217565    173.032008    181.322468    259.840601    269.973390    364.195183    376.170300    486.095742    499.913186    625.542272    641.202043    782.534769    800.037221    957.073558    
1.884956    1.206588    2.216625    17.947117    20.578744    52.160442    56.546883    103.920720    110.061790    173.227152    181.122828    260.079610    269.729885    364.478057    375.882930    486.422481    499.581952    625.912875    640.826943    782.949237    799.618256    957.531891    
1.895428    1.223395    2.195544    18.010769    20.510814    52.267964    56.435084    104.072109    109.906125    173.422406    180.923297    260.318728    269.486490    364.761040    375.595670    486.749329    499.250826    626.283588    640.451953    783.363816    799.199401    957.990334    
1.905900    1.240049    2.174834    18.074530    20.442994    52.375597    56.323394    104.223607    109.750569    173.617769    180.723877    260.557956    269.243204    365.044133    375.308520    487.076287    498.919811    626.654411    640.077072    783.778503    798.780656    958.448887    
1.916372    1.256517    2.154528    18.138401    20.375283    52.483338    56.211814    104.375214    109.595124    173.813241    180.524566    260.797294    269.000028    365.327336    375.021479    487.403355    498.588905    627.025344    639.702302    784.193301    798.362020    958.907549    
1.926843    1.272763    2.134665    18.202381    20.307683    52.591190    56.100343    104.526931    109.439787    174.008824    180.325364    261.036741    268.756962    365.610649    374.734547    487.730532    498.258109    627.396386    639.327640    784.608208    797.943494    959.366321    
1.937315    1.288742    2.115288    18.266471    20.240192    52.699151    55.988982    104.678758    109.284561    174.204516    180.126273    261.276299    268.514005    365.894071    374.447726    488.057819    497.927422    627.767538    638.953089    785.023225    797.525078    959.825203    
1.947787    1.304404    2.096448    18.330671    20.172810    52.807222    55.877731    104.830695    109.129444    174.400318    179.927291    261.515965    268.271158    366.177602    374.161014    488.385216    497.596845    628.138800    638.578647    785.438351    797.106771    960.284194    
1.958259    1.319690    2.078202    18.394981    20.105539    52.915403    55.766589    104.982741    108.974437    174.596229    179.728418    261.755742    268.028421    366.461244    373.874412    488.712722    497.266378    628.510171    638.204315    785.853588    796.688575    960.743295    
1.968731    1.334534    2.060618    18.459400    20.038377    53.023693    55.655558    105.134897    108.819539    174.792250    179.529656    261.995628    267.785793    366.744995    373.587919    489.040338    496.936021    628.881652    637.830093    786.268933    796.270487    961.202506    
1.979203    1.348857    2.043773    18.523930    19.971324    53.132093    55.544635    105.287163    108.664751    174.988381    179.331003    262.235624    267.543275    367.028856    373.301536    489.368064    496.605773    629.253243    637.455980    786.684389    795.852510    961.661826    
1.989675    1.362573    2.027755    18.588568    19.904382    53.240602    55.433823    105.439538    108.510073    175.184622    179.132459    262.475729    267.300867    367.312826    373.015263    489.695899    496.275634    629.624943    637.081977    787.099954    795.434642    962.121256    
2.000147    1.375579    2.012666    18.653317    19.837549    53.349221    55.323120    105.592023    108.355505    175.380972    178.934026    262.715944    267.058568    367.596906    372.729099    490.023844    495.945606    629.996753    636.708083    787.515629    795.016883    962.580796    
2.010619    1.387764    1.998618    18.718175    19.770826    53.457950    55.212527    105.744618    108.201046    175.577431    178.735702    262.956269    266.816379    367.881096    372.443045    490.351899    495.615687    630.368672    636.334299    787.931413    794.599235    963.040445    
2.021091    1.399002    1.985736    18.783143    19.704213    53.566789    55.102043    105.897322    108.046697    175.774001    178.537487    263.196703    266.574300    368.165395    372.157101    490.680063    495.285878    630.740701    635.960625    788.347308    794.181696    963.500204    
2.031563    1.409157    1.974155    18.848221    19.637709    53.675737    54.991669    106.050136    107.892457    175.970680    178.339383    263.437247    266.332330    368.449804    371.871266    491.008337    494.956178    631.112840    635.587061    788.763311    793.764266    963.960073    
2.042035    1.418088    1.964019    18.913408    19.571315    53.784795    54.881405    106.203060    107.738327    176.167469    178.141388    263.677901    266.090470    368.734323    371.585541    491.336721    494.626588    631.485089    635.213606    789.179425    793.346947    964.420051    
2.052507    1.425650    1.955470    18.978705    19.505030    53.893962    54.771251    106.356093    107.584307    176.364367    177.943502    263.918665    265.848720    369.018951    371.299926    491.665214    494.297108    631.857447    634.840261    789.595648    792.929737    964.880139    
2.062979    1.431705    1.948648    19.044112    19.438856    54.003240    54.661206    106.509236    107.430396    176.561375    177.745726    264.159538    265.607079    369.303689    371.014420    491.993817    493.967737    632.229915    634.467025    790.011981    792.512636    965.340337    
2.073451    1.436130    1.943675    19.109628    19.372791    54.112627    54.551271    106.662488    107.276595    176.758493    177.548060    264.400520    265.365548    369.588537    370.729024    492.322529    493.638477    632.602493    634.093899    790.428423    792.095646    965.800644    
2.083923    1.438827    1.940648    19.175254    19.306836    54.222123    54.441445    106.815851    107.122904    176.955720    177.350504    264.641613    265.124127    369.873494    370.443738    492.651352    493.309325    632.975180    633.720883    790.844975    791.678765    966.261061    
2.094395    1.439734    1.939632    19.240939    19.241041    54.331729    54.331729    106.969323    106.969323    177.153057    177.153057    264.882815    264.882815    370.158561    370.158561    492.980284    492.980284    633.347977    633.347977    791.261637    791.261993    966.721588    
