-2.094395    -13.884512    -4.612631    10.104476    10.830791    45.068561    45.070363    97.587855    97.587856    167.724140    167.724140    255.430196    255.430196    360.692403    360.692403    483.505664    483.505664    623.867717    623.867792    781.777484    781.919837    957.363659    
-2.083923    -13.884526    -4.612531    10.099145    10.836252    44.960352    45.178683    97.434557    97.741264    167.526883    167.921507    255.189037    255.671464    360.407362    360.977553    483.176749    483.834689    623.494932    624.240687    781.360831    782.336565    956.903168    
-2.073451    -13.884567    -4.612230    10.083607    10.852182    44.851359    45.288010    97.281368    97.894783    167.329736    168.118983    254.947989    255.912842    360.122431    361.262814    482.847944    484.163823    623.122256    624.613691    780.944287    782.753402    956.442787    
-2.062979    -13.884634    -4.611728    10.059051    10.877389    44.742476    45.397449    97.128290    98.048411    167.132699    168.316570    254.707049    256.154330    359.837610    361.548183    482.519249    484.493067    622.749690    624.986805    780.527853    783.170349    955.982515    
-2.052507    -13.884729    -4.611026    10.027023    10.910329    44.633705    45.507000    96.975321    98.202150    166.935771    168.514266    254.466220    256.395928    359.552898    361.833663    482.190663    484.822421    622.377234    625.360029    780.111529    783.587406    955.522353    
-2.042035    -13.884851    -4.610123    9.989063    10.949462    44.525044    45.616662    96.822463    98.355999    166.738953    168.712072    254.225500    256.637635    359.268296    362.119252    481.862186    485.151884    622.004887    625.733363    779.695314    784.004572    955.062301    
-2.031563    -13.885000    -4.609020    9.946509    10.993450    44.416494    45.726436    96.669715    98.509958    166.542245    168.909988    253.984890    256.879452    358.983803    362.404951    481.533820    485.481457    621.632651    626.106806    779.279209    784.421848    954.602358    
-2.021091    -13.885176    -4.607717    9.900435    11.041217    44.308056    45.836320    96.517076    98.664027    166.345647    169.108013    253.744390    257.121378    358.699421    362.690760    481.205563    485.811140    621.260523    626.480359    778.863213    784.839234    954.142525    
-2.010619    -13.885379    -4.606213    9.851671    11.091936    44.199729    45.946316    96.364548    98.818206    166.149159    169.306149    253.504000    257.363415    358.415148    362.976678    480.877416    486.140932    620.888506    626.854021    778.447328    785.256729    953.682802    
-2.000147    -13.885608    -4.604510    9.800843    11.144980    44.091514    46.056424    96.212130    98.972495    165.952780    169.504394    253.263719    257.605561    358.130985    363.262706    480.549378    486.470834    620.516598    627.227793    778.031552    785.674334    953.223188    
-1.989675    -13.885865    -4.602606    9.748422    11.199877    43.983410    46.166642    96.059822    99.126894    165.756511    169.702749    253.023548    257.847817    357.846931    363.548844    480.221451    486.800846    620.144800    627.601675    777.615885    786.092049    952.763684    
-1.979203    -13.886148    -4.600502    9.694765    11.256272    43.875417    46.276972    95.907624    99.281403    165.560352    169.901213    252.783486    258.090182    357.562987    363.835091    479.893632    487.130967    619.773112    627.975667    777.200329    786.509873    952.304290    
-1.968731    -13.886458    -4.598199    9.640142    11.313894    43.767535    46.387413    95.755536    99.436022    165.364303    170.099788    252.543535    258.332657    357.279153    364.121449    479.565924    487.461198    619.401533    628.349768    776.784882    786.927807    951.845005    
-1.958259    -13.886794    -4.595696    9.584759    11.372535    43.659765    46.497965    95.603558    99.590751    165.168364    170.298472    252.303693    258.575242    356.995429    364.407915    479.238325    487.791539    619.030064    628.723979    776.369544    787.345851    951.385830    
-1.947787    -13.887157    -4.592993    9.528779    11.432036    43.552106    46.608628    95.451690    99.745590    164.972534    170.497266    252.063961    258.817937    356.711814    364.694492    478.910836    488.121990    618.658704    629.098299    775.954316    787.764005    950.926765    
-1.937315    -13.887546    -4.590092    9.472327    11.492271    43.444559    46.719402    95.299932    99.900539    164.776814    170.696170    251.824338    259.060741    356.428309    364.981178    478.583457    488.452550    618.287454    629.472730    775.539198    788.182268    950.467809    
-1.926843    -13.887961    -4.586992    9.415501    11.553140    43.337123    46.830288    95.148285    100.055598    164.581204    170.895184    251.584825    259.303656    356.144913    365.267974    478.256187    488.783220    617.916314    629.847270    775.124190    788.600641    950.008963    
-1.916372    -13.888403    -4.583693    9.358382    11.614564    43.229798    46.941285    94.996747    100.210767    164.385704    171.094308    251.345422    259.546679    355.861628    365.554880    477.929027    489.113999    617.545284    630.221919    774.709291    789.019123    949.550227    
-1.905900    -13.888870    -4.580195    9.301035    11.676478    43.122585    47.052393    94.845319    100.366047    164.190314    171.293541    251.106129    259.789813    355.578452    365.841895    477.601976    489.444888    617.174363    630.596678    774.294502    789.437715    949.091600    
-1.895428    -13.889364    -4.576500    9.243511    11.738830    43.015483    47.163612    94.694002    100.521436    163.995033    171.492884    250.866946    260.033056    355.295385    366.129020    477.275036    489.775887    616.803552    630.971547    773.879823    789.856417    948.633084    
-1.884956    -13.889883    -4.572606    9.185854    11.801577    42.908493    47.274942    94.542794    100.676935    163.799863    171.692337    250.627872    260.276409    355.012429    366.416254    476.948205    490.106996    616.432851    631.346526    773.465253    790.275229    948.174676    
-1.874484    -13.890427    -4.568515    9.128099    11.864684    42.801614    47.386384    94.391697    100.832544    163.604802    171.891899    250.388908    260.519872    354.729582    366.703599    476.621483    490.438214    616.062259    631.721614    773.050793    790.694150    947.716379    
-1.864012    -13.890997    -4.564227    9.070277    11.928121    42.694846    47.497936    94.240710    100.988264    163.409851    172.091572    250.150053    260.763444    354.446844    366.991053    476.294872    490.769542    615.691777    632.096812    772.636443    791.113181    947.258191    
-1.853540    -13.891592    -4.559741    9.012412    11.991862    42.588190    47.609600    94.089832    101.144093    163.215009    172.291354    249.911309    261.007127    354.164217    367.278616    475.968370    491.100979    615.321404    632.472120    772.222202    791.532322    946.800113    
-1.843068    -13.892212    -4.555059    8.954526    12.055887    42.481646    47.721375    93.939065    101.300032    163.020278    172.491246    249.672674    261.250918    353.881699    367.566290    475.641977    491.432526    614.951142    632.847537    771.808071    791.951572    946.342144    
-1.832596    -13.892857    -4.550181    8.896638    12.120178    42.375213    47.833261    93.788408    101.456082    162.825656    172.691248    249.434148    261.494820    353.599291    367.854073    475.315695    491.764183    614.580989    633.223064    771.394050    792.370932    945.884286    
-1.822124    -13.893527    -4.545107    8.838762    12.184718    42.268891    47.945258    93.637861    101.612241    162.631144    172.891360    249.195733    261.738831    353.316992    368.141966    474.989522    492.095950    614.210945    633.598701    770.980138    792.790402    945.426536    
-1.811652    -13.894221    -4.539838    8.780913    12.249495    42.162681    48.057366    93.487424    101.768511    162.436742    173.091581    248.957427    261.982952    353.034804    368.429968    474.663459    492.427826    613.841011    633.974447    770.566336    793.209981    944.968897    
-1.801180    -13.894939    -4.534373    8.723102    12.314497    42.056582    48.169585    93.337097    101.924890    162.242450    173.291912    248.719231    262.227183    352.752725    368.718081    474.337505    492.759812    613.471187    634.350303    770.152644    793.629670    944.511367    
-1.790708    -13.895682    -4.528714    8.665339    12.379715    41.950595    48.281915    93.186880    102.081380    162.048267    173.492353    248.481145    262.471524    352.470755    369.006302    474.011661    493.091908    613.101473    634.726269    769.739061    794.049469    944.053947    
-1.780236    -13.896448    -4.522860    8.607634    12.445138    41.844719    48.394357    93.036774    102.237979    161.854194    173.692904    248.243168    262.715974    352.188895    369.294634    473.685927    493.424113    612.731868    635.102344    769.325588    794.469378    943.596637    
-1.769764    -13.897238    -4.516813    8.549994    12.510760    41.738955    48.506909    92.886777    102.394688    161.660232    173.893565    248.005301    262.960534    351.907145    369.583075    473.360302    493.756428    612.362373    635.478529    768.912225    794.889396    943.139436    
-1.759292    -13.898051    -4.510572    8.492426    12.576574    41.633302    48.619573    92.736890    102.551508    161.466379    174.094335    247.767544    263.205203    351.625505    369.871626    473.034788    494.088853    611.992988    635.854824    768.498971    795.309524    942.682345    
-1.748820    -13.898888    -4.504139    8.434937    12.642573    41.527761    48.732347    92.587114    102.708437    161.272635    174.295215    247.529897    263.449983    351.343975    370.160287    472.709382    494.421387    611.623712    636.231228    768.085827    795.729761    942.225364    
-1.738348    -13.899747    -4.497513    8.377533    12.708753    41.422331    48.845233    92.437447    102.865477    161.079002    174.496205    247.292359    263.694872    351.062554    370.449057    472.384087    494.754031    611.254546    636.607742    767.672793    796.150108    941.768492    
-1.727876    -13.900629    -4.490695    8.320218    12.775109    41.317013    48.958230    92.287891    103.022627    160.885478    174.697305    247.054931    263.939871    350.781242    370.737937    472.058901    495.086785    610.885490    636.984366    767.259868    796.570565    941.311730    
-1.717404    -13.901534    -4.483686    8.262997    12.841635    41.211807    49.071338    92.138445    103.179886    160.692064    174.898515    246.817613    264.184979    350.500041    371.026927    471.733825    495.419648    610.516543    637.361099    766.847053    796.991132    940.855078    
-1.706932    -13.902460    -4.476487    8.205874    12.908329    41.106712    49.184557    91.989109    103.337256    160.498760    175.099834    246.580404    264.430198    350.218949    371.316026    471.408858    495.752621    610.147706    637.737942    766.434348    797.411808    940.398535    
-1.696460    -13.903409    -4.469097    8.148852    12.975186    41.001728    49.297886    91.839883    103.494735    160.305566    175.301263    246.343306    264.675525    349.937967    371.605235    471.084002    496.085704    609.778979    638.114895    766.021752    797.832594    939.942102    
-1.685988    -13.904379    -4.461518    8.091936    13.042205    40.896856    49.411327    91.690767    103.652325    160.112482    175.502802    246.106317    264.920963    349.657094    371.894554    470.759255    496.418896    609.410361    638.491957    765.609266    798.253490    939.485779    
-1.675516    -13.905371    -4.453749    8.035129    13.109381    40.792096    49.524879    91.541761    103.810024    159.919507    175.704450    245.869437    265.166511    349.376332    372.183983    470.434617    496.752199    609.041853    638.869129    765.196890    798.674495    939.029565    
-1.665044    -13.906383    -4.445792    7.978433    13.176713    40.687448    49.638542    91.392865    103.967834    159.726642    175.906209    245.632668    265.412168    349.095679    372.473521    470.110089    497.085610    608.673455    639.246411    764.784623    799.095610    938.573461    
-1.654572    -13.907417    -4.437648    7.921851    13.244197    40.582911    49.752316    91.244080    104.125753    159.533887    176.108077    245.396008    265.657934    348.815135    372.763169    469.785671    497.419132    608.305167    639.623802    764.372466    799.516835    938.117467    
-1.644100    -13.908470    -4.429316    7.865386    13.311833    40.478485    49.866201    91.095404    104.283783    159.341242    176.310055    245.159458    265.903811    348.534702    373.052926    469.461363    497.752763    607.936988    640.001303    763.960419    799.938169    937.661583    
-1.633628    -13.909545    -4.420797    7.809039    13.379617    40.374171    49.980197    90.946839    104.441923    159.148707    176.512143    244.923017    266.149797    348.254378    373.342793    469.137164    498.086504    607.568918    640.378914    763.548482    800.359613    937.205808    
-1.623156    -13.910639    -4.412093    7.752813    13.447548    40.269969    50.094304    90.798383    104.600172    158.956281    176.714341    244.686687    266.395893    347.974163    373.632770    468.813075    498.420354    607.200959    640.756634    763.136654    800.781167    936.750143    
-1.612684    -13.911752    -4.403204    7.696711    13.515625    40.165879    50.208522    90.650038    104.758532    158.763966    176.916648    244.450466    266.642099    347.694059    373.922857    468.489096    498.754314    606.833109    641.134464    762.724935    801.202830    936.294587    
-1.602212    -13.912885    -4.394130    7.640734    13.583846    40.061900    50.322851    90.501803    104.917001    158.571760    177.119065    244.214354    266.888414    347.414064    374.213053    468.165226    499.088384    606.465369    641.512404    762.313327    801.624603    935.839141    
-1.591740    -13.914037    -4.384873    7.584883    13.652208    39.958033    50.437291    90.353678    105.075581    158.379664    177.321592    243.978353    267.134840    347.134179    374.503359    467.841466    499.422564    606.097738    641.890454    761.901828    802.046486    935.383805    
-1.581268    -13.915207    -4.375433    7.529161    13.720712    39.854277    50.551842    90.205663    105.234270    158.187677    177.524229    243.742461    267.381374    346.854403    374.793775    467.517816    499.756853    605.730217    642.268613    761.490438    802.468479    934.928579    
-1.570796    -13.916396    -4.365810    7.473569    13.789356    39.750633    50.666504    90.057758    105.393070    157.995801    177.726975    243.506679    267.628019    346.574737    375.084300    467.194275    500.091252    605.362806    642.646881    761.079159    802.890581    934.473462    
-1.560324    -13.917602    -4.356006    7.418109    13.858139    39.647101    50.781277    89.909963    105.551979    157.804034    177.929832    243.271007    267.874773    346.295181    375.374936    466.870844    500.425760    604.995504    643.025260    760.667989    803.312793    934.018455    
-1.549852    -13.918827    -4.346022    7.362782    13.927059    39.543681    50.896160    89.762279    105.710999    157.612377    178.132798    243.035444    268.121637    346.015735    375.665680    466.547523    500.760379    604.628312    643.403748    760.256929    803.735114    933.563557    
-1.539380    -13.920068    -4.335857    7.307589    13.996117    39.440372    51.011155    89.614704    105.870129    157.420830    178.335874    242.799991    268.368611    345.736398    375.956535    466.224312    501.095106    604.261230    643.782346    759.845978    804.157546    933.108770    
-1.528908    -13.921327    -4.325514    7.252533    14.065310    39.337175    51.126261    89.467240    106.029368    157.229393    178.539059    242.564648    268.615694    345.457171    376.247499    465.901210    501.429944    603.894258    644.161053    759.435137    804.580086    932.654092    
-1.518436    -13.922602    -4.314992    7.197614    14.134638    39.234090    51.241478    89.319886    106.188718    157.038066    178.742355    242.329415    268.862888    345.178054    376.538573    465.578217    501.764891    603.527395    644.539870    759.024406    805.002737    932.199523    
-1.507964    -13.923893    -4.304293    7.142834    14.204100    39.131116    51.356805    89.172641    106.348177    156.846848    178.945760    242.094291    269.110190    344.899046    376.829756    465.255335    502.099948    603.160642    644.918797    758.613784    805.425497    931.745065    
-1.497492    -13.925201    -4.293418    7.088194    14.273695    39.028255    51.472244    89.025507    106.507747    156.655741    179.149275    241.859277    269.357603    344.620148    377.121049    464.932562    502.435115    602.793998    645.297834    758.203272    805.848367    931.290715    
-1.487021    -13.926523    -4.282367    7.033696    14.343424    38.925505    51.587793    88.878483    106.667426    156.464743    179.352900    241.624373    269.605125    344.341360    377.412452    464.609899    502.770391    602.427464    645.676980    757.792870    806.271347    930.836476    
-1.476549    -13.927861    -4.271142    6.979339    14.413284    38.822866    51.703454    88.731570    106.827216    156.273855    179.556634    241.389578    269.852757    344.062682    377.703965    464.287345    503.105777    602.061040    646.056236    757.382577    806.694436    930.382347    
-1.466077    -13.929214    -4.259743    6.925126    14.483276    38.720340    51.819225    88.584766    106.987115    156.083076    179.760479    241.154894    270.100499    343.784113    377.995587    463.964902    503.441273    601.694726    646.435601    756.972394    807.117635    929.928327    
-1.455605    -13.930581    -4.248171    6.871059    14.553399    38.617925    51.935107    88.438072    107.147124    155.892408    179.964433    240.920319    270.348351    343.505654    378.287319    463.642568    503.776878    601.328521    646.815076    756.562321    807.540944    929.474416    
-1.445133    -13.931962    -4.236428    6.817137    14.623652    38.515622    52.051100    88.291489    107.307244    155.701849    180.168497    240.685853    270.596312    343.227304    378.579161    463.320343    504.112593    600.962426    647.194661    756.152358    807.964362    929.020616    
-1.434661    -13.933357    -4.224514    6.763362    14.694034    38.413431    52.167204    88.145016    107.467473    155.511400    180.372671    240.451498    270.844383    342.949064    378.871112    462.998228    504.448418    600.596440    647.574355    755.742504    808.387891    928.566925    
-1.424189    -13.934765    -4.212430    6.709735    14.764546    38.311352    52.283419    87.998652    107.627813    155.321061    180.576954    240.217252    271.092563    342.670934    379.163173    462.676223    504.784352    600.230564    647.954160    755.332760    808.811528    928.113343    
-1.413717    -13.936187    -4.200177    6.656258    14.835187    38.209385    52.399745    87.852399    107.788262    155.130832    180.781347    239.983116    271.340853    342.392914    379.455344    462.354328    505.120396    599.864798    648.334073    754.923125    809.235276    927.659872    
-1.403245    -13.937620    -4.187757    6.602931    14.905956    38.107529    52.516182    87.706256    107.948821    154.940713    180.985850    239.749090    271.589254    342.115003    379.747625    462.032542    505.456550    599.499142    648.714097    754.513600    809.659133    927.206510    
-1.392773    -13.939066    -4.175170    6.549756    14.976853    38.005786    52.632729    87.560224    108.109491    154.750703    181.190463    239.515173    271.837763    341.837202    380.040015    461.710866    505.792813    599.133595    649.094230    754.104185    810.083100    926.753258    
-1.382301    -13.940524    -4.162418    6.496734    15.047878    37.904154    52.749388    87.414301    108.270270    154.560803    181.395186    239.281366    272.086383    341.559511    380.332514    461.389300    506.129187    598.768158    649.474473    753.694879    810.507176    926.300115    
-1.371829    -13.941993    -4.149502    6.443865    15.119029    37.802634    52.866157    87.268489    108.431159    154.371013    181.600018    239.047669    272.335112    341.281930    380.625124    461.067843    506.465669    598.402830    649.854826    753.285683    810.931363    925.847082    
-1.361357    -13.943473    -4.136422    6.391151    15.190307    37.701226    52.983037    87.122786    108.592158    154.181333    181.804960    238.814081    272.583951    341.004458    380.917843    460.746496    506.802262    598.037613    650.235288    752.876597    811.355658    925.394159    
-1.350885    -13.944963    -4.123180    6.338594    15.261712    37.599930    53.100028    86.977194    108.753268    153.991763    182.010012    238.580604    272.832899    340.727096    381.210672    460.425259    507.138964    597.672505    650.615860    752.467621    811.780064    924.941346    
-1.340413    -13.946464    -4.109778    6.286193    15.333243    37.498746    53.217130    86.831712    108.914487    153.802303    182.215174    238.347236    273.081958    340.449843    381.503611    460.104131    507.475776    597.307506    650.996541    752.058754    812.204579    924.488642    
-1.329941    -13.947974    -4.096216    6.233951    15.404899    37.397673    53.334343    86.686340    109.075816    153.612952    182.420446    238.113977    273.331126    340.172700    381.796659    459.783113    507.812697    596.942617    651.377332    751.649996    812.629204    924.036048    
-1.319469    -13.949494    -4.082496    6.181868    15.476681    37.296713    53.451666    86.541078    109.237255    153.423711    182.625827    237.880829    273.580404    339.895667    382.089817    459.462205    508.149728    596.577838    651.758233    751.241349    813.053939    923.583563    
-1.308997    -13.951023    -4.068618    6.129946    15.548588    37.195864    53.569101    86.395926    109.398804    153.234580    182.831318    237.647790    273.829791    339.618744    382.383084    459.141406    508.486869    596.213169    652.139244    750.832811    813.478783    923.131189    
-1.298525    -13.952561    -4.054585    6.078186    15.620620    37.095128    53.686646    86.250885    109.560463    153.045559    183.036919    237.414861    274.079288    339.341930    382.676462    458.820717    508.824120    595.848609    652.520364    750.424383    813.903737    922.678924    
-1.288053    -13.954106    -4.040397    6.026589    15.692776    36.994503    53.804302    86.105953    109.722232    152.856648    183.242629    237.182042    274.328895    339.065226    382.969949    458.500138    509.161480    595.484159    652.901594    750.016064    814.328801    922.226768    
-1.277581    -13.955660    -4.026056    5.975156    15.765057    36.893991    53.922069    85.961132    109.884111    152.667846    183.448450    236.949332    274.578612    338.788632    383.263545    458.179669    509.498950    595.119819    653.282934    749.607855    814.753974    921.774722    
-1.267109    -13.957221    -4.011563    5.923888    15.837462    36.793590    54.039947    85.816421    110.046100    152.479155    183.654380    236.716732    274.828438    338.512147    383.557252    457.859309    509.836529    594.755588    653.664383    749.199756    815.179257    921.322786    
-1.256637    -13.958789    -3.996920    5.872786    15.909990    36.693302    54.157936    85.671820    110.208199    152.290573    183.860420    236.484242    275.078374    338.235772    383.851068    457.539059    510.174218    594.391467    654.045942    748.791767    815.604650    920.870960    
-1.246165    -13.960363    -3.982128    5.821853    15.982642    36.593125    54.276035    85.527329    110.370408    152.102101    184.066569    236.251862    275.328420    337.959507    384.144994    457.218918    510.512017    594.027456    654.427610    748.383887    816.030152    920.419243    
-1.235693    -13.961944    -3.967188    5.771089    16.055418    36.493061    54.394245    85.382949    110.532727    151.913739    184.272829    236.019591    275.578575    337.683351    384.439029    456.898887    510.849926    593.663554    654.809389    747.976117    816.455765    919.967636    
-1.225221    -13.963530    -3.952102    5.720495    16.128316    36.393108    54.512566    85.238678    110.695156    151.725486    184.479198    235.787430    275.828840    337.407306    384.733174    456.578966    511.187944    593.299762    655.191277    747.568456    816.881486    919.516139    
-1.214749    -13.965122    -3.936872    5.670072    16.201338    36.293268    54.630998    85.094518    110.857695    151.537344    184.685677    235.555379    276.079215    337.131370    385.027429    456.259155    511.526072    592.936080    655.573274    747.160905    817.307318    919.064752    
-1.204277    -13.966718    -3.921499    5.619823    16.274482    36.193540    54.749541    84.950468    111.020344    151.349311    184.892266    235.323437    276.329700    336.855543    385.321794    455.939453    511.864310    592.572507    655.955381    746.753464    817.733259    918.613474    
-1.193805    -13.968320    -3.905984    5.569748    16.347749    36.093923    54.868194    84.806528    111.183103    151.161388    185.098965    235.091605    276.580294    336.579826    385.616268    455.619861    512.202657    592.209044    656.337598    746.346133    818.159310    918.162305    
-1.183333    -13.969925    -3.890329    5.519848    16.421138    35.994419    54.986958    84.662698    111.345971    150.973575    185.305773    234.859883    276.830998    336.304219    385.910852    455.300378    512.541114    591.845691    656.719925    745.938911    818.585470    917.711247    
-1.172861    -13.971534    -3.874536    5.470126    16.494649    35.895027    55.105833    84.518978    111.508950    150.785872    185.512691    234.628271    277.081812    336.028722    386.205545    454.981006    512.879681    591.482447    657.102361    745.531799    819.011741    917.260298    
-1.162389    -13.973146    -3.858607    5.420583    16.568282    35.795747    55.224819    84.375369    111.672039    150.598278    185.719719    234.396769    277.332736    335.753334    386.500349    454.661743    513.218357    591.119313    657.484907    745.124796    819.438120    916.809459    
-1.151917    -13.974761    -3.842543    5.371219    16.642037    35.696579    55.343916    84.231869    111.835237    150.410795    185.926857    234.165376    277.583769    335.478056    386.795262    454.342589    513.557143    590.756289    657.867563    744.717903    819.864610    916.358729    
-1.141445    -13.976379    -3.826346    5.322037    16.715913    35.597524    55.463123    84.088480    111.998546    150.223421    186.134104    233.934093    277.834912    335.202888    387.090284    454.023545    513.896039    590.393374    658.250328    744.311120    820.291209    915.908109    
-1.130973    -13.977999    -3.810018    5.273038    16.789911    35.498580    55.582441    83.945201    112.161964    150.036157    186.341461    233.702919    278.086164    334.927830    387.385417    453.704611    514.235044    590.030569    658.633203    743.904447    820.717918    915.457599    
-1.120501    -13.979621    -3.793560    5.224223    16.864030    35.399749    55.701870    83.802032    112.325493    149.849003    186.548928    233.471856    278.337527    334.652881    387.680659    453.385787    514.574159    589.667874    659.016188    743.497883    821.144737    915.007199    
-1.110029    -13.981243    -3.776974    5.175595    16.938271    35.301029    55.821409    83.658974    112.489131    149.661959    186.756505    233.240902    278.588999    334.378042    387.976010    453.067073    514.913384    589.305288    659.399282    743.091429    821.571665    914.556908    
-1.099557    -13.982867    -3.760263    5.127155    17.012632    35.202422    55.941060    83.516025    112.652880    149.475024    186.964192    233.010058    278.840580    334.103312    388.271472    452.748468    515.252718    588.942813    659.782486    742.685084    821.998703    914.106727    
-1.089085    -13.984491    -3.743428    5.078904    17.087114    35.103928    56.060821    83.373187    112.816738    149.288200    187.171988    232.779323    279.092272    333.828692    388.567043    452.429972    515.592162    588.580446    660.165800    742.278849    822.425851    913.656655    
-1.078613    -13.986115    -3.726472    5.030845    17.161717    35.005545    56.180693    83.230459    112.980706    149.101485    187.379894    232.548699    279.344073    333.554182    388.862724    452.111587    515.931716    588.218190    660.549223    741.872724    822.853108    913.206693    
-1.068142    -13.987739    -3.709396    4.982978    17.236440    34.907275    56.300675    83.087841    113.144784    148.914880    187.587910    232.318184    279.595984    333.279782    389.158514    451.793311    516.271379    587.856043    660.932756    741.466709    823.280475    912.756841    
-1.057670    -13.989362    -3.692202    4.935307    17.311284    34.809116    56.420769    82.945333    113.308973    148.728385    187.796036    232.087778    279.848004    333.005491    389.454414    451.475145    516.611152    587.494006    661.316399    741.060803    823.707952    912.307099    
-1.047198    -13.990984    -3.674892    4.887832    17.386248    34.711071    56.540973    82.802935    113.473271    148.542000    188.004271    231.857483    280.100135    332.731310    389.750424    451.157088    516.951035    587.132078    661.700151    740.655007    824.135539    911.857466    
-1.036726    -13.992605    -3.657470    4.840555    17.461333    34.613137    56.661287    82.660648    113.637679    148.355724    188.212616    231.627297    280.352375    332.457239    390.046544    450.839141    517.291027    586.770260    662.084013    740.249320    824.563235    911.407943    
-1.026254    -13.994223    -3.639936    4.793479    17.536537    34.515316    56.781713    82.518471    113.802197    148.169559    188.421071    231.397221    280.604725    332.183278    390.342773    450.521304    517.631130    586.408552    662.467985    739.843743    824.991041    910.958530    
-1.015782    -13.995839    -3.622293    4.746606    17.611861    34.417606    56.902249    82.376404    113.966825    147.983503    188.629636    231.167255    280.857184    331.909426    390.639112    450.203576    517.971341    586.046953    662.852066    739.438276    825.418956    910.509226    
-1.005310    -13.997453    -3.604544    4.699937    17.687305    34.320010    57.022896    82.234447    114.131563    147.797557    188.838310    230.937398    281.109753    331.635684    390.935561    449.885959    518.311663    585.685465    663.236257    739.032919    825.846981    910.060032    
-0.994838    -13.999063    -3.586691    4.653475    17.762869    34.222525    57.143654    82.092600    114.296411    147.611721    189.047095    230.707652    281.362432    331.362051    391.232119    449.568450    518.652094    585.324085    663.620558    738.627671    826.275116    909.610948    
-0.984366    -14.000670    -3.568736    4.607222    17.838552    34.125153    57.264522    81.950864    114.461369    147.425995    189.255989    230.478015    281.615221    331.088528    391.528787    449.251052    518.992635    584.962816    664.004968    738.222533    826.703361    909.161973    
-0.973894    -14.002273    -3.550682    4.561180    17.914355    34.027893    57.385501    81.809238    114.626436    147.240378    189.464993    230.248487    281.868119    330.815115    391.825565    448.933763    519.333285    584.601656    664.389488    737.817504    827.131715    908.713108    
-0.963422    -14.003872    -3.532532    4.515351    17.990278    33.930746    57.506591    81.667722    114.791614    147.054872    189.674106    230.019070    282.121127    330.541812    392.122452    448.616584    519.674046    584.240606    664.774118    737.412586    827.560179    908.264353    
-0.952950    -14.005466    -3.514287    4.469738    18.066319    33.833711    57.627791    81.526316    114.956902    146.869475    189.883330    229.789762    282.374245    330.268618    392.419449    448.299515    520.014915    583.879665    665.158858    737.007777    827.988752    907.815707    
-0.942478    -14.007055    -3.495952    4.424343    18.142480    33.736788    57.749102    81.385020    115.122299    146.684188    190.092663    229.560564    282.627472    329.995534    392.716556    447.982555    520.355895    583.518835    665.543707    736.603077    828.417436    907.367171    
-0.932006    -14.008639    -3.477528    4.379168    18.218759    33.639978    57.870524    81.243835    115.287807    146.499011    190.302106    229.331475    282.880809    329.722560    393.013772    447.665705    520.696984    583.158113    665.928665    736.198487    828.846229    906.918745    
-0.921534    -14.010217    -3.459018    4.334217    18.295158    33.543281    57.992056    81.102759    115.453424    146.313944    190.511658    229.102497    283.134256    329.449695    393.311098    447.348965    521.038183    582.797502    666.313734    735.794007    829.275131    906.470429    
-0.911062    -14.011789    -3.440426    4.289492    18.371675    33.446695    58.113700    80.961794    115.619152    146.128987    190.721321    228.873628    283.387813    329.176940    393.608534    447.032334    521.379492    582.437000    666.698912    735.389637    829.704144    906.022222    
-0.900590    -14.013354    -3.421754    4.244994    18.448311    33.350222    58.235453    80.820940    115.784989    145.944139    190.931093    228.644868    283.641479    328.904295    393.906080    446.715813    521.720910    582.076608    667.084200    734.985376    830.133266    905.574125    
-0.890118    -14.014912    -3.403005    4.200729    18.525066    33.253862    58.357318    80.680195    115.950937    145.759401    191.140975    228.416219    283.895255    328.631760    394.203735    446.399402    522.062438    581.716326    667.469597    734.581225    830.562497    905.126137    
-0.879646    -14.016463    -3.384183    4.156697    18.601940    33.157614    58.479293    80.539560    116.116994    145.574774    191.350966    228.187679    284.149141    328.359334    394.501500    446.083100    522.404075    581.356153    667.855104    734.177184    830.991839    904.678259    
-0.869174    -14.018007    -3.365290    4.112902    18.678932    33.061479    58.601379    80.399036    116.283161    145.390256    191.561068    227.959249    284.403136    328.087018    394.799374    445.766908    522.745823    580.996090    668.240721    733.773252    831.421290    904.230491    
-0.858702    -14.019542    -3.346331    4.069347    18.756042    32.965456    58.723575    80.258622    116.449438    145.205847    191.771279    227.730929    284.657241    327.814811    395.097359    445.450826    523.087680    580.636136    668.626447    733.369430    831.850851    903.782833    
-0.848230    -14.021069    -3.327308    4.026036    18.833271    32.869545    58.845883    80.118319    116.615825    145.021549    191.981600    227.502719    284.911456    327.542715    395.395453    445.134853    523.429646    580.276293    669.012283    732.965717    832.280521    903.335284    
-0.837758    -14.022587    -3.308225    3.982971    18.910617    32.773747    58.968300    79.978125    116.782322    144.837361    192.192031    227.274618    285.165780    327.270728    395.693656    444.818990    523.771723    579.916559    669.398229    732.562115    832.710301    902.887845    
-0.827286    -14.024097    -3.289085    3.940155    18.988082    32.678062    59.090829    79.838042    116.948929    144.653282    192.402572    227.046627    285.420215    326.998851    395.991969    444.503237    524.113909    579.556934    669.784285    732.158621    833.140191    902.440515    
-0.816814    -14.025597    -3.269893    3.897592    19.065665    32.582489    59.213468    79.698069    117.115646    144.469313    192.613222    226.818746    285.674759    326.727083    396.290392    444.187593    524.456204    579.197419    670.170450    731.755238    833.570190    901.993296    
-0.806342    -14.027087    -3.250651    3.855287    19.143366    32.487029    59.336218    79.558206    117.282473    144.285454    192.823982    226.590974    285.929412    326.455425    396.588925    443.872060    524.798610    578.838014    670.556725    731.351964    834.000300    901.546186    
-0.795870    -14.028567    -3.231364    3.813241    19.221185    32.391682    59.459078    79.418453    117.449410    144.101705    193.034852    226.363312    286.184176    326.183877    396.887568    443.556635    525.141125    578.478719    670.943109    730.948800    834.430519    901.099185    
-0.785398    -14.030037    -3.212037    3.771459    19.299122    32.296447    59.582049    79.278811    117.616456    143.918066    193.245832    226.135760    286.439049    325.912438    397.186320    443.241321    525.483749    578.119533    671.329603    730.545746    834.860847    900.652294    
-0.774926    -14.031496    -3.192672    3.729945    19.377177    32.201325    59.705131    79.139278    117.783613    143.734536    193.456921    225.908318    286.694032    325.641110    397.485181    442.926116    525.826484    577.760457    671.716207    730.142801    835.291285    900.205513    
-0.764454    -14.032943    -3.173274    3.688703    19.455349    32.106315    59.828323    78.999856    117.950879    143.551117    193.668120    225.680985    286.949124    325.369890    397.784153    442.611021    526.169328    577.401491    672.102921    729.739966    835.721833    899.758842    
-0.753982    -14.034380    -3.153848    3.647736    19.533639    32.011418    59.951626    78.860545    118.118256    143.367807    193.879429    225.453762    287.204326    325.098781    398.083234    442.296036    526.512281    577.042634    672.489744    729.337241    836.152491    899.312281    
-0.743510    -14.035805    -3.134398    3.607049    19.612046    31.916634    60.075039    78.721343    118.285742    143.184607    194.090848    225.226649    287.459638    324.827781    398.382425    441.981160    526.855345    576.683887    672.876677    728.934625    836.583258    898.865829    
-0.733038    -14.037217    -3.114928    3.566647    19.690571    31.821962    60.198563    78.582252    118.453339    143.001517    194.302376    224.999646    287.715060    324.556891    398.681725    441.666394    527.198518    576.325250    673.263719    728.532119    837.014135    898.419486    
-0.722566    -14.038617    -3.095444    3.526533    19.769213    31.727404    60.322198    78.443271    118.621045    142.818537    194.514014    224.772752    287.970591    324.286111    398.981135    441.351737    527.541801    575.966722    673.650871    728.129723    837.445122    897.973254    
-0.712094    -14.040005    -3.075950    3.486712    19.847972    31.632958    60.445943    78.304400    118.788861    142.635667    194.725762    224.545968    288.226232    324.015440    399.280655    441.037191    527.885193    575.608304    674.038133    727.727436    837.876218    897.527131    
-0.701622    -14.041379    -3.056451    3.447190    19.926849    31.538624    60.569799    78.165640    118.956787    142.452906    194.937620    224.319294    288.481983    323.744880    399.580285    440.722754    528.228695    575.249996    674.425505    727.325259    838.307424    897.081118    
-0.691150    -14.042740    -3.036952    3.407971    20.005843    31.444404    60.693766    78.026989    119.124823    142.270256    195.149588    224.092730    288.737844    323.474428    399.880024    440.408426    528.572307    574.891797    674.812986    726.923191    838.738740    896.635214    
-0.680678    -14.044088    -3.017458    3.369059    20.084954    31.350296    60.817843    77.888449    119.292969    142.087715    195.361665    223.866275    288.993814    323.204087    400.179873    440.094209    528.916028    574.533709    675.200577    726.521234    839.170165    896.189420    
-0.670206    -14.045421    -2.997976    3.330460    20.164182    31.256301    60.942031    77.750020    119.461225    141.905284    195.573852    223.639930    289.249894    322.933855    400.479832    439.780101    529.259860    574.175729    675.588277    726.119386    839.601700    895.743736    
-0.659734    -14.046740    -2.978510    3.292180    20.243527    31.162419    61.066329    77.611700    119.629591    141.722963    195.786149    223.413695    289.506083    322.663733    400.779900    439.466102    529.603800    573.817860    675.976087    725.717647    840.033345    895.298161    
-0.649262    -14.048045    -2.959067    3.254224    20.322989    31.068650    61.190738    77.473491    119.798066    141.540751    195.998555    223.187570    289.762383    322.393721    401.080078    439.152214    529.947851    573.460100    676.364007    725.316019    840.465099    894.852697    
-0.638791    -14.049335    -2.939651    3.216598    20.402567    30.974994    61.315257    77.335392    119.966652    141.358650    196.211072    222.961554    290.018792    322.123818    401.380366    438.838435    530.292011    573.102449    676.752037    724.914500    840.896964    894.407341    
-0.628319    -14.050610    -2.920270    3.179307    20.482263    30.881451    61.439887    77.197403    120.135348    141.176659    196.423698    222.735648    290.275310    321.854025    401.680763    438.524765    530.636281    572.744909    677.140176    724.513090    841.328937    893.962096    
-0.617847    -14.051869    -2.900930    3.142357    20.562075    30.788020    61.564628    77.059524    120.304153    140.994777    196.636434    222.509852    290.531939    321.584342    401.981270    438.211206    530.980660    572.387478    677.528425    724.111791    841.761021    893.516960    
-0.607375    -14.053113    -2.881636    3.105755    20.642004    30.694702    61.689479    76.921756    120.473069    140.813005    196.849279    222.284165    290.788677    321.314768    402.281887    437.897756    531.325150    572.030157    677.916783    723.710601    842.193214    893.071934    
-0.596903    -14.054341    -2.862396    3.069507    20.722050    30.601498    61.814441    76.784098    120.642094    140.631343    197.062235    222.058589    291.045525    321.045304    402.582613    437.584416    531.669749    571.672945    678.305252    723.309520    842.625517    892.627018    
-0.586431    -14.055553    -2.843217    3.033620    20.802212    30.508406    61.939513    76.646550    120.811229    140.449791    197.275300    221.833122    291.302482    320.775950    402.883449    437.271185    532.014457    571.315843    678.693829    722.908550    843.057930    892.182211    
-0.575959    -14.056748    -2.824104    2.998100    20.882490    30.415428    62.064696    76.509113    120.980474    140.268349    197.488475    221.607764    291.559550    320.506705    403.184395    436.958064    532.359275    570.958851    679.082517    722.507689    843.490452    891.737514    
-0.565487    -14.057926    -2.805067    2.962955    20.962885    30.322562    62.189989    76.371786    121.149829    140.087016    197.701759    221.382517    291.816727    320.237571    403.485451    436.645053    532.704203    570.601969    679.471314    722.106937    843.923084    891.292927    
-0.555015    -14.059088    -2.786111    2.928190    21.043397    30.229809    62.315393    76.234569    121.319294    139.905794    197.915154    221.157379    292.074013    319.968546    403.786616    436.332152    533.049241    570.245196    679.860221    721.706296    844.355825    890.848449    
-0.544543    -14.060232    -2.767244    2.893815    21.124025    30.137170    62.440908    76.097462    121.488869    139.724681    198.128658    220.932351    292.331410    319.699630    404.087891    436.019360    533.394388    569.888533    680.249238    721.305764    844.788677    890.404081    
-0.534071    -14.061359    -2.748475    2.859836    21.204769    30.044643    62.566533    75.960466    121.658554    139.543678    198.342272    220.707433    292.588916    319.430825    404.389275    435.706678    533.739645    569.531979    680.638364    720.905341    845.221638    889.959823    
-0.523599    -14.062468    -2.729812    2.826262    21.285629    29.952230    62.692269    75.823580    121.828349    139.362785    198.555996    220.482624    292.846532    319.162129    404.690770    435.394105    534.085012    569.175535    681.027600    720.505029    845.654708    889.515674    
-0.513127    -14.063559    -2.711261    2.793099    21.366605    29.859930    62.818115    75.686804    121.998254    139.182002    198.769829    220.257925    293.104257    318.893542    404.992373    435.081643    534.430488    568.819201    681.416945    720.104826    846.087889    889.071635    
-0.502655    -14.064632    -2.692833    2.760357    21.447698    29.767743    62.944072    75.550138    122.168268    139.001329    198.983772    220.033336    293.362093    318.625066    405.294087    434.769290    534.776074    568.462977    681.806401    719.704732    846.521179    888.627706    
-0.492183    -14.065686    -2.674535    2.728044    21.528906    29.675669    63.070139    75.413583    122.338393    138.820765    199.197825    219.808857    293.620037    318.356699    405.595910    434.457046    535.121769    568.106862    682.195966    719.304749    846.954578    888.183886    
-0.481711    -14.066722    -2.656376    2.696168    21.610231    29.583708    63.196317    75.277138    122.508627    138.640312    199.411988    219.584487    293.878092    318.088442    405.897843    434.144913    535.467575    567.750857    682.585640    718.904875    847.388088    887.740176    
-0.471239    -14.067739    -2.638366    2.664739    21.691671    29.491860    63.322605    75.140803    122.678971    138.459968    199.626260    219.360227    294.136257    317.820294    406.199886    433.832889    535.813490    567.394961    682.975425    718.505111    847.821707    887.296576    
-0.460767    -14.068736    -2.620514    2.633765    21.773228    29.400126    63.449004    75.004579    122.849426    138.279734    199.840643    219.136077    294.394531    317.552256    406.502038    433.520974    536.159514    567.039175    683.365318    718.105456    848.255435    886.853085    
-0.450295    -14.069715    -2.602828    2.603256    21.854900    29.308505    63.575513    74.868465    123.019990    138.099610    200.055135    218.912037    294.652914    317.284328    406.804300    433.209170    536.505649    566.683499    683.755322    717.705911    848.689274    886.409705    
-0.439823    -14.070674    -2.585320    2.573221    21.936688    29.216997    63.702133    74.732461    123.190664    137.919596    200.269737    218.688106    294.911408    317.016510    407.106672    432.897475    536.851893    566.327933    684.145435    717.306476    849.123222    885.966433    
-0.429351    -14.071613    -2.567999    2.543670    22.018592    29.125603    63.828863    74.596568    123.361448    137.739692    200.484448    218.464285    295.170011    316.748801    407.409154    432.585889    537.198246    565.972476    684.535658    716.907150    849.557280    885.523272    
-0.418879    -14.072532    -2.550875    2.514614    22.100611    29.034322    63.955704    74.460784    123.532341    137.559897    200.699269    218.240574    295.428724    316.481202    407.711745    432.274414    537.544710    565.617129    684.925991    716.507934    849.991447    885.080220    
-0.408407    -14.073431    -2.533958    2.486062    22.182746    28.943154    64.082656    74.325112    123.703345    137.380213    200.914200    218.016973    295.687547    316.213713    408.014446    431.963048    537.891283    565.261892    685.316433    716.108828    850.425724    884.637278    
-0.397935    -14.074310    -2.517259    2.458024    22.264996    28.852100    64.209718    74.189549    123.874459    137.200638    201.129241    217.793481    295.946479    315.946333    408.317256    431.651792    538.237966    564.906764    685.706985    715.709831    850.860111    884.194446    
-0.387463    -14.075168    -2.500790    2.430512    22.347363    28.761159    64.336890    74.054097    124.045682    137.021173    201.344392    217.570099    296.205521    315.679064    408.620176    431.340645    538.584758    564.551746    686.097647    715.310944    851.294608    883.751723    
-0.376991    -14.076006    -2.484559    2.403536    22.429844    28.670332    64.464173    73.918755    124.217016    136.841818    201.559652    217.346827    296.464673    315.411903    408.923206    431.029608    538.931660    564.196837    686.488418    714.912167    851.729214    883.309110    
-0.366519    -14.076822    -2.468580    2.377107    22.512441    28.579618    64.591566    73.783523    124.388459    136.662573    201.775022    217.123665    296.723934    315.144853    409.226346    430.718681    539.278672    563.842039    686.879299    714.513500    852.163930    882.866606    
-0.356047    -14.077618    -2.452863    2.351237    22.595153    28.489018    64.719070    73.648402    124.560013    136.483438    201.990502    216.900612    296.983305    314.877912    409.529595    430.407864    539.625793    563.487350    687.270290    714.114942    852.598756    882.424213    
-0.345575    -14.078392    -2.437420    2.325936    22.677981    28.398531    64.846685    73.513390    124.731676    136.304412    202.206092    216.677669    297.242786    314.611081    409.832954    430.097156    539.973024    563.132770    687.661390    713.716493    853.033691    881.981929    
-0.335103    -14.079145    -2.422262    2.301216    22.760924    28.308158    64.974410    73.378490    124.903449    136.125497    202.421791    216.454836    297.502377    314.344360    410.136422    429.786558    540.320365    562.778301    688.052600    713.318155    853.468736    881.539754    
-0.324631    -14.079877    -2.407401    2.277089    22.843981    28.217898    65.102245    73.243699    125.075332    135.946691    202.637600    216.232113    297.762077    314.077748    410.440001    429.476069    540.667816    562.423941    688.443920    712.919926    853.903890    881.097690    
-0.314159    -14.080587    -2.392849    2.253567    22.927154    28.127753    65.230191    73.109019    125.247325    135.767996    202.853519    216.009499    298.021887    313.811246    410.743689    429.165691    541.015376    562.069690    688.835349    712.521807    854.339155    880.655735    
-0.303687    -14.081275    -2.378618    2.230661    23.010443    28.037721    65.358247    72.974449    125.419428    135.589410    203.069548    215.786995    298.281807    313.544854    411.047486    428.855422    541.363046    561.715550    689.226888    712.123797    854.774529    880.213889    
-0.293215    -14.081941    -2.364720    2.208383    23.093846    27.947802    65.486414    72.839990    125.591640    135.410934    203.285686    215.564601    298.541836    313.278571    411.351394    428.545262    541.710825    561.361519    689.618537    711.725897    855.210013    879.772154    
-0.282743    -14.082585    -2.351168    2.186745    23.177364    27.857998    65.614691    72.705641    125.763963    135.232567    203.501934    215.342317    298.801975    313.012398    411.655411    428.235212    542.058714    561.007597    690.010295    711.328107    855.645606    879.330528    
-0.272271    -14.083207    -2.337973    2.165760    23.260996    27.768308    65.743079    72.571402    125.936395    135.054311    203.718292    215.120142    299.062224    312.746335    411.959537    427.925272    542.406713    560.653786    690.402163    710.930426    856.081309    878.889011    
-0.261799    -14.083806    -2.325147    2.145440    23.344744    27.678731    65.871577    72.437274    126.108938    134.876165    203.934760    214.898077    299.322582    312.480382    412.263774    427.615442    542.754822    560.300084    690.794141    710.532855    856.517122    878.447605    
-0.251327    -14.084383    -2.312703    2.125796    23.428606    27.589269    66.000186    72.303255    126.281590    134.698128    204.151337    214.676122    299.583051    312.214538    412.568120    427.305721    543.103040    559.946491    691.186228    710.135394    856.953044    878.006308    
-0.240855    -14.084937    -2.300653    2.106840    23.512583    27.499920    66.128905    72.169348    126.454352    134.520201    204.368024    214.454276    299.843629    311.948804    412.872576    426.996111    543.451368    559.593009    691.578425    709.738043    857.389076    877.565121    
-0.230383    -14.085469    -2.289009    2.088586    23.596674    27.410686    66.257735    72.035550    126.627224    134.342385    204.584821    214.232540    300.104316    311.683180    413.177141    426.686609    543.799805    559.239636    691.970732    709.340801    857.825218    877.124043    
-0.219911    -14.085977    -2.277783    2.071043    23.680879    27.321567    66.386675    71.901863    126.800206    134.164678    204.801728    214.010915    300.365113    311.417665    413.481816    426.377218    544.148352    558.886373    692.363148    708.943669    858.261470    876.683075    
-0.209440    -14.086463    -2.266986    2.054224    23.765199    27.232561    66.515725    71.768286    126.973298    133.987081    205.018744    213.789398    300.626021    311.152260    413.786601    426.067936    544.497009    558.533219    692.755674    708.546646    858.697831    876.242217    
-0.198968    -14.086926    -2.256630    2.038141    23.849633    27.143671    66.644886    71.634820    127.146500    133.809593    205.235871    213.567992    300.887037    310.886965    414.091495    425.758764    544.845776    558.180175    693.148310    708.149733    859.134302    875.801469    
-0.188496    -14.087365    -2.246727    2.022805    23.934180    27.054895    66.774158    71.501464    127.319812    133.632216    205.453106    213.346695    301.148164    310.621779    414.396500    425.449701    545.194652    557.827241    693.541055    707.752930    859.570882    875.360830    
-0.178024    -14.087781    -2.237288    2.008227    24.018841    26.966234    66.903540    71.368218    127.493233    133.454949    205.670452    213.125508    301.409400    310.356704    414.701614    425.140748    545.543638    557.474416    693.933911    707.356236    860.007572    874.920301    
-0.167552    -14.088174    -2.228324    1.994417    24.103616    26.877688    67.033032    71.235083    127.666765    133.277791    205.887908    212.904431    301.670746    310.091738    415.006837    424.831905    545.892734    557.121701    694.326875    706.959653    860.444372    874.479881    
-0.157080    -14.088544    -2.219844    1.981386    24.188503    26.789258    67.162635    71.102058    127.840406    133.100743    206.105473    212.683463    301.932201    309.826881    415.312170    424.523171    546.241939    556.769096    694.719950    706.563178    860.881282    874.039572    
-0.146608    -14.088890    -2.211860    1.969145    24.273504    26.700944    67.292348    70.969143    128.014157    132.923805    206.323148    212.462606    302.193767    309.562134    415.617613    424.214548    546.591254    556.416601    695.113134    706.166814    861.318301    873.599372    
-0.136136    -14.089212    -2.204381    1.957702    24.358616    26.612747    67.422171    70.836339    128.188018    132.746977    206.540933    212.241858    302.455442    309.297497    415.923166    423.906034    546.940678    556.064215    695.506427    705.770559    861.755430    873.159281    
-0.125664    -14.089511    -2.197416    1.947068    24.443839    26.524666    67.552106    70.703645    128.361989    132.570259    206.758827    212.021220    302.717226    309.032970    416.228828    423.597629    547.290213    555.711939    695.899831    705.374414    862.192669    872.719300    
-0.115192    -14.089786    -2.190974    1.937250    24.529174    26.436704    67.682150    70.571061    128.536070    132.393651    206.976831    211.800691    302.979121    308.768553    416.534600    423.289334    547.639857    555.359772    696.293344    704.978378    862.630017    872.279429    
-0.104720    -14.090038    -2.185063    1.928257    24.614617    26.348861    67.812305    70.438588    128.710261    132.217153    207.194945    211.580272    303.241125    308.504245    416.840482    422.981149    547.989610    555.007715    696.686967    704.582453    863.067475    871.839668    
-0.094248    -14.090266    -2.179691    1.920096    24.700168    26.261139    67.942570    70.306225    128.884562    132.040764    207.413169    211.359963    303.503239    308.240046    417.146473    422.673074    548.339474    554.655768    697.080699    704.186636    863.505043    871.400016    
-0.083776    -14.090469    -2.174864    1.912775    24.785824    26.173541    68.072946    70.173973    129.058972    131.864486    207.631502    211.139764    303.765462    307.975958    417.452574    422.365108    548.689447    554.303931    697.474541    703.790930    863.942720    870.960475    
-0.073304    -14.090649    -2.170590    1.906300    24.871580    26.086071    68.203432    70.041831    129.233493    131.688317    207.849946    210.919675    304.027795    307.711979    417.758785    422.057252    549.039529    553.952203    697.868493    703.395333    864.380507    870.521042    
-0.062832    -14.090805    -2.166874    1.900676    24.957429    25.998736    68.334029    69.909799    129.408123    131.512258    208.068499    210.699695    304.290238    307.448110    418.065105    421.749506    549.389722    553.600585    698.262554    702.999846    864.818404    870.081720    
-0.052360    -14.090937    -2.163721    1.895909    25.043359    25.911549    68.464736    69.777877    129.582863    131.336309    208.287161    210.479825    304.552791    307.184351    418.371536    421.441869    549.740024    553.249076    698.656726    702.604468    865.256410    869.642507    
-0.041888    -14.091046    -2.161136    1.892003    25.129345    25.824535    68.595553    69.646067    129.757713    131.160470    208.505934    210.260065    304.815453    306.920701    418.678075    421.134342    550.090435    552.897677    699.051006    702.209201    865.694526    869.203403    
-0.031416    -14.091130    -2.159121    1.888961    25.215327    25.737752    68.726481    69.514366    129.932673    130.984741    208.724816    210.040414    305.078225    306.657161    418.984725    420.826925    550.440957    552.546388    699.445397    701.814043    866.132752    868.764410    
-0.020944    -14.091190    -2.157680    1.886787    25.301133    25.651375    68.857519    69.382776    130.107743    130.809122    208.943808    209.820873    305.341107    306.393731    419.291484    420.519617    550.791588    552.195209    699.839897    701.418994    866.571087    868.325526    
-0.010472    -14.091226    -2.156814    1.885481    25.385924    25.566242    68.988668    69.251296    130.282923    130.633612    209.162910    209.601442    305.604098    306.130410    419.598353    420.212420    551.142329    551.844139    700.234507    701.024055    867.009533    867.886752    
0.000000    -14.091238    -2.156526    1.885046    25.451213    25.500838    69.119906    69.119947    130.458213    130.458213    209.382121    209.382121    305.867199    305.867199    419.905331    419.905331    551.493179    551.493179    700.629226    700.629226    867.448087    867.448087    
0.010472    -14.091226    -2.156814    1.885481    25.385924    25.566242    68.988668    69.251296    130.282923    130.633612    209.162910    209.601442    305.604098    306.130410    419.598353    420.212420    551.142329    551.844139    700.234507    701.024055    867.009533    867.886752    
0.020944    -14.091190    -2.157680    1.886787    25.301133    25.651375    68.857519    69.382776    130.107743    130.809122    208.943808    209.820873    305.341107    306.393731    419.291484    420.519617    550.791588    552.195209    699.839897    701.418994    866.571087    868.325526    
0.031416    -14.091130    -2.159121    1.888961    25.215327    25.737752    68.726481    69.514366    129.932673    130.984741    208.724816    210.040414    305.078225    306.657161    418.984725    420.826925    550.440957    552.546388    699.445397    701.814043    866.132752    868.764410    
0.041888    -14.091046    -2.161136    1.892003    25.129345    25.824535    68.595553    69.646067    129.757713    131.160470    208.505934    210.260065    304.815453    306.920701    418.678075    421.134342    550.090435    552.897677    699.051006    702.209201    865.694526    869.203403    
0.052360    -14.090937    -2.163721    1.895909    25.043359    25.911549    68.464736    69.777877    129.582863    131.336309    208.287161    210.479825    304.552791    307.184351    418.371536    421.441869    549.740024    553.249076    698.656726    702.604468    865.256410    869.642507    
0.062832    -14.090805    -2.166874    1.900676    24.957429    25.998736    68.334029    69.909799    129.408123    131.512258    208.068499    210.699695    304.290238    307.448110    418.065105    421.749506    549.389722    553.600585    698.262554    702.999846    864.818404    870.081720    
0.073304    -14.090649    -2.170590    1.906300    24.871580    26.086071    68.203432    70.041831    129.233493    131.688317    207.849946    210.919675    304.027795    307.711979    417.758785    422.057252    549.039529    553.952203    697.868493    703.395333    864.380507    870.521042    
0.083776    -14.090469    -2.174864    1.912775    24.785824    26.173541    68.072946    70.173973    129.058972    131.864486    207.631502    211.139764    303.765462    307.975958    417.452574    422.365108    548.689447    554.303931    697.474541    703.790930    863.942720    870.960475    
0.094248    -14.090266    -2.179691    1.920096    24.700168    26.261139    67.942570    70.306225    128.884562    132.040764    207.413169    211.359963    303.503239    308.240046    417.146473    422.673074    548.339474    554.655768    697.080699    704.186636    863.505043    871.400016    
0.104720    -14.090038    -2.185063    1.928257    24.614617    26.348861    67.812305    70.438588    128.710261    132.217153    207.194945    211.580272    303.241125    308.504245    416.840482    422.981149    547.989610    555.007715    696.686967    704.582453    863.067475    871.839668    
0.115192    -14.089786    -2.190974    1.937250    24.529174    26.436704    67.682150    70.571061    128.536070    132.393651    206.976831    211.800691    302.979121    308.768553    416.534600    423.289334    547.639857    555.359772    696.293344    704.978378    862.630017    872.279429    
0.125664    -14.089511    -2.197416    1.947068    24.443839    26.524666    67.552106    70.703645    128.361989    132.570259    206.758827    212.021220    302.717226    309.032970    416.228828    423.597629    547.290213    555.711939    695.899831    705.374414    862.192669    872.719300    
0.136136    -14.089212    -2.204381    1.957702    24.358616    26.612747    67.422171    70.836339    128.188018    132.746977    206.540933    212.241858    302.455442    309.297497    415.923166    423.906034    546.940678    556.064215    695.506427    705.770559    861.755430    873.159281    
0.146608    -14.088890    -2.211860    1.969145    24.273504    26.700944    67.292348    70.969143    128.014157    132.923805    206.323148    212.462606    302.193767    309.562134    415.617613    424.214548    546.591254    556.416601    695.113134    706.166814    861.318301    873.599372    
0.157080    -14.088544    -2.219844    1.981386    24.188503    26.789258    67.162635    71.102058    127.840406    133.100743    206.105473    212.683463    301.932201    309.826881    415.312170    424.523171    546.241939    556.769096    694.719950    706.563178    860.881282    874.039572    
0.167552    -14.088174    -2.228324    1.994417    24.103616    26.877688    67.033032    71.235083    127.666765    133.277791    205.887908    212.904431    301.670746    310.091738    415.006837    424.831905    545.892734    557.121701    694.326875    706.959653    860.444372    874.479881    
0.178024    -14.087781    -2.237288    2.008227    24.018841    26.966234    66.903540    71.368218    127.493233    133.454949    205.670452    213.125508    301.409400    310.356704    414.701614    425.140748    545.543638    557.474416    693.933911    707.356236    860.007572    874.920301    
0.188496    -14.087365    -2.246727    2.022805    23.934180    27.054895    66.774158    71.501464    127.319812    133.632216    205.453106    213.346695    301.148164    310.621779    414.396500    425.449701    545.194652    557.827241    693.541055    707.752930    859.570882    875.360830    
0.198968    -14.086926    -2.256630    2.038141    23.849633    27.143671    66.644886    71.634820    127.146500    133.809593    205.235871    213.567992    300.887037    310.886965    414.091495    425.758764    544.845776    558.180175    693.148310    708.149733    859.134302    875.801469    
0.209440    -14.086463    -2.266986    2.054224    23.765199    27.232561    66.515725    71.768286    126.973298    133.987081    205.018744    213.789398    300.626021    311.152260    413.786601    426.067936    544.497009    558.533219    692.755674    708.546646    858.697831    876.242217    
0.219911    -14.085977    -2.277783    2.071043    23.680879    27.321567    66.386675    71.901863    126.800206    134.164678    204.801728    214.010915    300.365113    311.417665    413.481816    426.377218    544.148352    558.886373    692.363148    708.943669    858.261470    876.683075    
0.230383    -14.085469    -2.289009    2.088586    23.596674    27.410686    66.257735    72.035550    126.627224    134.342385    204.584821    214.232540    300.104316    311.683180    413.177141    426.686609    543.799805    559.239636    691.970732    709.340801    857.825218    877.124043    
0.240855    -14.084937    -2.300653    2.106840    23.512583    27.499920    66.128905    72.169348    126.454352    134.520201    204.368024    214.454276    299.843629    311.948804    412.872576    426.996111    543.451368    559.593009    691.578425    709.738043    857.389076    877.565121    
0.251327    -14.084383    -2.312703    2.125796    23.428606    27.589269    66.000186    72.303255    126.281590    134.698128    204.151337    214.676122    299.583051    312.214538    412.568120    427.305721    543.103040    559.946491    691.186228    710.135394    856.953044    878.006308    
0.261799    -14.083806    -2.325147    2.145440    23.344744    27.678731    65.871577    72.437274    126.108938    134.876165    203.934760    214.898077    299.322582    312.480382    412.263774    427.615442    542.754822    560.300084    690.794141    710.532855    856.517122    878.447605    
0.272271    -14.083207    -2.337973    2.165760    23.260996    27.768308    65.743079    72.571402    125.936395    135.054311    203.718292    215.120142    299.062224    312.746335    411.959537    427.925272    542.406713    560.653786    690.402163    710.930426    856.081309    878.889011    
0.282743    -14.082585    -2.351168    2.186745    23.177364    27.857998    65.614691    72.705641    125.763963    135.232567    203.501934    215.342317    298.801975    313.012398    411.655411    428.235212    542.058714    561.007597    690.010295    711.328107    855.645606    879.330528    
0.293215    -14.081941    -2.364720    2.208383    23.093846    27.947802    65.486414    72.839990    125.591640    135.410934    203.285686    215.564601    298.541836    313.278571    411.351394    428.545262    541.710825    561.361519    689.618537    711.725897    855.210013    879.772154    
0.303687    -14.081275    -2.378618    2.230661    23.010443    28.037721    65.358247    72.974449    125.419428    135.589410    203.069548    215.786995    298.281807    313.544854    411.047486    428.855422    541.363046    561.715550    689.226888    712.123797    854.774529    880.213889    
0.314159    -14.080587    -2.392849    2.253567    22.927154    28.127753    65.230191    73.109019    125.247325    135.767996    202.853519    216.009499    298.021887    313.811246    410.743689    429.165691    541.015376    562.069690    688.835349    712.521807    854.339155    880.655735    
0.324631    -14.079877    -2.407401    2.277089    22.843981    28.217898    65.102245    73.243699    125.075332    135.946691    202.637600    216.232113    297.762077    314.077748    410.440001    429.476069    540.667816    562.423941    688.443920    712.919926    853.903890    881.097690    
0.335103    -14.079145    -2.422262    2.301216    22.760924    28.308158    64.974410    73.378490    124.903449    136.125497    202.421791    216.454836    297.502377    314.344360    410.136422    429.786558    540.320365    562.778301    688.052600    713.318155    853.468736    881.539754    
0.345575    -14.078392    -2.437420    2.325936    22.677981    28.398531    64.846685    73.513390    124.731676    136.304412    202.206092    216.677669    297.242786    314.611081    409.832954    430.097156    539.973024    563.132770    687.661390    713.716493    853.033691    881.981929    
0.356047    -14.077618    -2.452863    2.351237    22.595153    28.489018    64.719070    73.648402    124.560013    136.483438    201.990502    216.900612    296.983305    314.877912    409.529595    430.407864    539.625793    563.487350    687.270290    714.114942    852.598756    882.424213    
0.366519    -14.076822    -2.468580    2.377107    22.512441    28.579618    64.591566    73.783523    124.388459    136.662573    201.775022    217.123665    296.723934    315.144853    409.226346    430.718681    539.278672    563.842039    686.879299    714.513500    852.163930    882.866606    
0.376991    -14.076006    -2.484559    2.403536    22.429844    28.670332    64.464173    73.918755    124.217016    136.841818    201.559652    217.346827    296.464673    315.411903    408.923206    431.029608    538.931660    564.196837    686.488418    714.912167    851.729214    883.309110    
0.387463    -14.075168    -2.500790    2.430512    22.347363    28.761159    64.336890    74.054097    124.045682    137.021173    201.344392    217.570099    296.205521    315.679064    408.620176    431.340645    538.584758    564.551746    686.097647    715.310944    851.294608    883.751723    
0.397935    -14.074310    -2.517259    2.458024    22.264996    28.852100    64.209718    74.189549    123.874459    137.200638    201.129241    217.793481    295.946479    315.946333    408.317256    431.651792    538.237966    564.906764    685.706985    715.709831    850.860111    884.194446    
0.408407    -14.073431    -2.533958    2.486062    22.182746    28.943154    64.082656    74.325112    123.703345    137.380213    200.914200    218.016973    295.687547    316.213713    408.014446    431.963048    537.891283    565.261892    685.316433    716.108828    850.425724    884.637278    
0.418879    -14.072532    -2.550875    2.514614    22.100611    29.034322    63.955704    74.460784    123.532341    137.559897    200.699269    218.240574    295.428724    316.481202    407.711745    432.274414    537.544710    565.617129    684.925991    716.507934    849.991447    885.080220    
0.429351    -14.071613    -2.567999    2.543670    22.018592    29.125603    63.828863    74.596568    123.361448    137.739692    200.484448    218.464285    295.170011    316.748801    407.409154    432.585889    537.198246    565.972476    684.535658    716.907150    849.557280    885.523272    
0.439823    -14.070674    -2.585320    2.573221    21.936688    29.216997    63.702133    74.732461    123.190664    137.919596    200.269737    218.688106    294.911408    317.016510    407.106672    432.897475    536.851893    566.327933    684.145435    717.306476    849.123222    885.966433    
0.450295    -14.069715    -2.602828    2.603256    21.854900    29.308505    63.575513    74.868465    123.019990    138.099610    200.055135    218.912037    294.652914    317.284328    406.804300    433.209170    536.505649    566.683499    683.755322    717.705911    848.689274    886.409705    
0.460767    -14.068736    -2.620514    2.633765    21.773228    29.400126    63.449004    75.004579    122.849426    138.279734    199.840643    219.136077    294.394531    317.552256    406.502038    433.520974    536.159514    567.039175    683.365318    718.105456    848.255435    886.853085    
0.471239    -14.067739    -2.638366    2.664739    21.691671    29.491860    63.322605    75.140803    122.678971    138.459968    199.626260    219.360227    294.136257    317.820294    406.199886    433.832889    535.813490    567.394961    682.975425    718.505111    847.821707    887.296576    
0.481711    -14.066722    -2.656376    2.696168    21.610231    29.583708    63.196317    75.277138    122.508627    138.640312    199.411988    219.584487    293.878092    318.088442    405.897843    434.144913    535.467575    567.750857    682.585640    718.904875    847.388088    887.740176    
0.492183    -14.065686    -2.674535    2.728044    21.528906    29.675669    63.070139    75.413583    122.338393    138.820765    199.197825    219.808857    293.620037    318.356699    405.595910    434.457046    535.121769    568.106862    682.195966    719.304749    846.954578    888.183886    
0.502655    -14.064632    -2.692833    2.760357    21.447698    29.767743    62.944072    75.550138    122.168268    139.001329    198.983772    220.033336    293.362093    318.625066    405.294087    434.769290    534.776074    568.462977    681.806401    719.704732    846.521179    888.627706    
0.513127    -14.063559    -2.711261    2.793099    21.366605    29.859930    62.818115    75.686804    121.998254    139.182002    198.769829    220.257925    293.104257    318.893542    404.992373    435.081643    534.430488    568.819201    681.416945    720.104826    846.087889    889.071635    
0.523599    -14.062468    -2.729812    2.826262    21.285629    29.952230    62.692269    75.823580    121.828349    139.362785    198.555996    220.482624    292.846532    319.162129    404.690770    435.394105    534.085012    569.175535    681.027600    720.505029    845.654708    889.515674    
0.534071    -14.061359    -2.748475    2.859836    21.204769    30.044643    62.566533    75.960466    121.658554    139.543678    198.342272    220.707433    292.588916    319.430825    404.389275    435.706678    533.739645    569.531979    680.638364    720.905341    845.221638    889.959823    
0.544543    -14.060232    -2.767244    2.893815    21.124025    30.137170    62.440908    76.097462    121.488869    139.724681    198.128658    220.932351    292.331410    319.699630    404.087891    436.019360    533.394388    569.888533    680.249238    721.305764    844.788677    890.404081    
0.555015    -14.059088    -2.786111    2.928190    21.043397    30.229809    62.315393    76.234569    121.319294    139.905794    197.915154    221.157379    292.074013    319.968546    403.786616    436.332152    533.049241    570.245196    679.860221    721.706296    844.355825    890.848449    
0.565487    -14.057926    -2.805067    2.962955    20.962885    30.322562    62.189989    76.371786    121.149829    140.087016    197.701759    221.382517    291.816727    320.237571    403.485451    436.645053    532.704203    570.601969    679.471314    722.106937    843.923084    891.292927    
0.575959    -14.056748    -2.824104    2.998100    20.882490    30.415428    62.064696    76.509113    120.980474    140.268349    197.488475    221.607764    291.559550    320.506705    403.184395    436.958064    532.359275    570.958851    679.082517    722.507689    843.490452    891.737514    
0.586431    -14.055553    -2.843217    3.033620    20.802212    30.508406    61.939513    76.646550    120.811229    140.449791    197.275300    221.833122    291.302482    320.775950    402.883449    437.271185    532.014457    571.315843    678.693829    722.908550    843.057930    892.182211    
0.596903    -14.054341    -2.862396    3.069507    20.722050    30.601498    61.814441    76.784098    120.642094    140.631343    197.062235    222.058589    291.045525    321.045304    402.582613    437.584416    531.669749    571.672945    678.305252    723.309520    842.625517    892.627018    
0.607375    -14.053113    -2.881636    3.105755    20.642004    30.694702    61.689479    76.921756    120.473069    140.813005    196.849279    222.284165    290.788677    321.314768    402.281887    437.897756    531.325150    572.030157    677.916783    723.710601    842.193214    893.071934    
0.617847    -14.051869    -2.900930    3.142357    20.562075    30.788020    61.564628    77.059524    120.304153    140.994777    196.636434    222.509852    290.531939    321.584342    401.981270    438.211206    530.980660    572.387478    677.528425    724.111791    841.761021    893.516960    
0.628319    -14.050610    -2.920270    3.179307    20.482263    30.881451    61.439887    77.197403    120.135348    141.176659    196.423698    222.735648    290.275310    321.854025    401.680763    438.524765    530.636281    572.744909    677.140176    724.513090    841.328937    893.962096    
0.638791    -14.049335    -2.939651    3.216598    20.402567    30.974994    61.315257    77.335392    119.966652    141.358650    196.211072    222.961554    290.018792    322.123818    401.380366    438.838435    530.292011    573.102449    676.752037    724.914500    840.896964    894.407341    
0.649262    -14.048045    -2.959067    3.254224    20.322989    31.068650    61.190738    77.473491    119.798066    141.540751    195.998555    223.187570    289.762383    322.393721    401.080078    439.152214    529.947851    573.460100    676.364007    725.316019    840.465099    894.852697    
0.659734    -14.046740    -2.978510    3.292180    20.243527    31.162419    61.066329    77.611700    119.629591    141.722963    195.786149    223.413695    289.506083    322.663733    400.779900    439.466102    529.603800    573.817860    675.976087    725.717647    840.033345    895.298161    
0.670206    -14.045421    -2.997976    3.330460    20.164182    31.256301    60.942031    77.750020    119.461225    141.905284    195.573852    223.639930    289.249894    322.933855    400.479832    439.780101    529.259860    574.175729    675.588277    726.119386    839.601700    895.743736    
0.680678    -14.044088    -3.017458    3.369059    20.084954    31.350296    60.817843    77.888449    119.292969    142.087715    195.361665    223.866275    288.993814    323.204087    400.179873    440.094209    528.916028    574.533709    675.200577    726.521234    839.170165    896.189420    
0.691150    -14.042740    -3.036952    3.407971    20.005843    31.444404    60.693766    78.026989    119.124823    142.270256    195.149588    224.092730    288.737844    323.474428    399.880024    440.408426    528.572307    574.891797    674.812986    726.923191    838.738740    896.635214    
0.701622    -14.041379    -3.056451    3.447190    19.926849    31.538624    60.569799    78.165640    118.956787    142.452906    194.937620    224.319294    288.481983    323.744880    399.580285    440.722754    528.228695    575.249996    674.425505    727.325259    838.307424    897.081118    
0.712094    -14.040005    -3.075950    3.486712    19.847972    31.632958    60.445943    78.304400    118.788861    142.635667    194.725762    224.545968    288.226232    324.015440    399.280655    441.037191    527.885193    575.608304    674.038133    727.727436    837.876218    897.527131    
0.722566    -14.038617    -3.095444    3.526533    19.769213    31.727404    60.322198    78.443271    118.621045    142.818537    194.514014    224.772752    287.970591    324.286111    398.981135    441.351737    527.541801    575.966722    673.650871    728.129723    837.445122    897.973254    
0.733038    -14.037217    -3.114928    3.566647    19.690571    31.821962    60.198563    78.582252    118.453339    143.001517    194.302376    224.999646    287.715060    324.556891    398.681725    441.666394    527.198518    576.325250    673.263719    728.532119    837.014135    898.419486    
0.743510    -14.035805    -3.134398    3.607049    19.612046    31.916634    60.075039    78.721343    118.285742    143.184607    194.090848    225.226649    287.459638    324.827781    398.382425    441.981160    526.855345    576.683887    672.876677    728.934625    836.583258    898.865829    
0.753982    -14.034380    -3.153848    3.647736    19.533639    32.011418    59.951626    78.860545    118.118256    143.367807    193.879429    225.453762    287.204326    325.098781    398.083234    442.296036    526.512281    577.042634    672.489744    729.337241    836.152491    899.312281    
0.764454    -14.032943    -3.173274    3.688703    19.455349    32.106315    59.828323    78.999856    117.950879    143.551117    193.668120    225.680985    286.949124    325.369890    397.784153    442.611021    526.169328    577.401491    672.102921    729.739966    835.721833    899.758842    
0.774926    -14.031496    -3.192672    3.729945    19.377177    32.201325    59.705131    79.139278    117.783613    143.734536    193.456921    225.908318    286.694032    325.641110    397.485181    442.926116    525.826484    577.760457    671.716207    730.142801    835.291285    900.205513    
0.785398    -14.030037    -3.212037    3.771459    19.299122    32.296447    59.582049    79.278811    117.616456    143.918066    193.245832    226.135760    286.439049    325.912438    397.186320    443.241321    525.483749    578.119533    671.329603    730.545746    834.860847    900.652294    
0.795870    -14.028567    -3.231364    3.813241    19.221185    32.391682    59.459078    79.418453    117.449410    144.101705    193.034852    226.363312    286.184176    326.183877    396.887568    443.556635    525.141125    578.478719    670.943109    730.948800    834.430519    901.099185    
0.806342    -14.027087    -3.250651    3.855287    19.143366    32.487029    59.336218    79.558206    117.282473    144.285454    192.823982    226.590974    285.929412    326.455425    396.588925    443.872060    524.798610    578.838014    670.556725    731.351964    834.000300    901.546186    
0.816814    -14.025597    -3.269893    3.897592    19.065665    32.582489    59.213468    79.698069    117.115646    144.469313    192.613222    226.818746    285.674759    326.727083    396.290392    444.187593    524.456204    579.197419    670.170450    731.755238    833.570190    901.993296    
0.827286    -14.024097    -3.289085    3.940155    18.988082    32.678062    59.090829    79.838042    116.948929    144.653282    192.402572    227.046627    285.420215    326.998851    395.991969    444.503237    524.113909    579.556934    669.784285    732.158621    833.140191    902.440515    
0.837758    -14.022587    -3.308225    3.982971    18.910617    32.773747    58.968300    79.978125    116.782322    144.837361    192.192031    227.274618    285.165780    327.270728    395.693656    444.818990    523.771723    579.916559    669.398229    732.562115    832.710301    902.887845    
0.848230    -14.021069    -3.327308    4.026036    18.833271    32.869545    58.845883    80.118319    116.615825    145.021549    191.981600    227.502719    284.911456    327.542715    395.395453    445.134853    523.429646    580.276293    669.012283    732.965717    832.280521    903.335284    
0.858702    -14.019542    -3.346331    4.069347    18.756042    32.965456    58.723575    80.258622    116.449438    145.205847    191.771279    227.730929    284.657241    327.814811    395.097359    445.450826    523.087680    580.636136    668.626447    733.369430    831.850851    903.782833    
0.869174    -14.018007    -3.365290    4.112902    18.678932    33.061479    58.601379    80.399036    116.283161    145.390256    191.561068    227.959249    284.403136    328.087018    394.799374    445.766908    522.745823    580.996090    668.240721    733.773252    831.421290    904.230491    
0.879646    -14.016463    -3.384183    4.156697    18.601940    33.157614    58.479293    80.539560    116.116994    145.574774    191.350966    228.187679    284.149141    328.359334    394.501500    446.083100    522.404075    581.356153    667.855104    734.177184    830.991839    904.678259    
0.890118    -14.014912    -3.403005    4.200729    18.525066    33.253862    58.357318    80.680195    115.950937    145.759401    191.140975    228.416219    283.895255    328.631760    394.203735    446.399402    522.062438    581.716326    667.469597    734.581225    830.562497    905.126137    
0.900590    -14.013354    -3.421754    4.244994    18.448311    33.350222    58.235453    80.820940    115.784989    145.944139    190.931093    228.644868    283.641479    328.904295    393.906080    446.715813    521.720910    582.076608    667.084200    734.985376    830.133266    905.574125    
0.911062    -14.011789    -3.440426    4.289492    18.371675    33.446695    58.113700    80.961794    115.619152    146.128987    190.721321    228.873628    283.387813    329.176940    393.608534    447.032334    521.379492    582.437000    666.698912    735.389637    829.704144    906.022222    
0.921534    -14.010217    -3.459018    4.334217    18.295158    33.543281    57.992056    81.102759    115.453424    146.313944    190.511658    229.102497    283.134256    329.449695    393.311098    447.348965    521.038183    582.797502    666.313734    735.794007    829.275131    906.470429    
0.932006    -14.008639    -3.477528    4.379168    18.218759    33.639978    57.870524    81.243835    115.287807    146.499011    190.302106    229.331475    282.880809    329.722560    393.013772    447.665705    520.696984    583.158113    665.928665    736.198487    828.846229    906.918745    
0.942478    -14.007055    -3.495952    4.424343    18.142480    33.736788    57.749102    81.385020    115.122299    146.684188    190.092663    229.560564    282.627472    329.995534    392.716556    447.982555    520.355895    583.518835    665.543707    736.603077    828.417436    907.367171    
0.952950    -14.005466    -3.514287    4.469738    18.066319    33.833711    57.627791    81.526316    114.956902    146.869475    189.883330    229.789762    282.374245    330.268618    392.419449    448.299515    520.014915    583.879665    665.158858    737.007777    827.988752    907.815707    
0.963422    -14.003872    -3.532532    4.515351    17.990278    33.930746    57.506591    81.667722    114.791614    147.054872    189.674106    230.019070    282.121127    330.541812    392.122452    448.616584    519.674046    584.240606    664.774118    737.412586    827.560179    908.264353    
0.973894    -14.002273    -3.550682    4.561180    17.914355    34.027893    57.385501    81.809238    114.626436    147.240378    189.464993    230.248487    281.868119    330.815115    391.825565    448.933763    519.333285    584.601656    664.389488    737.817504    827.131715    908.713108    
0.984366    -14.000670    -3.568736    4.607222    17.838552    34.125153    57.264522    81.950864    114.461369    147.425995    189.255989    230.478015    281.615221    331.088528    391.528787    449.251052    518.992635    584.962816    664.004968    738.222533    826.703361    909.161973    
0.994838    -13.999063    -3.586691    4.653475    17.762869    34.222525    57.143654    82.092600    114.296411    147.611721    189.047095    230.707652    281.362432    331.362051    391.232119    449.568450    518.652094    585.324085    663.620558    738.627671    826.275116    909.610948    
1.005310    -13.997453    -3.604544    4.699937    17.687305    34.320010    57.022896    82.234447    114.131563    147.797557    188.838310    230.937398    281.109753    331.635684    390.935561    449.885959    518.311663    585.685465    663.236257    739.032919    825.846981    910.060032    
1.015782    -13.995839    -3.622293    4.746606    17.611861    34.417606    56.902249    82.376404    113.966825    147.983503    188.629636    231.167255    280.857184    331.909426    390.639112    450.203576    517.971341    586.046953    662.852066    739.438276    825.418956    910.509226    
1.026254    -13.994223    -3.639936    4.793479    17.536537    34.515316    56.781713    82.518471    113.802197    148.169559    188.421071    231.397221    280.604725    332.183278    390.342773    450.521304    517.631130    586.408552    662.467985    739.843743    824.991041    910.958530    
1.036726    -13.992605    -3.657470    4.840555    17.461333    34.613137    56.661287    82.660648    113.637679    148.355724    188.212616    231.627297    280.352375    332.457239    390.046544    450.839141    517.291027    586.770260    662.084013    740.249320    824.563235    911.407943    
1.047198    -13.990984    -3.674892    4.887832    17.386248    34.711071    56.540973    82.802935    113.473271    148.542000    188.004271    231.857483    280.100135    332.731310    389.750424    451.157088    516.951035    587.132078    661.700151    740.655007    824.135539    911.857466    
1.057670    -13.989362    -3.692202    4.935307    17.311284    34.809116    56.420769    82.945333    113.308973    148.728385    187.796036    232.087778    279.848004    333.005491    389.454414    451.475145    516.611152    587.494006    661.316399    741.060803    823.707952    912.307099    
1.068142    -13.987739    -3.709396    4.982978    17.236440    34.907275    56.300675    83.087841    113.144784    148.914880    187.587910    232.318184    279.595984    333.279782    389.158514    451.793311    516.271379    587.856043    660.932756    741.466709    823.280475    912.756841    
1.078613    -13.986115    -3.726472    5.030845    17.161717    35.005545    56.180693    83.230459    112.980706    149.101485    187.379894    232.548699    279.344073    333.554182    388.862724    452.111587    515.931716    588.218190    660.549223    741.872724    822.853108    913.206693    
1.089085    -13.984491    -3.743428    5.078904    17.087114    35.103928    56.060821    83.373187    112.816738    149.288200    187.171988    232.779323    279.092272    333.828692    388.567043    452.429972    515.592162    588.580446    660.165800    742.278849    822.425851    913.656655    
1.099557    -13.982867    -3.760263    5.127155    17.012632    35.202422    55.941060    83.516025    112.652880    149.475024    186.964192    233.010058    278.840580    334.103312    388.271472    452.748468    515.252718    588.942813    659.782486    742.685084    821.998703    914.106727    
1.110029    -13.981243    -3.776974    5.175595    16.938271    35.301029    55.821409    83.658974    112.489131    149.661959    186.756505    233.240902    278.588999    334.378042    387.976010    453.067073    514.913384    589.305288    659.399282    743.091429    821.571665    914.556908    
1.120501    -13.979621    -3.793560    5.224223    16.864030    35.399749    55.701870    83.802032    112.325493    149.849003    186.548928    233.471856    278.337527    334.652881    387.680659    453.385787    514.574159    589.667874    659.016188    743.497883    821.144737    915.007199    
1.130973    -13.977999    -3.810018    5.273038    16.789911    35.498580    55.582441    83.945201    112.161964    150.036157    186.341461    233.702919    278.086164    334.927830    387.385417    453.704611    514.235044    590.030569    658.633203    743.904447    820.717918    915.457599    
1.141445    -13.976379    -3.826346    5.322037    16.715913    35.597524    55.463123    84.088480    111.998546    150.223421    186.134104    233.934093    277.834912    335.202888    387.090284    454.023545    513.896039    590.393374    658.250328    744.311120    820.291209    915.908109    
1.151917    -13.974761    -3.842543    5.371219    16.642037    35.696579    55.343916    84.231869    111.835237    150.410795    185.926857    234.165376    277.583769    335.478056    386.795262    454.342589    513.557143    590.756289    657.867563    744.717903    819.864610    916.358729    
1.162389    -13.973146    -3.858607    5.420583    16.568282    35.795747    55.224819    84.375369    111.672039    150.598278    185.719719    234.396769    277.332736    335.753334    386.500349    454.661743    513.218357    591.119313    657.484907    745.124796    819.438120    916.809459    
1.172861    -13.971534    -3.874536    5.470126    16.494649    35.895027    55.105833    84.518978    111.508950    150.785872    185.512691    234.628271    277.081812    336.028722    386.205545    454.981006    512.879681    591.482447    657.102361    745.531799    819.011741    917.260298    
1.183333    -13.969925    -3.890329    5.519848    16.421138    35.994419    54.986958    84.662698    111.345971    150.973575    185.305773    234.859883    276.830998    336.304219    385.910852    455.300378    512.541114    591.845691    656.719925    745.938911    818.585470    917.711247    
1.193805    -13.968320    -3.905984    5.569748    16.347749    36.093923    54.868194    84.806528    111.183103    151.161388    185.098965    235.091605    276.580294    336.579826    385.616268    455.619861    512.202657    592.209044    656.337598    746.346133    818.159310    918.162305    
1.204277    -13.966718    -3.921499    5.619823    16.274482    36.193540    54.749541    84.950468    111.020344    151.349311    184.892266    235.323437    276.329700    336.855543    385.321794    455.939453    511.864310    592.572507    655.955381    746.753464    817.733259    918.613474    
1.214749    -13.965122    -3.936872    5.670072    16.201338    36.293268    54.630998    85.094518    110.857695    151.537344    184.685677    235.555379    276.079215    337.131370    385.027429    456.259155    511.526072    592.936080    655.573274    747.160905    817.307318    919.064752    
1.225221    -13.963530    -3.952102    5.720495    16.128316    36.393108    54.512566    85.238678    110.695156    151.725486    184.479198    235.787430    275.828840    337.407306    384.733174    456.578966    511.187944    593.299762    655.191277    747.568456    816.881486    919.516139    
1.235693    -13.961944    -3.967188    5.771089    16.055418    36.493061    54.394245    85.382949    110.532727    151.913739    184.272829    236.019591    275.578575    337.683351    384.439029    456.898887    510.849926    593.663554    654.809389    747.976117    816.455765    919.967636    
1.246165    -13.960363    -3.982128    5.821853    15.982642    36.593125    54.276035    85.527329    110.370408    152.102101    184.066569    236.251862    275.328420    337.959507    384.144994    457.218918    510.512017    594.027456    654.427610    748.383887    816.030152    920.419243    
1.256637    -13.958789    -3.996920    5.872786    15.909990    36.693302    54.157936    85.671820    110.208199    152.290573    183.860420    236.484242    275.078374    338.235772    383.851068    457.539059    510.174218    594.391467    654.045942    748.791767    815.604650    920.870960    
1.267109    -13.957221    -4.011563    5.923888    15.837462    36.793590    54.039947    85.816421    110.046100    152.479155    183.654380    236.716732    274.828438    338.512147    383.557252    457.859309    509.836529    594.755588    653.664383    749.199756    815.179257    921.322786    
1.277581    -13.955660    -4.026056    5.975156    15.765057    36.893991    53.922069    85.961132    109.884111    152.667846    183.448450    236.949332    274.578612    338.788632    383.263545    458.179669    509.498950    595.119819    653.282934    749.607855    814.753974    921.774722    
1.288053    -13.954106    -4.040397    6.026589    15.692776    36.994503    53.804302    86.105953    109.722232    152.856648    183.242629    237.182042    274.328895    339.065226    382.969949    458.500138    509.161480    595.484159    652.901594    750.016064    814.328801    922.226768    
1.298525    -13.952561    -4.054585    6.078186    15.620620    37.095128    53.686646    86.250885    109.560463    153.045559    183.036919    237.414861    274.079288    339.341930    382.676462    458.820717    508.824120    595.848609    652.520364    750.424383    813.903737    922.678924    
1.308997    -13.951023    -4.068618    6.129946    15.548588    37.195864    53.569101    86.395926    109.398804    153.234580    182.831318    237.647790    273.829791    339.618744    382.383084    459.141406    508.486869    596.213169    652.139244    750.832811    813.478783    923.131189    
1.319469    -13.949494    -4.082496    6.181868    15.476681    37.296713    53.451666    86.541078    109.237255    153.423711    182.625827    237.880829    273.580404    339.895667    382.089817    459.462205    508.149728    596.577838    651.758233    751.241349    813.053939    923.583563    
1.329941    -13.947974    -4.096216    6.233951    15.404899    37.397673    53.334343    86.686340    109.075816    153.612952    182.420446    238.113977    273.331126    340.172700    381.796659    459.783113    507.812697    596.942617    651.377332    751.649996    812.629204    924.036048    
1.340413    -13.946464    -4.109778    6.286193    15.333243    37.498746    53.217130    86.831712    108.914487    153.802303    182.215174    238.347236    273.081958    340.449843    381.503611    460.104131    507.475776    597.307506    650.996541    752.058754    812.204579    924.488642    
1.350885    -13.944963    -4.123180    6.338594    15.261712    37.599930    53.100028    86.977194    108.753268    153.991763    182.010012    238.580604    272.832899    340.727096    381.210672    460.425259    507.138964    597.672505    650.615860    752.467621    811.780064    924.941346    
1.361357    -13.943473    -4.136422    6.391151    15.190307    37.701226    52.983037    87.122786    108.592158    154.181333    181.804960    238.814081    272.583951    341.004458    380.917843    460.746496    506.802262    598.037613    650.235288    752.876597    811.355658    925.394159    
1.371829    -13.941993    -4.149502    6.443865    15.119029    37.802634    52.866157    87.268489    108.431159    154.371013    181.600018    239.047669    272.335112    341.281930    380.625124    461.067843    506.465669    598.402830    649.854826    753.285683    810.931363    925.847082    
1.382301    -13.940524    -4.162418    6.496734    15.047878    37.904154    52.749388    87.414301    108.270270    154.560803    181.395186    239.281366    272.086383    341.559511    380.332514    461.389300    506.129187    598.768158    649.474473    753.694879    810.507176    926.300115    
1.392773    -13.939066    -4.175170    6.549756    14.976853    38.005786    52.632729    87.560224    108.109491    154.750703    181.190463    239.515173    271.837763    341.837202    380.040015    461.710866    505.792813    599.133595    649.094230    754.104185    810.083100    926.753258    
1.403245    -13.937620    -4.187757    6.602931    14.905956    38.107529    52.516182    87.706256    107.948821    154.940713    180.985850    239.749090    271.589254    342.115003    379.747625    462.032542    505.456550    599.499142    648.714097    754.513600    809.659133    927.206510    
1.413717    -13.936187    -4.200177    6.656258    14.835187    38.209385    52.399745    87.852399    107.788262    155.130832    180.781347    239.983116    271.340853    342.392914    379.455344    462.354328    505.120396    599.864798    648.334073    754.923125    809.235276    927.659872    
1.424189    -13.934765    -4.212430    6.709735    14.764546    38.311352    52.283419    87.998652    107.627813    155.321061    180.576954    240.217252    271.092563    342.670934    379.163173    462.676223    504.784352    600.230564    647.954160    755.332760    808.811528    928.113343    
1.434661    -13.933357    -4.224514    6.763362    14.694034    38.413431    52.167204    88.145016    107.467473    155.511400    180.372671    240.451498    270.844383    342.949064    378.871112    462.998228    504.448418    600.596440    647.574355    755.742504    808.387891    928.566925    
1.445133    -13.931962    -4.236428    6.817137    14.623652    38.515622    52.051100    88.291489    107.307244    155.701849    180.168497    240.685853    270.596312    343.227304    378.579161    463.320343    504.112593    600.962426    647.194661    756.152358    807.964362    929.020616    
1.455605    -13.930581    -4.248171    6.871059    14.553399    38.617925    51.935107    88.438072    107.147124    155.892408    179.964433    240.920319    270.348351    343.505654    378.287319    463.642568    503.776878    601.328521    646.815076    756.562321    807.540944    929.474416    
1.466077    -13.929214    -4.259743    6.925126    14.483276    38.720340    51.819225    88.584766    106.987115    156.083076    179.760479    241.154894    270.100499    343.784113    377.995587    463.964902    503.441273    601.694726    646.435601    756.972394    807.117635    929.928327    
1.476549    -13.927861    -4.271142    6.979339    14.413284    38.822866    51.703454    88.731570    106.827216    156.273855    179.556634    241.389578    269.852757    344.062682    377.703965    464.287345    503.105777    602.061040    646.056236    757.382577    806.694436    930.382347    
1.487021    -13.926523    -4.282367    7.033696    14.343424    38.925505    51.587793    88.878483    106.667426    156.464743    179.352900    241.624373    269.605125    344.341360    377.412452    464.609899    502.770391    602.427464    645.676980    757.792870    806.271347    930.836476    
1.497492    -13.925201    -4.293418    7.088194    14.273695    39.028255    51.472244    89.025507    106.507747    156.655741    179.149275    241.859277    269.357603    344.620148    377.121049    464.932562    502.435115    602.793998    645.297834    758.203272    805.848367    931.290715    
1.507964    -13.923893    -4.304293    7.142834    14.204100    39.131116    51.356805    89.172641    106.348177    156.846848    178.945760    242.094291    269.110190    344.899046    376.829756    465.255335    502.099948    603.160642    644.918797    758.613784    805.425497    931.745065    
1.518436    -13.922602    -4.314992    7.197614    14.134638    39.234090    51.241478    89.319886    106.188718    157.038066    178.742355    242.329415    268.862888    345.178054    376.538573    465.578217    501.764891    603.527395    644.539870    759.024406    805.002737    932.199523    
1.528908    -13.921327    -4.325514    7.252533    14.065310    39.337175    51.126261    89.467240    106.029368    157.229393    178.539059    242.564648    268.615694    345.457171    376.247499    465.901210    501.429944    603.894258    644.161053    759.435137    804.580086    932.654092    
1.539380    -13.920068    -4.335857    7.307589    13.996117    39.440372    51.011155    89.614704    105.870129    157.420830    178.335874    242.799991    268.368611    345.736398    375.956535    466.224312    501.095106    604.261230    643.782346    759.845978    804.157546    933.108770    
1.549852    -13.918827    -4.346022    7.362782    13.927059    39.543681    50.896160    89.762279    105.710999    157.612377    178.132798    243.035444    268.121637    346.015735    375.665680    466.547523    500.760379    604.628312    643.403748    760.256929    803.735114    933.563557    
1.560324    -13.917602    -4.356006    7.418109    13.858139    39.647101    50.781277    89.909963    105.551979    157.804034    177.929832    243.271007    267.874773    346.295181    375.374936    466.870844    500.425760    604.995504    643.025260    760.667989    803.312793    934.018455    
1.570796    -13.916396    -4.365810    7.473569    13.789356    39.750633    50.666504    90.057758    105.393070    157.995801    177.726975    243.506679    267.628019    346.574737    375.084300    467.194275    500.091252    605.362806    642.646881    761.079159    802.890581    934.473462    
1.581268    -13.915207    -4.375433    7.529161    13.720712    39.854277    50.551842    90.205663    105.234270    158.187677    177.524229    243.742461    267.381374    346.854403    374.793775    467.517816    499.756853    605.730217    642.268613    761.490438    802.468479    934.928579    
1.591740    -13.914037    -4.384873    7.584883    13.652208    39.958033    50.437291    90.353678    105.075581    158.379664    177.321592    243.978353    267.134840    347.134179    374.503359    467.841466    499.422564    606.097738    641.890454    761.901828    802.046486    935.383805    
1.602212    -13.912885    -4.394130    7.640734    13.583846    40.061900    50.322851    90.501803    104.917001    158.571760    177.119065    244.214354    266.888414    347.414064    374.213053    468.165226    499.088384    606.465369    641.512404    762.313327    801.624603    935.839141    
1.612684    -13.911752    -4.403204    7.696711    13.515625    40.165879    50.208522    90.650038    104.758532    158.763966    176.916648    244.450466    266.642099    347.694059    373.922857    468.489096    498.754314    606.833109    641.134464    762.724935    801.202830    936.294587    
1.623156    -13.910639    -4.412093    7.752813    13.447548    40.269969    50.094304    90.798383    104.600172    158.956281    176.714341    244.686687    266.395893    347.974163    373.632770    468.813075    498.420354    607.200959    640.756634    763.136654    800.781167    936.750143    
1.633628    -13.909545    -4.420797    7.809039    13.379617    40.374171    49.980197    90.946839    104.441923    159.148707    176.512143    244.923017    266.149797    348.254378    373.342793    469.137164    498.086504    607.568918    640.378914    763.548482    800.359613    937.205808    
1.644100    -13.908470    -4.429316    7.865386    13.311833    40.478485    49.866201    91.095404    104.283783    159.341242    176.310055    245.159458    265.903811    348.534702    373.052926    469.461363    497.752763    607.936988    640.001303    763.960419    799.938169    937.661583    
1.654572    -13.907417    -4.437648    7.921851    13.244197    40.582911    49.752316    91.244080    104.125753    159.533887    176.108077    245.396008    265.657934    348.815135    372.763169    469.785671    497.419132    608.305167    639.623802    764.372466    799.516835    938.117467    
1.665044    -13.906383    -4.445792    7.978433    13.176713    40.687448    49.638542    91.392865    103.967834    159.726642    175.906209    245.632668    265.412168    349.095679    372.473521    470.110089    497.085610    608.673455    639.246411    764.784623    799.095610    938.573461    
1.675516    -13.905371    -4.453749    8.035129    13.109381    40.792096    49.524879    91.541761    103.810024    159.919507    175.704450    245.869437    265.166511    349.376332    372.183983    470.434617    496.752199    609.041853    638.869129    765.196890    798.674495    939.029565    
1.685988    -13.904379    -4.461518    8.091936    13.042205    40.896856    49.411327    91.690767    103.652325    160.112482    175.502802    246.106317    264.920963    349.657094    371.894554    470.759255    496.418896    609.410361    638.491957    765.609266    798.253490    939.485779    
1.696460    -13.903409    -4.469097    8.148852    12.975186    41.001728    49.297886    91.839883    103.494735    160.305566    175.301263    246.343306    264.675525    349.937967    371.605235    471.084002    496.085704    609.778979    638.114895    766.021752    797.832594    939.942102    
1.706932    -13.902460    -4.476487    8.205874    12.908329    41.106712    49.184557    91.989109    103.337256    160.498760    175.099834    246.580404    264.430198    350.218949    371.316026    471.408858    495.752621    610.147706    637.737942    766.434348    797.411808    940.398535    
1.717404    -13.901534    -4.483686    8.262997    12.841635    41.211807    49.071338    92.138445    103.179886    160.692064    174.898515    246.817613    264.184979    350.500041    371.026927    471.733825    495.419648    610.516543    637.361099    766.847053    796.991132    940.855078    
1.727876    -13.900629    -4.490695    8.320218    12.775109    41.317013    48.958230    92.287891    103.022627    160.885478    174.697305    247.054931    263.939871    350.781242    370.737937    472.058901    495.086785    610.885490    636.984366    767.259868    796.570565    941.311730    
1.738348    -13.899747    -4.497513    8.377533    12.708753    41.422331    48.845233    92.437447    102.865477    161.079002    174.496205    247.292359    263.694872    351.062554    370.449057    472.384087    494.754031    611.254546    636.607742    767.672793    796.150108    941.768492    
1.748820    -13.898888    -4.504139    8.434937    12.642573    41.527761    48.732347    92.587114    102.708437    161.272635    174.295215    247.529897    263.449983    351.343975    370.160287    472.709382    494.421387    611.623712    636.231228    768.085827    795.729761    942.225364    
1.759292    -13.898051    -4.510572    8.492426    12.576574    41.633302    48.619573    92.736890    102.551508    161.466379    174.094335    247.767544    263.205203    351.625505    369.871626    473.034788    494.088853    611.992988    635.854824    768.498971    795.309524    942.682345    
1.769764    -13.897238    -4.516813    8.549994    12.510760    41.738955    48.506909    92.886777    102.394688    161.660232    173.893565    248.005301    262.960534    351.907145    369.583075    473.360302    493.756428    612.362373    635.478529    768.912225    794.889396    943.139436    
1.780236    -13.896448    -4.522860    8.607634    12.445138    41.844719    48.394357    93.036774    102.237979    161.854194    173.692904    248.243168    262.715974    352.188895    369.294634    473.685927    493.424113    612.731868    635.102344    769.325588    794.469378    943.596637    
1.790708    -13.895682    -4.528714    8.665339    12.379715    41.950595    48.281915    93.186880    102.081380    162.048267    173.492353    248.481145    262.471524    352.470755    369.006302    474.011661    493.091908    613.101473    634.726269    769.739061    794.049469    944.053947    
1.801180    -13.894939    -4.534373    8.723102    12.314497    42.056582    48.169585    93.337097    101.924890    162.242450    173.291912    248.719231    262.227183    352.752725    368.718081    474.337505    492.759812    613.471187    634.350303    770.152644    793.629670    944.511367    
1.811652    -13.894221    -4.539838    8.780913    12.249495    42.162681    48.057366    93.487424    101.768511    162.436742    173.091581    248.957427    261.982952    353.034804    368.429968    474.663459    492.427826    613.841011    633.974447    770.566336    793.209981    944.968897    
1.822124    -13.893527    -4.545107    8.838762    12.184718    42.268891    47.945258    93.637861    101.612241    162.631144    172.891360    249.195733    261.738831    353.316992    368.141966    474.989522    492.095950    614.210945    633.598701    770.980138    792.790402    945.426536    
1.832596    -13.892857    -4.550181    8.896638    12.120178    42.375213    47.833261    93.788408    101.456082    162.825656    172.691248    249.434148    261.494820    353.599291    367.854073    475.315695    491.764183    614.580989    633.223064    771.394050    792.370932    945.884286    
1.843068    -13.892212    -4.555059    8.954526    12.055887    42.481646    47.721375    93.939065    101.300032    163.020278    172.491246    249.672674    261.250918    353.881699    367.566290    475.641977    491.432526    614.951142    632.847537    771.808071    791.951572    946.342144    
1.853540    -13.891592    -4.559741    9.012412    11.991862    42.588190    47.609600    94.089832    101.144093    163.215009    172.291354    249.911309    261.007127    354.164217    367.278616    475.968370    491.100979    615.321404    632.472120    772.222202    791.532322    946.800113    
1.864012    -13.890997    -4.564227    9.070277    11.928121    42.694846    47.497936    94.240710    100.988264    163.409851    172.091572    250.150053    260.763444    354.446844    366.991053    476.294872    490.769542    615.691777    632.096812    772.636443    791.113181    947.258191    
1.874484    -13.890427    -4.568515    9.128099    11.864684    42.801614    47.386384    94.391697    100.832544    163.604802    171.891899    250.388908    260.519872    354.729582    366.703599    476.621483    490.438214    616.062259    631.721614    773.050793    790.694150    947.716379    
1.884956    -13.889883    -4.572606    9.185854    11.801577    42.908493    47.274942    94.542794    100.676935    163.799863    171.692337    250.627872    260.276409    355.012429    366.416254    476.948205    490.106996    616.432851    631.346526    773.465253    790.275229    948.174676    
1.895428    -13.889364    -4.576500    9.243511    11.738830    43.015483    47.163612    94.694002    100.521436    163.995033    171.492884    250.866946    260.033056    355.295385    366.129020    477.275036    489.775887    616.803552    630.971547    773.879823    789.856417    948.633084    
1.905900    -13.888870    -4.580195    9.301035    11.676478    43.122585    47.052393    94.845319    100.366047    164.190314    171.293541    251.106129    259.789813    355.578452    365.841895    477.601976    489.444888    617.174363    630.596678    774.294502    789.437715    949.091600    
1.916372    -13.888403    -4.583693    9.358382    11.614564    43.229798    46.941285    94.996747    100.210767    164.385704    171.094308    251.345422    259.546679    355.861628    365.554880    477.929027    489.113999    617.545284    630.221919    774.709291    789.019123    949.550227    
1.926843    -13.887961    -4.586992    9.415501    11.553140    43.337123    46.830288    95.148285    100.055598    164.581204    170.895184    251.584825    259.303656    356.144913    365.267974    478.256187    488.783220    617.916314    629.847270    775.124190    788.600641    950.008963    
1.937315    -13.887546    -4.590092    9.472327    11.492271    43.444559    46.719402    95.299932    99.900539    164.776814    170.696170    251.824338    259.060741    356.428309    364.981178    478.583457    488.452550    618.287454    629.472730    775.539198    788.182268    950.467809    
1.947787    -13.887157    -4.592993    9.528779    11.432036    43.552106    46.608628    95.451690    99.745590    164.972534    170.497266    252.063961    258.817937    356.711814    364.694492    478.910836    488.121990    618.658704    629.098299    775.954316    787.764005    950.926765    
1.958259    -13.886794    -4.595696    9.584759    11.372535    43.659765    46.497965    95.603558    99.590751    165.168364    170.298472    252.303693    258.575242    356.995429    364.407915    479.238325    487.791539    619.030064    628.723979    776.369544    787.345851    951.385830    
1.968731    -13.886458    -4.598199    9.640142    11.313894    43.767535    46.387413    95.755536    99.436022    165.364303    170.099788    252.543535    258.332657    357.279153    364.121449    479.565924    487.461198    619.401533    628.349768    776.784882    786.927807    951.845005    
1.979203    -13.886148    -4.600502    9.694765    11.256272    43.875417    46.276972    95.907624    99.281403    165.560352    169.901213    252.783486    258.090182    357.562987    363.835091    479.893632    487.130967    619.773112    627.975667    777.200329    786.509873    952.304290    
1.989675    -13.885865    -4.602606    9.748422    11.199877    43.983410    46.166642    96.059822    99.126894    165.756511    169.702749    253.023548    257.847817    357.846931    363.548844    480.221451    486.800846    620.144800    627.601675    777.615885    786.092049    952.763684    
2.000147    -13.885608    -4.604510    9.800843    11.144980    44.091514    46.056424    96.212130    98.972495    165.952780    169.504394    253.263719    257.605561    358.130985    363.262706    480.549378    486.470834    620.516598    627.227793    778.031552    785.674334    953.223188    
2.010619    -13.885379    -4.606213    9.851671    11.091936    44.199729    45.946316    96.364548    98.818206    166.149159    169.306149    253.504000    257.363415    358.415148    362.976678    480.877416    486.140932    620.888506    626.854021    778.447328    785.256729    953.682802    
2.021091    -13.885176    -4.607717    9.900435    11.041217    44.308056    45.836320    96.517076    98.664027    166.345647    169.108013    253.744390    257.121378    358.699421    362.690760    481.205563    485.811140    621.260523    626.480359    778.863213    784.839234    954.142525    
2.031563    -13.885000    -4.609020    9.946509    10.993450    44.416494    45.726436    96.669715    98.509958    166.542245    168.909988    253.984890    256.879452    358.983803    362.404951    481.533820    485.481457    621.632651    626.106806    779.279209    784.421848    954.602358    
2.042035    -13.884851    -4.610123    9.989063    10.949462    44.525044    45.616662    96.822463    98.355999    166.738953    168.712072    254.225500    256.637635    359.268296    362.119252    481.862186    485.151884    622.004887    625.733363    779.695314    784.004572    955.062301    
2.052507    -13.884729    -4.611026    10.027023    10.910329    44.633705    45.507000    96.975321    98.202150    166.935771    168.514266    254.466220    256.395928    359.552898    361.833663    482.190663    484.822421    622.377234    625.360029    780.111529    783.587406    955.522353    
2.062979    -13.884634    -4.611728    10.059051    10.877389    44.742476    45.397449    97.128290    98.048411    167.132699    168.316570    254.707049    256.154330    359.837610    361.548183    482.519249    484.493067    622.749690    624.986805    780.527853    783.170349    955.982515    
2.073451    -13.884567    -4.612230    10.083607    10.852182    44.851359    45.288010    97.281368    97.894783    167.329736    168.118983    254.947989    255.912842    360.122431    361.262814    482.847944    484.163823    623.122256    624.613691    780.944287    782.753402    956.442787    
2.083923    -13.884526    -4.612531    10.099145    10.836252    44.960352    45.178683    97.434557    97.741264    167.526883    167.921507    255.189037    255.671464    360.407362    360.977553    483.176749    483.834689    623.494932    624.240687    781.360831    782.336565    956.903168    
2.094395    -13.884512    -4.612631    10.104476    10.830791    45.068561    45.070363    97.587855    97.587856    167.724140    167.724140    255.430196    255.430196    360.692403    360.692403    483.505664    483.505664    623.867717    623.867792    781.777484    781.919837    957.363659    
