-1.256637    0.789568    0.789568    7.106115    7.106115    19.739209    19.739209    38.688849    38.688849    63.955037    63.955037    95.537771    95.537771    133.437052    133.437052    177.652879    177.652879    228.185254    228.185254    285.034175    285.034175    348.199643    348.199643    417.681658    417.681658    493.480220    493.480220    575.595329    575.595329    664.026984    664.026984    758.775186    758.775186    859.839935    859.839935    967.221231    967.221231    1080.919074    1080.919074    1200.933464    1200.933464    1327.264400    1327.264400    1459.911883    1459.911883    1598.875913    1598.875913    1744.156490    1744.156490    1895.753613    1895.753613    2053.667284    2053.667284    2217.897501    2217.897501    2388.444265    2388.444265    2565.307576    2565.307576    2748.487434    2748.487434    2937.983838    
-1.250354    0.781692    0.797484    7.082448    7.129822    19.699750    19.778707    38.633599    38.744139    63.883995    64.026117    95.450938    95.624643    133.334427    133.539715    177.534464    177.771334    228.051047    228.319500    284.884177    285.184213    348.033854    348.365472    417.500077    417.863279    493.282848    493.677632    575.382165    575.808532    663.798029    664.255979    758.530440    759.019972    859.579398    860.100513    966.944902    967.497600    1080.626953    1081.211234    1200.625552    1201.241415    1326.940697    1327.588143    1459.572388    1460.251417    1598.520627    1599.231238    1743.785412    1744.527607    1895.366745    1896.140522    2053.264624    2054.069983    2217.479050    2218.315992    2388.010022    2388.878547    2564.857542    2565.757650    2748.021608    2748.953299    2937.502221    
-1.244071    0.773856    0.805439    7.058820    7.153568    19.660331    19.818245    38.578389    38.799468    63.812993    64.097238    95.364145    95.711555    133.231843    133.642418    177.416088    177.889829    227.916879    228.453786    284.734218    285.334290    347.868104    348.531341    417.318536    418.044939    493.085515    493.875083    575.169041    576.021775    663.569113    664.485013    758.285733    759.264798    859.318899    860.361129    966.668612    967.774008    1080.334872    1081.503434    1200.317679    1201.549406    1326.617033    1327.911925    1459.232933    1460.590991    1598.165380    1599.586603    1743.414374    1744.898763    1894.979915    1896.527469    2052.862003    2054.472722    2217.060638    2218.734522    2387.575819    2389.312869    2564.407547    2566.207763    2747.555822    2749.419203    2937.020644    
-1.237788    0.766059    0.813433    7.035232    7.177354    19.620951    19.857822    38.523218    38.854836    63.742031    64.168398    95.277391    95.798506    133.129297    133.745161    177.297751    178.008363    227.782752    228.588111    284.584299    285.484407    347.702393    348.697249    417.137034    418.226638    492.888221    494.072574    574.955956    576.235057    663.340237    664.714086    758.041065    759.509663    859.058440    860.621786    966.392362    968.050456    1080.042831    1081.795673    1200.009846    1201.857436    1326.293408    1328.235747    1458.893517    1460.930604    1597.810173    1599.942008    1743.043376    1745.269959    1894.593126    1896.914456    2052.459422    2054.875501    2216.642265    2219.153092    2387.141655    2389.747230    2563.957592    2566.657915    2747.090075    2749.885147    2936.539106    
-1.231504    0.758301    0.821467    7.011683    7.201179    19.581611    19.897438    38.468086    38.910244    63.671108    64.239597    95.190676    95.885497    133.026792    133.847943    177.179454    178.126936    227.648663    228.722476    284.434419    285.634563    347.536722    348.863197    416.955571    418.408377    492.690968    494.270104    574.742911    576.448378    663.111401    664.943199    757.796437    759.754567    858.798021    860.882481    966.116151    968.326943    1079.750829    1082.087951    1199.702053    1202.165506    1325.969824    1328.559608    1458.554141    1461.270256    1597.455006    1600.297452    1742.672417    1745.641194    1894.206375    1897.301483    2052.056880    2055.278319    2216.223932    2219.571702    2386.707531    2390.181631    2563.507676    2567.108108    2746.624368    2750.351131    2936.057607    
-1.225221    0.750583    0.829540    6.988173    7.225044    19.542310    19.937094    38.412994    38.965692    63.600224    64.310836    95.104001    95.972527    132.924326    133.950764    177.061196    178.245549    227.514614    228.856880    284.284579    285.784759    347.371090    349.029184    416.774148    418.590155    492.493753    494.467674    574.529905    576.661739    662.882603    665.172352    757.551849    759.999511    858.537641    861.143217    965.839980    968.603469    1079.458866    1082.380269    1199.394299    1202.473615    1325.646278    1328.883508    1458.214805    1461.609948    1597.099878    1600.652935    1742.301498    1746.012469    1893.819664    1897.688549    2051.654378    2055.681177    2215.805638    2219.990351    2386.273446    2390.616072    2563.057800    2567.558339    2746.158700    2750.817154    2935.576148    
-1.218938    0.742905    0.837653    6.964703    7.248948    19.503049    19.976790    38.357941    39.021179    63.529380    64.382114    95.017366    96.059596    132.821899    134.053625    176.942978    178.364201    227.380605    228.991324    284.134778    285.934994    347.205498    349.195210    416.592765    418.771973    492.296578    494.665283    574.316939    576.875140    662.653846    665.401544    757.307300    760.244494    858.277301    861.403991    965.563848    968.880035    1079.166943    1082.672626    1199.086584    1202.781764    1325.322772    1329.207449    1457.875507    1461.949680    1596.744789    1601.008458    1741.930618    1746.383783    1893.432993    1898.075655    2051.251915    2056.084074    2215.387384    2220.409039    2385.839400    2391.050551    2562.607963    2568.008610    2745.693072    2751.283216    2935.094729    
-1.212655    0.735266    0.845805    6.941273    7.272892    19.463827    20.016525    38.302928    39.076705    63.458576    64.453432    94.930770    96.146705    132.719512    134.156526    176.824800    178.482893    227.246635    229.125807    283.985016    286.085268    347.039945    349.361276    416.411420    418.953831    492.099443    494.862932    574.104012    577.088580    662.425128    665.630775    757.062790    760.489517    858.017000    861.664806    965.287756    969.156641    1078.875059    1082.965023    1198.778909    1203.089952    1324.999306    1329.531428    1457.536249    1462.289451    1596.389740    1601.364021    1741.559777    1746.755137    1893.046361    1898.462800    2050.849492    2056.487010    2214.969170    2220.827767    2385.405394    2391.485070    2562.158165    2568.458921    2745.227484    2751.749318    2934.613348    
-1.206372    0.727666    0.853997    6.917882    7.296875    19.424645    20.056299    38.247954    39.132271    63.387811    64.524789    94.844214    96.233854    132.617164    134.259466    176.706661    178.601625    227.112704    229.260330    283.835295    286.235582    346.874432    349.527381    416.230116    419.135727    491.902347    495.060620    573.891124    577.302060    662.196449    665.860046    756.818320    760.734579    857.756738    861.925659    965.011703    969.433286    1078.583215    1083.257460    1198.471274    1203.398180    1324.675879    1329.855447    1457.197031    1462.629261    1596.034730    1601.719622    1741.188976    1747.126530    1892.659769    1898.849985    2050.447108    2056.889986    2214.550995    2221.246534    2384.971428    2391.919629    2561.708408    2568.909271    2744.761934    2752.215460    2934.132008    
-1.200088    0.720106    0.862228    6.894531    7.320897    19.385502    20.096113    38.193020    39.187876    63.317085    64.596186    94.757697    96.321042    132.514855    134.362445    176.588561    178.720395    226.978813    229.394892    283.685612    286.385936    346.708958    349.693526    416.048851    419.317664    491.705290    495.258348    573.678276    577.515579    661.967810    666.089356    756.573890    760.979681    857.496516    862.186552    964.735690    969.709970    1078.291410    1083.549935    1198.163677    1203.706447    1324.352492    1330.179506    1456.857852    1462.969111    1595.679760    1602.075264    1740.818215    1747.497963    1892.273216    1899.237209    2050.044764    2057.293001    2214.132859    2221.665341    2384.537501    2392.354227    2561.258689    2569.359660    2744.296425    2752.681640    2933.650707    
-1.193805    0.712585    0.870499    6.871219    7.344960    19.346399    20.135967    38.138125    39.243521    63.246399    64.667622    94.671219    96.408270    132.412587    134.465464    176.470501    178.839206    226.844961    229.529494    283.535969    286.536329    346.543524    349.859711    415.867625    419.499639    491.508273    495.456115    573.465468    577.729137    661.739210    666.318706    756.329498    761.224822    857.236334    862.447485    964.459716    969.986694    1077.999645    1083.842451    1197.856121    1204.014754    1324.029144    1330.503604    1456.518713    1463.309001    1595.324829    1602.430944    1740.447492    1747.869435    1891.886702    1899.624472    2049.642459    2057.696056    2213.714763    2222.084187    2384.103613    2392.788865    2560.809010    2569.810089    2743.830954    2753.147861    2933.169445    
-1.187522    0.705104    0.878809    6.847946    7.369061    19.307335    20.175860    38.083270    39.299205    63.175752    64.739098    94.584781    96.495537    132.310357    134.568523    176.352480    178.958055    226.711149    229.664135    283.386366    286.686761    346.378129    350.025935    415.686439    419.681655    491.311296    495.653921    573.252699    577.942735    661.510650    666.548096    756.085147    761.470003    856.976191    862.708457    964.183782    970.263458    1077.707919    1084.135006    1197.548604    1204.323100    1323.705835    1330.827742    1456.179613    1463.648930    1594.969938    1602.786665    1740.076810    1748.240947    1891.500228    1900.011775    2049.240194    2058.099151    2213.296706    2222.503073    2383.669765    2393.223542    2560.359371    2570.260558    2743.365523    2753.614121    2932.688223    
-1.181239    0.697663    0.887159    6.824713    7.393202    19.268310    20.215792    38.028454    39.354929    63.105145    64.810613    94.498383    96.582843    132.208167    134.671621    176.234499    179.076945    226.577377    229.798816    283.236802    286.837233    346.212773    350.192198    415.505292    419.863709    491.114357    495.851768    573.039970    578.156373    661.282129    666.777524    755.840835    761.715223    856.716087    862.969469    963.907887    970.540261    1077.416233    1084.427600    1197.241126    1204.631486    1323.382566    1331.151919    1455.840553    1463.988898    1594.615086    1603.142425    1739.706167    1748.612498    1891.113794    1900.399118    2048.837968    2058.502285    2212.878689    2222.921998    2383.235956    2393.658259    2559.909771    2570.711066    2742.900132    2754.080420    2932.207040    
-1.174956    0.690260    0.895548    6.801519    7.417383    19.229325    20.255764    37.973678    39.410692    63.034577    64.882167    94.412024    96.670189    132.106017    134.774758    176.116557    179.195873    226.443644    229.933536    283.087277    286.987745    346.047458    350.358501    415.324185    420.045804    490.917459    496.049653    572.827280    578.370050    661.053647    667.006993    755.596562    761.960483    856.456023    863.230520    963.632031    970.817103    1077.124586    1084.720234    1196.933688    1204.939911    1323.059336    1331.476135    1455.501532    1464.328906    1594.260274    1603.498224    1739.335563    1748.984088    1890.727399    1900.786500    2048.435782    2058.905458    2212.460711    2223.340963    2382.802187    2394.093015    2559.460210    2571.161613    2742.434780    2754.546759    2931.725897    
-1.168672    0.682898    0.903977    6.778365    7.441603    19.190380    20.295776    37.918941    39.466495    62.964049    64.953762    94.325704    96.757575    132.003906    134.877935    175.998655    179.314842    226.309950    230.068295    282.937792    287.138296    345.882181    350.524843    415.143117    420.227937    490.720600    496.247578    572.614629    578.583766    660.825205    667.236500    755.352329    762.205782    856.195999    863.491610    963.356215    971.093985    1076.832979    1085.012907    1196.626289    1205.248376    1322.736146    1331.800391    1455.162550    1464.668953    1593.905501    1603.854062    1738.964999    1749.355718    1890.341043    1901.173921    2048.033635    2059.308671    2212.042773    2223.759967    2382.368458    2394.527810    2559.010689    2571.612200    2741.969468    2755.013137    2931.244793    
-1.162389    0.675574    0.912445    6.755251    7.465862    19.151474    20.335826    37.864244    39.522337    62.893561    65.025395    94.239424    96.845000    131.901835    134.981151    175.880792    179.433849    226.176296    230.203094    282.788347    287.288886    345.716944    350.691225    414.962089    420.410110    490.523780    496.445543    572.402018    578.797522    660.596803    667.466048    755.108135    762.451121    855.936013    863.752740    963.080439    971.370906    1076.541411    1085.305620    1196.318930    1205.556880    1322.412996    1332.124687    1454.823608    1465.009040    1593.550768    1604.209941    1738.594474    1749.727388    1889.954727    1901.561382    2047.631527    2059.711923    2211.624874    2224.179011    2381.934767    2394.962645    2558.561208    2572.062827    2741.504195    2755.479555    2930.763729    
-1.156106    0.668291    0.920953    6.732176    7.490161    19.112607    20.375917    37.809586    39.578219    62.823111    65.097068    94.153184    96.932464    131.799803    135.084407    175.762968    179.552897    226.042681    230.337933    282.638941    287.439516    345.551747    350.857646    414.781100    420.592323    490.327000    496.643547    572.189447    579.011317    660.368440    667.695634    754.863981    762.696499    855.676068    864.013910    962.804702    971.647867    1076.249883    1085.598372    1196.011610    1205.865423    1322.089885    1332.449021    1454.484706    1465.349167    1593.196074    1604.565858    1738.223989    1750.099097    1889.568451    1901.948882    2047.229459    2060.115215    2211.207015    2224.598094    2381.501117    2395.397520    2558.111766    2572.513493    2741.038962    2755.946012    2930.282704    
-1.149823    0.661046    0.929500    6.709140    7.514500    19.073780    20.416047    37.754968    39.634140    62.752702    65.168781    94.066982    97.019968    131.697810    135.187702    175.645185    179.671983    225.909106    230.472811    282.489574    287.590186    345.386589    351.024107    414.600151    420.774575    490.130259    496.841590    571.976915    579.225152    660.140117    667.925261    754.619866    762.941916    855.416162    864.275119    962.529004    971.924868    1075.958394    1085.891164    1195.704330    1206.174006    1321.766813    1332.773396    1454.145843    1465.689332    1592.841420    1604.921816    1737.853543    1750.470846    1889.182214    1902.336422    2046.827431    2060.518546    2210.789195    2225.017216    2381.067506    2395.832434    2557.662363    2572.964198    2740.573768    2756.412509    2929.801719    
-1.143540    0.653842    0.938086    6.686144    7.538878    19.034993    20.456216    37.700389    39.690101    62.682331    65.240533    93.980821    97.107511    131.595857    135.291037    175.527440    179.791109    225.775570    230.607728    282.340247    287.740894    345.221470    351.190607    414.419241    420.956867    489.933558    497.039673    571.764422    579.439026    659.911833    668.154926    754.375790    763.187373    855.156295    864.536367    962.253346    972.201907    1075.666944    1086.183995    1195.397089    1206.482629    1321.443781    1333.097810    1453.807019    1466.029538    1592.486805    1605.277812    1737.483137    1750.842634    1888.796016    1902.724002    2046.425442    2060.921917    2210.371414    2225.436379    2380.633934    2396.267387    2557.213000    2573.414943    2740.108613    2756.879045    2929.320773    
-1.137257    0.646676    0.946712    6.663187    7.563295    18.996245    20.496425    37.645849    39.746101    62.612000    65.312324    93.894699    97.195094    131.493944    135.394411    175.409735    179.910275    225.642074    230.742685    282.190959    287.891643    345.056391    351.357147    414.238370    421.139198    489.736896    497.237796    571.551969    579.652940    659.683588    668.384632    754.131755    763.432870    854.896468    864.797655    961.977728    972.478987    1075.375534    1086.476865    1195.089888    1206.791291    1321.120788    1333.422263    1453.468235    1466.369782    1592.132229    1605.633848    1737.112770    1751.214461    1888.409858    1903.111621    2046.023492    2061.325327    2209.953674    2225.855580    2380.200402    2396.702380    2556.763677    2573.865727    2739.643498    2757.345621    2928.839867    
-1.130973    0.639550    0.955378    6.640270    7.587752    18.957536    20.536673    37.591349    39.802141    62.541709    65.384155    93.808616    97.282717    131.392069    135.497825    175.292070    180.029480    225.508617    230.877682    282.041711    288.042431    344.891352    351.523726    414.057540    421.321568    489.540274    497.435957    571.339555    579.866893    659.455383    668.614376    753.887758    763.678406    854.636680    865.058982    961.702149    972.756105    1075.084164    1086.769775    1194.782726    1207.099992    1320.797835    1333.746756    1453.129491    1466.710067    1591.777693    1605.989924    1736.742443    1751.586328    1888.023739    1903.499279    2045.621582    2061.728777    2209.535972    2226.274821    2379.766909    2397.137413    2556.314392    2574.316551    2739.178423    2757.812236    2928.359000    
-1.124690    0.632464    0.964083    6.617392    7.612248    18.918867    20.576961    37.536889    39.858220    62.471457    65.456026    93.722573    97.370378    131.290235    135.601278    175.174444    180.148725    225.375200    231.012718    281.892502    288.193258    344.726352    351.690345    413.876748    421.503978    489.343691    497.634159    571.127181    580.080886    659.227218    668.844160    753.643801    763.923981    854.376932    865.320349    961.426609    973.033264    1074.792833    1087.062725    1194.475604    1207.408733    1320.474921    1334.071288    1452.790786    1467.050390    1591.423197    1606.346039    1736.372155    1751.958234    1887.637660    1903.886977    2045.219712    2062.132266    2209.118310    2226.694102    2379.333456    2397.572485    2555.865148    2574.767414    2738.713387    2758.278890    2927.878173    
-1.118407    0.625417    0.972827    6.594554    7.636784    18.880237    20.617288    37.482468    39.914338    62.401245    65.527936    93.636569    97.458080    131.188440    135.704771    175.056857    180.268009    225.241822    231.147793    281.743333    288.344125    344.561391    351.857003    413.695996    421.686428    489.147148    497.832400    570.914846    580.294918    658.999092    669.073984    753.399884    764.169596    854.117223    865.581755    961.151109    973.310461    1074.501541    1087.355714    1194.168521    1207.717514    1320.152047    1334.395860    1452.452120    1467.390753    1591.068740    1606.702193    1736.001907    1752.330180    1887.251620    1904.274714    2044.817881    2062.535794    2208.700688    2227.113422    2378.900042    2398.007596    2555.415943    2575.218317    2738.248390    2758.745585    2927.397385    
-1.112124    0.618410    0.981611    6.571755    7.661359    18.841647    20.657654    37.428086    39.970496    62.331072    65.599885    93.550605    97.545821    131.086684    135.808303    174.939310    180.387332    225.108484    231.282908    281.594203    288.495031    344.396470    352.023700    413.515284    421.868917    488.950644    498.030680    570.702551    580.508990    658.771005    669.303847    753.156006    764.415251    853.857554    865.843201    960.875648    973.587699    1074.210289    1087.648743    1193.861477    1208.026334    1319.829212    1334.720471    1452.113494    1467.731156    1590.714323    1607.058387    1735.631698    1752.702166    1886.865620    1904.662491    2044.416089    2062.939363    2208.283105    2227.532781    2378.466667    2398.442747    2554.966777    2575.669259    2737.783433    2759.212318    2926.916636    
-1.105841    0.611442    0.990435    6.548996    7.685974    18.803097    20.698061    37.373744    40.026694    62.260939    65.671874    93.464680    97.633601    130.984968    135.911875    174.821803    180.506695    224.975185    231.418062    281.445113    288.645977    344.231589    352.190438    413.334611    422.051445    488.754180    498.229000    570.490296    580.723101    658.542958    669.533750    752.912168    764.660945    853.597924    866.104687    960.600227    973.864975    1073.919077    1087.941811    1193.554474    1208.335193    1319.506417    1335.045122    1451.774907    1468.071598    1590.359945    1607.414621    1735.261529    1753.074191    1886.479659    1905.050307    2044.014337    2063.342970    2207.865561    2227.952180    2378.033333    2398.877937    2554.517651    2576.120241    2737.318516    2759.679091    2926.435927    
-1.099557    0.604513    0.999297    6.526276    7.710628    18.764585    20.738506    37.319442    40.082931    62.190845    65.743902    93.378795    97.721421    130.883291    136.015486    174.704335    180.626098    224.841925    231.553256    281.296062    288.796962    344.066746    352.357214    413.153977    422.234013    488.557755    498.427359    570.278079    580.937252    658.314951    669.763692    752.668369    764.906678    853.338334    866.366211    960.324845    974.142291    1073.627904    1088.234918    1193.247509    1208.644092    1319.183661    1335.369812    1451.436360    1468.412080    1590.005606    1607.770894    1734.891399    1753.446255    1886.093738    1905.438163    2043.612624    2063.746617    2207.448057    2228.371619    2377.600037    2399.313167    2554.068564    2576.571262    2736.853637    2760.145904    2925.955258    
-1.093274    0.597624    1.008200    6.503596    7.735322    18.726114    20.778991    37.265179    40.139207    62.120790    65.815970    93.292949    97.809280    130.781654    136.119136    174.586906    180.745539    224.708705    231.688490    281.147051    288.947986    343.901944    352.524030    412.973383    422.416621    488.361369    498.625758    570.065903    581.151442    658.086982    669.993673    752.424609    765.152451    853.078783    866.627776    960.049503    974.419647    1073.336770    1088.528065    1192.940584    1208.953030    1318.860945    1335.694542    1451.097853    1468.752601    1589.651307    1608.127206    1734.521308    1753.818359    1885.707856    1905.826058    2043.210951    2064.150304    2207.030593    2228.791097    2377.166781    2399.748436    2553.619517    2577.022323    2736.388799    2760.612756    2925.474628    
-1.086991    0.590775    1.017142    6.480955    7.760055    18.687681    20.819516    37.210955    40.195523    62.050775    65.888077    93.207142    97.897178    130.680056    136.222826    174.469517    180.865021    224.575525    231.823762    280.998079    289.099051    343.737181    352.690886    412.792829    422.599268    488.165024    498.824196    569.853765    581.365672    657.859054    670.223694    752.180889    765.398263    852.819271    866.889379    959.774200    974.697042    1073.045676    1088.821252    1192.633699    1209.262008    1318.538268    1336.019311    1450.759384    1469.093161    1589.297047    1608.483558    1734.151257    1754.190502    1885.322014    1906.213993    2042.809317    2064.554030    2206.613168    2229.210614    2376.733565    2400.183745    2553.170509    2577.473423    2735.924000    2761.079647    2924.994037    
-1.080708    0.583965    1.026123    6.458353    7.784828    18.649289    20.860080    37.156771    40.251879    61.980800    65.960224    93.121376    97.985117    130.578498    136.326556    174.352168    180.984542    224.442384    231.959075    280.849147    289.250154    343.572457    352.857781    412.612314    422.781954    487.968717    499.022674    569.641667    581.579941    657.631165    670.453755    751.937209    765.644115    852.559799    867.151023    959.498937    974.974477    1072.754621    1089.114478    1192.326853    1209.571025    1318.215631    1336.344120    1450.420956    1469.433762    1588.942827    1608.839950    1733.781246    1754.562685    1884.936211    1906.601967    2042.407723    2064.957795    2206.195782    2229.630171    2376.300388    2400.619093    2552.721541    2577.924562    2735.459240    2761.546578    2924.513486    
-1.074425    0.577194    1.035144    6.435791    7.809640    18.610935    20.900684    37.102626    40.308274    61.910864    66.032411    93.035648    98.073094    130.476979    136.430325    174.234858    181.104102    224.309282    232.094426    280.700254    289.401297    343.407773    353.024715    412.431838    422.964680    487.772450    499.221191    569.429609    581.794250    657.403315    670.683855    751.693568    765.890007    852.300367    867.412705    959.223713    975.251951    1072.463606    1089.407743    1192.020046    1209.880082    1317.893033    1336.668968    1450.082566    1469.774401    1588.588647    1609.196381    1733.411274    1754.934907    1884.550448    1906.989980    2042.006169    2065.361600    2205.778436    2230.049767    2375.867251    2401.054481    2552.272612    2578.375741    2734.994520    2762.013549    2924.032975    
-1.068142    0.570463    1.044204    6.413269    7.834492    18.572622    20.941327    37.048521    40.364708    61.840967    66.104636    92.949960    98.161111    130.375500    136.534133    174.117587    181.223702    224.176220    232.229818    280.551401    289.552480    343.243128    353.191689    412.251402    423.147445    487.576223    499.419748    569.217590    582.008598    657.175505    670.913994    751.449966    766.135937    852.040974    867.674427    958.948529    975.529464    1072.172631    1089.701048    1191.713279    1210.189179    1317.570474    1336.993856    1449.744217    1470.115080    1588.234506    1609.552851    1733.041341    1755.307169    1884.164724    1907.378033    2041.604653    2065.765445    2205.361130    2230.469403    2375.434153    2401.489908    2551.823722    2578.826960    2734.529839    2762.480559    2923.552503    
-1.061858    0.563772    1.053304    6.390786    7.859383    18.534347    20.982009    36.994455    40.421182    61.771110    66.176902    92.864312    98.249168    130.274060    136.637981    174.000356    181.343341    224.043198    232.365248    280.402587    289.703702    343.078523    353.358703    412.071005    423.330250    487.380035    499.618344    569.005611    582.222985    656.947734    671.144173    751.206404    766.381908    851.781621    867.936189    958.673384    975.807017    1071.881694    1089.994392    1191.406552    1210.498314    1317.247955    1337.318783    1449.405906    1470.455799    1587.880404    1609.909361    1732.671448    1755.679470    1883.779039    1907.766126    2041.203178    2066.169329    2204.943862    2230.889078    2375.001094    2401.925375    2551.374873    2579.278218    2734.065198    2762.947608    2923.072070    
-1.055575    0.557119    1.062443    6.368343    7.884314    18.496112    21.022731    36.940429    40.477695    61.701293    66.249206    92.778703    98.337264    130.172660    136.741869    173.883164    181.463020    223.910215    232.500719    280.253812    289.854964    342.913957    353.525756    411.890648    423.513094    487.183886    499.816980    568.793671    582.437412    656.720003    671.374391    750.962881    766.627917    851.522307    868.197990    958.398279    976.084610    1071.590798    1090.287776    1191.099863    1210.807490    1316.925476    1337.643750    1449.067635    1470.796556    1587.526342    1610.265910    1732.301595    1756.051811    1883.393395    1908.154258    2040.801741    2066.573252    2204.526635    2231.308793    2374.568075    2402.360881    2550.926062    2579.729516    2733.600596    2763.414697    2922.591677    
-1.049292    0.550507    1.071622    6.345938    7.909284    18.457917    21.063493    36.886442    40.534248    61.631515    66.321551    92.693133    98.425400    130.071299    136.845796    173.766012    181.582739    223.777271    232.636228    280.105078    290.006265    342.749431    353.692848    411.710330    423.695978    486.987777    500.015655    568.581771    582.651879    656.492311    671.604649    750.719398    766.873967    851.263032    868.459831    958.123213    976.362242    1071.299940    1090.581200    1190.793215    1211.116704    1316.603036    1337.968756    1448.729404    1471.137354    1587.172319    1610.622499    1731.931781    1756.424191    1883.007789    1908.542430    2040.400344    2066.977215    2204.109447    2231.728547    2374.135095    2402.796427    2550.477291    2580.180853    2733.136034    2763.881825    2922.111323    
-1.043009    0.543934    1.080840    6.323574    7.934293    18.419761    21.104294    36.832495    40.590840    61.561776    66.393934    92.607603    98.513575    129.969978    136.949762    173.648899    181.702496    223.644367    232.771777    279.956382    290.157605    342.584944    353.859980    411.530052    423.878901    486.791708    500.214370    568.369910    582.866385    656.264659    671.834947    750.475954    767.120055    851.003797    868.721711    957.848186    976.639913    1071.009123    1090.874662    1190.486606    1211.425958    1316.280636    1338.293801    1448.391212    1471.478191    1586.818336    1610.979127    1731.562006    1756.796611    1882.622223    1908.930641    2039.998987    2067.381218    2203.692298    2232.148341    2373.702155    2403.232012    2550.028560    2580.632229    2732.671511    2764.348993    2921.631009    
-1.036726    0.537400    1.090098    6.301249    7.959342    18.381645    21.145134    36.778587    40.647472    61.492077    66.466357    92.522113    98.601789    129.868696    137.053768    173.531826    181.822294    223.511503    232.907366    279.807726    290.308985    342.420496    354.027151    411.349814    424.061864    486.595678    500.413124    568.158088    583.080930    656.037046    672.065283    750.232550    767.366184    850.744601    868.983630    957.573200    976.917624    1070.718344    1091.168165    1190.180036    1211.735252    1315.958275    1338.618886    1448.053060    1471.819067    1586.464392    1611.335795    1731.192271    1757.169070    1882.236697    1909.318891    2039.597669    2067.785259    2203.275189    2232.568174    2373.269255    2403.667636    2549.579868    2581.083645    2732.207028    2764.816201    2921.150734    
-1.030442    0.530906    1.099395    6.278963    7.984431    18.343568    21.186014    36.724719    40.704144    61.422417    66.538820    92.436662    98.690043    129.767454    137.157813    173.414792    181.942130    223.378677    233.042994    279.659110    290.460405    342.256089    354.194362    411.169614    424.244866    486.399687    500.611917    567.946306    583.295515    655.809473    672.295660    749.989186    767.612351    850.485445    869.245589    957.298252    977.195375    1070.427606    1091.461706    1189.873506    1212.044585    1315.635953    1338.944011    1447.714947    1472.159983    1586.110488    1611.692502    1730.822575    1757.541568    1881.851210    1909.707181    2039.196391    2068.189341    2202.858119    2232.988047    2372.836394    2404.103300    2549.131215    2581.535101    2731.742584    2765.283447    2920.670499    
-1.024159    0.524451    1.108732    6.256717    8.009559    18.305530    21.226933    36.670890    40.760854    61.352797    66.611322    92.351250    98.778337    129.666251    137.261898    173.297798    182.062007    223.245892    233.178662    279.510533    290.611864    342.091720    354.361612    410.989455    424.427908    486.203736    500.810750    567.734564    583.510139    655.581939    672.526076    749.745860    767.858558    850.226329    869.507588    957.023344    977.473164    1070.136906    1091.755288    1189.567015    1212.353958    1315.313671    1339.269175    1447.376874    1472.500938    1585.756623    1612.049249    1730.452919    1757.914106    1881.465762    1910.095511    2038.795152    2068.593462    2202.441089    2233.407959    2372.403572    2404.539004    2548.682602    2581.986595    2731.278179    2765.750734    2920.190303    
-1.017876    0.518036    1.118108    6.234511    8.034727    18.267532    21.267892    36.617101    40.817604    61.283216    66.683864    92.265878    98.866670    129.565087    137.366023    173.180843    182.181922    223.113146    233.314369    279.361995    290.763362    341.927391    354.528902    410.809334    424.610989    486.007824    501.009623    567.522861    583.724803    655.354444    672.756531    749.502575    768.104805    849.967252    869.769626    956.748476    977.750994    1069.846246    1092.048908    1189.260564    1212.663370    1314.991428    1339.594378    1447.038840    1472.841933    1585.402798    1612.406035    1730.083302    1758.286684    1881.080354    1910.483879    2038.393953    2068.997622    2202.024098    2233.827911    2371.970790    2404.974747    2548.234029    2582.438130    2730.813815    2766.218059    2919.710147    
-1.011593    0.511660    1.127523    6.212344    8.059933    18.229574    21.308890    36.563351    40.874394    61.213675    66.756445    92.180546    98.955042    129.463963    137.470186    173.063928    182.301877    222.980439    233.450115    279.213497    290.914900    341.763102    354.696231    410.629253    424.794110    485.811952    501.208535    567.311197    583.939507    655.126989    672.987026    749.259328    768.351091    849.708214    870.031703    956.473647    978.028863    1069.555626    1092.342569    1188.954152    1212.972821    1314.669225    1339.919621    1446.700845    1473.182968    1585.049012    1612.762861    1729.713725    1758.659301    1880.694985    1910.872288    2037.992793    2069.401822    2201.607147    2234.247902    2371.538047    2405.410530    2547.785495    2582.889704    2730.349489    2766.685425    2919.230030    
-1.005310    0.505324    1.136978    6.190216    8.085180    18.191655    21.349928    36.509641    40.931223    61.144173    66.829065    92.095253    99.043454    129.362879    137.574390    172.947052    182.421872    222.847772    233.585901    279.065038    291.066477    341.598852    354.863600    410.449212    424.977270    485.616119    501.407486    567.099573    584.154250    654.899574    673.217560    749.016122    768.597417    849.449216    870.293820    956.198857    978.306771    1069.265045    1092.636268    1188.647780    1213.282313    1314.347062    1340.244904    1446.362890    1473.524041    1584.695265    1613.119726    1729.344187    1759.031958    1880.309656    1911.260736    2037.591672    2069.806061    2201.190235    2234.667933    2371.105344    2405.846352    2547.337000    2583.341317    2729.885203    2767.152829    2918.749953    
-0.999026    0.499027    1.146473    6.168128    8.110466    18.153775    21.391006    36.455970    40.988092    61.074711    66.901725    92.009999    99.131905    129.261834    137.678632    172.830215    182.541906    222.715144    233.721727    278.916619    291.218094    341.434641    355.031008    410.269210    425.160469    485.420326    501.606477    566.887989    584.369032    654.672198    673.448133    748.772954    768.843782    849.190257    870.555977    955.924107    978.584719    1068.974504    1092.930008    1188.341447    1213.591843    1314.024937    1340.570225    1446.024975    1473.865155    1584.341558    1613.476631    1728.974689    1759.404654    1879.924367    1911.649223    2037.190591    2070.210340    2200.773362    2235.088003    2370.672680    2406.282213    2546.888545    2583.792970    2729.420957    2767.620274    2918.269915    
-0.992743    0.492770    1.156007    6.146079    8.135791    18.115935    21.432122    36.402338    41.045000    61.005288    66.974425    91.924785    99.220396    129.160828    137.782915    172.713419    182.661980    222.582556    233.857592    278.768240    291.369751    341.270470    355.198456    410.089248    425.343708    485.224572    501.805508    566.676444    584.583854    654.444862    673.678747    748.529826    769.090186    848.931338    870.818173    955.649396    978.862706    1068.684002    1093.223786    1188.035154    1213.901413    1313.702853    1340.895587    1445.687099    1474.206307    1583.987891    1613.833575    1728.605230    1759.777389    1879.539117    1912.037750    2036.789550    2070.614658    2200.356529    2235.508112    2370.240056    2406.718114    2546.440130    2584.244662    2728.956750    2768.087757    2917.789917    
-0.986460    0.486552    1.165581    6.124070    8.161156    18.078135    21.473279    36.348746    41.101948    60.935905    67.047164    91.839610    99.308927    129.059862    137.887236    172.596661    182.782093    222.450007    233.993496    278.619899    291.521446    341.106339    355.365943    409.909325    425.526987    485.028858    502.004578    566.464938    584.798715    654.217565    673.909399    748.286738    769.336630    848.672458    871.080408    955.374725    979.140733    1068.393539    1093.517604    1187.728900    1214.211023    1313.380808    1341.220988    1445.349262    1474.547500    1583.634263    1614.190558    1728.235811    1760.150164    1879.153906    1912.426316    2036.388548    2071.019016    2199.939736    2235.928262    2369.807471    2407.154054    2545.991753    2584.696394    2728.492582    2768.555281    2917.309958    
-0.980177    0.480373    1.175194    6.102100    8.186561    18.040374    21.514474    36.295194    41.158935    60.866561    67.119942    91.754475    99.397497    128.958936    137.991598    172.479943    182.902245    222.317498    234.129440    278.471599    291.673182    340.942247    355.533470    409.729442    425.710305    484.833183    502.203687    566.253472    585.013616    653.990307    674.140091    748.043689    769.583114    848.413618    871.342683    955.100094    979.418799    1068.103116    1093.811462    1187.422686    1214.520672    1313.058802    1341.546428    1445.011465    1474.888731    1583.280675    1614.547581    1727.866431    1760.522978    1878.768735    1912.814922    2035.987585    2071.423413    2199.522982    2236.348450    2369.374926    2407.590034    2545.543417    2585.148165    2728.028454    2769.022843    2916.830039    
-0.973894    0.474234    1.184846    6.080170    8.212004    18.002652    21.555709    36.241681    41.215961    60.797257    67.192760    91.669379    99.486106    128.858049    138.095998    172.363265    183.022437    222.185028    234.265424    278.323338    291.824956    340.778194    355.701036    409.549598    425.893663    484.637548    502.402836    566.042045    585.228556    653.763089    674.370823    747.800680    769.829637    848.154817    871.604997    954.825502    979.696905    1067.812733    1094.105359    1187.116511    1214.830360    1312.736836    1341.871908    1444.673707    1475.230003    1582.927126    1614.904644    1727.497091    1760.895832    1878.383603    1913.203567    2035.586662    2071.827849    2199.106268    2236.768678    2368.942420    2408.026054    2545.095120    2585.599976    2727.564366    2769.490445    2916.350159    
-0.967611    0.468135    1.194538    6.058279    8.237488    17.964970    21.596984    36.188207    41.273028    60.727992    67.265618    91.584323    99.574755    128.757201    138.200438    172.246626    183.142669    222.052597    234.401446    278.175116    291.976771    340.614181    355.868642    409.369793    426.077060    484.441952    502.602024    565.830658    585.443536    653.535910    674.601594    747.557710    770.076199    847.896056    871.867351    954.550949    979.975050    1067.522389    1094.399296    1186.810375    1215.140088    1312.414909    1342.197427    1444.335989    1475.571313    1582.573616    1615.261746    1727.127790    1761.268726    1877.998511    1913.592252    2035.185778    2072.232325    2198.689593    2237.188946    2368.509954    2408.462113    2544.646862    2586.051826    2727.100317    2769.958087    2915.870318    
-0.961327    0.462075    1.204269    6.036428    8.263010    17.927327    21.638298    36.134773    41.330133    60.658766    67.338515    91.499306    99.663443    128.656393    138.304918    172.130026    183.262940    221.920207    234.537509    278.026934    292.128624    340.450208    356.036287    409.190028    426.260496    484.246396    502.801252    565.619310    585.658555    653.308771    674.832405    747.314779    770.322801    847.637334    872.129744    954.276436    980.253235    1067.232084    1094.693272    1186.504280    1215.449855    1312.093022    1342.522986    1443.998311    1475.912663    1582.220146    1615.618888    1726.758529    1761.641659    1877.613458    1913.980976    2034.784934    2072.636841    2198.272957    2237.609253    2368.077527    2408.898211    2544.198644    2586.503716    2726.636307    2770.425768    2915.390517    
-0.955044    0.456055    1.214040    6.014616    8.288573    17.889724    21.679652    36.081379    41.387278    60.589580    67.411451    91.414329    99.752171    128.555624    138.409437    172.013466    183.383250    221.787855    234.673611    277.878791    292.280518    340.286273    356.203971    409.010303    426.443972    484.050879    503.000519    565.408002    585.873614    653.081672    675.063255    747.071888    770.569443    847.378652    872.392177    954.001962    980.531459    1066.941819    1094.987287    1186.198223    1215.759662    1311.771174    1342.848584    1443.660671    1476.254053    1581.866716    1615.976069    1726.389307    1762.014631    1877.228445    1914.369740    2034.384130    2073.041396    2197.856361    2238.029599    2367.645140    2409.334349    2543.750465    2586.955645    2726.172337    2770.893488    2914.910756    
-0.948761    0.450074    1.223851    5.992844    8.314174    17.852160    21.721045    36.028024    41.444463    60.520434    67.484427    91.329391    99.840938    128.454895    138.513996    171.896946    183.503600    221.655543    234.809752    277.730688    292.432450    340.122379    356.371695    408.830617    426.627487    483.855402    503.199826    565.196733    586.088712    652.854612    675.294144    746.829037    770.816123    847.120009    872.654650    953.727528    980.809722    1066.651594    1095.281342    1185.892206    1216.069509    1311.449366    1343.174222    1443.323072    1476.595482    1581.513325    1616.333289    1726.020124    1762.387643    1876.843471    1914.758543    2033.983365    2073.445991    2197.439805    2238.449985    2367.212792    2409.770526    2543.302326    2587.407614    2725.708406    2771.361249    2914.431034    
-0.942478    0.444132    1.233701    5.971111    8.339816    17.814636    21.762478    35.974708    41.501687    60.451327    67.557442    91.244493    99.929745    128.354205    138.618594    171.780465    183.623990    221.523271    234.945933    277.582624    292.584422    339.958524    356.539459    408.650970    426.811042    483.659964    503.399172    564.985504    586.303849    652.627591    675.525073    746.586225    771.062844    846.861406    872.917161    953.453133    981.088025    1066.361408    1095.575437    1185.586229    1216.379394    1311.127597    1343.499899    1442.985511    1476.936951    1581.159973    1616.690549    1725.650982    1762.760694    1876.458537    1915.147386    2033.582639    2073.850625    2197.023288    2238.870410    2366.780483    2410.206743    2542.854226    2587.859622    2725.244515    2771.829048    2913.951351    
-0.936195    0.438230    1.243590    5.949417    8.365496    17.777151    21.803950    35.921432    41.558950    60.382259    67.630497    91.159634    100.018591    128.253555    138.723231    171.664023    183.744419    221.391038    235.082153    277.434599    292.736434    339.794708    356.707262    408.471363    426.994637    483.464565    503.598558    564.774314    586.519027    652.400610    675.756042    746.343452    771.309604    846.602842    873.179712    953.178778    981.366368    1066.071261    1095.869570    1185.280291    1216.689320    1310.805867    1343.825616    1442.647991    1477.278459    1580.806661    1617.047848    1725.281878    1763.133785    1876.073642    1915.536268    2033.181953    2074.255298    2196.606810    2239.290875    2366.348214    2410.642999    2542.406166    2588.311670    2724.780664    2772.296887    2913.471708    
-0.929911    0.432368    1.253519    5.927763    8.391217    17.739706    21.845461    35.868195    41.616253    60.313231    67.703591    91.074814    100.107476    128.152944    138.827908    171.547621    183.864887    221.258844    235.218413    277.286615    292.888485    339.630932    356.875104    408.291796    427.178271    483.269206    503.797983    564.563164    586.734243    652.173668    675.987050    746.100719    771.556403    846.344317    873.442303    952.904462    981.644750    1065.781154    1096.163744    1184.974392    1216.999285    1310.484177    1344.151372    1442.310509    1477.620006    1580.453388    1617.405187    1724.912814    1763.506915    1875.688787    1915.925190    2032.781306    2074.660011    2196.190372    2239.711380    2365.915985    2411.079295    2541.958145    2588.763757    2724.316851    2772.764765    2912.992105    
-0.923628    0.426545    1.263487    5.906149    8.416976    17.702300    21.887012    35.814998    41.673595    60.244243    67.776725    90.990035    100.196402    128.052373    138.932625    171.431258    183.985395    221.126690    235.354712    277.138669    293.040576    339.467195    357.042986    408.112267    427.361944    483.073887    503.997448    564.352053    586.949499    651.946766    676.218097    745.858026    771.803242    846.085832    873.704933    952.630186    981.923172    1065.491086    1096.457957    1184.668533    1217.309289    1310.162527    1344.477168    1441.973068    1477.961593    1580.100155    1617.762566    1724.543790    1763.880085    1875.303971    1916.314151    2032.380699    2075.064764    2195.773973    2240.131923    2365.483795    2411.515630    2541.510163    2589.215883    2723.853079    2773.232683    2912.512541    
-0.917345    0.420761    1.273495    5.884574    8.442775    17.664934    21.928603    35.761840    41.730977    60.175294    67.849898    90.905294    100.285366    127.951841    139.037381    171.314935    184.105942    220.994576    235.491051    276.990763    293.192706    339.303498    357.210908    407.932779    427.545657    482.878607    504.196952    564.140982    587.164795    651.719903    676.449184    745.615372    772.050120    845.827387    873.967603    952.355949    982.201633    1065.201058    1096.752209    1184.362714    1217.619333    1309.840916    1344.803003    1441.635665    1478.303220    1579.746962    1618.119983    1724.174805    1764.253294    1874.919194    1916.703151    2031.980131    2075.469556    2195.357614    2240.552507    2365.051645    2411.952005    2541.062222    2589.668049    2723.389345    2773.700641    2912.033016    
-0.911062    0.415017    1.283542    5.863038    8.468614    17.627607    21.970233    35.708722    41.788399    60.106384    67.923111    90.820593    100.374370    127.851349    139.142176    171.198651    184.226529    220.862501    235.627429    276.842897    293.344875    339.139840    357.378869    407.753330    427.729409    482.683366    504.396496    563.929950    587.380130    651.493080    676.680310    745.372757    772.297038    845.568981    874.230312    952.081752    982.480133    1064.911069    1097.046501    1184.056933    1217.929416    1309.519345    1345.128877    1441.298303    1478.644886    1579.393807    1618.477441    1723.805859    1764.626543    1874.534457    1917.092192    2031.579603    2075.874387    2194.941295    2240.973130    2364.619534    2412.388419    2540.614319    2590.120255    2722.925652    2774.168638    2911.553531    
-0.904779    0.409312    1.293629    5.841542    8.494492    17.590320    22.011902    35.655643    41.845859    60.037514    67.996363    90.735932    100.463414    127.750896    139.247011    171.082407    184.347156    220.730465    235.763847    276.695070    293.497085    338.976222    357.546869    407.573920    427.913201    482.488165    504.596079    563.718957    587.595504    651.266296    676.911476    745.130182    772.543995    845.310614    874.493061    951.807594    982.758673    1064.621120    1097.340832    1183.751193    1218.239538    1309.197813    1345.454791    1440.960979    1478.986591    1579.040693    1618.834938    1723.436953    1764.999831    1874.149760    1917.481271    2031.179114    2076.279258    2194.525014    2241.393792    2364.187462    2412.824872    2540.166456    2590.572500    2722.461997    2774.636674    2911.074085    
-0.898495    0.403647    1.303755    5.820086    8.520410    17.553072    22.053611    35.602604    41.903360    59.968684    68.069655    90.651310    100.552497    127.650483    139.351886    170.966202    184.467821    220.598469    235.900304    276.547283    293.649333    338.812643    357.714909    407.394550    428.097032    482.293004    504.795702    563.508004    587.810918    651.039552    677.142682    744.887646    772.790992    845.052287    874.755849    951.533475    983.037253    1064.331210    1097.635203    1183.445492    1218.549701    1308.876320    1345.780745    1440.623695    1479.328336    1578.687617    1619.192474    1723.068086    1765.373159    1873.765102    1917.870390    2030.778664    2076.684168    2194.108774    2241.814494    2363.755430    2413.261366    2539.718633    2591.024784    2721.998383    2775.104750    2910.594679    
-0.892212    0.398021    1.313921    5.798669    8.546367    17.515863    22.095360    35.549604    41.960899    59.899892    68.142986    90.566727    100.641619    127.550109    139.456800    170.850037    184.588527    220.466513    236.036800    276.399535    293.801621    338.649103    357.882988    407.215219    428.280903    482.097882    504.995364    563.297091    588.026372    650.812847    677.373926    744.645150    773.038028    844.794000    875.018676    951.259396    983.315872    1064.041340    1097.929614    1183.139830    1218.859902    1308.554867    1346.106738    1440.286451    1479.670120    1578.334582    1619.550050    1722.699259    1765.746526    1873.380483    1918.259549    2030.378255    2077.089118    2193.692573    2242.235235    2363.323437    2413.697898    2539.270849    2591.477108    2721.534807    2775.572865    2910.115313    
-0.885929    0.392435    1.324126    5.777291    8.572363    17.478694    22.137148    35.496644    42.018479    59.831141    68.216357    90.482184    100.730781    127.449774    139.561753    170.733911    184.709271    220.334595    236.173337    276.251826    293.953949    338.485604    358.051107    407.035928    428.464813    481.902799    505.195065    563.086217    588.241865    650.586182    677.605211    744.402693    773.285104    844.535752    875.281543    950.985357    983.594530    1063.751509    1098.224063    1182.834208    1219.170143    1308.233454    1346.432770    1439.949246    1480.011944    1577.981585    1619.907665    1722.330472    1766.119932    1872.995904    1918.648747    2029.977884    2077.494108    2193.276411    2242.656016    2362.891484    2414.134470    2538.823104    2591.929472    2721.071271    2776.041020    2909.635985    
-0.879646    0.386888    1.334371    5.755953    8.598399    17.441565    22.178975    35.443723    42.076097    59.762429    68.289767    90.397681    100.819983    127.349480    139.666746    170.617825    184.830056    220.202718    236.309912    276.104157    294.106315    338.322143    358.219266    406.856676    428.648763    481.707756    505.394806    562.875383    588.457397    650.359556    677.836535    744.160276    773.532219    844.277543    875.544450    950.711357    983.873228    1063.461718    1098.518553    1182.528625    1219.480424    1307.912080    1346.758842    1439.612081    1480.353808    1577.628629    1620.265320    1721.961723    1766.493378    1872.611365    1919.037984    2029.577553    2077.899137    2192.860289    2243.076836    2362.459571    2414.571082    2538.375399    2592.381875    2720.607775    2776.509214    2909.156698    
-0.873363    0.381381    1.344655    5.734655    8.624475    17.404475    22.220842    35.390842    42.133756    59.693756    68.363216    90.313217    100.909224    127.249224    139.771778    170.501778    184.950879    220.070880    236.446527    275.956527    294.258722    338.158722    358.387463    406.677464    428.832752    481.512752    505.594587    562.664588    588.672969    650.132970    678.067898    743.917898    773.779373    844.019374    875.807396    950.437397    984.151965    1063.171966    1098.813081    1182.223082    1219.790744    1307.590745    1347.084954    1439.274955    1480.695710    1577.275711    1620.623014    1721.593015    1766.866864    1872.226865    1919.427261    2029.177262    2078.304205    2192.444206    2243.497695    2362.027696    2415.007733    2537.927734    2592.834317    2720.144318    2776.977448    2908.677449    
-0.867080    0.375913    1.354978    5.713396    8.650590    17.367424    22.262748    35.338000    42.191453    59.625123    68.436705    90.228792    100.998504    127.149008    139.876850    170.385771    185.071742    219.939081    236.583182    275.808937    294.411168    337.995341    358.555701    406.498291    429.016780    481.317788    505.794407    562.453832    588.888580    649.906423    678.299301    743.675560    774.026568    843.761244    876.070381    950.163476    984.430742    1062.882254    1099.107650    1181.917578    1220.101104    1307.269450    1347.411105    1438.937868    1481.037653    1576.922833    1620.980748    1721.224345    1767.240389    1871.842404    1919.816577    2028.777010    2078.709313    2192.028162    2243.918595    2361.595862    2415.444423    2537.480108    2593.286799    2719.680901    2777.445721    2908.198241    
-0.860796    0.370485    1.365341    5.692176    8.676744    17.330413    22.304694    35.285198    42.249191    59.556529    68.510234    90.144407    101.087824    127.048832    139.981961    170.269803    185.192645    219.807322    236.719876    275.661387    294.563653    337.831999    358.723977    406.319158    429.200849    481.122863    505.994267    562.243116    589.104231    649.679915    678.530743    743.433261    774.273801    843.503154    876.333406    949.889594    984.709558    1062.592581    1099.402257    1181.612114    1220.411503    1306.948194    1347.737295    1438.600821    1481.379635    1576.569995    1621.338521    1720.855716    1767.613954    1871.457983    1920.205933    2028.376798    2079.114460    2191.612159    2244.339533    2361.164067    2415.881153    2537.032521    2593.739320    2719.217523    2777.914034    2907.719071    
-0.854513    0.365096    1.375744    5.670996    8.702938    17.293442    22.346679    35.232435    42.306967    59.487975    68.583802    90.060061    101.177184    126.948695    140.087112    170.153875    185.313587    219.675602    236.856609    275.513876    294.716178    337.668696    358.892294    406.140064    429.384956    480.927978    506.194165    562.032439    589.319922    649.453447    678.762225    743.191002    774.521074    843.245104    876.596471    949.615752    984.988414    1062.302947    1099.696904    1181.306689    1220.721941    1306.626978    1348.063525    1438.263814    1481.721656    1576.217196    1621.696333    1720.487126    1767.987558    1871.073602    1920.595329    2027.976625    2079.519647    2191.196194    2244.760511    2360.732311    2416.317923    2536.584974    2594.191881    2718.754184    2778.382386    2907.239941    
-0.848230    0.359747    1.386186    5.649855    8.729172    17.256510    22.388704    35.179711    42.364783    59.419460    68.657410    89.975755    101.266582    126.848597    140.192302    170.037986    185.434569    219.543922    236.993382    275.366404    294.868742    337.505433    359.060649    405.961010    429.569103    480.733132    506.394104    561.821802    589.535651    649.227019    678.993746    742.948782    774.768387    842.987092    876.859575    949.341949    985.267309    1062.013353    1099.991591    1181.001304    1221.032419    1306.305801    1348.389795    1437.926846    1482.063717    1575.864437    1622.054185    1720.118575    1768.361201    1870.689260    1920.984764    2027.576491    2079.924873    2190.780269    2245.181529    2360.300595    2416.754732    2536.137467    2594.644482    2718.290885    2778.850778    2906.760851    
-0.841947    0.354437    1.396667    5.628754    8.755444    17.219617    22.430768    35.127027    42.422639    59.350985    68.731057    89.891488    101.356021    126.748539    140.297532    169.922137    185.555590    219.412281    237.130195    275.218972    295.021346    337.342210    359.229045    405.781995    429.753290    480.538326    506.594082    561.611205    589.751421    649.000630    679.225306    742.706602    775.015739    842.729121    877.122718    949.068186    985.546244    1061.723799    1100.286317    1180.695958    1221.342937    1305.984664    1348.716103    1437.589917    1482.405817    1575.511717    1622.412077    1719.750063    1768.734884    1870.304957    1921.374238    2027.176397    2080.330139    2190.364384    2245.602586    2359.868918    2417.191580    2535.689999    2595.097121    2717.827626    2779.319209    2906.281800    
-0.835664    0.349167    1.407188    5.607692    8.781757    17.182764    22.472872    35.074383    42.480534    59.282549    68.804743    89.807261    101.445499    126.648520    140.402801    169.806327    185.676650    219.280680    237.267047    275.071579    295.173990    337.179026    359.397479    405.603019    429.937516    480.343559    506.794099    561.400646    589.967229    648.774280    679.456906    742.464461    775.263130    842.471188    877.385901    948.794463    985.825218    1061.434284    1100.581083    1180.390652    1221.653494    1305.663567    1349.042452    1437.253028    1482.747957    1575.159036    1622.770008    1719.381592    1769.108606    1869.920694    1921.763752    2026.776342    2080.735444    2189.948538    2246.023683    2359.437281    2417.628468    2535.242570    2595.549801    2717.364406    2779.787680    2905.802789    
-0.829380    0.343936    1.417749    5.586670    8.808109    17.145951    22.515015    35.021778    42.538469    59.214152    68.878469    89.723073    101.535016    126.548541    140.508110    169.690556    185.797751    219.149118    237.403938    274.924226    295.326672    337.015881    359.565953    405.424083    430.121781    480.148832    506.994156    561.190128    590.183078    648.547970    679.688546    742.222360    775.510561    842.213296    877.649123    948.520779    986.104232    1061.144808    1100.875888    1180.085385    1221.964090    1305.342508    1349.368840    1436.916178    1483.090136    1574.806396    1623.127979    1719.013159    1769.482368    1869.536470    1922.153305    2026.376327    2081.140788    2189.532732    2246.444819    2359.005683    2418.065396    2534.795181    2596.002519    2716.901225    2780.256190    2905.323817    
-0.823097    0.338745    1.428349    5.565687    8.834500    17.109176    22.557198    34.969212    42.596443    59.145795    68.952234    89.638925    101.624573    126.448602    140.613458    169.574825    185.918890    219.017595    237.540869    274.776912    295.479395    336.852776    359.734467    405.245187    430.306086    479.954144    507.194253    560.979649    590.398965    648.321700    679.920225    741.980298    775.758032    841.955442    877.912385    948.247134    986.383285    1060.855372    1101.170732    1179.780158    1222.274726    1305.021490    1349.695267    1436.579368    1483.432354    1574.453794    1623.485989    1718.644766    1769.856170    1869.152286    1922.542898    2025.976352    2081.546172    2189.116965    2246.865994    2358.574124    2418.502362    2534.347831    2596.455278    2716.438084    2780.724740    2904.844885    
-0.816814    0.333593    1.438988    5.544744    8.860931    17.072442    22.599420    34.916686    42.654456    59.077478    69.026039    89.554816    101.714169    126.348702    140.718846    169.459134    186.040069    218.886112    237.677839    274.629638    295.632156    336.689711    359.903020    405.066330    430.490431    479.759496    507.394388    560.769209    590.614893    648.095469    680.151944    741.738275    776.005542    841.697629    878.175686    947.973529    986.662378    1060.565976    1101.465616    1179.474970    1222.585402    1304.700510    1350.021734    1436.242598    1483.774613    1574.101232    1623.844038    1718.276413    1770.230011    1868.768141    1922.932530    2025.576416    2081.951596    2188.701237    2247.287209    2358.142606    2418.939369    2533.900521    2596.908075    2715.974983    2781.193329    2904.365992    
-0.810531    0.328480    1.449667    5.523840    8.887401    17.035747    22.641682    34.864200    42.712509    59.009200    69.099884    89.470747    101.803805    126.248841    140.824273    169.343482    186.161288    218.754669    237.814849    274.482403    295.784958    336.526684    360.071613    404.887512    430.674815    479.564887    507.594564    560.558809    590.830859    647.869277    680.383702    741.496292    776.253091    841.439854    878.439027    947.699963    986.941510    1060.276619    1101.760540    1179.169821    1222.896117    1304.379570    1350.348240    1435.905867    1484.116910    1573.748709    1624.202127    1717.908099    1770.603891    1868.384036    1923.322202    2025.176519    2082.357059    2188.285549    2247.708463    2357.711126    2419.376415    2533.453250    2597.360912    2715.511921    2781.661957    2903.887138    
-0.804248    0.323407    1.460386    5.502976    8.913911    16.999091    22.683983    34.811753    42.770602    58.940962    69.173767    89.386717    101.893480    126.149020    140.929739    169.227869    186.282545    218.623265    237.951898    274.335208    295.937798    336.363698    360.240245    404.708734    430.859238    479.370318    507.794778    560.348448    591.046865    647.643125    680.615499    741.254349    776.500680    841.182119    878.702408    947.426437    987.220682    1059.987301    1102.055503    1178.864712    1223.206871    1304.058670    1350.674786    1435.569175    1484.459247    1573.396226    1624.560256    1717.539825    1770.977811    1867.999970    1923.711913    2024.776662    2082.762562    2187.869901    2248.129757    2357.279686    2419.813500    2533.006019    2597.813789    2715.048898    2782.130625    2903.408324    
-0.797965    0.318374    1.471143    5.482151    8.940460    16.962475    22.726324    34.759345    42.828734    58.872763    69.247691    89.302727    101.983195    126.049238    141.035245    169.112296    186.403843    218.491901    238.088987    274.188052    296.090678    336.200751    360.408916    404.529996    431.043701    479.175788    507.995033    560.138127    591.262911    647.417012    680.847336    741.012445    776.748308    840.924424    878.965827    947.152950    987.499893    1059.698023    1102.350505    1178.559643    1223.517665    1303.737809    1351.001371    1435.232523    1484.801624    1573.043783    1624.918424    1717.171590    1771.351770    1867.615944    1924.101664    2024.376844    2083.168104    2187.454292    2248.551091    2356.848286    2420.250625    2532.558827    2598.266705    2714.585915    2782.599333    2902.929550    
-0.791681    0.313380    1.481941    5.461365    8.967049    16.925898    22.768704    34.706977    42.886905    58.804603    69.321654    89.218776    102.072949    125.949496    141.140791    168.996762    186.525180    218.360576    238.226116    274.040936    296.243598    336.037843    360.577627    404.351297    431.228204    478.981297    508.195326    559.927845    591.478996    647.190939    681.079213    740.770580    776.995976    840.666768    879.229286    946.879503    987.779144    1059.408784    1102.645547    1178.254613    1223.828498    1303.416988    1351.327996    1434.895910    1485.144040    1572.691379    1625.276631    1716.803394    1771.725769    1867.231957    1924.491454    2023.977066    2083.573685    2187.038722    2248.972464    2356.416925    2420.687789    2532.111675    2598.719661    2714.122971    2783.068080    2902.450815    
-0.785398    0.308425    1.492778    5.440619    8.993677    16.889361    22.811123    34.654648    42.945116    58.736483    69.395656    89.134865    102.162743    125.849793    141.246376    168.881268    186.646556    218.229290    238.363283    273.893859    296.396557    335.874975    360.746378    404.172637    431.412745    478.786847    508.395660    559.717603    591.695121    646.964905    681.311129    740.528755    777.243684    840.409152    879.492785    946.606095    988.058434    1059.119585    1102.940629    1177.949622    1224.139371    1303.096206    1351.654660    1434.559337    1485.486495    1572.339014    1625.634878    1716.435238    1772.099807    1866.848009    1924.881283    2023.577327    2083.979306    2186.623192    2249.393876    2355.985604    2421.124993    2531.664562    2599.172656    2713.660067    2783.536866    2901.972119    
-0.779115    0.303510    1.503654    5.419913    9.020345    16.852863    22.853582    34.602359    43.003367    58.668403    69.469698    89.050993    102.252576    125.750130    141.352000    168.765814    186.767972    218.098044    238.500491    273.746822    296.549556    335.712146    360.915168    403.994017    431.597327    478.592435    508.596032    559.507400    591.911285    646.738911    681.543084    740.286970    777.491430    840.151575    879.756323    946.332727    988.337763    1058.830426    1103.235750    1177.644671    1224.450283    1302.775464    1351.981363    1434.222803    1485.828990    1571.986689    1625.993164    1716.067122    1772.473885    1866.464102    1925.271152    2023.177628    2084.384967    2186.207701    2249.815328    2355.554322    2421.562236    2531.217489    2599.625691    2713.197202    2784.005692    2901.493463    
-0.772832    0.298634    1.514570    5.399246    9.047052    16.816404    22.896081    34.550110    43.061656    58.600362    69.543779    88.967160    102.342448    125.650506    141.457664    168.650399    186.889427    217.966838    238.637737    273.599824    296.702594    335.549357    361.083997    403.815437    431.781948    478.398063    508.796445    559.297236    592.127488    646.512957    681.775079    740.045224    777.739217    839.894037    880.019901    946.059398    988.617132    1058.541305    1103.530910    1177.339760    1224.761235    1302.454761    1352.308107    1433.886309    1486.171525    1571.634403    1626.351490    1715.699045    1772.848002    1866.080233    1925.661061    2022.777968    2084.790667    2185.792250    2250.236819    2355.123079    2421.999519    2530.770455    2600.078765    2712.734377    2784.474558    2901.014846    
-0.766549    0.293798    1.525525    5.378619    9.073798    16.779986    22.938619    34.497899    43.119986    58.532360    69.617900    88.883367    102.432360    125.550922    141.563368    168.535023    187.010922    217.835671    238.775023    273.452865    296.855671    335.386607    361.252866    403.636895    431.966608    478.203731    508.996896    559.087113    592.343732    646.287041    682.007114    739.803517    777.987042    839.636539    880.283518    945.786109    988.896541    1058.252225    1103.826110    1177.034888    1225.072226    1302.134097    1352.634889    1433.549854    1486.514099    1571.282157    1626.709855    1715.331007    1773.222159    1865.696404    1926.051009    2022.378348    2085.196406    2185.376839    2250.658350    2354.691876    2422.436841    2530.323460    2600.531878    2712.271591    2784.943463    2900.536269    
-0.760265    0.289002    1.536520    5.358031    9.100585    16.743606    22.981196    34.445729    43.178355    58.464398    69.692060    88.799614    102.522312    125.451377    141.669111    168.419687    187.132457    217.704543    238.912349    273.305947    297.008788    335.223897    361.421775    403.458394    432.151308    478.009438    509.197387    558.877028    592.560014    646.061166    682.239187    739.561850    778.234908    839.379081    880.547175    945.512859    989.175989    1057.963183    1104.121349    1176.730055    1225.383257    1301.813473    1352.961711    1433.213438    1486.856712    1570.929950    1627.068260    1714.963009    1773.596355    1865.312615    1926.440997    2021.978767    2085.602185    2184.961467    2251.079920    2354.260713    2422.874202    2529.876505    2600.985031    2711.808845    2785.412407    2900.057732    
-0.753982    0.284245    1.547554    5.337482    9.127410    16.707266    23.023813    34.393597    43.236763    58.396475    69.766260    88.715900    102.612303    125.351872    141.774893    168.304390    187.254030    217.573455    239.049714    273.159067    297.161945    335.061226    361.590723    403.279932    432.336047    477.815184    509.397918    558.666983    592.776336    645.835329    682.471301    739.320222    778.482812    839.121662    880.810871    945.239648    989.455476    1057.674182    1104.416628    1176.425262    1225.694327    1301.492889    1353.288573    1432.877063    1487.199365    1570.577783    1627.426705    1714.595051    1773.970591    1864.928865    1926.831024    2021.579226    2086.008003    2184.546134    2251.501530    2353.829589    2423.311603    2529.429590    2601.438224    2711.346138    2785.881391    2899.579233    
-0.747699    0.279527    1.558628    5.316973    9.154275    16.670966    23.066470    34.341506    43.295211    58.328592    69.840499    88.632226    102.702334    125.252406    141.880715    168.189133    187.375644    217.442406    239.187119    273.012227    297.315141    334.898595    361.759710    403.101509    432.520826    477.620970    509.598488    558.456978    592.992697    645.609532    682.703454    739.078634    778.730757    838.864282    881.074606    944.966477    989.735003    1057.385219    1104.711946    1176.120508    1226.005437    1301.172344    1353.615474    1432.540726    1487.542058    1570.225655    1627.785188    1714.227132    1774.344866    1864.545154    1927.221090    2021.179724    2086.413861    2184.130841    2251.923179    2353.398504    2423.749044    2528.982714    2601.891456    2710.883471    2786.350414    2899.100775    
-0.741416    0.274849    1.569741    5.296503    9.181180    16.634705    23.109165    34.289453    43.353698    58.260749    69.914777    88.548591    102.792404    125.152979    141.986577    168.073915    187.497296    217.311397    239.324563    272.865427    297.468376    334.736003    361.928737    402.923126    432.705644    477.426795    509.799098    558.247012    593.209098    645.383775    682.935646    738.837085    778.978740    838.606942    881.338381    944.693346    990.014569    1057.096297    1105.007304    1175.815794    1226.316586    1300.851838    1353.942414    1432.204429    1487.884790    1569.873567    1628.143712    1713.859252    1774.719180    1864.161483    1927.611196    2020.780262    2086.819759    2183.715587    2252.344868    2352.967459    2424.186524    2528.535878    2602.344727    2710.420843    2786.819477    2898.622356    
-0.735133    0.270210    1.580893    5.276073    9.208124    16.598484    23.151901    34.237441    43.412225    58.192944    69.989096    88.464995    102.882513    125.053592    142.092477    167.958737    187.618989    217.180428    239.462047    272.718666    297.621651    334.573450    362.097803    402.744782    432.890502    477.232660    509.999747    558.037085    593.425539    645.158057    683.167878    738.595576    779.226763    838.349642    881.602196    944.420254    990.294175    1056.807413    1105.302702    1175.511119    1226.627774    1300.531372    1354.269394    1431.868172    1488.227561    1569.521518    1628.502274    1713.491412    1775.093535    1863.777852    1928.001342    2020.380839    2087.225696    2183.300373    2252.766596    2352.536453    2424.624044    2528.089081    2602.798038    2709.958255    2787.288579    2898.143976    
-0.728849    0.265611    1.592086    5.255683    9.235107    16.562302    23.194676    34.185467    43.470791    58.125180    70.063453    88.381439    102.972662    124.954245    142.198418    167.843598    187.740720    217.049498    239.599570    272.571944    297.774966    334.410937    362.266909    402.566478    433.075399    477.038565    510.200435    557.827198    593.642019    644.932379    683.400149    738.354106    779.474826    838.092381    881.866050    944.147202    990.573821    1056.518569    1105.598138    1175.206484    1226.939003    1300.210946    1354.596414    1431.531954    1488.570372    1569.169509    1628.860877    1713.123611    1775.467928    1863.394260    1928.391527    2019.981455    2087.631672    2182.885198    2253.188364    2352.105487    2425.061603    2527.642323    2603.251388    2709.495706    2787.757721    2897.665636    
-0.722566    0.261051    1.603317    5.235332    9.262130    16.526159    23.237490    34.133533    43.529397    58.057454    70.137850    88.297922    103.062850    124.854937    142.304398    167.728499    187.862491    216.918607    239.737132    272.425262    297.928320    334.248464    362.436054    402.388213    433.260335    476.844508    510.401163    557.617351    593.858538    644.706740    683.632460    738.112676    779.722928    837.835159    882.129943    943.874189    990.853506    1056.229765    1105.893614    1174.901888    1227.250270    1299.890559    1354.923473    1431.195776    1488.913222    1568.817539    1629.219518    1712.755850    1775.842361    1863.010707    1928.781751    2019.582111    2088.037688    2182.470063    2253.610171    2351.674560    2425.499201    2527.195605    2603.704778    2709.033197    2788.226902    2897.187335    
-0.716283    0.256531    1.614588    5.215020    9.289193    16.490056    23.280344    34.081639    43.588042    57.989769    70.212287    88.214445    103.153078    124.755669    142.410417    167.613439    187.984302    216.787756    239.874734    272.278619    298.081713    334.086030    362.605239    402.209987    433.445311    476.650492    510.601931    557.407543    594.075097    644.481141    683.864810    737.871285    779.971070    837.577977    882.393876    943.601215    991.133230    1055.941000    1106.189130    1174.597332    1227.561577    1299.570211    1355.250571    1430.859637    1489.256112    1568.465609    1629.578199    1712.388128    1776.216834    1862.627194    1929.172015    2019.182807    2088.443743    2182.054967    2254.032018    2351.243673    2425.936839    2526.748927    2604.158208    2708.570727    2788.696123    2896.709074    
-0.710000    0.252050    1.625899    5.194748    9.316295    16.453993    23.323237    34.029784    43.646727    57.922122    70.286763    88.131008    103.243346    124.656440    142.516476    167.498418    188.106152    216.656944    240.012376    272.132016    298.235146    333.923636    362.774463    402.031802    433.630327    476.456514    510.802738    557.197774    594.291695    644.255581    684.097200    737.629934    780.219251    837.320834    882.657849    943.328281    991.412994    1055.652275    1106.484685    1174.292815    1227.872924    1299.249903    1355.577709    1430.523537    1489.599041    1568.113718    1629.936920    1712.020446    1776.591346    1862.243721    1929.562318    2018.783542    2088.849838    2181.639910    2254.453904    2350.812825    2426.374517    2526.302287    2604.611677    2708.108296    2789.165383    2896.230852    
-0.703717    0.247609    1.637249    5.174515    9.343436    16.417968    23.366170    33.977969    43.705451    57.854516    70.361278    88.047609    103.333653    124.557250    142.622574    167.383437    188.228042    216.526172    240.150057    271.985453    298.388618    333.761281    362.943727    401.853655    433.815382    476.262577    511.003584    556.988045    594.508333    644.030060    684.329629    737.388622    780.467471    837.063731    882.921861    943.055386    991.692797    1055.363589    1106.780280    1173.988338    1228.184310    1298.929634    1355.904886    1430.187477    1489.942010    1567.761867    1630.295680    1711.652803    1776.965897    1861.860286    1929.952661    2018.384317    2089.255972    2181.224894    2254.875829    2350.382017    2426.812234    2525.855688    2605.065185    2707.645905    2789.634683    2895.752669    
-0.697434    0.243207    1.648638    5.154322    9.370617    16.381984    23.409142    33.926193    43.764214    57.786948    70.435833    87.964251    103.423999    124.458100    142.728712    167.268496    188.349971    216.395439    240.287777    271.838929    298.542130    333.598965    363.113030    401.675548    434.000477    476.068678    511.204470    556.778355    594.725010    643.804579    684.562098    737.147350    780.715731    836.806667    883.185912    942.782531    991.972640    1055.074942    1107.075914    1173.683900    1228.495735    1298.609405    1356.232103    1429.851456    1490.285018    1567.410055    1630.654480    1711.285200    1777.340488    1861.476892    1930.343043    2017.985131    2089.662146    2180.809916    2255.297794    2349.951249    2427.249990    2525.409128    2605.518733    2707.183554    2790.104022    2895.274527    
-0.691150    0.238844    1.660067    5.134168    9.397837    16.346039    23.452154    33.874456    43.823017    57.719420    70.510428    87.880932    103.514385    124.358989    142.834889    167.153594    188.471940    216.264746    240.425537    271.692444    298.695682    333.436689    363.282373    401.497481    434.185611    475.874820    511.405396    556.568705    594.941727    643.579138    684.794606    736.906117    780.964031    836.549643    883.450003    942.509716    992.252522    1054.786335    1107.371588    1173.379502    1228.807200    1298.289215    1356.559360    1429.515475    1490.628066    1567.058282    1631.013319    1710.917636    1777.715119    1861.093537    1930.733465    2017.585984    2090.068359    2180.394978    2255.719799    2349.520519    2427.687786    2524.962607    2605.972320    2706.721242    2790.573401    2894.796423    
-0.684867    0.234522    1.671536    5.114054    9.425097    16.310133    23.495205    33.822759    43.881860    57.651932    70.585062    87.797652    103.604810    124.259918    142.941105    167.038732    188.593948    216.134092    240.563337    271.545999    298.849272    333.274452    363.451755    401.319453    434.370784    475.681000    511.606360    556.359095    595.158483    643.353736    685.027153    736.664924    781.212370    836.292658    883.714133    942.236940    992.532444    1054.497768    1107.667301    1173.075143    1229.118705    1297.969065    1356.886655    1429.179534    1490.971153    1566.706549    1631.372197    1710.550112    1778.089789    1860.710221    1931.123927    2017.186877    2090.474611    2179.980080    2256.141843    2349.089829    2428.125621    2524.516126    2606.425947    2706.258969    2791.042819    2894.318359    
-0.678584    0.230238    1.683044    5.093979    9.452396    16.274267    23.538296    33.771102    43.940742    57.584483    70.659735    87.714412    103.695275    124.160887    143.047362    166.923909    188.715995    216.003477    240.701175    271.399593    299.002903    333.112255    363.621176    401.141465    434.555997    475.487221    511.807365    556.149523    595.375279    643.128373    685.259740    736.423770    781.460748    836.035713    883.978303    941.964203    992.812405    1054.209240    1107.963053    1172.770824    1229.430249    1297.648954    1357.213991    1428.843632    1491.314280    1566.354856    1631.731115    1710.182627    1778.464498    1860.326945    1931.514427    2016.787809    2090.880904    2179.565221    2256.563927    2348.659179    2428.563496    2524.069684    2606.879613    2705.796736    2791.512276    2893.840335    
-0.672301    0.225994    1.694591    5.073944    9.479735    16.238440    23.581426    33.719484    43.999664    57.517074    70.734448    87.631211    103.785779    124.061895    143.153657    166.809125    188.838082    215.872903    240.839054    271.253227    299.156572    332.950098    363.790638    400.963516    434.741250    475.293480    512.008409    555.939992    595.592114    642.903050    685.492367    736.182655    781.709166    835.778807    884.242513    941.691506    993.092406    1053.920751    1108.258845    1172.466544    1229.741832    1297.328883    1357.541366    1428.507769    1491.657446    1566.003202    1632.090073    1709.815182    1778.839247    1859.943708    1931.904968    2016.388781    2091.287235    2179.150401    2256.986050    2348.228568    2429.001411    2523.623282    2607.333319    2705.334543    2791.981774    2893.362350    
-0.666018    0.221790    1.706178    5.053948    9.507114    16.202653    23.624596    33.667905    44.058625    57.449704    70.809200    87.548049    103.876323    123.962942    143.259992    166.694381    188.960209    215.742367    240.976972    271.106900    299.310282    332.787980    363.960138    400.785606    434.926542    475.099779    512.209492    555.730500    595.808989    642.677766    685.725033    735.941580    781.957624    835.521941    884.506761    941.418848    993.372446    1053.632302    1108.554677    1172.162303    1230.053455    1297.008851    1357.868780    1428.171946    1492.000651    1565.651587    1632.449070    1709.447776    1779.214035    1859.560511    1932.295547    2015.989793    2091.693606    2178.735621    2257.408212    2347.797997    2429.439365    2523.176919    2607.787064    2704.872388    2792.451310    2892.884404    
-0.659734    0.217625    1.717805    5.033992    9.534531    16.166905    23.667805    33.616366    44.117625    57.382373    70.883992    87.464928    103.966906    123.864029    143.366367    166.579677    189.082375    215.611871    241.114929    270.960613    299.464030    332.625901    364.129678    400.607736    435.111873    474.906118    512.410615    555.521047    596.025903    642.452522    685.957739    735.700545    782.206121    835.265114    884.771050    941.146230    993.652525    1053.343893    1108.850548    1171.858102    1230.365117    1296.688859    1358.196234    1427.836162    1492.343897    1565.300012    1632.808106    1709.080409    1779.588863    1859.177353    1932.686167    2015.590843    2092.100017    2178.320881    2257.830414    2347.367465    2429.877358    2522.730596    2608.240849    2704.410274    2792.920886    2892.406498    
-0.653451    0.213499    1.729471    5.014075    9.561989    16.131197    23.711053    33.564866    44.176665    57.315083    70.958824    87.381845    104.057529    123.765155    143.472781    166.465011    189.204580    215.481415    241.252926    270.814365    299.617818    332.463862    364.299258    400.429906    435.297244    474.712496    512.611777    555.311634    596.242857    642.227318    686.190484    735.459549    782.454657    835.008327    885.035377    940.873651    993.932644    1053.055523    1109.146458    1171.553941    1230.676819    1296.368906    1358.523727    1427.500418    1492.687181    1564.948477    1633.167182    1708.713082    1779.963730    1858.794235    1933.076825    2015.191934    2092.506467    2177.906180    2258.252655    2346.936973    2430.315391    2522.284312    2608.694673    2703.948199    2793.390502    2891.928632    
-0.647168    0.209413    1.741176    4.994197    9.589485    16.095529    23.754342    33.513406    44.235745    57.247831    71.033694    87.298803    104.148191    123.666321    143.579235    166.350386    189.326825    215.350998    241.390962    270.668157    299.771646    332.301862    364.468877    400.252115    435.482654    474.518914    512.812979    555.102260    596.459850    642.002153    686.423268    735.218592    782.703233    834.751579    885.299745    940.601112    994.212803    1052.767192    1109.442408    1171.249819    1230.988560    1296.048993    1358.851259    1427.164713    1493.030505    1564.596981    1633.526298    1708.345795    1780.338637    1858.411156    1933.467523    2014.793064    2092.912956    2177.491518    2258.674936    2346.506520    2430.753463    2521.838068    2609.148536    2703.486163    2793.860157    2891.450805    
-0.640885    0.205367    1.752921    4.974360    9.617021    16.059899    23.797669    33.461986    44.294864    57.180619    71.108605    87.215799    104.238893    123.567526    143.685728    166.235800    189.449109    215.220620    241.529038    270.521988    299.925513    332.139902    364.638535    400.074363    435.668104    474.325371    513.014220    554.892925    596.676883    641.777027    686.656092    734.977675    782.951848    834.494870    885.564151    940.328612    994.493001    1052.478901    1109.738398    1170.945736    1231.300341    1295.729119    1359.178832    1426.829048    1493.373869    1564.245524    1633.885453    1707.978547    1780.713583    1858.028116    1933.858261    2014.394233    2093.319485    2177.076896    2259.097257    2346.076106    2431.191575    2521.391863    2609.602439    2703.024167    2794.329851    2890.973017    
-0.634602    0.201360    1.764705    4.954561    9.644597    16.024309    23.841036    33.410605    44.354022    57.113446    71.183555    87.132835    104.329634    123.468771    143.792260    166.121253    189.571433    215.090282    241.667153    270.375858    300.079420    331.977981    364.808233    399.896651    435.853594    474.131867    513.215501    554.683631    596.893955    641.551941    686.888955    734.736798    783.200503    834.238201    885.828597    940.056152    994.773239    1052.190649    1110.034427    1170.641693    1231.612162    1295.409284    1359.506443    1426.493422    1493.717272    1563.894107    1634.244647    1707.611338    1781.088569    1857.645117    1934.249038    2013.995442    2093.726054    2176.662314    2259.519616    2345.645732    2431.629726    2520.945698    2610.056382    2702.562210    2794.799585    2890.495269    
-0.628319    0.197392    1.776529    4.934802    9.672212    15.988759    23.884443    33.359263    44.413220    57.046313    71.258544    87.049911    104.420415    123.370055    143.898832    166.006746    189.693797    214.959984    241.805308    270.229769    300.233366    331.816100    364.977971    399.718978    436.039122    473.938403    513.416821    554.474375    597.111066    641.326894    687.121858    734.495960    783.449197    833.981572    886.093083    939.783731    995.053516    1051.902437    1110.330495    1170.337690    1231.924021    1295.089490    1359.834094    1426.157836    1494.060714    1563.542729    1634.603881    1707.244169    1781.463594    1857.262156    1934.639855    2013.596690    2094.132662    2176.247770    2259.942016    2345.215398    2432.067917    2520.499572    2610.510364    2702.100293    2795.269358    2890.017561    
-0.622035    0.193464    1.788392    4.915083    9.699867    15.953248    23.927889    33.307961    44.472457    56.979220    71.333573    86.967026    104.511235    123.271379    144.005444    165.892278    189.816199    214.829725    241.943502    270.083718    300.387351    331.654258    365.147748    399.541345    436.224691    473.744979    513.618181    554.265159    597.328217    641.101887    687.354801    734.255161    783.697931    833.724982    886.357608    939.511350    995.333832    1051.614264    1110.626603    1170.033726    1232.235921    1294.769734    1360.161785    1425.822289    1494.404196    1563.191391    1634.963154    1706.877040    1781.838659    1856.879235    1935.030711    2013.197978    2094.539309    2175.833267    2260.364455    2344.785103    2432.506147    2520.053486    2610.964386    2701.638415    2795.739171    2889.539892    
-0.615752    0.189575    1.800295    4.895403    9.727561    15.917777    23.971374    33.256698    44.531734    56.912166    71.408641    86.884180    104.602094    123.172742    144.112095    165.777850    189.938642    214.699505    242.081736    269.937707    300.541376    331.492456    365.317564    399.363751    436.410299    473.551594    513.819580    554.055983    597.545408    640.876919    687.587783    734.014402    783.946704    833.468431    886.622173    939.239008    995.614188    1051.326131    1110.922750    1169.729801    1232.547859    1294.450018    1360.489515    1425.486782    1494.747718    1562.840092    1635.322467    1706.509950    1782.213763    1856.496354    1935.421606    2012.799305    2094.945996    2175.418803    2260.786933    2344.354847    2432.944416    2519.607439    2611.418447    2701.176577    2796.209024    2889.062262    
-0.609469    0.185726    1.812237    4.875762    9.755295    15.882345    24.014899    33.205475    44.591050    56.845151    71.483748    86.801374    104.692993    123.074145    144.218785    165.663461    190.061124    214.569325    242.220009    269.791736    300.695441    331.330693    365.487420    399.186197    436.595946    473.358248    514.021018    553.846846    597.762638    640.651991    687.820804    733.773682    784.195517    833.211920    886.886777    938.966705    995.894584    1051.038037    1111.218937    1169.425916    1232.859837    1294.130342    1360.817285    1425.151314    1495.091279    1562.488833    1635.681819    1706.142899    1782.588907    1856.113512    1935.812541    2012.400672    2095.352723    2175.004378    2261.209451    2343.924631    2433.382725    2519.161431    2611.872547    2700.714778    2796.678916    2888.584672    
-0.603186    0.181917    1.824219    4.856161    9.783068    15.846953    24.058464    33.154291    44.650406    56.778176    71.558896    86.718608    104.783932    122.975587    144.325515    165.549112    190.183645    214.439185    242.358322    269.645804    300.849545    331.168970    365.657315    399.008683    436.781633    473.164942    514.222496    553.637749    597.979907    640.427102    688.053865    733.533002    784.444369    832.955449    887.151421    938.694443    996.175019    1050.749983    1111.515163    1169.122070    1233.171855    1293.810705    1361.145094    1424.815886    1495.434879    1562.137613    1636.041211    1705.775888    1782.964090    1855.730709    1936.203516    2012.002078    2095.759488    2174.589993    2261.632008    2343.494455    2433.821074    2518.715463    2612.326687    2700.253019    2797.148847    2888.107121    
-0.596903    0.178146    1.836240    4.836600    9.810880    15.811600    24.102067    33.103147    44.709801    56.711240    71.634082    86.635881    104.874910    122.877068    144.432284    165.434802    190.306206    214.309083    242.496674    269.499911    301.003689    331.007286    365.827250    398.831207    436.967359    472.971676    514.424014    553.428691    598.197216    640.202253    688.286965    733.292361    784.693261    832.699017    887.416104    938.422219    996.455493    1050.461968    1111.811429    1168.818264    1233.483912    1293.491107    1361.472942    1424.480497    1495.778519    1561.786433    1636.400642    1705.408916    1783.339313    1855.347946    1936.594530    2011.603523    2096.166294    2174.175647    2262.054605    2343.064318    2434.259462    2518.269535    2612.780867    2699.791299    2797.618818    2887.629610    
-0.590619    0.174416    1.848301    4.817078    9.838732    15.776286    24.145711    33.052042    44.769236    56.644344    71.709308    86.553193    104.965927    122.778589    144.539093    165.320532    190.428806    214.179022    242.635065    269.354058    301.157871    330.845642    365.997225    398.653772    437.153124    472.778448    514.625571    553.219672    598.414565    639.977443    688.520105    733.051760    784.942192    832.442624    887.680826    938.150035    996.736007    1050.173993    1112.107735    1168.514498    1233.796009    1293.171549    1361.800830    1424.145147    1496.122198    1561.435292    1636.760113    1705.041984    1783.714575    1854.965223    1936.985583    2011.205008    2096.573139    2173.761341    2262.477241    2342.634220    2434.697890    2517.823646    2613.235086    2699.329619    2798.088828    2887.152138    
-0.584336    0.170724    1.860401    4.797595    9.866624    15.741012    24.189394    33.000976    44.828710    56.577487    71.784574    86.470545    105.056984    122.680150    144.645941    165.206301    190.551445    214.049000    242.773496    269.208245    301.312094    330.684037    366.167238    398.476375    437.338930    472.585261    514.827168    553.010693    598.631953    639.752672    688.753284    732.811198    785.191163    832.186271    887.945588    937.877891    997.016560    1049.886057    1112.404079    1168.210770    1234.108145    1292.852030    1362.128758    1423.809837    1496.465917    1561.084191    1637.119623    1704.675092    1784.089876    1854.582539    1937.376676    2010.806533    2096.980023    2173.347074    2262.899916    2342.204162    2435.136357    2517.377796    2613.689344    2698.867978    2798.558878    2886.674706    
-0.578053    0.167073    1.872540    4.778152    9.894555    15.705778    24.233116    32.949951    44.888224    56.510670    71.859879    86.387937    105.148081    122.581750    144.752829    165.092110    190.674125    213.919017    242.911967    269.062471    301.466356    330.522471    366.337292    398.299019    437.524774    472.392113    515.028804    552.801754    598.849380    639.527941    688.986503    732.570676    785.440173    831.929957    888.210390    937.605786    997.297153    1049.598161    1112.700463    1167.907083    1234.420321    1292.532551    1362.456725    1423.474567    1496.809675    1560.733129    1637.479173    1704.308238    1784.465217    1854.199894    1937.767809    2010.408097    2097.386947    2172.932847    2263.322632    2341.774143    2435.574863    2516.931986    2614.143642    2698.406376    2799.028967    2886.197313    
-0.571770    0.163460    1.884719    4.758748    9.922525    15.670583    24.276878    32.898964    44.947777    56.443893    71.935224    86.305368    105.239217    122.483389    144.859757    164.977958    190.796843    213.789074    243.050477    268.916736    301.620657    330.360945    366.507384    398.121701    437.710658    472.199004    515.230479    552.592854    599.066847    639.303250    689.219761    732.330193    785.689223    831.673683    888.475231    937.333720    997.577785    1049.310304    1112.996887    1167.603434    1234.732536    1292.213112    1362.784731    1423.139336    1497.153473    1560.382107    1637.838762    1703.941425    1784.840598    1853.817289    1938.158981    2010.009701    2097.793910    2172.518659    2263.745386    2341.344164    2436.013409    2516.486216    2614.597979    2697.944814    2799.499096    2885.719960    
-0.565487    0.159888    1.896938    4.739384    9.950535    15.635427    24.320679    32.848017    45.007370    56.377154    72.010608    86.222838    105.330392    122.385068    144.966723    164.863846    190.919601    213.659170    243.189026    268.771041    301.774998    330.199459    366.677517    397.944423    437.896582    472.005935    515.432194    552.383993    599.284353    639.078598    689.453059    732.089750    785.938312    831.417449    888.740111    937.061694    997.858457    1049.022487    1113.293350    1167.299826    1235.044790    1291.893712    1363.112777    1422.804144    1497.497310    1560.031124    1638.198391    1703.574650    1785.216018    1853.434724    1938.550192    2009.611344    2098.200913    2172.104511    2264.168180    2340.914224    2436.451995    2516.040485    2615.052356    2697.483292    2799.969264    2885.242646    
-0.559203    0.156354    1.909196    4.720059    9.978585    15.600311    24.364520    32.797110    45.067002    56.310455    72.086031    86.140348    105.421607    122.286787    145.073730    164.749773    191.042399    213.529306    243.327615    268.625385    301.929378    330.038012    366.847688    397.767185    438.082545    471.812905    515.633949    552.175172    599.501899    638.853986    689.686396    731.849346    786.187440    831.161253    889.005031    936.789708    998.139169    1048.734709    1113.589853    1166.996256    1235.357084    1291.574351    1363.440862    1422.468992    1497.841187    1559.680181    1638.558059    1703.207916    1785.591477    1853.052197    1938.941443    2009.213026    2098.607955    2171.690402    2264.591014    2340.484324    2436.890620    2515.594793    2615.506772    2697.021809    2800.439472    2884.765372    
-0.552920    0.152860    1.921494    4.700774    10.006673    15.565235    24.408400    32.746242    45.126674    56.243796    72.161494    86.057897    105.512861    122.188545    145.180775    164.635740    191.165236    213.399481    243.466244    268.479769    302.083798    329.876604    367.017900    397.589986    438.268548    471.619915    515.835743    551.966390    599.719484    638.629413    689.919773    731.608982    786.436608    830.905098    889.269990    936.517761    998.419919    1048.446970    1113.886395    1166.692727    1235.669418    1291.255030    1363.768987    1422.133880    1498.185103    1559.329277    1638.917767    1702.841220    1785.966976    1852.669711    1939.332733    2008.814748    2099.015037    2171.276332    2265.013887    2340.054463    2437.329284    2515.149141    2615.961228    2696.560366    2800.909719    2884.288137    
-0.546637    0.149406    1.933831    4.681528    10.034802    15.530198    24.452320    32.695414    45.186385    56.177176    72.236997    85.975486    105.604155    122.090342    145.287861    164.521746    191.288113    213.269696    243.604912    268.334193    302.238258    329.715236    367.188150    397.412827    438.454590    471.426964    516.037576    551.757648    599.937109    638.404879    690.153189    731.368657    786.685816    830.648982    889.534989    936.245853    998.700710    1048.159271    1114.182977    1166.389236    1235.981791    1290.935748    1364.097152    1421.798807    1498.529059    1558.978412    1639.277514    1702.474565    1786.342515    1852.287264    1939.724063    2008.416510    2099.422158    2170.862302    2265.436800    2339.624642    2437.767988    2514.703528    2616.415723    2696.098962    2801.380006    2883.810942    
-0.540354    0.145991    1.946207    4.662322    10.062970    15.495200    24.496279    32.644625    45.246135    56.110596    72.312539    85.893114    105.695488    121.992179    145.394985    164.407791    191.411029    213.139950    243.743619    268.188655    302.392756    329.553908    367.358440    397.235707    438.640671    471.234053    516.239449    551.548946    600.154773    638.180385    690.386645    731.128372    786.935063    830.392905    889.800028    935.973985    998.981539    1047.871612    1114.479598    1166.085785    1236.294203    1290.616506    1364.425355    1421.463773    1498.873054    1558.627587    1639.637300    1702.107948    1786.718093    1851.904856    1940.115432    2008.018311    2099.829319    2170.448312    2265.859752    2339.194860    2438.206731    2514.257955    2616.870258    2695.637597    2801.850332    2883.333786    
-0.534071    0.142616    1.958623    4.643155    10.091177    15.460242    24.540278    32.593875    45.305926    56.044055    72.388120    85.810782    105.786861    121.894056    145.502149    164.293876    191.533984    213.010244    243.882366    268.043158    302.547295    329.392619    367.528770    397.058626    438.826792    471.041181    516.441361    551.340282    600.372477    637.955931    690.620140    730.888126    787.184349    830.136867    890.065105    935.702156    999.262409    1047.583992    1114.776258    1165.782374    1236.606655    1290.297303    1364.753599    1421.128779    1499.217089    1558.276802    1639.997126    1701.741371    1787.093710    1851.522488    1940.506841    2007.620151    2100.236519    2170.034361    2266.282743    2338.765118    2438.645514    2513.812421    2617.324832    2695.176272    2802.320697    2882.856669    
-0.527788    0.139280    1.971078    4.624028    10.119424    15.425323    24.584316    32.543165    45.365755    55.977554    72.463741    85.728489    105.878274    121.795972    145.609353    164.180001    191.656979    212.880577    244.021152    267.897699    302.701872    329.231369    367.699139    396.881585    439.012953    470.848349    516.643313    551.131659    600.590220    637.731516    690.853674    730.647919    787.433675    829.880870    890.330223    935.430367    999.543317    1047.296411    1115.072958    1165.479002    1236.919147    1289.978140    1365.081881    1420.793824    1499.561163    1557.926056    1640.356992    1701.374834    1787.469367    1851.140159    1940.898289    2007.222031    2100.643758    2169.620450    2266.705774    2338.335415    2439.084337    2513.366927    2617.779446    2694.714986    2802.791102    2882.379592    
-0.521504    0.135983    1.983573    4.604940    10.147710    15.390444    24.628394    32.492494    45.425624    55.911092    72.539401    85.646236    105.969725    121.697927    145.716596    164.066165    191.780014    212.750949    244.159978    267.752281    302.856490    329.070159    367.869548    396.704584    439.199153    470.655556    516.845304    550.923074    600.808003    637.507140    691.087248    730.407752    787.683041    829.624911    890.595380    935.158617    999.824265    1047.008870    1115.369698    1165.175670    1237.231677    1289.659016    1365.410204    1420.458909    1499.905277    1557.575349    1640.716897    1701.008336    1787.845063    1850.757870    1941.289777    2006.823950    2101.051037    2169.206578    2267.128845    2337.905752    2439.523199    2512.921473    2618.234099    2694.253740    2803.261547    2881.902555    
-0.515221    0.132726    1.996108    4.585892    10.176036    15.355604    24.672511    32.441863    45.485533    55.844669    72.615101    85.564022    106.061217    121.599922    145.823879    163.952368    191.903088    212.621361    244.298844    267.606901    303.011146    328.908988    368.039996    396.527622    439.385392    470.462802    517.047335    550.714530    601.025825    637.282804    691.320862    730.167625    787.932445    829.368993    890.860576    934.886907    1000.105253    1046.721368    1115.666477    1164.872377    1237.544248    1289.339932    1365.738565    1420.124034    1500.249430    1557.224682    1641.076841    1700.641878    1788.220799    1850.375620    1941.681304    2006.425909    2101.458356    2168.792745    2267.551954    2337.476128    2439.962100    2512.476057    2618.688792    2693.792534    2803.732031    2881.425557    
-0.508938    0.129509    2.008682    4.566883    10.204401    15.320804    24.716667    32.391272    45.545481    55.778286    72.690841    85.481848    106.152747    121.501956    145.931201    163.838611    192.026201    212.491813    244.437748    267.461562    303.165842    328.747857    368.210483    396.350699    439.571671    470.270089    517.249405    550.506024    601.243687    637.058507    691.554515    729.927537    788.181890    829.113113    891.125812    934.615236    1000.386280    1046.433906    1115.963295    1164.569123    1237.856858    1289.020887    1366.066967    1419.789197    1500.593623    1556.874055    1641.436825    1700.275459    1788.596575    1849.993410    1942.072871    2006.027907    2101.865714    2168.378952    2267.975104    2337.046543    2440.401041    2512.030682    2619.143524    2693.331367    2804.202555    2880.948598    
-0.502655    0.126331    2.021295    4.547914    10.232806    15.286043    24.760864    32.340720    45.605468    55.711943    72.766619    85.399713    106.244317    121.404030    146.038562    163.724893    192.149354    212.362304    244.576693    267.316261    303.320578    328.586765    368.381010    396.173816    439.757989    470.077414    517.451515    550.297559    601.461588    636.834250    691.788207    729.687488    788.431374    828.857273    891.391087    934.343605    1000.667347    1046.146484    1116.260153    1164.265909    1238.169507    1288.701882    1366.395407    1419.454401    1500.937855    1556.523467    1641.796849    1699.909079    1788.972389    1849.611239    1942.464477    2005.629945    2102.273112    2167.965198    2268.398293    2336.616998    2440.840021    2511.585345    2619.598296    2692.870239    2804.673118    2880.471679    
-0.496372    0.123192    2.033948    4.528984    10.261250    15.251322    24.805099    32.290207    45.665495    55.645639    72.842438    85.317618    106.335927    121.306143    146.145963    163.611215    192.272547    212.232835    244.715677    267.171000    303.475353    328.425713    368.551577    395.996973    439.944347    469.884779    517.653664    550.089132    601.679528    636.610032    692.021939    729.447479    788.680897    828.601473    891.656401    934.072013    1000.948453    1045.859101    1116.557051    1163.962735    1238.482196    1288.382916    1366.723888    1419.119643    1501.282126    1556.172918    1642.156912    1699.542739    1789.348244    1849.229108    1942.856123    2005.232023    2102.680549    2167.551484    2268.821521    2336.187493    2441.279041    2511.140048    2620.053107    2692.409151    2805.143720    2879.994800    
-0.490088    0.120093    2.046640    4.510093    10.289734    15.216640    24.849374    32.239734    45.725561    55.579374    72.918295    85.235562    106.427576    121.208296    146.253404    163.497577    192.395778    212.103405    244.854700    267.025779    303.630168    328.264700    368.722183    395.820169    440.130745    469.692184    517.855853    549.880746    601.897509    636.385854    692.255711    729.207510    788.930460    828.345712    891.921756    933.800461    1001.229598    1045.571757    1116.853988    1163.659600    1238.794924    1288.063989    1367.052407    1418.784926    1501.626437    1555.822409    1642.517014    1699.176439    1789.724137    1848.847016    1943.247808    2004.834139    2103.088025    2167.137810    2269.244789    2335.758027    2441.718100    2510.694791    2620.507958    2691.948102    2805.614362    2879.517960    
-0.483805    0.117034    2.059372    4.491242    10.318257    15.181998    24.893689    32.189300    45.785667    55.513149    72.994193    85.153545    106.519265    121.110488    146.360884    163.383978    192.519050    211.974014    244.993762    266.880597    303.785022    328.103727    368.892828    395.643404    440.317181    469.499628    518.058081    549.672398    602.115528    636.161715    692.489522    728.967580    789.180062    828.089991    892.187149    933.528948    1001.510783    1045.284453    1117.150964    1163.356504    1239.107692    1287.745102    1367.380966    1418.450247    1501.970788    1555.471939    1642.877156    1698.810178    1790.100071    1848.464963    1943.639532    2004.436296    2103.495541    2166.724175    2269.668096    2335.328601    2442.157199    2510.249573    2620.962848    2691.487093    2806.085043    2879.041159    
-0.477522    0.114014    2.072143    4.472431    10.346820    15.147395    24.938043    32.138906    45.845813    55.446964    73.070129    85.071568    106.610993    121.012720    146.468403    163.270418    192.642361    211.844663    245.132865    266.735455    303.939916    327.942793    369.063513    395.466679    440.503658    469.307111    518.260349    549.464090    602.333587    635.937616    692.723372    728.727689    789.429704    827.834309    892.452582    933.257475    1001.792008    1044.997188    1117.447980    1163.053448    1239.420499    1287.426255    1367.709565    1418.115609    1502.315178    1555.121509    1643.237337    1698.443956    1790.476043    1848.082950    1944.031297    2004.038491    2103.903096    2166.310579    2270.091443    2334.899214    2442.596337    2509.804395    2621.417777    2691.026123    2806.555764    2878.564398    
-0.471239    0.111033    2.084954    4.453659    10.375422    15.112832    24.982436    32.088551    45.905997    55.380818    73.146106    84.989631    106.702761    120.914991    146.575962    163.156898    192.765711    211.715351    245.272006    266.590352    304.094849    327.781899    369.234238    395.289993    440.690174    469.114634    518.462656    549.255822    602.551686    635.713556    692.957262    728.487838    789.679385    827.578666    892.718055    932.986041    1002.073272    1044.709963    1117.745035    1162.750431    1239.733346    1287.107447    1368.038203    1417.781009    1502.659607    1554.771118    1643.597558    1698.077774    1790.852056    1847.700977    1944.423100    2003.640726    2104.310691    2165.897023    2270.514829    2334.469866    2443.035514    2509.359256    2621.872746    2690.565193    2807.026525    2878.087676    
-0.464956    0.108092    2.097804    4.434926    10.404063    15.078308    25.026869    32.038236    45.966222    55.314711    73.222121    84.907733    106.794568    120.817302    146.683561    163.043417    192.889101    211.586079    245.411188    266.445288    304.249821    327.621044    369.405002    395.113347    440.876729    468.922197    518.665003    549.047593    602.769824    635.489536    693.191191    728.248026    789.929106    827.323063    892.983567    932.714647    1002.354575    1044.422777    1118.042130    1162.447454    1240.046232    1286.788678    1368.366881    1417.446449    1503.004076    1554.420767    1643.957818    1697.711632    1791.228107    1847.319043    1944.814943    2003.243001    2104.718326    2165.483506    2270.938255    2334.040558    2443.474732    2508.914157    2622.327755    2690.104302    2807.497325    2877.610994    
-0.458673    0.105190    2.110694    4.416233    10.432744    15.043823    25.071342    31.987960    46.026486    55.248644    73.298176    84.825874    106.886414    120.719652    146.791199    162.929976    193.012530    211.456847    245.550408    266.300264    304.404833    327.460229    369.575805    394.936740    441.063324    468.729799    518.867389    548.839404    602.988001    635.265555    693.425160    728.008254    790.178866    827.067499    893.249119    932.443292    1002.635918    1044.135631    1118.339265    1162.144517    1240.359158    1286.469949    1368.695598    1417.111929    1503.348584    1554.070455    1644.318118    1697.345529    1791.604198    1846.937149    1945.206826    2002.845315    2105.126000    2165.070029    2271.361720    2333.611289    2443.913988    2508.469097    2622.782803    2689.643451    2807.968164    2877.134352    
-0.452389    0.102328    2.123623    4.397580    10.461465    15.009379    25.115853    31.937724    46.086789    55.182616    73.374271    84.744055    106.978300    120.622041    146.898876    162.816574    193.135999    211.327654    245.689668    266.155280    304.559885    327.299453    369.746648    394.760173    441.249958    468.537440    519.069815    548.631254    603.206218    635.041614    693.659169    727.768521    790.428666    826.811975    893.514710    932.171976    1002.917301    1043.848524    1118.636438    1161.841619    1240.672123    1286.151260    1369.024354    1416.777448    1503.693132    1553.720183    1644.678457    1696.979465    1791.980329    1846.555294    1945.598748    2002.447669    2105.533713    2164.656591    2271.785225    2333.182060    2444.353284    2508.024076    2623.237890    2689.182639    2808.439043    2876.657748    
-0.446106    0.099505    2.136592    4.378966    10.490225    14.974973    25.160405    31.887527    46.147132    55.116628    73.450405    84.662276    107.070226    120.524470    147.006593    162.703212    193.259507    211.198500    245.828968    266.010335    304.714976    327.138717    369.917530    394.583645    441.436631    468.345121    519.272280    548.423143    603.424475    634.817712    693.893216    727.528828    790.678505    826.556491    893.780340    931.900700    1003.198723    1043.561457    1118.933652    1161.538760    1240.985127    1285.832610    1369.353150    1416.443007    1504.037720    1553.369950    1645.038836    1696.613441    1792.356499    1846.173478    1945.990709    2002.050062    2105.941466    2164.243193    2272.208769    2332.752871    2444.792620    2507.579095    2623.693017    2688.721867    2808.909961    2876.181185    
-0.439823    0.096722    2.149600    4.360391    10.519024    14.940607    25.204996    31.837370    46.207514    55.050679    73.526579    84.580536    107.162191    120.426939    147.114349    162.589889    193.383055    211.069386    245.968307    265.865429    304.870106    326.978020    370.088452    394.407157    441.623345    468.152841    519.474784    548.215072    603.642770    634.593850    694.127304    727.289174    790.928384    826.301046    894.046010    931.629464    1003.480184    1043.274429    1119.230904    1161.235941    1241.298172    1285.513999    1369.681986    1416.108605    1504.382347    1553.019757    1645.399254    1696.247456    1792.732709    1845.791702    1946.382710    2001.652495    2106.349258    2163.829834    2272.632353    2332.323721    2445.231995    2507.134154    2624.148183    2688.261134    2809.380919    2875.704660    
-0.433540    0.093978    2.162647    4.341856    10.547863    14.906281    25.249626    31.787252    46.267936    54.984770    73.602792    84.498835    107.254195    120.329447    147.222145    162.476606    193.506642    210.940311    246.107686    265.720563    305.025276    326.817362    370.259413    394.230708    441.810097    467.960601    519.677328    548.007041    603.861106    634.370027    694.361430    727.049560    791.178302    826.045640    894.311720    931.358267    1003.761685    1042.987441    1119.528197    1160.933161    1241.611255    1285.195428    1370.010861    1415.774242    1504.727013    1552.669603    1645.759712    1695.881511    1793.108958    1845.409965    1946.774750    2001.254967    2106.757090    2163.416515    2273.055976    2331.894610    2445.671409    2506.689252    2624.603389    2687.800440    2809.851916    2875.228176    
-0.427257    0.091274    2.175735    4.323360    10.576742    14.871994    25.294296    31.737174    46.328397    54.918900    73.679045    84.417174    107.346239    120.231995    147.329980    162.363362    193.630269    210.811276    246.247104    265.575737    305.180485    326.656745    370.430414    394.054299    441.996889    467.768400    519.879912    547.799049    604.079481    634.146244    694.595597    726.809985    791.428259    825.790274    894.577469    931.087109    1004.043225    1042.700492    1119.825528    1160.630421    1241.924378    1284.876897    1370.339775    1415.439919    1505.071719    1552.319489    1646.120209    1695.515605    1793.485246    1845.028268    1947.166830    2000.857478    2107.164961    2163.003235    2273.479639    2331.465539    2446.110863    2506.244389    2625.058635    2687.339786    2810.322953    2874.751730    
-0.420973    0.088609    2.188861    4.304904    10.605660    14.837746    25.339005    31.687135    46.388897    54.853070    73.755337    84.335552    107.438322    120.134582    147.437855    162.250157    193.753935    210.682280    246.386561    265.430950    305.335734    326.496166    370.601454    393.877929    442.183721    467.576239    520.082535    547.591096    604.297895    633.922500    694.829802    726.570450    791.678256    825.534947    894.843257    930.815991    1004.324805    1042.413582    1120.122899    1160.327720    1242.237541    1284.558404    1370.668729    1415.105636    1505.416464    1551.969414    1646.480746    1695.149739    1793.861574    1844.646611    1947.558950    2000.460029    2107.572872    2162.589995    2273.903341    2331.036507    2446.550357    2505.799566    2625.513920    2686.879172    2810.794029    2874.275325    
-0.414690    0.085984    2.202027    4.286488    10.634617    14.803538    25.383754    31.637135    46.449438    54.787279    73.831668    84.253970    107.530445    120.037208    147.545769    162.136993    193.877640    210.553324    246.526058    265.286202    305.491023    326.335627    370.772534    393.701599    442.370592    467.384117    520.285197    547.383183    604.516349    633.698795    695.064048    726.330954    791.928293    825.279660    895.109085    930.544913    1004.606424    1042.126712    1120.420310    1160.025059    1242.550743    1284.239952    1370.997722    1414.771392    1505.761249    1551.619379    1646.841322    1694.783912    1794.237942    1844.264993    1947.951109    2000.062620    2107.980822    2162.176794    2274.327083    2330.607515    2446.989890    2505.354782    2625.969244    2686.418597    2811.265145    2873.798958    
-0.408407    0.083398    2.215233    4.268110    10.663614    14.769370    25.428542    31.587175    46.510017    54.721528    73.908039    84.172428    107.622608    119.939874    147.653723    162.023867    194.001385    210.424407    246.665595    265.141494    305.646350    326.175128    370.943653    393.525308    442.557503    467.192035    520.487899    547.175309    604.734842    633.475130    695.298332    726.091498    792.178369    825.024412    895.374953    930.273874    1004.888083    1041.839882    1120.717760    1159.722437    1242.863984    1283.921539    1371.326755    1414.437187    1506.106073    1551.269383    1647.201937    1694.418125    1794.614349    1843.883414    1948.343307    1999.665250    2108.388812    2161.763633    2274.750864    2330.178562    2447.429462    2504.910038    2626.424608    2685.958061    2811.736300    2873.322631    
-0.402124    0.080852    2.228478    4.249773    10.692650    14.735240    25.473370    31.537255    46.570636    54.655816    73.984450    84.090924    107.714810    119.842579    147.761716    161.910781    194.125170    210.295530    246.805170    264.996825    305.801718    326.014668    371.114812    393.349057    442.744453    466.999992    520.690640    546.967475    604.953375    633.251505    695.532656    725.852081    792.428484    824.769204    895.640859    930.002874    1005.169781    1041.553091    1121.015250    1159.419855    1243.177265    1283.603165    1371.655828    1414.103022    1506.450937    1550.919426    1647.562593    1694.052377    1794.990795    1843.501875    1948.735545    1999.267919    2108.796841    2161.350511    2275.174684    2329.749649    2447.869074    2504.465334    2626.880011    2685.497565    2812.207495    2872.846344    
-0.395841    0.078345    2.241762    4.231474    10.721726    14.701151    25.518237    31.487374    46.631295    54.590144    74.060900    84.009461    107.807051    119.745324    147.869749    161.797735    194.248994    210.166692    246.944786    264.852196    305.957125    325.854247    371.286010    393.172845    442.931442    466.807989    520.893421    546.759681    605.171947    633.027919    695.767020    725.612704    792.678639    824.514035    895.906806    929.731914    1005.451519    1041.266339    1121.312779    1159.117312    1243.490586    1283.284831    1371.984939    1413.768897    1506.795840    1550.569509    1647.923287    1693.686669    1795.367281    1843.120375    1949.127822    1998.870628    2109.204910    2160.937428    2275.598544    2329.320775    2448.308726    2504.020669    2627.335454    2685.037109    2812.678729    2872.370096    
-0.389557    0.075878    2.255086    4.213216    10.750842    14.667101    25.563144    31.437532    46.691993    54.524511    74.137389    83.928037    107.899332    119.648109    147.977821    161.684728    194.372858    210.037894    247.084441    264.707606    306.112571    325.693866    371.457248    392.996672    443.118471    466.616025    521.096242    546.551925    605.390559    632.804372    696.001423    725.373366    792.928834    824.258906    896.172792    929.460993    1005.733296    1040.979627    1121.610348    1158.814808    1243.803946    1282.966536    1372.314091    1413.434810    1507.140783    1550.219632    1648.284021    1693.321000    1795.743807    1842.738915    1949.520139    1998.473377    2109.613018    2160.524385    2276.022444    2328.891941    2448.748416    2503.576043    2627.790936    2684.576692    2813.150002    2871.893888    
-0.383274    0.073450    2.268450    4.194996    10.779996    14.633090    25.608090    31.387730    46.752731    54.458918    74.213918    83.846652    107.991652    119.550933    148.085933    161.571760    194.496761    209.909135    247.224135    264.563056    306.268057    325.533524    371.628525    392.820539    443.305540    466.424101    521.299102    546.344210    605.609210    632.580865    696.235866    725.134067    793.179068    824.003816    896.438817    929.190112    1006.015113    1040.692955    1121.907956    1158.512344    1244.117345    1282.648281    1372.643281    1413.100764    1507.485765    1549.869794    1648.644795    1692.955371    1796.120371    1842.357494    1949.912495    1998.076165    2110.021166    2160.111382    2276.446383    2328.463146    2449.188147    2503.131457    2628.246458    2684.116314    2813.621315    2871.417719    
-0.376991    0.071061    2.281853    4.176817    10.809191    14.599119    25.653076    31.337968    46.813508    54.393364    74.290486    83.765306    108.084012    119.453796    148.194084    161.458832    194.620703    209.780415    247.363869    264.418545    306.423582    325.373222    371.799841    392.644446    443.492648    466.232216    521.502001    546.136533    605.827901    632.357398    696.470348    724.894808    793.429341    823.748766    896.704882    928.919271    1006.296969    1040.406322    1122.205603    1158.209920    1244.430784    1282.330065    1372.972512    1412.766757    1507.830786    1549.519995    1649.005608    1692.589781    1796.496976    1841.976113    1950.304891    1997.678992    2110.429353    2159.698418    2276.870361    2328.034390    2449.627917    2502.686910    2628.702019    2683.655976    2814.092668    2870.941589    
-0.370708    0.068712    2.295295    4.158676    10.838425    14.565187    25.698101    31.288245    46.874324    54.327849    74.367094    83.684001    108.176411    119.356699    148.302275    161.345944    194.744685    209.651736    247.503642    264.274074    306.579146    325.212960    371.971197    392.468392    443.679795    466.040371    521.704940    545.928897    606.046631    632.133969    696.704869    724.655589    793.679654    823.493755    896.970986    928.648468    1006.578865    1040.119728    1122.503290    1157.907535    1244.744262    1282.011889    1373.301782    1412.432789    1508.175847    1549.170236    1649.366460    1692.224230    1796.873620    1841.594771    1950.697326    1997.281859    2110.837579    2159.285493    2277.294379    2327.605675    2450.067726    2502.242403    2629.157620    2683.195678    2814.564060    2870.465499    
-0.364425    0.066403    2.308777    4.140575    10.867698    14.531295    25.743166    31.238561    46.935180    54.262374    74.443741    83.602734    108.268850    119.259641    148.410505    161.233095    194.868707    209.523095    247.643455    264.129642    306.734751    325.052736    372.142593    392.292377    443.866982    465.848565    521.907918    545.721299    606.265401    631.910581    696.939430    724.416409    793.930007    823.238784    897.237130    928.377706    1006.860800    1039.833174    1122.801017    1157.605190    1245.057780    1281.693752    1373.631091    1412.098861    1508.520948    1548.820517    1649.727352    1691.858719    1797.250303    1841.213469    1951.089801    1996.884765    2111.245845    2158.872608    2277.718437    2327.176998    2450.507575    2501.797935    2629.613260    2682.735418    2815.035492    2869.989449    
-0.358142    0.064133    2.322298    4.122514    10.897010    14.497442    25.788270    31.188917    46.996076    54.196939    74.520428    83.521508    108.361328    119.162623    148.518774    161.120285    194.992767    209.394494    247.783307    263.985250    306.890394    324.892553    372.314028    392.116402    444.054208    465.656799    522.110936    545.513742    606.484210    631.687232    697.174031    724.177268    794.180398    822.983852    897.503313    928.106982    1007.142774    1039.546660    1123.098783    1157.302884    1245.371338    1281.375654    1373.960439    1411.764972    1508.866088    1548.470837    1650.088284    1691.493248    1797.627026    1840.832206    1951.482315    1996.487711    2111.654151    2158.459763    2278.142533    2326.748361    2450.947463    2501.353507    2630.068939    2682.275199    2815.506963    2869.513438    
-0.351858    0.061902    2.335859    4.104492    10.926363    14.463629    25.833413    31.139312    47.057010    54.131543    74.597155    83.440320    108.453846    119.065644    148.627083    161.007515    195.116868    209.265933    247.923199    263.840897    307.046077    324.732409    372.485502    391.940467    444.241474    465.465072    522.313993    545.306223    606.703058    631.463922    697.408671    723.938167    794.430830    822.728960    897.769536    927.836299    1007.424788    1039.260184    1123.396588    1157.000617    1245.684934    1281.057597    1374.289828    1411.431123    1509.211268    1548.121196    1650.449254    1691.127816    1798.003788    1840.450983    1951.874869    1996.090696    2112.062496    2158.046957    2278.566670    2326.319764    2451.387391    2500.909118    2630.524659    2681.815019    2815.978473    2869.037466    
-0.345575    0.059711    2.349459    4.086510    10.955754    14.429855    25.878596    31.089747    47.117985    54.066186    74.673920    83.359172    108.546403    118.968705    148.735432    160.894784    195.241008    209.137411    248.063130    263.696584    307.201800    324.572304    372.657016    391.764571    444.428780    465.273384    522.517090    545.098745    606.921947    631.240652    697.643350    723.699106    794.681301    822.474107    898.035798    927.565654    1007.706842    1038.973749    1123.694433    1156.698390    1245.998571    1280.739578    1374.619255    1411.097313    1509.556487    1547.771595    1650.810265    1690.762423    1798.380590    1840.069799    1952.267462    1995.693721    2112.470880    2157.634190    2278.990846    2325.891206    2451.827358    2500.464768    2630.980417    2681.354878    2816.450023    2868.561534    
-0.339292    0.057560    2.363099    4.068567    10.985186    14.396121    25.923819    31.040222    47.178999    54.000869    74.750726    83.278064    108.638999    118.871805    148.843820    160.782093    195.365187    209.008928    248.203101    263.552310    307.357562    324.412239    372.828570    391.588714    444.616124    465.081736    522.720226    544.891305    607.140874    631.017421    697.878069    723.460084    794.931811    822.219293    898.302100    927.295049    1007.988935    1038.687353    1123.992317    1156.396203    1246.312246    1280.421599    1374.948722    1410.763543    1509.901745    1547.422033    1651.171315    1690.397070    1798.757431    1839.688654    1952.660094    1995.296785    2112.879304    2157.221463    2279.415061    2325.462687    2452.267365    2500.020459    2631.436215    2680.894777    2816.921612    2868.085642    
-0.333009    0.055447    2.376778    4.050663    11.014656    14.362426    25.969081    30.990735    47.240052    53.935592    74.827570    83.196995    108.731635    118.774945    148.952247    160.669442    195.489406    208.880485    248.343111    263.408076    307.513364    324.252213    373.000163    391.412897    444.803509    464.890128    522.923402    544.683905    607.359841    630.794230    698.112828    723.221101    795.182361    821.964519    898.568441    927.024484    1008.271068    1038.400996    1124.290241    1156.094054    1246.625962    1280.103660    1375.278229    1410.429812    1510.247043    1547.072511    1651.532404    1690.031757    1799.134312    1839.307550    1953.052766    1994.899889    2113.287768    2156.808775    2279.839316    2325.034208    2452.707411    2499.576188    2631.892053    2680.434715    2817.393241    2867.609789    
-0.326726    0.053375    2.390497    4.032799    11.044166    14.328771    26.014382    30.941289    47.301145    53.870354    74.904455    83.115965    108.824311    118.678124    149.060714    160.556829    195.613664    208.752082    248.483161    263.263881    307.669205    324.092227    373.171795    391.237119    444.990933    464.698559    523.126617    544.476545    607.578848    630.571078    698.347625    722.982158    795.432950    821.709785    898.834821    926.753958    1008.553240    1038.114679    1124.588205    1155.791946    1246.939716    1279.785760    1375.607775    1410.096121    1510.592381    1546.723028    1651.893533    1689.666483    1799.511232    1838.926484    1953.445478    1994.503032    2113.696271    2156.396127    2280.263610    2324.605769    2453.147497    2499.131957    2632.347930    2679.974693    2817.864910    2867.133975    
-0.320442    0.051342    2.404255    4.014975    11.073716    14.295155    26.059723    30.891882    47.362277    53.805155    74.981378    83.034975    108.917026    118.581343    149.169221    160.444257    195.737962    208.623718    248.623250    263.119725    307.825085    323.932280    373.343467    391.061381    445.178396    464.507029    523.329871    544.269224    607.797894    630.347966    698.582463    722.743254    795.683579    821.455090    899.101241    926.483472    1008.835451    1037.828401    1124.886207    1155.489877    1247.253511    1279.467899    1375.937361    1409.762469    1510.937758    1546.373585    1652.254701    1689.301248    1799.888192    1838.545458    1953.838229    1994.106215    2114.104813    2155.983518    2280.687944    2324.177369    2453.587622    2498.687766    2632.803846    2679.514710    2818.336618    2866.658201    
-0.314159    0.049348    2.418053    3.997190    11.103305    14.261578    26.105104    30.842514    47.423449    53.739996    75.058341    82.954025    109.009781    118.484601    149.277767    160.331723    195.862299    208.495393    248.763379    262.975609    307.981005    323.772372    373.515179    390.885682    445.365899    464.315539    523.533165    544.061943    608.016979    630.124893    698.817340    722.504390    795.934247    821.200434    899.367701    926.213025    1009.117702    1037.542163    1125.184250    1155.187847    1247.567344    1279.150078    1376.266986    1409.428856    1511.283174    1546.024181    1652.615909    1688.936053    1800.265191    1838.164472    1954.231019    1993.709437    2114.513395    2155.570949    2281.112317    2323.749008    2454.027786    2498.243614    2633.259802    2679.054767    2818.808365    2866.182466    
-0.307876    0.047394    2.431890    3.979444    11.132934    14.228041    26.150524    30.793185    47.484660    53.674876    75.135344    82.873114    109.102575    118.387898    149.386352    160.219230    195.986676    208.367108    248.903547    262.831533    308.136965    323.612505    373.686929    390.710023    445.553441    464.124088    523.736499    543.854701    608.236104    629.901860    699.052256    722.265565    796.184955    820.945818    899.634200    925.942618    1009.399992    1037.255964    1125.482332    1154.885857    1247.881217    1278.832297    1376.596650    1409.095284    1511.628630    1545.674817    1652.977156    1688.570898    1800.642229    1837.783525    1954.623849    1993.312699    2114.922016    2155.158419    2281.536730    2323.320687    2454.467990    2497.799502    2633.715798    2678.594863    2819.280152    2865.706771    
-0.301593    0.045479    2.445767    3.961738    11.162602    14.194544    26.195983    30.743897    47.545911    53.609796    75.212386    82.792242    109.195408    118.291236    149.494977    160.106775    196.111092    208.238862    249.043755    262.687496    308.292964    323.452676    373.858720    390.534403    445.741023    463.932677    523.939872    543.647498    608.455269    629.678866    699.287212    722.026780    796.435702    820.691242    899.900739    925.672250    1009.682322    1036.969805    1125.780453    1154.583906    1248.195130    1278.514555    1376.926354    1408.761750    1511.974125    1545.325492    1653.338443    1688.205781    1801.019308    1837.402617    1955.016719    1992.916000    2115.330677    2154.745929    2281.961182    2322.892406    2454.908234    2497.355429    2634.171833    2678.134998    2819.751978    2865.231115    
-0.295310    0.043604    2.459683    3.944072    11.192309    14.161086    26.241482    30.694647    47.607201    53.544755    75.289468    82.711410    109.288281    118.194612    149.603641    159.994361    196.235548    208.110656    249.184002    262.543498    308.449002    323.292887    374.030550    390.358823    445.928644    463.741306    524.143285    543.440335    608.674472    629.455911    699.522207    721.788035    796.686488    820.436704    900.167317    925.401921    1009.964692    1036.683685    1126.078614    1154.281995    1248.509082    1278.196852    1377.256098    1408.428256    1512.319660    1544.976207    1653.699769    1687.840705    1801.396425    1837.021749    1955.409628    1992.519340    2115.739377    2154.333478    2282.385674    2322.464163    2455.348517    2496.911395    2634.627907    2677.675174    2820.223844    2864.755499    
-0.289027    0.041768    2.473639    3.926444    11.222056    14.127668    26.287020    30.645437    47.668531    53.479754    75.366589    82.630618    109.381194    118.098028    149.712345    159.881985    196.360043    207.982489    249.324288    262.399540    308.605080    323.133138    374.202419    390.183282    446.116304    463.549974    524.346737    543.233212    608.893716    629.232997    699.757242    721.549328    796.937315    820.182207    900.433934    925.131632    1010.247101    1036.397604    1126.376814    1153.980123    1248.823074    1277.879189    1377.585881    1408.094802    1512.665234    1544.626961    1654.061135    1687.475668    1801.773582    1836.640921    1955.802576    1992.122720    2116.148117    2153.921067    2282.810205    2322.035961    2455.788840    2496.467401    2635.084021    2677.215388    2820.695749    2864.279922    
-0.282743    0.039972    2.487634    3.908857    11.251842    14.094289    26.332598    30.596267    47.729900    53.414792    75.443750    82.549865    109.474145    118.001484    149.821088    159.769650    196.484578    207.854362    249.464614    262.255622    308.761198    322.973428    374.374328    390.007781    446.304004    463.358681    524.550228    543.026128    609.112999    629.010121    699.992316    721.310662    797.188180    819.927749    900.700591    924.861383    1010.529549    1036.111564    1126.675053    1153.678291    1249.137105    1277.561566    1377.915703    1407.761387    1513.010848    1544.277755    1654.422540    1687.110670    1802.150779    1836.260132    1956.195564    1991.726140    2116.556897    2153.508695    2283.234776    2321.607798    2456.229202    2496.023447    2635.540174    2676.755642    2821.167694    2863.804385    
-0.276460    0.038215    2.501668    3.891309    11.281668    14.060949    26.378215    30.547136    47.791309    53.349870    75.520950    82.469151    109.567137    117.904979    149.929871    159.657353    196.609152    207.726274    249.604980    262.111743    308.917354    322.813757    374.546276    389.832319    446.491744    463.167428    524.753759    542.819083    609.332321    628.787285    700.227430    721.072034    797.439085    819.673330    900.967288    924.591173    1010.812037    1035.825562    1126.973333    1153.376498    1249.451175    1277.243981    1378.245565    1407.428011    1513.356501    1543.928588    1654.783985    1686.745712    1802.528015    1835.879382    1956.588592    1991.329599    2116.965715    2153.096363    2283.659386    2321.179674    2456.669603    2495.579531    2635.996367    2676.295936    2821.639678    2863.328887    
-0.270177    0.036498    2.515742    3.873800    11.311534    14.027649    26.423872    30.498045    47.852757    53.284987    75.598189    82.388477    109.660168    117.808513    150.038693    159.545096    196.733766    207.598226    249.745385    261.967903    309.073551    322.654126    374.718264    389.656897    446.679523    462.976214    524.957330    542.612078    609.551683    628.564489    700.462583    720.833446    797.690030    819.418951    901.234024    924.321002    1011.094564    1035.539600    1127.271651    1153.074745    1249.765285    1276.926437    1378.575466    1407.094675    1513.702194    1543.579461    1655.145469    1686.380793    1802.905290    1835.498672    1956.981658    1990.933098    2117.374573    2152.684070    2284.084035    2320.751590    2457.110044    2495.135656    2636.452600    2675.836269    2822.111702    2862.853429    
-0.263894    0.034820    2.529856    3.856331    11.341439    13.994388    26.469568    30.448993    47.914245    53.220144    75.675468    82.307842    109.753238    117.712087    150.147555    159.432879    196.858419    207.470217    249.885829    261.824103    309.229787    322.494535    374.890291    389.481514    446.867342    462.785040    525.160940    542.405112    609.771084    628.341732    700.697776    720.594898    797.941014    819.164611    901.500799    924.050871    1011.377131    1035.253678    1127.570009    1152.773031    1250.079435    1276.608932    1378.905407    1406.761379    1514.047926    1543.230373    1655.506992    1686.015914    1803.282605    1835.118001    1957.374765    1990.536636    2117.783471    2152.271817    2284.508724    2320.323545    2457.550524    2494.691820    2636.908871    2675.376641    2822.583765    2862.378010    
-0.257611    0.033182    2.544009    3.838901    11.371383    13.961167    26.515304    30.399980    47.975772    53.155340    75.752787    82.227247    109.846348    117.615701    150.256456    159.320701    196.983111    207.342248    250.026313    261.680342    309.386062    322.334983    375.062357    389.306171    447.055200    462.593905    525.364589    542.198186    609.990525    628.119014    700.933008    720.356389    798.192037    818.910311    901.767614    923.780779    1011.659737    1034.967795    1127.868407    1152.471357    1250.393624    1276.291466    1379.235388    1406.428122    1514.393698    1542.881324    1655.868556    1685.651074    1803.659960    1834.737370    1957.767911    1990.140213    2118.192408    2151.859603    2284.933453    2319.895540    2457.991044    2494.248023    2637.365183    2674.917053    2823.055868    2861.902631    
-0.251327    0.031583    2.558201    3.821511    11.401367    13.927986    26.561079    30.351007    48.037339    53.090576    75.830145    82.146691    109.939497    117.519354    150.365397    159.208563    197.107843    207.214318    250.166837    261.536621    309.542377    322.175470    375.234464    389.130867    447.243097    462.402810    525.568278    541.991300    610.210005    627.896336    701.168279    720.117920    798.443100    818.656050    902.034468    923.510727    1011.942383    1034.681951    1128.166844    1152.169722    1250.707852    1275.974040    1379.565408    1406.094904    1514.739509    1542.532315    1656.230158    1685.286273    1804.037354    1834.356778    1958.161096    1989.743830    2118.601385    2151.447429    2285.358221    2319.467574    2458.431604    2493.804266    2637.821533    2674.457505    2823.528010    2861.427291    
-0.245044    0.030023    2.572433    3.804160    11.431390    13.894844    26.606894    30.302074    48.098945    53.025851    75.907542    82.066175    110.032686    117.423046    150.474377    159.096464    197.232615    207.086428    250.307400    261.392939    309.698731    322.015997    375.406609    388.955602    447.431034    462.211754    525.772006    541.784452    610.429525    627.673698    701.403590    719.879490    798.694203    818.401829    902.301362    923.240715    1012.225068    1034.396147    1128.465321    1151.868127    1251.022120    1275.656653    1379.895467    1405.761726    1515.085360    1542.183346    1656.591800    1684.921513    1804.414787    1833.976226    1958.554321    1989.347486    2119.010401    2151.035294    2285.783029    2319.039648    2458.872203    2493.360548    2638.277924    2673.997996    2824.000191    2860.951990    
-0.238761    0.028503    2.586705    3.786849    11.461453    13.861741    26.652748    30.253180    48.160590    52.961166    75.984979    81.985698    110.125914    117.326778    150.583397    158.984404    197.357426    206.958577    250.448002    261.249297    309.855125    321.856564    375.578794    388.780377    447.619011    462.020738    525.975774    541.577645    610.649084    627.451099    701.638941    719.641100    798.945345    818.147647    902.568295    922.970742    1012.507793    1034.110383    1128.763837    1151.566571    1251.336428    1275.339306    1380.225566    1405.428587    1515.431250    1541.834416    1656.953482    1684.556791    1804.792260    1833.595713    1958.947585    1988.951182    2119.419457    2150.623198    2286.207876    2318.611761    2459.312841    2492.916870    2638.734353    2673.538526    2824.472413    2860.476729    
-0.232478    0.027023    2.601016    3.769577    11.491555    13.828678    26.698642    30.204325    48.222275    52.896520    76.062455    81.905261    110.219182    117.230549    150.692456    158.872384    197.482276    206.830766    250.588644    261.105694    310.011558    321.697170    375.751019    388.605192    447.807027    461.829761    526.179581    541.370877    610.868683    627.228539    701.874331    719.402749    799.196526    817.893505    902.835268    922.700808    1012.790557    1033.824658    1129.062392    1151.265054    1251.650775    1275.021998    1380.555704    1405.095488    1515.777180    1541.485525    1657.315203    1684.192109    1805.169772    1833.215240    1959.340889    1988.554918    2119.828552    2150.211142    2286.632762    2318.183913    2459.753519    2492.473231    2639.190823    2673.079096    2824.944673    2860.001508    
-0.226195    0.025582    2.615366    3.752345    11.521697    13.795654    26.744575    30.155510    48.284000    52.831913    76.139971    81.824863    110.312489    117.134360    150.801555    158.760404    197.607166    206.702994    250.729325    260.962131    310.168031    321.537815    375.923283    388.430046    447.995082    461.638823    526.383428    541.164148    611.088321    627.006019    702.109761    719.164437    799.447747    817.639402    903.102280    922.430914    1013.073360    1033.538972    1129.360987    1150.963577    1251.965161    1274.704730    1380.885882    1404.762429    1516.123149    1541.136674    1657.676963    1683.827467    1805.547324    1832.834806    1959.734232    1988.158693    2120.237687    2149.799126    2287.057688    2317.756105    2460.194236    2492.029632    2639.647331    2672.619706    2825.416973    2859.526326    
-0.219911    0.024181    2.629756    3.735152    11.551878    13.762670    26.790548    30.106735    48.345764    52.767346    76.217527    81.744505    110.405836    117.038210    150.910693    158.648462    197.732096    206.575261    250.870046    260.818607    310.324543    321.378500    376.095587    388.254939    448.183177    461.447925    526.587315    540.957459    611.307999    626.783538    702.345230    718.926165    799.699008    817.385339    903.369332    922.161059    1013.356204    1033.253326    1129.659622    1150.662140    1252.279587    1274.387501    1381.216099    1404.429408    1516.469158    1540.787863    1658.038763    1683.462864    1805.924915    1832.454412    1960.127615    1987.762507    2120.646861    2149.387149    2287.482653    2317.328337    2460.634993    2491.586072    2640.103879    2672.160354    2825.889313    2859.051183    
-0.213628    0.022819    2.644185    3.717998    11.582099    13.729725    26.836560    30.057999    48.407567    52.702819    76.295121    81.664186    110.499222    116.942100    151.019870    158.536561    197.857065    206.447568    251.010806    260.675123    310.481095    321.219224    376.267930    388.079872    448.371312    461.257067    526.791240    540.750809    611.527716    626.561097    702.580738    718.687933    799.950307    817.131315    903.636423    921.891244    1013.639086    1032.967719    1129.958296    1150.360742    1252.594052    1274.070311    1381.546356    1404.096428    1516.815206    1540.439091    1658.400603    1683.098301    1806.302546    1832.074057    1960.521037    1987.366361    2121.056074    2148.975211    2287.907658    2316.900608    2461.075789    2491.142552    2640.560467    2671.701043    2826.361692    2858.576080    
-0.207345    0.021496    2.658654    3.700885    11.612359    13.696820    26.882611    30.009302    48.469410    52.638331    76.372756    81.583907    110.592648    116.846029    151.129087    158.424699    197.982073    206.319915    251.151606    260.531678    310.637686    321.059988    376.440312    387.904845    448.559485    461.066248    526.995206    540.544198    611.747472    626.338696    702.816286    718.449740    800.201647    816.877330    903.903554    921.621468    1013.922008    1032.682152    1130.257009    1150.059384    1252.908557    1273.753162    1381.876652    1403.763486    1517.161293    1540.090358    1658.762481    1682.733777    1806.680217    1831.693742    1960.914498    1986.970254    2121.465327    2148.563313    2288.332703    2316.472919    2461.516625    2490.699071    2641.017094    2671.241771    2826.834110    2858.101017    
-0.201062    0.020213    2.673163    3.683810    11.642659    13.663954    26.928702    29.960645    48.531293    52.573882    76.450429    81.503667    110.686113    116.749998    151.238344    158.312876    198.107121    206.192301    251.292445    260.388273    310.794316    320.900791    376.612734    387.729857    448.747699    460.875469    527.199210    540.337628    611.967269    626.116333    703.051874    718.211586    800.453026    816.623385    904.170724    921.351732    1014.204970    1032.396625    1130.555762    1149.758065    1253.223101    1273.436051    1382.206987    1403.430585    1517.507420    1539.741665    1659.124400    1682.369292    1807.057926    1831.313466    1961.308000    1986.574187    2121.874620    2148.151454    2288.757787    2316.045269    2461.957500    2490.255630    2641.473761    2670.782538    2827.306568    2857.625993    
-0.194779    0.018969    2.687710    3.666775    11.672998    13.631128    26.974833    29.912027    48.593214    52.509473    76.528143    81.423466    110.779618    116.654006    151.347640    158.201093    198.232208    206.064727    251.433324    260.244907    310.950986    320.741634    376.785196    387.554908    448.935952    460.684729    527.403254    540.131096    612.187104    625.894011    703.287501    717.973472    800.704444    816.369480    904.437934    921.082035    1014.487971    1032.111136    1130.854555    1149.456785    1253.537685    1273.118980    1382.537363    1403.097722    1517.853587    1539.393011    1659.486358    1682.004847    1807.435676    1830.933230    1961.701540    1986.178159    2122.283952    2147.739635    2289.182910    2315.617658    2462.398415    2489.812228    2641.930467    2670.323345    2827.779066    2857.151008    
-0.188496    0.017765    2.702298    3.649780    11.703377    13.598341    27.021003    29.863449    48.655176    52.445104    76.605895    81.343306    110.873162    116.558054    151.456975    158.089349    198.357335    205.937192    251.574242    260.101580    311.107696    320.582516    376.957697    387.379999    449.124244    460.494028    527.607338    539.924604    612.406979    625.671727    703.523167    717.735397    800.955902    816.115614    904.705183    920.812377    1014.771011    1031.825688    1131.153386    1149.155545    1253.852308    1272.801949    1382.867777    1402.764900    1518.199793    1539.044397    1659.848355    1681.640442    1807.813464    1830.553033    1962.095120    1985.782171    2122.693323    2147.327856    2289.608073    2315.190087    2462.839369    2489.368866    2642.387212    2669.864191    2828.251602    2856.676063    
-0.182212    0.016601    2.716924    3.632824    11.733795    13.565594    27.067212    29.814910    48.717177    52.380774    76.683688    81.263184    110.966746    116.462141    151.566350    157.977645    198.482502    205.809696    251.715200    259.958294    311.264445    320.423438    377.130237    387.205129    449.312576    460.303367    527.811461    539.718152    612.626894    625.449484    703.758873    717.497362    801.207399    815.861788    904.972472    920.542760    1015.054091    1031.540279    1131.452258    1148.854344    1254.166971    1272.484957    1383.198231    1402.432116    1518.546038    1538.695822    1660.210392    1681.276076    1808.191292    1830.172875    1962.488740    1985.386222    2123.102734    2146.916115    2290.033275    2314.762556    2463.280363    2488.925543    2642.843997    2669.405077    2828.724179    2856.201158    
-0.175929    0.015476    2.731591    3.615907    11.764253    13.532886    27.113461    29.766411    48.779217    52.316483    76.761519    81.183102    111.060369    116.366268    151.675765    157.865980    198.607707    205.682240    251.856197    259.815046    311.421234    320.264399    377.302817    387.030299    449.500947    460.112746    528.015624    539.511739    612.846848    625.227279    703.994618    717.259367    801.458936    815.608001    905.239800    920.273181    1015.337211    1031.254909    1131.751169    1148.553183    1254.481673    1272.168004    1383.528725    1402.099372    1518.892323    1538.347287    1660.572468    1680.911749    1808.569160    1829.792757    1962.882399    1984.990313    2123.512184    2146.504415    2290.458517    2314.335064    2463.721396    2488.482259    2643.300822    2668.946002    2829.196795    2855.726291    
-0.169646    0.014390    2.746296    3.599030    11.794750    13.500217    27.159750    29.717951    48.841297    52.252232    76.839391    81.103060    111.154031    116.270434    151.785219    157.754355    198.732953    205.554823    251.997234    259.671838    311.578062    320.105400    377.475436    386.855508    449.689358    459.922164    528.219826    539.305366    613.066841    625.005115    704.230403    717.021410    801.710512    815.354253    905.507167    920.003642    1015.620370    1030.969579    1132.050119    1148.252062    1254.796415    1271.851091    1383.859258    1401.766668    1519.238648    1537.998792    1660.934584    1680.547462    1808.947067    1829.412679    1963.276097    1984.594443    2123.921674    2146.092754    2290.883798    2313.907611    2464.162469    2488.039016    2643.757686    2668.486967    2829.669450    2855.251465    
-0.163363    0.013344    2.761042    3.582193    11.825286    13.467588    27.206078    29.669531    48.903416    52.188020    76.917301    81.023057    111.247733    116.174640    151.894712    157.642770    198.858237    205.427446    252.138310    259.528670    311.734929    319.946440    377.648095    386.680757    449.877808    459.731621    528.424068    539.099032    613.286874    624.782989    704.466227    716.783494    801.962128    815.100545    905.774574    919.734143    1015.903568    1030.684288    1132.349109    1147.950979    1255.111196    1271.534218    1384.189830    1401.434003    1519.585011    1537.650335    1661.296739    1680.183214    1809.325014    1829.032640    1963.669835    1984.198613    2124.331204    2145.681132    2291.309119    2313.480198    2464.603581    2487.595811    2644.214589    2668.027971    2830.142145    2854.776678    
-0.157080    0.012337    2.775826    3.565395    11.855862    13.434999    27.252445    29.621150    48.965575    52.123848    76.995251    80.943093    111.341475    116.078885    152.004245    157.531223    198.983562    205.300109    252.279425    259.385541    311.891836    319.787520    377.820793    386.506045    450.066298    459.541118    528.628349    538.892737    613.506947    624.560904    704.702091    716.545617    802.213783    814.846876    906.042021    919.464683    1016.186806    1030.399036    1132.648138    1147.649937    1255.426017    1271.217384    1384.520442    1401.101378    1519.931415    1537.301919    1661.658934    1679.819006    1809.703000    1828.652640    1964.063613    1983.802822    2124.740772    2145.269550    2291.734479    2313.052824    2465.044732    2487.152646    2644.671532    2667.569015    2830.614879    2854.301930    
-0.150796    0.011370    2.790650    3.548636    11.886478    13.402449    27.298852    29.572809    49.027773    52.059716    77.073241    80.863169    111.435256    115.983169    152.113817    157.419716    199.108925    205.172810    252.420581    259.242451    312.048783    319.628639    377.993531    386.331373    450.254827    459.350654    528.832669    538.686482    613.727058    624.338857    704.937995    716.307779    802.465477    814.593247    906.309507    919.195263    1016.470084    1030.113825    1132.947207    1147.348934    1255.740877    1270.900589    1384.851094    1400.768792    1520.277858    1536.953541    1662.021168    1679.454837    1810.081026    1828.272680    1964.457430    1983.407070    2125.150381    2144.858007    2292.159879    2312.625490    2465.485923    2486.709521    2645.128515    2667.110098    2831.087653    2853.827222    
-0.144513    0.010442    2.805514    3.531917    11.917133    13.369939    27.345298    29.524507    49.090011    51.995622    77.151270    80.783284    111.529076    115.887493    152.223429    157.308249    199.234329    205.045552    252.561775    259.099401    312.205768    319.469797    378.166309    386.156740    450.443396    459.160230    529.037029    538.480267    613.947210    624.116850    705.173937    716.069981    802.717212    814.339658    906.577033    918.925882    1016.753400    1029.828652    1133.246315    1147.047970    1256.055777    1270.583834    1385.181785    1400.436245    1520.624340    1536.605203    1662.383442    1679.090708    1810.459091    1827.892760    1964.851286    1983.011358    2125.560029    2144.446504    2292.585318    2312.198196    2465.927154    2486.266435    2645.585537    2666.651220    2831.560466    2853.352553    
-0.138230    0.009554    2.820417    3.515237    11.947827    13.337468    27.391784    29.476245    49.152288    51.931569    77.229339    80.703439    111.622936    115.791857    152.333080    157.196821    199.359771    204.918333    252.703009    258.956391    312.362794    319.310995    378.339125    385.982147    450.632004    458.969845    529.241429    538.274091    614.167401    623.894883    705.409920    715.832222    802.968985    814.086108    906.844598    918.656540    1017.036757    1029.543519    1133.545463    1146.747046    1256.370716    1270.267119    1385.512515    1400.103738    1520.970862    1536.256905    1662.745755    1678.726619    1810.837195    1827.512879    1965.245182    1982.615686    2125.969716    2144.035040    2293.010796    2311.770940    2466.368424    2485.823388    2646.042598    2666.192382    2832.033319    2852.877924    
-0.131947    0.008705    2.835360    3.498597    11.978561    13.305036    27.438310    29.428022    49.214605    51.867554    77.307447    80.623634    111.716835    115.696260    152.442771    157.085433    199.485253    204.791153    252.844283    258.813419    312.519859    319.152233    378.511982    385.807593    450.820651    458.779500    529.445868    538.067954    614.387631    623.672955    705.645941    715.594502    803.220798    813.832597    907.112202    918.387238    1017.320153    1029.258426    1133.844650    1146.446161    1256.685694    1269.950442    1385.843285    1399.771271    1521.317423    1535.908646    1663.108108    1678.362568    1811.215339    1827.133037    1965.639118    1982.220053    2126.379443    2143.623615    2293.436315    2311.343725    2466.809733    2485.380381    2646.499699    2665.733584    2832.506211    2852.403334    
-0.125664    0.007896    2.850342    3.481996    12.009335    13.272644    27.484874    29.379838    49.276961    51.803580    77.385594    80.543868    111.810774    115.600702    152.552501    156.974084    199.610775    204.664013    252.985596    258.670488    312.676963    318.993510    378.684877    385.633079    451.009338    458.589195    529.650346    537.861857    614.607901    623.451066    705.882002    715.356823    803.472651    813.579126    907.379846    918.117975    1017.603588    1028.973372    1134.143877    1146.145316    1257.000712    1269.633806    1386.174095    1399.438843    1521.664024    1535.560427    1663.470500    1677.998558    1811.593523    1826.753235    1966.033092    1981.824459    2126.789209    2143.212231    2293.861872    2310.916549    2467.251082    2484.937413    2646.956839    2665.274825    2832.979143    2851.928783    
-0.119381    0.007126    2.865363    3.465435    12.040148    13.240291    27.531479    29.331694    49.339356    51.739644    77.463781    80.464141    111.904753    115.505184    152.662271    156.862775    199.736336    204.536912    253.126948    258.527596    312.834107    318.834826    378.857813    385.458604    451.198065    458.398928    529.854864    537.655800    614.828210    623.229218    706.118103    715.119182    803.724543    813.325694    907.647529    917.848752    1017.887063    1028.688358    1134.443143    1145.844510    1257.315770    1269.317209    1386.504943    1399.106454    1522.010664    1535.212247    1663.832931    1677.634586    1811.971746    1826.373472    1966.427107    1981.428905    2127.199015    2142.800885    2294.287469    2310.489412    2467.692471    2484.494485    2647.414019    2664.816106    2833.452114    2851.454273    
-0.113097    0.006396    2.880424    3.448914    12.071000    13.207978    27.578122    29.283590    49.401792    51.675748    77.542008    80.384454    111.998771    115.409706    152.772080    156.751505    199.861937    204.409850    253.268340    258.384743    312.991290    318.676182    379.030787    385.284169    451.386831    458.208702    530.059422    537.449781    615.048559    623.007408    706.354243    714.881581    803.976474    813.072302    907.915252    917.579569    1018.170577    1028.403383    1134.742448    1145.543743    1257.630867    1269.000651    1386.835832    1398.774105    1522.357344    1534.864106    1664.195403    1677.270654    1812.350008    1825.993749    1966.821161    1981.033391    2127.608860    2142.389579    2294.713106    2310.062315    2468.133899    2484.051597    2647.871238    2664.357426    2833.925125    2850.979801    
-0.106814    0.005705    2.895525    3.432431    12.101892    13.175705    27.624806    29.235525    49.464266    51.611892    77.620274    80.304806    112.092828    115.314267    152.881929    156.640274    199.987577    204.282829    253.409772    258.241930    313.148513    318.517578    379.203801    385.109773    451.575637    458.018514    530.264019    537.243803    615.268947    622.785638    706.590423    714.644020    804.228445    812.818949    908.183015    917.310425    1018.454131    1028.118447    1135.041793    1145.243017    1257.946003    1268.684133    1387.166760    1398.441796    1522.704063    1534.516006    1664.557913    1676.906762    1812.728310    1825.614066    1967.215254    1980.637916    2128.018744    2141.978313    2295.138782    2309.635257    2468.575366    2483.608747    2648.328497    2663.898785    2834.398175    2850.505369    
-0.100531    0.005053    2.910665    3.415989    12.132823    13.143471    27.671528    29.187500    49.526780    51.548075    77.698579    80.225198    112.186925    115.218867    152.991817    156.529083    200.113256    204.155846    253.551242    258.099156    313.305775    318.359013    379.376855    384.935416    451.764482    457.828367    530.468655    537.037864    615.489375    622.563907    706.826642    714.406498    804.480456    812.565636    908.450816    917.041320    1018.737724    1027.833551    1135.341178    1144.942329    1258.261179    1268.367654    1387.497727    1398.109526    1523.050822    1534.167944    1664.920463    1676.542909    1813.106652    1825.234421    1967.609387    1980.242480    2128.428669    2141.567086    2295.564497    2309.208238    2469.016873    2483.165938    2648.785795    2663.440184    2834.871265    2850.030977    
-0.094248    0.004441    2.925844    3.399585    12.163794    13.111276    27.718290    29.139514    49.589334    51.484298    77.776924    80.145629    112.281061    115.123507    153.101745    156.417932    200.238975    204.028904    253.692753    257.956422    313.463077    318.200487    379.549948    384.761099    451.953366    457.638258    530.673331    536.831964    615.709842    622.342216    707.062901    714.169016    804.732506    812.312362    908.718658    916.772255    1019.021357    1027.548695    1135.640602    1144.641681    1258.576395    1268.051215    1387.828734    1397.777295    1523.397620    1533.819922    1665.283053    1676.179096    1813.485032    1824.854817    1968.003559    1979.847084    2128.838632    2141.155899    2295.990252    2308.781260    2469.458419    2482.723168    2649.243133    2662.981622    2835.344394    2849.556624    
-0.087965    0.003869    2.941063    3.383221    12.194804    13.079121    27.765092    29.091567    49.651927    51.420560    77.855308    80.066100    112.375237    115.028186    153.211712    156.306820    200.364734    203.902000    253.834303    257.813727    313.620418    318.042001    379.723081    384.586822    452.142290    457.448189    530.878046    536.626104    615.930349    622.120565    707.299199    713.931573    804.984595    812.059128    908.986539    916.503229    1019.305029    1027.263878    1135.940066    1144.341073    1258.891649    1267.734815    1388.159780    1397.445104    1523.744457    1533.471940    1665.645682    1675.815322    1813.863453    1824.475251    1968.397771    1979.451728    2129.248635    2140.744751    2296.416047    2308.354320    2469.900005    2482.280437    2649.700510    2662.523100    2835.817562    2849.082311    
-0.081681    0.003336    2.956322    3.366897    12.225854    13.047005    27.811933    29.043660    49.714559    51.356862    77.933732    79.986610    112.469452    114.932905    153.321719    156.195747    200.490532    203.775136    253.975892    257.671072    313.777799    317.883554    379.896253    384.412584    452.331253    457.258160    531.082801    536.420283    616.150895    621.898953    707.535536    713.694169    805.236724    811.805933    909.254459    916.234243    1019.588740    1026.979100    1136.239569    1144.040504    1259.206944    1267.418455    1388.490866    1397.112952    1524.091335    1533.123997    1666.008350    1675.451588    1814.241913    1824.095726    1968.792022    1979.056410    2129.658678    2140.333642    2296.841881    2307.927420    2470.341630    2481.837746    2650.157927    2662.064618    2836.290770    2848.608037    
-0.075398    0.002842    2.971619    3.350612    12.256943    13.014929    27.858814    28.995792    49.777231    51.293203    78.012196    79.907160    112.563707    114.837664    153.431765    156.084714    200.616369    203.648312    254.117521    257.528456    313.935219    317.725147    380.069464    384.238385    452.520256    457.068170    531.287595    536.214502    616.371481    621.677380    707.771913    713.456805    805.488893    811.552777    909.522419    915.965296    1019.872491    1026.694362    1136.539111    1143.739975    1259.522278    1267.102134    1388.821991    1396.780840    1524.438251    1532.776093    1666.371058    1675.087893    1814.620412    1823.716239    1969.186313    1978.661133    2130.068760    2139.922573    2297.267754    2307.500560    2470.783295    2481.395094    2650.615383    2661.606175    2836.764018    2848.133802    
-0.069115    0.002388    2.986957    3.334367    12.288072    12.982892    27.905734    28.947964    49.839943    51.229583    78.090698    79.827749    112.658001    114.742461    153.541850    155.973721    200.742246    203.521527    254.259189    257.385880    314.092679    317.566780    380.242715    384.064226    452.709299    456.878220    531.492429    536.008760    616.592106    621.455847    708.008330    713.219481    805.741100    811.299662    909.790418    915.696389    1020.156282    1026.409663    1136.838693    1143.439485    1259.837651    1266.785853    1389.153156    1396.448767    1524.785207    1532.428229    1666.733806    1674.724237    1814.998951    1823.336793    1969.580643    1978.265895    2130.478882    2139.511543    2297.693667    2307.073739    2471.225000    2480.952482    2651.072879    2661.147771    2837.237305    2847.659607    
-0.062832    0.001974    3.002334    3.318161    12.319240    12.950895    27.952694    28.900176    49.902694    51.166003    78.169241    79.748377    112.752335    114.647299    153.651975    155.862767    200.868163    203.394781    254.400897    257.243343    314.250178    317.408451    380.416006    383.890107    452.898381    456.688309    531.697302    535.803058    616.812771    621.234353    708.244786    712.982196    805.993348    811.046585    910.058457    915.427521    1020.440112    1026.125004    1137.138315    1143.139034    1260.153064    1266.469611    1389.484360    1396.116734    1525.132203    1532.080404    1667.096593    1674.360621    1815.377529    1822.957385    1969.975012    1977.870696    2130.889043    2139.100553    2298.119620    2306.646958    2471.666743    2480.509909    2651.530414    2660.689407    2837.710631    2847.185452    
-0.056549    0.001599    3.017750    3.301995    12.350448    12.918937    27.999693    28.852426    49.965484    51.102463    78.247823    79.669046    112.846708    114.552175    153.762140    155.751852    200.994119    203.268075    254.542644    257.100846    314.407717    317.250163    380.589336    383.716027    453.087502    456.498437    531.902215    535.597395    617.033475    621.012899    708.481281    712.744950    806.245635    810.793548    910.326535    915.158693    1020.723982    1025.840385    1137.437976    1142.838623    1260.468516    1266.153408    1389.815604    1395.784740    1525.479238    1531.732619    1667.459419    1673.997045    1815.756147    1822.578017    1970.369422    1977.475537    2131.299243    2138.689603    2298.545611    2306.220216    2472.108527    2480.067376    2651.987988    2660.231082    2838.183997    2846.711335    
-0.050265    0.001263    3.033206    3.285868    12.381695    12.887019    28.046731    28.804717    50.028314    51.038962    78.326444    79.589753    112.941120    114.457092    153.872344    155.640977    201.120114    203.141409    254.684431    256.958388    314.565295    317.091914    380.762705    383.541986    453.276663    456.308605    532.107167    535.391771    617.254218    620.791484    708.717816    712.507744    806.497961    810.540551    910.594652    914.889904    1021.007891    1025.555804    1137.737676    1142.538252    1260.784008    1265.837245    1390.146887    1395.452786    1525.826312    1531.384874    1667.822285    1673.633508    1816.134804    1822.198689    1970.763870    1977.080417    2131.709483    2138.278692    2298.971643    2305.793513    2472.550349    2479.624882    2652.445603    2659.772797    2838.657403    2846.237259    
-0.043982    0.000967    3.048701    3.269780    12.412982    12.855140    28.093809    28.757047    50.091183    50.975500    78.405105    79.510500    113.035573    114.362047    153.982587    155.530141    201.246149    203.014782    254.826257    256.815969    314.722912    316.933704    380.936114    383.367985    453.465863    456.118813    532.312159    535.186188    617.475001    620.570109    708.954391    712.270578    806.750327    810.287593    910.862810    914.621155    1021.291839    1025.271264    1138.037416    1142.237919    1261.099539    1265.521122    1390.478209    1395.120871    1526.173426    1531.037167    1668.185190    1673.270010    1816.513501    1821.819400    1971.158358    1976.685337    2132.119762    2137.867820    2299.397714    2305.366850    2472.992211    2479.182427    2652.903256    2659.314551    2839.130848    2845.763222    
-0.037699    0.000711    3.064236    3.253732    12.444308    12.823301    28.140927    28.709416    50.154092    50.912078    78.483805    79.431287    113.130064    114.267043    154.092870    155.419345    201.372223    202.888194    254.968123    256.673591    314.880569    316.775533    381.109563    383.194023    453.655103    455.929060    532.517190    534.980643    617.695824    620.348773    709.191004    712.033451    807.002732    810.034674    911.131006    914.352445    1021.575827    1024.986763    1138.337195    1141.937627    1261.415110    1265.205038    1390.809571    1394.788996    1526.520580    1530.689501    1668.548135    1672.906552    1816.892237    1821.440151    1971.552886    1976.290296    2132.530081    2137.456988    2299.823824    2304.940227    2473.434113    2478.740012    2653.360949    2658.856345    2839.604332    2845.289224    
-0.031416    0.000493    3.079810    3.237724    12.475673    12.791501    28.188084    28.661825    50.217041    50.848695    78.562545    79.352113    113.224595    114.172077    154.203193    155.308588    201.498337    202.761646    255.110028    256.531251    315.038266    316.617403    381.283051    383.020101    453.844382    455.739346    532.722261    534.775138    617.916686    620.127477    709.427658    711.796363    807.255177    809.781795    911.399242    914.083775    1021.859855    1024.702301    1138.637014    1141.637374    1261.730720    1264.888994    1391.140973    1394.457160    1526.867773    1530.341873    1668.911119    1672.543134    1817.271013    1821.060941    1971.947453    1975.895295    2132.940440    2137.046195    2300.249974    2304.513643    2473.876054    2478.297637    2653.818682    2658.398178    2840.077856    2844.815266    
-0.025133    0.000316    3.095424    3.221755    12.507079    12.759740    28.235280    28.614273    50.280028    50.785352    78.641324    79.272978    113.319166    114.077151    154.313555    155.197871    201.624490    202.635138    255.251973    256.388951    315.196002    316.459311    381.456578    382.846218    454.033701    455.549672    532.927371    534.569673    618.137587    619.906220    709.664351    711.559315    807.507661    809.528956    911.667518    913.815144    1022.143922    1024.417879    1138.936872    1141.337160    1262.046370    1264.572989    1391.472414    1394.125364    1527.215005    1529.994286    1669.274143    1672.179755    1817.649828    1820.681770    1972.342059    1975.500333    2133.350838    2136.635442    2300.676163    2304.087098    2474.318035    2477.855301    2654.276454    2657.940051    2840.551419    2844.341347    
-0.018850    0.000178    3.111077    3.205825    12.538523    12.728019    28.282516    28.566761    50.343056    50.722049    78.720142    79.193883    113.413776    113.982265    154.423956    155.087193    201.750683    202.508669    255.393957    256.246691    315.353777    316.301259    381.630145    382.672375    454.223059    455.360038    533.132520    534.364247    618.358528    619.685003    709.901083    711.322306    807.760185    809.276156    911.935833    913.546552    1022.428028    1024.133496    1139.236770    1141.036986    1262.362059    1264.257023    1391.803895    1393.793607    1527.562277    1529.646738    1669.637206    1671.816415    1818.028682    1820.302639    1972.736705    1975.105410    2133.761275    2136.224728    2301.102392    2303.660593    2474.760055    2477.413005    2654.734265    2657.481963    2841.025022    2843.867468    
-0.012566    0.000079    3.126770    3.189935    12.570007    12.696338    28.329791    28.519288    50.406123    50.658784    78.799000    79.114828    113.508425    113.887418    154.534397    154.976555    201.876915    202.382239    255.535980    256.104470    315.511592    316.143247    381.803751    382.498571    454.412457    455.170443    533.337709    534.158861    618.579509    619.463825    710.137855    711.085337    808.012748    809.023395    912.204187    913.278000    1022.712174    1023.849152    1139.536707    1140.736851    1262.677788    1263.941097    1392.135415    1393.461889    1527.909588    1529.299229    1670.000309    1671.453115    1818.407577    1819.923548    1973.131391    1974.710528    2134.171752    2135.814054    2301.528660    2303.234127    2475.202115    2476.970748    2655.192116    2657.023915    2841.498664    2843.393628    
-0.006283    0.000020    3.142502    3.174085    12.601531    12.664696    28.377106    28.471855    50.469229    50.595560    78.877898    79.035812    113.603114    113.792611    154.644877    154.865956    202.003187    202.255849    255.678044    255.962288    315.669447    315.985274    381.977397    382.324807    454.601894    454.980887    533.542938    533.953514    618.800529    619.242687    710.374666    710.848407    808.265350    808.770674    912.472582    913.009488    1022.996359    1023.564849    1139.836684    1140.436756    1262.993556    1263.625210    1392.466974    1393.130212    1528.256939    1528.951759    1670.363451    1671.089854    1818.786510    1819.544496    1973.526116    1974.315684    2134.582268    2135.403419    2301.954968    2302.807701    2475.644214    2476.528530    2655.650007    2656.565906    2841.972346    2842.919828    
0.000000    0.000000    3.158273    3.158273    12.633094    12.633094    28.424461    28.424461    50.532375    50.532375    78.956835    78.956835    113.697843    113.697843    154.755397    154.755397    202.129498    202.129498    255.820146    255.820146    315.827341    315.827341    382.151082    382.151082    454.791371    454.791371    533.748206    533.748206    619.021588    619.021588    710.611517    710.611517    808.517993    808.517993    912.741015    912.741015    1023.280584    1023.280584    1140.136700    1140.136700    1263.309363    1263.309363    1392.798573    1392.798573    1528.604330    1528.604330    1670.726633    1670.726633    1819.165483    1819.165483    1973.920880    1973.920880    2134.992824    2134.992824    2302.381315    2302.381315    2476.086352    2476.086352    2656.107936    2656.107936    2842.446068    2842.446068    
0.006283    0.000020    3.142502    3.174085    12.601531    12.664696    28.377106    28.471855    50.469229    50.595560    78.877898    79.035812    113.603114    113.792611    154.644877    154.865956    202.003187    202.255849    255.678044    255.962288    315.669447    315.985274    381.977397    382.324807    454.601894    454.980887    533.542938    533.953514    618.800529    619.242687    710.374666    710.848407    808.265350    808.770674    912.472582    913.009488    1022.996359    1023.564849    1139.836684    1140.436756    1262.993556    1263.625210    1392.466974    1393.130212    1528.256939    1528.951759    1670.363451    1671.089854    1818.786510    1819.544496    1973.526116    1974.315684    2134.582268    2135.403419    2301.954968    2302.807701    2475.644214    2476.528530    2655.650007    2656.565906    2841.972346    2842.919828    
0.012566    0.000079    3.126770    3.189935    12.570007    12.696338    28.329791    28.519288    50.406123    50.658784    78.799000    79.114828    113.508425    113.887418    154.534397    154.976555    201.876915    202.382239    255.535980    256.104470    315.511592    316.143247    381.803751    382.498571    454.412457    455.170443    533.337709    534.158861    618.579509    619.463825    710.137855    711.085337    808.012748    809.023395    912.204187    913.278000    1022.712174    1023.849152    1139.536707    1140.736851    1262.677788    1263.941097    1392.135415    1393.461889    1527.909588    1529.299229    1670.000309    1671.453115    1818.407577    1819.923548    1973.131391    1974.710528    2134.171752    2135.814054    2301.528660    2303.234127    2475.202115    2476.970748    2655.192116    2657.023915    2841.498664    2843.393628    
0.018850    0.000178    3.111077    3.205825    12.538523    12.728019    28.282516    28.566761    50.343056    50.722049    78.720142    79.193883    113.413776    113.982265    154.423956    155.087193    201.750683    202.508669    255.393957    256.246691    315.353777    316.301259    381.630145    382.672375    454.223059    455.360038    533.132520    534.364247    618.358528    619.685003    709.901083    711.322306    807.760185    809.276156    911.935833    913.546552    1022.428028    1024.133496    1139.236770    1141.036986    1262.362059    1264.257023    1391.803895    1393.793607    1527.562277    1529.646738    1669.637206    1671.816415    1818.028682    1820.302639    1972.736705    1975.105410    2133.761275    2136.224728    2301.102392    2303.660593    2474.760055    2477.413005    2654.734265    2657.481963    2841.025022    2843.867468    
0.025133    0.000316    3.095424    3.221755    12.507079    12.759740    28.235280    28.614273    50.280028    50.785352    78.641324    79.272978    113.319166    114.077151    154.313555    155.197871    201.624490    202.635138    255.251973    256.388951    315.196002    316.459311    381.456578    382.846218    454.033701    455.549672    532.927371    534.569673    618.137587    619.906220    709.664351    711.559315    807.507661    809.528956    911.667518    913.815144    1022.143922    1024.417879    1138.936872    1141.337160    1262.046370    1264.572989    1391.472414    1394.125364    1527.215005    1529.994286    1669.274143    1672.179755    1817.649828    1820.681770    1972.342059    1975.500333    2133.350838    2136.635442    2300.676163    2304.087098    2474.318035    2477.855301    2654.276454    2657.940051    2840.551419    2844.341347    
0.031416    0.000493    3.079810    3.237724    12.475673    12.791501    28.188084    28.661825    50.217041    50.848695    78.562545    79.352113    113.224595    114.172077    154.203193    155.308588    201.498337    202.761646    255.110028    256.531251    315.038266    316.617403    381.283051    383.020101    453.844382    455.739346    532.722261    534.775138    617.916686    620.127477    709.427658    711.796363    807.255177    809.781795    911.399242    914.083775    1021.859855    1024.702301    1138.637014    1141.637374    1261.730720    1264.888994    1391.140973    1394.457160    1526.867773    1530.341873    1668.911119    1672.543134    1817.271013    1821.060941    1971.947453    1975.895295    2132.940440    2137.046195    2300.249974    2304.513643    2473.876054    2478.297637    2653.818682    2658.398178    2840.077856    2844.815266    
0.037699    0.000711    3.064236    3.253732    12.444308    12.823301    28.140927    28.709416    50.154092    50.912078    78.483805    79.431287    113.130064    114.267043    154.092870    155.419345    201.372223    202.888194    254.968123    256.673591    314.880569    316.775533    381.109563    383.194023    453.655103    455.929060    532.517190    534.980643    617.695824    620.348773    709.191004    712.033451    807.002732    810.034674    911.131006    914.352445    1021.575827    1024.986763    1138.337195    1141.937627    1261.415110    1265.205038    1390.809571    1394.788996    1526.520580    1530.689501    1668.548135    1672.906552    1816.892237    1821.440151    1971.552886    1976.290296    2132.530081    2137.456988    2299.823824    2304.940227    2473.434113    2478.740012    2653.360949    2658.856345    2839.604332    2845.289224    
0.043982    0.000967    3.048701    3.269780    12.412982    12.855140    28.093809    28.757047    50.091183    50.975500    78.405105    79.510500    113.035573    114.362047    153.982587    155.530141    201.246149    203.014782    254.826257    256.815969    314.722912    316.933704    380.936114    383.367985    453.465863    456.118813    532.312159    535.186188    617.475001    620.570109    708.954391    712.270578    806.750327    810.287593    910.862810    914.621155    1021.291839    1025.271264    1138.037416    1142.237919    1261.099539    1265.521122    1390.478209    1395.120871    1526.173426    1531.037167    1668.185190    1673.270010    1816.513501    1821.819400    1971.158358    1976.685337    2132.119762    2137.867820    2299.397714    2305.366850    2472.992211    2479.182427    2652.903256    2659.314551    2839.130848    2845.763222    
0.050265    0.001263    3.033206    3.285868    12.381695    12.887019    28.046731    28.804717    50.028314    51.038962    78.326444    79.589753    112.941120    114.457092    153.872344    155.640977    201.120114    203.141409    254.684431    256.958388    314.565295    317.091914    380.762705    383.541986    453.276663    456.308605    532.107167    535.391771    617.254218    620.791484    708.717816    712.507744    806.497961    810.540551    910.594652    914.889904    1021.007891    1025.555804    1137.737676    1142.538252    1260.784008    1265.837245    1390.146887    1395.452786    1525.826312    1531.384874    1667.822285    1673.633508    1816.134804    1822.198689    1970.763870    1977.080417    2131.709483    2138.278692    2298.971643    2305.793513    2472.550349    2479.624882    2652.445603    2659.772797    2838.657403    2846.237259    
0.056549    0.001599    3.017750    3.301995    12.350448    12.918937    27.999693    28.852426    49.965484    51.102463    78.247823    79.669046    112.846708    114.552175    153.762140    155.751852    200.994119    203.268075    254.542644    257.100846    314.407717    317.250163    380.589336    383.716027    453.087502    456.498437    531.902215    535.597395    617.033475    621.012899    708.481281    712.744950    806.245635    810.793548    910.326535    915.158693    1020.723982    1025.840385    1137.437976    1142.838623    1260.468516    1266.153408    1389.815604    1395.784740    1525.479238    1531.732619    1667.459419    1673.997045    1815.756147    1822.578017    1970.369422    1977.475537    2131.299243    2138.689603    2298.545611    2306.220216    2472.108527    2480.067376    2651.987988    2660.231082    2838.183997    2846.711335    
0.062832    0.001974    3.002334    3.318161    12.319240    12.950895    27.952694    28.900176    49.902694    51.166003    78.169241    79.748377    112.752335    114.647299    153.651975    155.862767    200.868163    203.394781    254.400897    257.243343    314.250178    317.408451    380.416006    383.890107    452.898381    456.688309    531.697302    535.803058    616.812771    621.234353    708.244786    712.982196    805.993348    811.046585    910.058457    915.427521    1020.440112    1026.125004    1137.138315    1143.139034    1260.153064    1266.469611    1389.484360    1396.116734    1525.132203    1532.080404    1667.096593    1674.360621    1815.377529    1822.957385    1969.975012    1977.870696    2130.889043    2139.100553    2298.119620    2306.646958    2471.666743    2480.509909    2651.530414    2660.689407    2837.710631    2847.185452    
0.069115    0.002388    2.986957    3.334367    12.288072    12.982892    27.905734    28.947964    49.839943    51.229583    78.090698    79.827749    112.658001    114.742461    153.541850    155.973721    200.742246    203.521527    254.259189    257.385880    314.092679    317.566780    380.242715    384.064226    452.709299    456.878220    531.492429    536.008760    616.592106    621.455847    708.008330    713.219481    805.741100    811.299662    909.790418    915.696389    1020.156282    1026.409663    1136.838693    1143.439485    1259.837651    1266.785853    1389.153156    1396.448767    1524.785207    1532.428229    1666.733806    1674.724237    1814.998951    1823.336793    1969.580643    1978.265895    2130.478882    2139.511543    2297.693667    2307.073739    2471.225000    2480.952482    2651.072879    2661.147771    2837.237305    2847.659607    
0.075398    0.002842    2.971619    3.350612    12.256943    13.014929    27.858814    28.995792    49.777231    51.293203    78.012196    79.907160    112.563707    114.837664    153.431765    156.084714    200.616369    203.648312    254.117521    257.528456    313.935219    317.725147    380.069464    384.238385    452.520256    457.068170    531.287595    536.214502    616.371481    621.677380    707.771913    713.456805    805.488893    811.552777    909.522419    915.965296    1019.872491    1026.694362    1136.539111    1143.739975    1259.522278    1267.102134    1388.821991    1396.780840    1524.438251    1532.776093    1666.371058    1675.087893    1814.620412    1823.716239    1969.186313    1978.661133    2130.068760    2139.922573    2297.267754    2307.500560    2470.783295    2481.395094    2650.615383    2661.606175    2836.764018    2848.133802    
0.081681    0.003336    2.956322    3.366897    12.225854    13.047005    27.811933    29.043660    49.714559    51.356862    77.933732    79.986610    112.469452    114.932905    153.321719    156.195747    200.490532    203.775136    253.975892    257.671072    313.777799    317.883554    379.896253    384.412584    452.331253    457.258160    531.082801    536.420283    616.150895    621.898953    707.535536    713.694169    805.236724    811.805933    909.254459    916.234243    1019.588740    1026.979100    1136.239569    1144.040504    1259.206944    1267.418455    1388.490866    1397.112952    1524.091335    1533.123997    1666.008350    1675.451588    1814.241913    1824.095726    1968.792022    1979.056410    2129.658678    2140.333642    2296.841881    2307.927420    2470.341630    2481.837746    2650.157927    2662.064618    2836.290770    2848.608037    
0.087965    0.003869    2.941063    3.383221    12.194804    13.079121    27.765092    29.091567    49.651927    51.420560    77.855308    80.066100    112.375237    115.028186    153.211712    156.306820    200.364734    203.902000    253.834303    257.813727    313.620418    318.042001    379.723081    384.586822    452.142290    457.448189    530.878046    536.626104    615.930349    622.120565    707.299199    713.931573    804.984595    812.059128    908.986539    916.503229    1019.305029    1027.263878    1135.940066    1144.341073    1258.891649    1267.734815    1388.159780    1397.445104    1523.744457    1533.471940    1665.645682    1675.815322    1813.863453    1824.475251    1968.397771    1979.451728    2129.248635    2140.744751    2296.416047    2308.354320    2469.900005    2482.280437    2649.700510    2662.523100    2835.817562    2849.082311    
0.094248    0.004441    2.925844    3.399585    12.163794    13.111276    27.718290    29.139514    49.589334    51.484298    77.776924    80.145629    112.281061    115.123507    153.101745    156.417932    200.238975    204.028904    253.692753    257.956422    313.463077    318.200487    379.549948    384.761099    451.953366    457.638258    530.673331    536.831964    615.709842    622.342216    707.062901    714.169016    804.732506    812.312362    908.718658    916.772255    1019.021357    1027.548695    1135.640602    1144.641681    1258.576395    1268.051215    1387.828734    1397.777295    1523.397620    1533.819922    1665.283053    1676.179096    1813.485032    1824.854817    1968.003559    1979.847084    2128.838632    2141.155899    2295.990252    2308.781260    2469.458419    2482.723168    2649.243133    2662.981622    2835.344394    2849.556624    
0.100531    0.005053    2.910665    3.415989    12.132823    13.143471    27.671528    29.187500    49.526780    51.548075    77.698579    80.225198    112.186925    115.218867    152.991817    156.529083    200.113256    204.155846    253.551242    258.099156    313.305775    318.359013    379.376855    384.935416    451.764482    457.828367    530.468655    537.037864    615.489375    622.563907    706.826642    714.406498    804.480456    812.565636    908.450816    917.041320    1018.737724    1027.833551    1135.341178    1144.942329    1258.261179    1268.367654    1387.497727    1398.109526    1523.050822    1534.167944    1664.920463    1676.542909    1813.106652    1825.234421    1967.609387    1980.242480    2128.428669    2141.567086    2295.564497    2309.208238    2469.016873    2483.165938    2648.785795    2663.440184    2834.871265    2850.030977    
0.106814    0.005705    2.895525    3.432431    12.101892    13.175705    27.624806    29.235525    49.464266    51.611892    77.620274    80.304806    112.092828    115.314267    152.881929    156.640274    199.987577    204.282829    253.409772    258.241930    313.148513    318.517578    379.203801    385.109773    451.575637    458.018514    530.264019    537.243803    615.268947    622.785638    706.590423    714.644020    804.228445    812.818949    908.183015    917.310425    1018.454131    1028.118447    1135.041793    1145.243017    1257.946003    1268.684133    1387.166760    1398.441796    1522.704063    1534.516006    1664.557913    1676.906762    1812.728310    1825.614066    1967.215254    1980.637916    2128.018744    2141.978313    2295.138782    2309.635257    2468.575366    2483.608747    2648.328497    2663.898785    2834.398175    2850.505369    
0.113097    0.006396    2.880424    3.448914    12.071000    13.207978    27.578122    29.283590    49.401792    51.675748    77.542008    80.384454    111.998771    115.409706    152.772080    156.751505    199.861937    204.409850    253.268340    258.384743    312.991290    318.676182    379.030787    385.284169    451.386831    458.208702    530.059422    537.449781    615.048559    623.007408    706.354243    714.881581    803.976474    813.072302    907.915252    917.579569    1018.170577    1028.403383    1134.742448    1145.543743    1257.630867    1269.000651    1386.835832    1398.774105    1522.357344    1534.864106    1664.195403    1677.270654    1812.350008    1825.993749    1966.821161    1981.033391    2127.608860    2142.389579    2294.713106    2310.062315    2468.133899    2484.051597    2647.871238    2664.357426    2833.925125    2850.979801    
0.119381    0.007126    2.865363    3.465435    12.040148    13.240291    27.531479    29.331694    49.339356    51.739644    77.463781    80.464141    111.904753    115.505184    152.662271    156.862775    199.736336    204.536912    253.126948    258.527596    312.834107    318.834826    378.857813    385.458604    451.198065    458.398928    529.854864    537.655800    614.828210    623.229218    706.118103    715.119182    803.724543    813.325694    907.647529    917.848752    1017.887063    1028.688358    1134.443143    1145.844510    1257.315770    1269.317209    1386.504943    1399.106454    1522.010664    1535.212247    1663.832931    1677.634586    1811.971746    1826.373472    1966.427107    1981.428905    2127.199015    2142.800885    2294.287469    2310.489412    2467.692471    2484.494485    2647.414019    2664.816106    2833.452114    2851.454273    
0.125664    0.007896    2.850342    3.481996    12.009335    13.272644    27.484874    29.379838    49.276961    51.803580    77.385594    80.543868    111.810774    115.600702    152.552501    156.974084    199.610775    204.664013    252.985596    258.670488    312.676963    318.993510    378.684877    385.633079    451.009338    458.589195    529.650346    537.861857    614.607901    623.451066    705.882002    715.356823    803.472651    813.579126    907.379846    918.117975    1017.603588    1028.973372    1134.143877    1146.145316    1257.000712    1269.633806    1386.174095    1399.438843    1521.664024    1535.560427    1663.470500    1677.998558    1811.593523    1826.753235    1966.033092    1981.824459    2126.789209    2143.212231    2293.861872    2310.916549    2467.251082    2484.937413    2646.956839    2665.274825    2832.979143    2851.928783    
0.131947    0.008705    2.835360    3.498597    11.978561    13.305036    27.438310    29.428022    49.214605    51.867554    77.307447    80.623634    111.716835    115.696260    152.442771    157.085433    199.485253    204.791153    252.844283    258.813419    312.519859    319.152233    378.511982    385.807593    450.820651    458.779500    529.445868    538.067954    614.387631    623.672955    705.645941    715.594502    803.220798    813.832597    907.112202    918.387238    1017.320153    1029.258426    1133.844650    1146.446161    1256.685694    1269.950442    1385.843285    1399.771271    1521.317423    1535.908646    1663.108108    1678.362568    1811.215339    1827.133037    1965.639118    1982.220053    2126.379443    2143.623615    2293.436315    2311.343725    2466.809733    2485.380381    2646.499699    2665.733584    2832.506211    2852.403334    
0.138230    0.009554    2.820417    3.515237    11.947827    13.337468    27.391784    29.476245    49.152288    51.931569    77.229339    80.703439    111.622936    115.791857    152.333080    157.196821    199.359771    204.918333    252.703009    258.956391    312.362794    319.310995    378.339125    385.982147    450.632004    458.969845    529.241429    538.274091    614.167401    623.894883    705.409920    715.832222    802.968985    814.086108    906.844598    918.656540    1017.036757    1029.543519    1133.545463    1146.747046    1256.370716    1270.267119    1385.512515    1400.103738    1520.970862    1536.256905    1662.745755    1678.726619    1810.837195    1827.512879    1965.245182    1982.615686    2125.969716    2144.035040    2293.010796    2311.770940    2466.368424    2485.823388    2646.042598    2666.192382    2832.033319    2852.877924    
0.144513    0.010442    2.805514    3.531917    11.917133    13.369939    27.345298    29.524507    49.090011    51.995622    77.151270    80.783284    111.529076    115.887493    152.223429    157.308249    199.234329    205.045552    252.561775    259.099401    312.205768    319.469797    378.166309    386.156740    450.443396    459.160230    529.037029    538.480267    613.947210    624.116850    705.173937    716.069981    802.717212    814.339658    906.577033    918.925882    1016.753400    1029.828652    1133.246315    1147.047970    1256.055777    1270.583834    1385.181785    1400.436245    1520.624340    1536.605203    1662.383442    1679.090708    1810.459091    1827.892760    1964.851286    1983.011358    2125.560029    2144.446504    2292.585318    2312.198196    2465.927154    2486.266435    2645.585537    2666.651220    2831.560466    2853.352553    
0.150796    0.011370    2.790650    3.548636    11.886478    13.402449    27.298852    29.572809    49.027773    52.059716    77.073241    80.863169    111.435256    115.983169    152.113817    157.419716    199.108925    205.172810    252.420581    259.242451    312.048783    319.628639    377.993531    386.331373    450.254827    459.350654    528.832669    538.686482    613.727058    624.338857    704.937995    716.307779    802.465477    814.593247    906.309507    919.195263    1016.470084    1030.113825    1132.947207    1147.348934    1255.740877    1270.900589    1384.851094    1400.768792    1520.277858    1536.953541    1662.021168    1679.454837    1810.081026    1828.272680    1964.457430    1983.407070    2125.150381    2144.858007    2292.159879    2312.625490    2465.485923    2486.709521    2645.128515    2667.110098    2831.087653    2853.827222    
0.157080    0.012337    2.775826    3.565395    11.855862    13.434999    27.252445    29.621150    48.965575    52.123848    76.995251    80.943093    111.341475    116.078885    152.004245    157.531223    198.983562    205.300109    252.279425    259.385541    311.891836    319.787520    377.820793    386.506045    450.066298    459.541118    528.628349    538.892737    613.506947    624.560904    704.702091    716.545617    802.213783    814.846876    906.042021    919.464683    1016.186806    1030.399036    1132.648138    1147.649937    1255.426017    1271.217384    1384.520442    1401.101378    1519.931415    1537.301919    1661.658934    1679.819006    1809.703000    1828.652640    1964.063613    1983.802822    2124.740772    2145.269550    2291.734479    2313.052824    2465.044732    2487.152646    2644.671532    2667.569015    2830.614879    2854.301930    
0.163363    0.013344    2.761042    3.582193    11.825286    13.467588    27.206078    29.669531    48.903416    52.188020    76.917301    81.023057    111.247733    116.174640    151.894712    157.642770    198.858237    205.427446    252.138310    259.528670    311.734929    319.946440    377.648095    386.680757    449.877808    459.731621    528.424068    539.099032    613.286874    624.782989    704.466227    716.783494    801.962128    815.100545    905.774574    919.734143    1015.903568    1030.684288    1132.349109    1147.950979    1255.111196    1271.534218    1384.189830    1401.434003    1519.585011    1537.650335    1661.296739    1680.183214    1809.325014    1829.032640    1963.669835    1984.198613    2124.331204    2145.681132    2291.309119    2313.480198    2464.603581    2487.595811    2644.214589    2668.027971    2830.142145    2854.776678    
0.169646    0.014390    2.746296    3.599030    11.794750    13.500217    27.159750    29.717951    48.841297    52.252232    76.839391    81.103060    111.154031    116.270434    151.785219    157.754355    198.732953    205.554823    251.997234    259.671838    311.578062    320.105400    377.475436    386.855508    449.689358    459.922164    528.219826    539.305366    613.066841    625.005115    704.230403    717.021410    801.710512    815.354253    905.507167    920.003642    1015.620370    1030.969579    1132.050119    1148.252062    1254.796415    1271.851091    1383.859258    1401.766668    1519.238648    1537.998792    1660.934584    1680.547462    1808.947067    1829.412679    1963.276097    1984.594443    2123.921674    2146.092754    2290.883798    2313.907611    2464.162469    2488.039016    2643.757686    2668.486967    2829.669450    2855.251465    
0.175929    0.015476    2.731591    3.615907    11.764253    13.532886    27.113461    29.766411    48.779217    52.316483    76.761519    81.183102    111.060369    116.366268    151.675765    157.865980    198.607707    205.682240    251.856197    259.815046    311.421234    320.264399    377.302817    387.030299    449.500947    460.112746    528.015624    539.511739    612.846848    625.227279    703.994618    717.259367    801.458936    815.608001    905.239800    920.273181    1015.337211    1031.254909    1131.751169    1148.553183    1254.481673    1272.168004    1383.528725    1402.099372    1518.892323    1538.347287    1660.572468    1680.911749    1808.569160    1829.792757    1962.882399    1984.990313    2123.512184    2146.504415    2290.458517    2314.335064    2463.721396    2488.482259    2643.300822    2668.946002    2829.196795    2855.726291    
0.182212    0.016601    2.716924    3.632824    11.733795    13.565594    27.067212    29.814910    48.717177    52.380774    76.683688    81.263184    110.966746    116.462141    151.566350    157.977645    198.482502    205.809696    251.715200    259.958294    311.264445    320.423438    377.130237    387.205129    449.312576    460.303367    527.811461    539.718152    612.626894    625.449484    703.758873    717.497362    801.207399    815.861788    904.972472    920.542760    1015.054091    1031.540279    1131.452258    1148.854344    1254.166971    1272.484957    1383.198231    1402.432116    1518.546038    1538.695822    1660.210392    1681.276076    1808.191292    1830.172875    1962.488740    1985.386222    2123.102734    2146.916115    2290.033275    2314.762556    2463.280363    2488.925543    2642.843997    2669.405077    2828.724179    2856.201158    
0.188496    0.017765    2.702298    3.649780    11.703377    13.598341    27.021003    29.863449    48.655176    52.445104    76.605895    81.343306    110.873162    116.558054    151.456975    158.089349    198.357335    205.937192    251.574242    260.101580    311.107696    320.582516    376.957697    387.379999    449.124244    460.494028    527.607338    539.924604    612.406979    625.671727    703.523167    717.735397    800.955902    816.115614    904.705183    920.812377    1014.771011    1031.825688    1131.153386    1149.155545    1253.852308    1272.801949    1382.867777    1402.764900    1518.199793    1539.044397    1659.848355    1681.640442    1807.813464    1830.553033    1962.095120    1985.782171    2122.693323    2147.327856    2289.608073    2315.190087    2462.839369    2489.368866    2642.387212    2669.864191    2828.251602    2856.676063    
0.194779    0.018969    2.687710    3.666775    11.672998    13.631128    26.974833    29.912027    48.593214    52.509473    76.528143    81.423466    110.779618    116.654006    151.347640    158.201093    198.232208    206.064727    251.433324    260.244907    310.950986    320.741634    376.785196    387.554908    448.935952    460.684729    527.403254    540.131096    612.187104    625.894011    703.287501    717.973472    800.704444    816.369480    904.437934    921.082035    1014.487971    1032.111136    1130.854555    1149.456785    1253.537685    1273.118980    1382.537363    1403.097722    1517.853587    1539.393011    1659.486358    1682.004847    1807.435676    1830.933230    1961.701540    1986.178159    2122.283952    2147.739635    2289.182910    2315.617658    2462.398415    2489.812228    2641.930467    2670.323345    2827.779066    2857.151008    
0.201062    0.020213    2.673163    3.683810    11.642659    13.663954    26.928702    29.960645    48.531293    52.573882    76.450429    81.503667    110.686113    116.749998    151.238344    158.312876    198.107121    206.192301    251.292445    260.388273    310.794316    320.900791    376.612734    387.729857    448.747699    460.875469    527.199210    540.337628    611.967269    626.116333    703.051874    718.211586    800.453026    816.623385    904.170724    921.351732    1014.204970    1032.396625    1130.555762    1149.758065    1253.223101    1273.436051    1382.206987    1403.430585    1517.507420    1539.741665    1659.124400    1682.369292    1807.057926    1831.313466    1961.308000    1986.574187    2121.874620    2148.151454    2288.757787    2316.045269    2461.957500    2490.255630    2641.473761    2670.782538    2827.306568    2857.625993    
0.207345    0.021496    2.658654    3.700885    11.612359    13.696820    26.882611    30.009302    48.469410    52.638331    76.372756    81.583907    110.592648    116.846029    151.129087    158.424699    197.982073    206.319915    251.151606    260.531678    310.637686    321.059988    376.440312    387.904845    448.559485    461.066248    526.995206    540.544198    611.747472    626.338696    702.816286    718.449740    800.201647    816.877330    903.903554    921.621468    1013.922008    1032.682152    1130.257009    1150.059384    1252.908557    1273.753162    1381.876652    1403.763486    1517.161293    1540.090358    1658.762481    1682.733777    1806.680217    1831.693742    1960.914498    1986.970254    2121.465327    2148.563313    2288.332703    2316.472919    2461.516625    2490.699071    2641.017094    2671.241771    2826.834110    2858.101017    
0.213628    0.022819    2.644185    3.717998    11.582099    13.729725    26.836560    30.057999    48.407567    52.702819    76.295121    81.664186    110.499222    116.942100    151.019870    158.536561    197.857065    206.447568    251.010806    260.675123    310.481095    321.219224    376.267930    388.079872    448.371312    461.257067    526.791240    540.750809    611.527716    626.561097    702.580738    718.687933    799.950307    817.131315    903.636423    921.891244    1013.639086    1032.967719    1129.958296    1150.360742    1252.594052    1274.070311    1381.546356    1404.096428    1516.815206    1540.439091    1658.400603    1683.098301    1806.302546    1832.074057    1960.521037    1987.366361    2121.056074    2148.975211    2287.907658    2316.900608    2461.075789    2491.142552    2640.560467    2671.701043    2826.361692    2858.576080    
0.219911    0.024181    2.629756    3.735152    11.551878    13.762670    26.790548    30.106735    48.345764    52.767346    76.217527    81.744505    110.405836    117.038210    150.910693    158.648462    197.732096    206.575261    250.870046    260.818607    310.324543    321.378500    376.095587    388.254939    448.183177    461.447925    526.587315    540.957459    611.307999    626.783538    702.345230    718.926165    799.699008    817.385339    903.369332    922.161059    1013.356204    1033.253326    1129.659622    1150.662140    1252.279587    1274.387501    1381.216099    1404.429408    1516.469158    1540.787863    1658.038763    1683.462864    1805.924915    1832.454412    1960.127615    1987.762507    2120.646861    2149.387149    2287.482653    2317.328337    2460.634993    2491.586072    2640.103879    2672.160354    2825.889313    2859.051183    
0.226195    0.025582    2.615366    3.752345    11.521697    13.795654    26.744575    30.155510    48.284000    52.831913    76.139971    81.824863    110.312489    117.134360    150.801555    158.760404    197.607166    206.702994    250.729325    260.962131    310.168031    321.537815    375.923283    388.430046    447.995082    461.638823    526.383428    541.164148    611.088321    627.006019    702.109761    719.164437    799.447747    817.639402    903.102280    922.430914    1013.073360    1033.538972    1129.360987    1150.963577    1251.965161    1274.704730    1380.885882    1404.762429    1516.123149    1541.136674    1657.676963    1683.827467    1805.547324    1832.834806    1959.734232    1988.158693    2120.237687    2149.799126    2287.057688    2317.756105    2460.194236    2492.029632    2639.647331    2672.619706    2825.416973    2859.526326    
0.232478    0.027023    2.601016    3.769577    11.491555    13.828678    26.698642    30.204325    48.222275    52.896520    76.062455    81.905261    110.219182    117.230549    150.692456    158.872384    197.482276    206.830766    250.588644    261.105694    310.011558    321.697170    375.751019    388.605192    447.807027    461.829761    526.179581    541.370877    610.868683    627.228539    701.874331    719.402749    799.196526    817.893505    902.835268    922.700808    1012.790557    1033.824658    1129.062392    1151.265054    1251.650775    1275.021998    1380.555704    1405.095488    1515.777180    1541.485525    1657.315203    1684.192109    1805.169772    1833.215240    1959.340889    1988.554918    2119.828552    2150.211142    2286.632762    2318.183913    2459.753519    2492.473231    2639.190823    2673.079096    2824.944673    2860.001508    
0.238761    0.028503    2.586705    3.786849    11.461453    13.861741    26.652748    30.253180    48.160590    52.961166    75.984979    81.985698    110.125914    117.326778    150.583397    158.984404    197.357426    206.958577    250.448002    261.249297    309.855125    321.856564    375.578794    388.780377    447.619011    462.020738    525.975774    541.577645    610.649084    627.451099    701.638941    719.641100    798.945345    818.147647    902.568295    922.970742    1012.507793    1034.110383    1128.763837    1151.566571    1251.336428    1275.339306    1380.225566    1405.428587    1515.431250    1541.834416    1656.953482    1684.556791    1804.792260    1833.595713    1958.947585    1988.951182    2119.419457    2150.623198    2286.207876    2318.611761    2459.312841    2492.916870    2638.734353    2673.538526    2824.472413    2860.476729    
0.245044    0.030023    2.572433    3.804160    11.431390    13.894844    26.606894    30.302074    48.098945    53.025851    75.907542    82.066175    110.032686    117.423046    150.474377    159.096464    197.232615    207.086428    250.307400    261.392939    309.698731    322.015997    375.406609    388.955602    447.431034    462.211754    525.772006    541.784452    610.429525    627.673698    701.403590    719.879490    798.694203    818.401829    902.301362    923.240715    1012.225068    1034.396147    1128.465321    1151.868127    1251.022120    1275.656653    1379.895467    1405.761726    1515.085360    1542.183346    1656.591800    1684.921513    1804.414787    1833.976226    1958.554321    1989.347486    2119.010401    2151.035294    2285.783029    2319.039648    2458.872203    2493.360548    2638.277924    2673.997996    2824.000191    2860.951990    
0.251327    0.031583    2.558201    3.821511    11.401367    13.927986    26.561079    30.351007    48.037339    53.090576    75.830145    82.146691    109.939497    117.519354    150.365397    159.208563    197.107843    207.214318    250.166837    261.536621    309.542377    322.175470    375.234464    389.130867    447.243097    462.402810    525.568278    541.991300    610.210005    627.896336    701.168279    720.117920    798.443100    818.656050    902.034468    923.510727    1011.942383    1034.681951    1128.166844    1152.169722    1250.707852    1275.974040    1379.565408    1406.094904    1514.739509    1542.532315    1656.230158    1685.286273    1804.037354    1834.356778    1958.161096    1989.743830    2118.601385    2151.447429    2285.358221    2319.467574    2458.431604    2493.804266    2637.821533    2674.457505    2823.528010    2861.427291    
0.257611    0.033182    2.544009    3.838901    11.371383    13.961167    26.515304    30.399980    47.975772    53.155340    75.752787    82.227247    109.846348    117.615701    150.256456    159.320701    196.983111    207.342248    250.026313    261.680342    309.386062    322.334983    375.062357    389.306171    447.055200    462.593905    525.364589    542.198186    609.990525    628.119014    700.933008    720.356389    798.192037    818.910311    901.767614    923.780779    1011.659737    1034.967795    1127.868407    1152.471357    1250.393624    1276.291466    1379.235388    1406.428122    1514.393698    1542.881324    1655.868556    1685.651074    1803.659960    1834.737370    1957.767911    1990.140213    2118.192408    2151.859603    2284.933453    2319.895540    2457.991044    2494.248023    2637.365183    2674.917053    2823.055868    2861.902631    
0.263894    0.034820    2.529856    3.856331    11.341439    13.994388    26.469568    30.448993    47.914245    53.220144    75.675468    82.307842    109.753238    117.712087    150.147555    159.432879    196.858419    207.470217    249.885829    261.824103    309.229787    322.494535    374.890291    389.481514    446.867342    462.785040    525.160940    542.405112    609.771084    628.341732    700.697776    720.594898    797.941014    819.164611    901.500799    924.050871    1011.377131    1035.253678    1127.570009    1152.773031    1250.079435    1276.608932    1378.905407    1406.761379    1514.047926    1543.230373    1655.506992    1686.015914    1803.282605    1835.118001    1957.374765    1990.536636    2117.783471    2152.271817    2284.508724    2320.323545    2457.550524    2494.691820    2636.908871    2675.376641    2822.583765    2862.378010    
0.270177    0.036498    2.515742    3.873800    11.311534    14.027649    26.423872    30.498045    47.852757    53.284987    75.598189    82.388477    109.660168    117.808513    150.038693    159.545096    196.733766    207.598226    249.745385    261.967903    309.073551    322.654126    374.718264    389.656897    446.679523    462.976214    524.957330    542.612078    609.551683    628.564489    700.462583    720.833446    797.690030    819.418951    901.234024    924.321002    1011.094564    1035.539600    1127.271651    1153.074745    1249.765285    1276.926437    1378.575466    1407.094675    1513.702194    1543.579461    1655.145469    1686.380793    1802.905290    1835.498672    1956.981658    1990.933098    2117.374573    2152.684070    2284.084035    2320.751590    2457.110044    2495.135656    2636.452600    2675.836269    2822.111702    2862.853429    
0.276460    0.038215    2.501668    3.891309    11.281668    14.060949    26.378215    30.547136    47.791309    53.349870    75.520950    82.469151    109.567137    117.904979    149.929871    159.657353    196.609152    207.726274    249.604980    262.111743    308.917354    322.813757    374.546276    389.832319    446.491744    463.167428    524.753759    542.819083    609.332321    628.787285    700.227430    721.072034    797.439085    819.673330    900.967288    924.591173    1010.812037    1035.825562    1126.973333    1153.376498    1249.451175    1277.243981    1378.245565    1407.428011    1513.356501    1543.928588    1654.783985    1686.745712    1802.528015    1835.879382    1956.588592    1991.329599    2116.965715    2153.096363    2283.659386    2321.179674    2456.669603    2495.579531    2635.996367    2676.295936    2821.639678    2863.328887    
0.282743    0.039972    2.487634    3.908857    11.251842    14.094289    26.332598    30.596267    47.729900    53.414792    75.443750    82.549865    109.474145    118.001484    149.821088    159.769650    196.484578    207.854362    249.464614    262.255622    308.761198    322.973428    374.374328    390.007781    446.304004    463.358681    524.550228    543.026128    609.112999    629.010121    699.992316    721.310662    797.188180    819.927749    900.700591    924.861383    1010.529549    1036.111564    1126.675053    1153.678291    1249.137105    1277.561566    1377.915703    1407.761387    1513.010848    1544.277755    1654.422540    1687.110670    1802.150779    1836.260132    1956.195564    1991.726140    2116.556897    2153.508695    2283.234776    2321.607798    2456.229202    2496.023447    2635.540174    2676.755642    2821.167694    2863.804385    
0.289027    0.041768    2.473639    3.926444    11.222056    14.127668    26.287020    30.645437    47.668531    53.479754    75.366589    82.630618    109.381194    118.098028    149.712345    159.881985    196.360043    207.982489    249.324288    262.399540    308.605080    323.133138    374.202419    390.183282    446.116304    463.549974    524.346737    543.233212    608.893716    629.232997    699.757242    721.549328    796.937315    820.182207    900.433934    925.131632    1010.247101    1036.397604    1126.376814    1153.980123    1248.823074    1277.879189    1377.585881    1408.094802    1512.665234    1544.626961    1654.061135    1687.475668    1801.773582    1836.640921    1955.802576    1992.122720    2116.148117    2153.921067    2282.810205    2322.035961    2455.788840    2496.467401    2635.084021    2677.215388    2820.695749    2864.279922    
0.295310    0.043604    2.459683    3.944072    11.192309    14.161086    26.241482    30.694647    47.607201    53.544755    75.289468    82.711410    109.288281    118.194612    149.603641    159.994361    196.235548    208.110656    249.184002    262.543498    308.449002    323.292887    374.030550    390.358823    445.928644    463.741306    524.143285    543.440335    608.674472    629.455911    699.522207    721.788035    796.686488    820.436704    900.167317    925.401921    1009.964692    1036.683685    1126.078614    1154.281995    1248.509082    1278.196852    1377.256098    1408.428256    1512.319660    1544.976207    1653.699769    1687.840705    1801.396425    1837.021749    1955.409628    1992.519340    2115.739377    2154.333478    2282.385674    2322.464163    2455.348517    2496.911395    2634.627907    2677.675174    2820.223844    2864.755499    
0.301593    0.045479    2.445767    3.961738    11.162602    14.194544    26.195983    30.743897    47.545911    53.609796    75.212386    82.792242    109.195408    118.291236    149.494977    160.106775    196.111092    208.238862    249.043755    262.687496    308.292964    323.452676    373.858720    390.534403    445.741023    463.932677    523.939872    543.647498    608.455269    629.678866    699.287212    722.026780    796.435702    820.691242    899.900739    925.672250    1009.682322    1036.969805    1125.780453    1154.583906    1248.195130    1278.514555    1376.926354    1408.761750    1511.974125    1545.325492    1653.338443    1688.205781    1801.019308    1837.402617    1955.016719    1992.916000    2115.330677    2154.745929    2281.961182    2322.892406    2454.908234    2497.355429    2634.171833    2678.134998    2819.751978    2865.231115    
0.307876    0.047394    2.431890    3.979444    11.132934    14.228041    26.150524    30.793185    47.484660    53.674876    75.135344    82.873114    109.102575    118.387898    149.386352    160.219230    195.986676    208.367108    248.903547    262.831533    308.136965    323.612505    373.686929    390.710023    445.553441    464.124088    523.736499    543.854701    608.236104    629.901860    699.052256    722.265565    796.184955    820.945818    899.634200    925.942618    1009.399992    1037.255964    1125.482332    1154.885857    1247.881217    1278.832297    1376.596650    1409.095284    1511.628630    1545.674817    1652.977156    1688.570898    1800.642229    1837.783525    1954.623849    1993.312699    2114.922016    2155.158419    2281.536730    2323.320687    2454.467990    2497.799502    2633.715798    2678.594863    2819.280152    2865.706771    
0.314159    0.049348    2.418053    3.997190    11.103305    14.261578    26.105104    30.842514    47.423449    53.739996    75.058341    82.954025    109.009781    118.484601    149.277767    160.331723    195.862299    208.495393    248.763379    262.975609    307.981005    323.772372    373.515179    390.885682    445.365899    464.315539    523.533165    544.061943    608.016979    630.124893    698.817340    722.504390    795.934247    821.200434    899.367701    926.213025    1009.117702    1037.542163    1125.184250    1155.187847    1247.567344    1279.150078    1376.266986    1409.428856    1511.283174    1546.024181    1652.615909    1688.936053    1800.265191    1838.164472    1954.231019    1993.709437    2114.513395    2155.570949    2281.112317    2323.749008    2454.027786    2498.243614    2633.259802    2679.054767    2818.808365    2866.182466    
0.320442    0.051342    2.404255    4.014975    11.073716    14.295155    26.059723    30.891882    47.362277    53.805155    74.981378    83.034975    108.917026    118.581343    149.169221    160.444257    195.737962    208.623718    248.623250    263.119725    307.825085    323.932280    373.343467    391.061381    445.178396    464.507029    523.329871    544.269224    607.797894    630.347966    698.582463    722.743254    795.683579    821.455090    899.101241    926.483472    1008.835451    1037.828401    1124.886207    1155.489877    1247.253511    1279.467899    1375.937361    1409.762469    1510.937758    1546.373585    1652.254701    1689.301248    1799.888192    1838.545458    1953.838229    1994.106215    2114.104813    2155.983518    2280.687944    2324.177369    2453.587622    2498.687766    2632.803846    2679.514710    2818.336618    2866.658201    
0.326726    0.053375    2.390497    4.032799    11.044166    14.328771    26.014382    30.941289    47.301145    53.870354    74.904455    83.115965    108.824311    118.678124    149.060714    160.556829    195.613664    208.752082    248.483161    263.263881    307.669205    324.092227    373.171795    391.237119    444.990933    464.698559    523.126617    544.476545    607.578848    630.571078    698.347625    722.982158    795.432950    821.709785    898.834821    926.753958    1008.553240    1038.114679    1124.588205    1155.791946    1246.939716    1279.785760    1375.607775    1410.096121    1510.592381    1546.723028    1651.893533    1689.666483    1799.511232    1838.926484    1953.445478    1994.503032    2113.696271    2156.396127    2280.263610    2324.605769    2453.147497    2499.131957    2632.347930    2679.974693    2817.864910    2867.133975    
0.333009    0.055447    2.376778    4.050663    11.014656    14.362426    25.969081    30.990735    47.240052    53.935592    74.827570    83.196995    108.731635    118.774945    148.952247    160.669442    195.489406    208.880485    248.343111    263.408076    307.513364    324.252213    373.000163    391.412897    444.803509    464.890128    522.923402    544.683905    607.359841    630.794230    698.112828    723.221101    795.182361    821.964519    898.568441    927.024484    1008.271068    1038.400996    1124.290241    1156.094054    1246.625962    1280.103660    1375.278229    1410.429812    1510.247043    1547.072511    1651.532404    1690.031757    1799.134312    1839.307550    1953.052766    1994.899889    2113.287768    2156.808775    2279.839316    2325.034208    2452.707411    2499.576188    2631.892053    2680.434715    2817.393241    2867.609789    
0.339292    0.057560    2.363099    4.068567    10.985186    14.396121    25.923819    31.040222    47.178999    54.000869    74.750726    83.278064    108.638999    118.871805    148.843820    160.782093    195.365187    209.008928    248.203101    263.552310    307.357562    324.412239    372.828570    391.588714    444.616124    465.081736    522.720226    544.891305    607.140874    631.017421    697.878069    723.460084    794.931811    822.219293    898.302100    927.295049    1007.988935    1038.687353    1123.992317    1156.396203    1246.312246    1280.421599    1374.948722    1410.763543    1509.901745    1547.422033    1651.171315    1690.397070    1798.757431    1839.688654    1952.660094    1995.296785    2112.879304    2157.221463    2279.415061    2325.462687    2452.267365    2500.020459    2631.436215    2680.894777    2816.921612    2868.085642    
0.345575    0.059711    2.349459    4.086510    10.955754    14.429855    25.878596    31.089747    47.117985    54.066186    74.673920    83.359172    108.546403    118.968705    148.735432    160.894784    195.241008    209.137411    248.063130    263.696584    307.201800    324.572304    372.657016    391.764571    444.428780    465.273384    522.517090    545.098745    606.921947    631.240652    697.643350    723.699106    794.681301    822.474107    898.035798    927.565654    1007.706842    1038.973749    1123.694433    1156.698390    1245.998571    1280.739578    1374.619255    1411.097313    1509.556487    1547.771595    1650.810265    1690.762423    1798.380590    1840.069799    1952.267462    1995.693721    2112.470880    2157.634190    2278.990846    2325.891206    2451.827358    2500.464768    2630.980417    2681.354878    2816.450023    2868.561534    
0.351858    0.061902    2.335859    4.104492    10.926363    14.463629    25.833413    31.139312    47.057010    54.131543    74.597155    83.440320    108.453846    119.065644    148.627083    161.007515    195.116868    209.265933    247.923199    263.840897    307.046077    324.732409    372.485502    391.940467    444.241474    465.465072    522.313993    545.306223    606.703058    631.463922    697.408671    723.938167    794.430830    822.728960    897.769536    927.836299    1007.424788    1039.260184    1123.396588    1157.000617    1245.684934    1281.057597    1374.289828    1411.431123    1509.211268    1548.121196    1650.449254    1691.127816    1798.003788    1840.450983    1951.874869    1996.090696    2112.062496    2158.046957    2278.566670    2326.319764    2451.387391    2500.909118    2630.524659    2681.815019    2815.978473    2869.037466    
0.358142    0.064133    2.322298    4.122514    10.897010    14.497442    25.788270    31.188917    46.996076    54.196939    74.520428    83.521508    108.361328    119.162623    148.518774    161.120285    194.992767    209.394494    247.783307    263.985250    306.890394    324.892553    372.314028    392.116402    444.054208    465.656799    522.110936    545.513742    606.484210    631.687232    697.174031    724.177268    794.180398    822.983852    897.503313    928.106982    1007.142774    1039.546660    1123.098783    1157.302884    1245.371338    1281.375654    1373.960439    1411.764972    1508.866088    1548.470837    1650.088284    1691.493248    1797.627026    1840.832206    1951.482315    1996.487711    2111.654151    2158.459763    2278.142533    2326.748361    2450.947463    2501.353507    2630.068939    2682.275199    2815.506963    2869.513438    
0.364425    0.066403    2.308777    4.140575    10.867698    14.531295    25.743166    31.238561    46.935180    54.262374    74.443741    83.602734    108.268850    119.259641    148.410505    161.233095    194.868707    209.523095    247.643455    264.129642    306.734751    325.052736    372.142593    392.292377    443.866982    465.848565    521.907918    545.721299    606.265401    631.910581    696.939430    724.416409    793.930007    823.238784    897.237130    928.377706    1006.860800    1039.833174    1122.801017    1157.605190    1245.057780    1281.693752    1373.631091    1412.098861    1508.520948    1548.820517    1649.727352    1691.858719    1797.250303    1841.213469    1951.089801    1996.884765    2111.245845    2158.872608    2277.718437    2327.176998    2450.507575    2501.797935    2629.613260    2682.735418    2815.035492    2869.989449    
0.370708    0.068712    2.295295    4.158676    10.838425    14.565187    25.698101    31.288245    46.874324    54.327849    74.367094    83.684001    108.176411    119.356699    148.302275    161.345944    194.744685    209.651736    247.503642    264.274074    306.579146    325.212960    371.971197    392.468392    443.679795    466.040371    521.704940    545.928897    606.046631    632.133969    696.704869    724.655589    793.679654    823.493755    896.970986    928.648468    1006.578865    1040.119728    1122.503290    1157.907535    1244.744262    1282.011889    1373.301782    1412.432789    1508.175847    1549.170236    1649.366460    1692.224230    1796.873620    1841.594771    1950.697326    1997.281859    2110.837579    2159.285493    2277.294379    2327.605675    2450.067726    2502.242403    2629.157620    2683.195678    2814.564060    2870.465499    
0.376991    0.071061    2.281853    4.176817    10.809191    14.599119    25.653076    31.337968    46.813508    54.393364    74.290486    83.765306    108.084012    119.453796    148.194084    161.458832    194.620703    209.780415    247.363869    264.418545    306.423582    325.373222    371.799841    392.644446    443.492648    466.232216    521.502001    546.136533    605.827901    632.357398    696.470348    724.894808    793.429341    823.748766    896.704882    928.919271    1006.296969    1040.406322    1122.205603    1158.209920    1244.430784    1282.330065    1372.972512    1412.766757    1507.830786    1549.519995    1649.005608    1692.589781    1796.496976    1841.976113    1950.304891    1997.678992    2110.429353    2159.698418    2276.870361    2328.034390    2449.627917    2502.686910    2628.702019    2683.655976    2814.092668    2870.941589    
0.383274    0.073450    2.268450    4.194996    10.779996    14.633090    25.608090    31.387730    46.752731    54.458918    74.213918    83.846652    107.991652    119.550933    148.085933    161.571760    194.496761    209.909135    247.224135    264.563056    306.268057    325.533524    371.628525    392.820539    443.305540    466.424101    521.299102    546.344210    605.609210    632.580865    696.235866    725.134067    793.179068    824.003816    896.438817    929.190112    1006.015113    1040.692955    1121.907956    1158.512344    1244.117345    1282.648281    1372.643281    1413.100764    1507.485765    1549.869794    1648.644795    1692.955371    1796.120371    1842.357494    1949.912495    1998.076165    2110.021166    2160.111382    2276.446383    2328.463146    2449.188147    2503.131457    2628.246458    2684.116314    2813.621315    2871.417719    
0.389557    0.075878    2.255086    4.213216    10.750842    14.667101    25.563144    31.437532    46.691993    54.524511    74.137389    83.928037    107.899332    119.648109    147.977821    161.684728    194.372858    210.037894    247.084441    264.707606    306.112571    325.693866    371.457248    392.996672    443.118471    466.616025    521.096242    546.551925    605.390559    632.804372    696.001423    725.373366    792.928834    824.258906    896.172792    929.460993    1005.733296    1040.979627    1121.610348    1158.814808    1243.803946    1282.966536    1372.314091    1413.434810    1507.140783    1550.219632    1648.284021    1693.321000    1795.743807    1842.738915    1949.520139    1998.473377    2109.613018    2160.524385    2276.022444    2328.891941    2448.748416    2503.576043    2627.790936    2684.576692    2813.150002    2871.893888    
0.395841    0.078345    2.241762    4.231474    10.721726    14.701151    25.518237    31.487374    46.631295    54.590144    74.060900    84.009461    107.807051    119.745324    147.869749    161.797735    194.248994    210.166692    246.944786    264.852196    305.957125    325.854247    371.286010    393.172845    442.931442    466.807989    520.893421    546.759681    605.171947    633.027919    695.767020    725.612704    792.678639    824.514035    895.906806    929.731914    1005.451519    1041.266339    1121.312779    1159.117312    1243.490586    1283.284831    1371.984939    1413.768897    1506.795840    1550.569509    1647.923287    1693.686669    1795.367281    1843.120375    1949.127822    1998.870628    2109.204910    2160.937428    2275.598544    2329.320775    2448.308726    2504.020669    2627.335454    2685.037109    2812.678729    2872.370096    
0.402124    0.080852    2.228478    4.249773    10.692650    14.735240    25.473370    31.537255    46.570636    54.655816    73.984450    84.090924    107.714810    119.842579    147.761716    161.910781    194.125170    210.295530    246.805170    264.996825    305.801718    326.014668    371.114812    393.349057    442.744453    466.999992    520.690640    546.967475    604.953375    633.251505    695.532656    725.852081    792.428484    824.769204    895.640859    930.002874    1005.169781    1041.553091    1121.015250    1159.419855    1243.177265    1283.603165    1371.655828    1414.103022    1506.450937    1550.919426    1647.562593    1694.052377    1794.990795    1843.501875    1948.735545    1999.267919    2108.796841    2161.350511    2275.174684    2329.749649    2447.869074    2504.465334    2626.880011    2685.497565    2812.207495    2872.846344    
0.408407    0.083398    2.215233    4.268110    10.663614    14.769370    25.428542    31.587175    46.510017    54.721528    73.908039    84.172428    107.622608    119.939874    147.653723    162.023867    194.001385    210.424407    246.665595    265.141494    305.646350    326.175128    370.943653    393.525308    442.557503    467.192035    520.487899    547.175309    604.734842    633.475130    695.298332    726.091498    792.178369    825.024412    895.374953    930.273874    1004.888083    1041.839882    1120.717760    1159.722437    1242.863984    1283.921539    1371.326755    1414.437187    1506.106073    1551.269383    1647.201937    1694.418125    1794.614349    1843.883414    1948.343307    1999.665250    2108.388812    2161.763633    2274.750864    2330.178562    2447.429462    2504.910038    2626.424608    2685.958061    2811.736300    2873.322631    
0.414690    0.085984    2.202027    4.286488    10.634617    14.803538    25.383754    31.637135    46.449438    54.787279    73.831668    84.253970    107.530445    120.037208    147.545769    162.136993    193.877640    210.553324    246.526058    265.286202    305.491023    326.335627    370.772534    393.701599    442.370592    467.384117    520.285197    547.383183    604.516349    633.698795    695.064048    726.330954    791.928293    825.279660    895.109085    930.544913    1004.606424    1042.126712    1120.420310    1160.025059    1242.550743    1284.239952    1370.997722    1414.771392    1505.761249    1551.619379    1646.841322    1694.783912    1794.237942    1844.264993    1947.951109    2000.062620    2107.980822    2162.176794    2274.327083    2330.607515    2446.989890    2505.354782    2625.969244    2686.418597    2811.265145    2873.798958    
0.420973    0.088609    2.188861    4.304904    10.605660    14.837746    25.339005    31.687135    46.388897    54.853070    73.755337    84.335552    107.438322    120.134582    147.437855    162.250157    193.753935    210.682280    246.386561    265.430950    305.335734    326.496166    370.601454    393.877929    442.183721    467.576239    520.082535    547.591096    604.297895    633.922500    694.829802    726.570450    791.678256    825.534947    894.843257    930.815991    1004.324805    1042.413582    1120.122899    1160.327720    1242.237541    1284.558404    1370.668729    1415.105636    1505.416464    1551.969414    1646.480746    1695.149739    1793.861574    1844.646611    1947.558950    2000.460029    2107.572872    2162.589995    2273.903341    2331.036507    2446.550357    2505.799566    2625.513920    2686.879172    2810.794029    2874.275325    
0.427257    0.091274    2.175735    4.323360    10.576742    14.871994    25.294296    31.737174    46.328397    54.918900    73.679045    84.417174    107.346239    120.231995    147.329980    162.363362    193.630269    210.811276    246.247104    265.575737    305.180485    326.656745    370.430414    394.054299    441.996889    467.768400    519.879912    547.799049    604.079481    634.146244    694.595597    726.809985    791.428259    825.790274    894.577469    931.087109    1004.043225    1042.700492    1119.825528    1160.630421    1241.924378    1284.876897    1370.339775    1415.439919    1505.071719    1552.319489    1646.120209    1695.515605    1793.485246    1845.028268    1947.166830    2000.857478    2107.164961    2163.003235    2273.479639    2331.465539    2446.110863    2506.244389    2625.058635    2687.339786    2810.322953    2874.751730    
0.433540    0.093978    2.162647    4.341856    10.547863    14.906281    25.249626    31.787252    46.267936    54.984770    73.602792    84.498835    107.254195    120.329447    147.222145    162.476606    193.506642    210.940311    246.107686    265.720563    305.025276    326.817362    370.259413    394.230708    441.810097    467.960601    519.677328    548.007041    603.861106    634.370027    694.361430    727.049560    791.178302    826.045640    894.311720    931.358267    1003.761685    1042.987441    1119.528197    1160.933161    1241.611255    1285.195428    1370.010861    1415.774242    1504.727013    1552.669603    1645.759712    1695.881511    1793.108958    1845.409965    1946.774750    2001.254967    2106.757090    2163.416515    2273.055976    2331.894610    2445.671409    2506.689252    2624.603389    2687.800440    2809.851916    2875.228176    
0.439823    0.096722    2.149600    4.360391    10.519024    14.940607    25.204996    31.837370    46.207514    55.050679    73.526579    84.580536    107.162191    120.426939    147.114349    162.589889    193.383055    211.069386    245.968307    265.865429    304.870106    326.978020    370.088452    394.407157    441.623345    468.152841    519.474784    548.215072    603.642770    634.593850    694.127304    727.289174    790.928384    826.301046    894.046010    931.629464    1003.480184    1043.274429    1119.230904    1161.235941    1241.298172    1285.513999    1369.681986    1416.108605    1504.382347    1553.019757    1645.399254    1696.247456    1792.732709    1845.791702    1946.382710    2001.652495    2106.349258    2163.829834    2272.632353    2332.323721    2445.231995    2507.134154    2624.148183    2688.261134    2809.380919    2875.704660    
0.446106    0.099505    2.136592    4.378966    10.490225    14.974973    25.160405    31.887527    46.147132    55.116628    73.450405    84.662276    107.070226    120.524470    147.006593    162.703212    193.259507    211.198500    245.828968    266.010335    304.714976    327.138717    369.917530    394.583645    441.436631    468.345121    519.272280    548.423143    603.424475    634.817712    693.893216    727.528828    790.678505    826.556491    893.780340    931.900700    1003.198723    1043.561457    1118.933652    1161.538760    1240.985127    1285.832610    1369.353150    1416.443007    1504.037720    1553.369950    1645.038836    1696.613441    1792.356499    1846.173478    1945.990709    2002.050062    2105.941466    2164.243193    2272.208769    2332.752871    2444.792620    2507.579095    2623.693017    2688.721867    2808.909961    2876.181185    
0.452389    0.102328    2.123623    4.397580    10.461465    15.009379    25.115853    31.937724    46.086789    55.182616    73.374271    84.744055    106.978300    120.622041    146.898876    162.816574    193.135999    211.327654    245.689668    266.155280    304.559885    327.299453    369.746648    394.760173    441.249958    468.537440    519.069815    548.631254    603.206218    635.041614    693.659169    727.768521    790.428666    826.811975    893.514710    932.171976    1002.917301    1043.848524    1118.636438    1161.841619    1240.672123    1286.151260    1369.024354    1416.777448    1503.693132    1553.720183    1644.678457    1696.979465    1791.980329    1846.555294    1945.598748    2002.447669    2105.533713    2164.656591    2271.785225    2333.182060    2444.353284    2508.024076    2623.237890    2689.182639    2808.439043    2876.657748    
0.458673    0.105190    2.110694    4.416233    10.432744    15.043823    25.071342    31.987960    46.026486    55.248644    73.298176    84.825874    106.886414    120.719652    146.791199    162.929976    193.012530    211.456847    245.550408    266.300264    304.404833    327.460229    369.575805    394.936740    441.063324    468.729799    518.867389    548.839404    602.988001    635.265555    693.425160    728.008254    790.178866    827.067499    893.249119    932.443292    1002.635918    1044.135631    1118.339265    1162.144517    1240.359158    1286.469949    1368.695598    1417.111929    1503.348584    1554.070455    1644.318118    1697.345529    1791.604198    1846.937149    1945.206826    2002.845315    2105.126000    2165.070029    2271.361720    2333.611289    2443.913988    2508.469097    2622.782803    2689.643451    2807.968164    2877.134352    
0.464956    0.108092    2.097804    4.434926    10.404063    15.078308    25.026869    32.038236    45.966222    55.314711    73.222121    84.907733    106.794568    120.817302    146.683561    163.043417    192.889101    211.586079    245.411188    266.445288    304.249821    327.621044    369.405002    395.113347    440.876729    468.922197    518.665003    549.047593    602.769824    635.489536    693.191191    728.248026    789.929106    827.323063    892.983567    932.714647    1002.354575    1044.422777    1118.042130    1162.447454    1240.046232    1286.788678    1368.366881    1417.446449    1503.004076    1554.420767    1643.957818    1697.711632    1791.228107    1847.319043    1944.814943    2003.243001    2104.718326    2165.483506    2270.938255    2334.040558    2443.474732    2508.914157    2622.327755    2690.104302    2807.497325    2877.610994    
0.471239    0.111033    2.084954    4.453659    10.375422    15.112832    24.982436    32.088551    45.905997    55.380818    73.146106    84.989631    106.702761    120.914991    146.575962    163.156898    192.765711    211.715351    245.272006    266.590352    304.094849    327.781899    369.234238    395.289993    440.690174    469.114634    518.462656    549.255822    602.551686    635.713556    692.957262    728.487838    789.679385    827.578666    892.718055    932.986041    1002.073272    1044.709963    1117.745035    1162.750431    1239.733346    1287.107447    1368.038203    1417.781009    1502.659607    1554.771118    1643.597558    1698.077774    1790.852056    1847.700977    1944.423100    2003.640726    2104.310691    2165.897023    2270.514829    2334.469866    2443.035514    2509.359256    2621.872746    2690.565193    2807.026525    2878.087676    
0.477522    0.114014    2.072143    4.472431    10.346820    15.147395    24.938043    32.138906    45.845813    55.446964    73.070129    85.071568    106.610993    121.012720    146.468403    163.270418    192.642361    211.844663    245.132865    266.735455    303.939916    327.942793    369.063513    395.466679    440.503658    469.307111    518.260349    549.464090    602.333587    635.937616    692.723372    728.727689    789.429704    827.834309    892.452582    933.257475    1001.792008    1044.997188    1117.447980    1163.053448    1239.420499    1287.426255    1367.709565    1418.115609    1502.315178    1555.121509    1643.237337    1698.443956    1790.476043    1848.082950    1944.031297    2004.038491    2103.903096    2166.310579    2270.091443    2334.899214    2442.596337    2509.804395    2621.417777    2691.026123    2806.555764    2878.564398    
0.483805    0.117034    2.059372    4.491242    10.318257    15.181998    24.893689    32.189300    45.785667    55.513149    72.994193    85.153545    106.519265    121.110488    146.360884    163.383978    192.519050    211.974014    244.993762    266.880597    303.785022    328.103727    368.892828    395.643404    440.317181    469.499628    518.058081    549.672398    602.115528    636.161715    692.489522    728.967580    789.180062    828.089991    892.187149    933.528948    1001.510783    1045.284453    1117.150964    1163.356504    1239.107692    1287.745102    1367.380966    1418.450247    1501.970788    1555.471939    1642.877156    1698.810178    1790.100071    1848.464963    1943.639532    2004.436296    2103.495541    2166.724175    2269.668096    2335.328601    2442.157199    2510.249573    2620.962848    2691.487093    2806.085043    2879.041159    
0.490088    0.120093    2.046640    4.510093    10.289734    15.216640    24.849374    32.239734    45.725561    55.579374    72.918295    85.235562    106.427576    121.208296    146.253404    163.497577    192.395778    212.103405    244.854700    267.025779    303.630168    328.264700    368.722183    395.820169    440.130745    469.692184    517.855853    549.880746    601.897509    636.385854    692.255711    729.207510    788.930460    828.345712    891.921756    933.800461    1001.229598    1045.571757    1116.853988    1163.659600    1238.794924    1288.063989    1367.052407    1418.784926    1501.626437    1555.822409    1642.517014    1699.176439    1789.724137    1848.847016    1943.247808    2004.834139    2103.088025    2167.137810    2269.244789    2335.758027    2441.718100    2510.694791    2620.507958    2691.948102    2805.614362    2879.517960    
0.496372    0.123192    2.033948    4.528984    10.261250    15.251322    24.805099    32.290207    45.665495    55.645639    72.842438    85.317618    106.335927    121.306143    146.145963    163.611215    192.272547    212.232835    244.715677    267.171000    303.475353    328.425713    368.551577    395.996973    439.944347    469.884779    517.653664    550.089132    601.679528    636.610032    692.021939    729.447479    788.680897    828.601473    891.656401    934.072013    1000.948453    1045.859101    1116.557051    1163.962735    1238.482196    1288.382916    1366.723888    1419.119643    1501.282126    1556.172918    1642.156912    1699.542739    1789.348244    1849.229108    1942.856123    2005.232023    2102.680549    2167.551484    2268.821521    2336.187493    2441.279041    2511.140048    2620.053107    2692.409151    2805.143720    2879.994800    
0.502655    0.126331    2.021295    4.547914    10.232806    15.286043    24.760864    32.340720    45.605468    55.711943    72.766619    85.399713    106.244317    121.404030    146.038562    163.724893    192.149354    212.362304    244.576693    267.316261    303.320578    328.586765    368.381010    396.173816    439.757989    470.077414    517.451515    550.297559    601.461588    636.834250    691.788207    729.687488    788.431374    828.857273    891.391087    934.343605    1000.667347    1046.146484    1116.260153    1164.265909    1238.169507    1288.701882    1366.395407    1419.454401    1500.937855    1556.523467    1641.796849    1699.909079    1788.972389    1849.611239    1942.464477    2005.629945    2102.273112    2167.965198    2268.398293    2336.616998    2440.840021    2511.585345    2619.598296    2692.870239    2804.673118    2880.471679    
0.508938    0.129509    2.008682    4.566883    10.204401    15.320804    24.716667    32.391272    45.545481    55.778286    72.690841    85.481848    106.152747    121.501956    145.931201    163.838611    192.026201    212.491813    244.437748    267.461562    303.165842    328.747857    368.210483    396.350699    439.571671    470.270089    517.249405    550.506024    601.243687    637.058507    691.554515    729.927537    788.181890    829.113113    891.125812    934.615236    1000.386280    1046.433906    1115.963295    1164.569123    1237.856858    1289.020887    1366.066967    1419.789197    1500.593623    1556.874055    1641.436825    1700.275459    1788.596575    1849.993410    1942.072871    2006.027907    2101.865714    2168.378952    2267.975104    2337.046543    2440.401041    2512.030682    2619.143524    2693.331367    2804.202555    2880.948598    
0.515221    0.132726    1.996108    4.585892    10.176036    15.355604    24.672511    32.441863    45.485533    55.844669    72.615101    85.564022    106.061217    121.599922    145.823879    163.952368    191.903088    212.621361    244.298844    267.606901    303.011146    328.908988    368.039996    396.527622    439.385392    470.462802    517.047335    550.714530    601.025825    637.282804    691.320862    730.167625    787.932445    829.368993    890.860576    934.886907    1000.105253    1046.721368    1115.666477    1164.872377    1237.544248    1289.339932    1365.738565    1420.124034    1500.249430    1557.224682    1641.076841    1700.641878    1788.220799    1850.375620    1941.681304    2006.425909    2101.458356    2168.792745    2267.551954    2337.476128    2439.962100    2512.476057    2618.688792    2693.792534    2803.732031    2881.425557    
0.521504    0.135983    1.983573    4.604940    10.147710    15.390444    24.628394    32.492494    45.425624    55.911092    72.539401    85.646236    105.969725    121.697927    145.716596    164.066165    191.780014    212.750949    244.159978    267.752281    302.856490    329.070159    367.869548    396.704584    439.199153    470.655556    516.845304    550.923074    600.808003    637.507140    691.087248    730.407752    787.683041    829.624911    890.595380    935.158617    999.824265    1047.008870    1115.369698    1165.175670    1237.231677    1289.659016    1365.410204    1420.458909    1499.905277    1557.575349    1640.716897    1701.008336    1787.845063    1850.757870    1941.289777    2006.823950    2101.051037    2169.206578    2267.128845    2337.905752    2439.523199    2512.921473    2618.234099    2694.253740    2803.261547    2881.902555    
0.527788    0.139280    1.971078    4.624028    10.119424    15.425323    24.584316    32.543165    45.365755    55.977554    72.463741    85.728489    105.878274    121.795972    145.609353    164.180001    191.656979    212.880577    244.021152    267.897699    302.701872    329.231369    367.699139    396.881585    439.012953    470.848349    516.643313    551.131659    600.590220    637.731516    690.853674    730.647919    787.433675    829.880870    890.330223    935.430367    999.543317    1047.296411    1115.072958    1165.479002    1236.919147    1289.978140    1365.081881    1420.793824    1499.561163    1557.926056    1640.356992    1701.374834    1787.469367    1851.140159    1940.898289    2007.222031    2100.643758    2169.620450    2266.705774    2338.335415    2439.084337    2513.366927    2617.779446    2694.714986    2802.791102    2882.379592    
0.534071    0.142616    1.958623    4.643155    10.091177    15.460242    24.540278    32.593875    45.305926    56.044055    72.388120    85.810782    105.786861    121.894056    145.502149    164.293876    191.533984    213.010244    243.882366    268.043158    302.547295    329.392619    367.528770    397.058626    438.826792    471.041181    516.441361    551.340282    600.372477    637.955931    690.620140    730.888126    787.184349    830.136867    890.065105    935.702156    999.262409    1047.583992    1114.776258    1165.782374    1236.606655    1290.297303    1364.753599    1421.128779    1499.217089    1558.276802    1639.997126    1701.741371    1787.093710    1851.522488    1940.506841    2007.620151    2100.236519    2170.034361    2266.282743    2338.765118    2438.645514    2513.812421    2617.324832    2695.176272    2802.320697    2882.856669    
0.540354    0.145991    1.946207    4.662322    10.062970    15.495200    24.496279    32.644625    45.246135    56.110596    72.312539    85.893114    105.695488    121.992179    145.394985    164.407791    191.411029    213.139950    243.743619    268.188655    302.392756    329.553908    367.358440    397.235707    438.640671    471.234053    516.239449    551.548946    600.154773    638.180385    690.386645    731.128372    786.935063    830.392905    889.800028    935.973985    998.981539    1047.871612    1114.479598    1166.085785    1236.294203    1290.616506    1364.425355    1421.463773    1498.873054    1558.627587    1639.637300    1702.107948    1786.718093    1851.904856    1940.115432    2008.018311    2099.829319    2170.448312    2265.859752    2339.194860    2438.206731    2514.257955    2616.870258    2695.637597    2801.850332    2883.333786    
0.546637    0.149406    1.933831    4.681528    10.034802    15.530198    24.452320    32.695414    45.186385    56.177176    72.236997    85.975486    105.604155    122.090342    145.287861    164.521746    191.288113    213.269696    243.604912    268.334193    302.238258    329.715236    367.188150    397.412827    438.454590    471.426964    516.037576    551.757648    599.937109    638.404879    690.153189    731.368657    786.685816    830.648982    889.534989    936.245853    998.700710    1048.159271    1114.182977    1166.389236    1235.981791    1290.935748    1364.097152    1421.798807    1498.529059    1558.978412    1639.277514    1702.474565    1786.342515    1852.287264    1939.724063    2008.416510    2099.422158    2170.862302    2265.436800    2339.624642    2437.767988    2514.703528    2616.415723    2696.098962    2801.380006    2883.810942    
0.552920    0.152860    1.921494    4.700774    10.006673    15.565235    24.408400    32.746242    45.126674    56.243796    72.161494    86.057897    105.512861    122.188545    145.180775    164.635740    191.165236    213.399481    243.466244    268.479769    302.083798    329.876604    367.017900    397.589986    438.268548    471.619915    515.835743    551.966390    599.719484    638.629413    689.919773    731.608982    786.436608    830.905098    889.269990    936.517761    998.419919    1048.446970    1113.886395    1166.692727    1235.669418    1291.255030    1363.768987    1422.133880    1498.185103    1559.329277    1638.917767    1702.841220    1785.966976    1852.669711    1939.332733    2008.814748    2099.015037    2171.276332    2265.013887    2340.054463    2437.329284    2515.149141    2615.961228    2696.560366    2800.909719    2884.288137    
0.559203    0.156354    1.909196    4.720059    9.978585    15.600311    24.364520    32.797110    45.067002    56.310455    72.086031    86.140348    105.421607    122.286787    145.073730    164.749773    191.042399    213.529306    243.327615    268.625385    301.929378    330.038012    366.847688    397.767185    438.082545    471.812905    515.633949    552.175172    599.501899    638.853986    689.686396    731.849346    786.187440    831.161253    889.005031    936.789708    998.139169    1048.734709    1113.589853    1166.996256    1235.357084    1291.574351    1363.440862    1422.468992    1497.841187    1559.680181    1638.558059    1703.207916    1785.591477    1853.052197    1938.941443    2009.213026    2098.607955    2171.690402    2264.591014    2340.484324    2436.890620    2515.594793    2615.506772    2697.021809    2800.439472    2884.765372    
0.565487    0.159888    1.896938    4.739384    9.950535    15.635427    24.320679    32.848017    45.007370    56.377154    72.010608    86.222838    105.330392    122.385068    144.966723    164.863846    190.919601    213.659170    243.189026    268.771041    301.774998    330.199459    366.677517    397.944423    437.896582    472.005935    515.432194    552.383993    599.284353    639.078598    689.453059    732.089750    785.938312    831.417449    888.740111    937.061694    997.858457    1049.022487    1113.293350    1167.299826    1235.044790    1291.893712    1363.112777    1422.804144    1497.497310    1560.031124    1638.198391    1703.574650    1785.216018    1853.434724    1938.550192    2009.611344    2098.200913    2172.104511    2264.168180    2340.914224    2436.451995    2516.040485    2615.052356    2697.483292    2799.969264    2885.242646    
0.571770    0.163460    1.884719    4.758748    9.922525    15.670583    24.276878    32.898964    44.947777    56.443893    71.935224    86.305368    105.239217    122.483389    144.859757    164.977958    190.796843    213.789074    243.050477    268.916736    301.620657    330.360945    366.507384    398.121701    437.710658    472.199004    515.230479    552.592854    599.066847    639.303250    689.219761    732.330193    785.689223    831.673683    888.475231    937.333720    997.577785    1049.310304    1112.996887    1167.603434    1234.732536    1292.213112    1362.784731    1423.139336    1497.153473    1560.382107    1637.838762    1703.941425    1784.840598    1853.817289    1938.158981    2010.009701    2097.793910    2172.518659    2263.745386    2341.344164    2436.013409    2516.486216    2614.597979    2697.944814    2799.499096    2885.719960    
0.578053    0.167073    1.872540    4.778152    9.894555    15.705778    24.233116    32.949951    44.888224    56.510670    71.859879    86.387937    105.148081    122.581750    144.752829    165.092110    190.674125    213.919017    242.911967    269.062471    301.466356    330.522471    366.337292    398.299019    437.524774    472.392113    515.028804    552.801754    598.849380    639.527941    688.986503    732.570676    785.440173    831.929957    888.210390    937.605786    997.297153    1049.598161    1112.700463    1167.907083    1234.420321    1292.532551    1362.456725    1423.474567    1496.809675    1560.733129    1637.479173    1704.308238    1784.465217    1854.199894    1937.767809    2010.408097    2097.386947    2172.932847    2263.322632    2341.774143    2435.574863    2516.931986    2614.143642    2698.406376    2799.028967    2886.197313    
0.584336    0.170724    1.860401    4.797595    9.866624    15.741012    24.189394    33.000976    44.828710    56.577487    71.784574    86.470545    105.056984    122.680150    144.645941    165.206301    190.551445    214.049000    242.773496    269.208245    301.312094    330.684037    366.167238    398.476375    437.338930    472.585261    514.827168    553.010693    598.631953    639.752672    688.753284    732.811198    785.191163    832.186271    887.945588    937.877891    997.016560    1049.886057    1112.404079    1168.210770    1234.108145    1292.852030    1362.128758    1423.809837    1496.465917    1561.084191    1637.119623    1704.675092    1784.089876    1854.582539    1937.376676    2010.806533    2096.980023    2173.347074    2262.899916    2342.204162    2435.136357    2517.377796    2613.689344    2698.867978    2798.558878    2886.674706    
0.590619    0.174416    1.848301    4.817078    9.838732    15.776286    24.145711    33.052042    44.769236    56.644344    71.709308    86.553193    104.965927    122.778589    144.539093    165.320532    190.428806    214.179022    242.635065    269.354058    301.157871    330.845642    365.997225    398.653772    437.153124    472.778448    514.625571    553.219672    598.414565    639.977443    688.520105    733.051760    784.942192    832.442624    887.680826    938.150035    996.736007    1050.173993    1112.107735    1168.514498    1233.796009    1293.171549    1361.800830    1424.145147    1496.122198    1561.435292    1636.760113    1705.041984    1783.714575    1854.965223    1936.985583    2011.205008    2096.573139    2173.761341    2262.477241    2342.634220    2434.697890    2517.823646    2613.235086    2699.329619    2798.088828    2887.152138    
0.596903    0.178146    1.836240    4.836600    9.810880    15.811600    24.102067    33.103147    44.709801    56.711240    71.634082    86.635881    104.874910    122.877068    144.432284    165.434802    190.306206    214.309083    242.496674    269.499911    301.003689    331.007286    365.827250    398.831207    436.967359    472.971676    514.424014    553.428691    598.197216    640.202253    688.286965    733.292361    784.693261    832.699017    887.416104    938.422219    996.455493    1050.461968    1111.811429    1168.818264    1233.483912    1293.491107    1361.472942    1424.480497    1495.778519    1561.786433    1636.400642    1705.408916    1783.339313    1855.347946    1936.594530    2011.603523    2096.166294    2174.175647    2262.054605    2343.064318    2434.259462    2518.269535    2612.780867    2699.791299    2797.618818    2887.629610    
0.603186    0.181917    1.824219    4.856161    9.783068    15.846953    24.058464    33.154291    44.650406    56.778176    71.558896    86.718608    104.783932    122.975587    144.325515    165.549112    190.183645    214.439185    242.358322    269.645804    300.849545    331.168970    365.657315    399.008683    436.781633    473.164942    514.222496    553.637749    597.979907    640.427102    688.053865    733.533002    784.444369    832.955449    887.151421    938.694443    996.175019    1050.749983    1111.515163    1169.122070    1233.171855    1293.810705    1361.145094    1424.815886    1495.434879    1562.137613    1636.041211    1705.775888    1782.964090    1855.730709    1936.203516    2012.002078    2095.759488    2174.589993    2261.632008    2343.494455    2433.821074    2518.715463    2612.326687    2700.253019    2797.148847    2888.107121    
0.609469    0.185726    1.812237    4.875762    9.755295    15.882345    24.014899    33.205475    44.591050    56.845151    71.483748    86.801374    104.692993    123.074145    144.218785    165.663461    190.061124    214.569325    242.220009    269.791736    300.695441    331.330693    365.487420    399.186197    436.595946    473.358248    514.021018    553.846846    597.762638    640.651991    687.820804    733.773682    784.195517    833.211920    886.886777    938.966705    995.894584    1051.038037    1111.218937    1169.425916    1232.859837    1294.130342    1360.817285    1425.151314    1495.091279    1562.488833    1635.681819    1706.142899    1782.588907    1856.113512    1935.812541    2012.400672    2095.352723    2175.004378    2261.209451    2343.924631    2433.382725    2519.161431    2611.872547    2700.714778    2796.678916    2888.584672    
0.615752    0.189575    1.800295    4.895403    9.727561    15.917777    23.971374    33.256698    44.531734    56.912166    71.408641    86.884180    104.602094    123.172742    144.112095    165.777850    189.938642    214.699505    242.081736    269.937707    300.541376    331.492456    365.317564    399.363751    436.410299    473.551594    513.819580    554.055983    597.545408    640.876919    687.587783    734.014402    783.946704    833.468431    886.622173    939.239008    995.614188    1051.326131    1110.922750    1169.729801    1232.547859    1294.450018    1360.489515    1425.486782    1494.747718    1562.840092    1635.322467    1706.509950    1782.213763    1856.496354    1935.421606    2012.799305    2094.945996    2175.418803    2260.786933    2344.354847    2432.944416    2519.607439    2611.418447    2701.176577    2796.209024    2889.062262    
0.622035    0.193464    1.788392    4.915083    9.699867    15.953248    23.927889    33.307961    44.472457    56.979220    71.333573    86.967026    104.511235    123.271379    144.005444    165.892278    189.816199    214.829725    241.943502    270.083718    300.387351    331.654258    365.147748    399.541345    436.224691    473.744979    513.618181    554.265159    597.328217    641.101887    687.354801    734.255161    783.697931    833.724982    886.357608    939.511350    995.333832    1051.614264    1110.626603    1170.033726    1232.235921    1294.769734    1360.161785    1425.822289    1494.404196    1563.191391    1634.963154    1706.877040    1781.838659    1856.879235    1935.030711    2013.197978    2094.539309    2175.833267    2260.364455    2344.785103    2432.506147    2520.053486    2610.964386    2701.638415    2795.739171    2889.539892    
0.628319    0.197392    1.776529    4.934802    9.672212    15.988759    23.884443    33.359263    44.413220    57.046313    71.258544    87.049911    104.420415    123.370055    143.898832    166.006746    189.693797    214.959984    241.805308    270.229769    300.233366    331.816100    364.977971    399.718978    436.039122    473.938403    513.416821    554.474375    597.111066    641.326894    687.121858    734.495960    783.449197    833.981572    886.093083    939.783731    995.053516    1051.902437    1110.330495    1170.337690    1231.924021    1295.089490    1359.834094    1426.157836    1494.060714    1563.542729    1634.603881    1707.244169    1781.463594    1857.262156    1934.639855    2013.596690    2094.132662    2176.247770    2259.942016    2345.215398    2432.067917    2520.499572    2610.510364    2702.100293    2795.269358    2890.017561    
0.634602    0.201360    1.764705    4.954561    9.644597    16.024309    23.841036    33.410605    44.354022    57.113446    71.183555    87.132835    104.329634    123.468771    143.792260    166.121253    189.571433    215.090282    241.667153    270.375858    300.079420    331.977981    364.808233    399.896651    435.853594    474.131867    513.215501    554.683631    596.893955    641.551941    686.888955    734.736798    783.200503    834.238201    885.828597    940.056152    994.773239    1052.190649    1110.034427    1170.641693    1231.612162    1295.409284    1359.506443    1426.493422    1493.717272    1563.894107    1634.244647    1707.611338    1781.088569    1857.645117    1934.249038    2013.995442    2093.726054    2176.662314    2259.519616    2345.645732    2431.629726    2520.945698    2610.056382    2702.562210    2794.799585    2890.495269    
0.640885    0.205367    1.752921    4.974360    9.617021    16.059899    23.797669    33.461986    44.294864    57.180619    71.108605    87.215799    104.238893    123.567526    143.685728    166.235800    189.449109    215.220620    241.529038    270.521988    299.925513    332.139902    364.638535    400.074363    435.668104    474.325371    513.014220    554.892925    596.676883    641.777027    686.656092    734.977675    782.951848    834.494870    885.564151    940.328612    994.493001    1052.478901    1109.738398    1170.945736    1231.300341    1295.729119    1359.178832    1426.829048    1493.373869    1564.245524    1633.885453    1707.978547    1780.713583    1858.028116    1933.858261    2014.394233    2093.319485    2177.076896    2259.097257    2346.076106    2431.191575    2521.391863    2609.602439    2703.024167    2794.329851    2890.973017    
0.647168    0.209413    1.741176    4.994197    9.589485    16.095529    23.754342    33.513406    44.235745    57.247831    71.033694    87.298803    104.148191    123.666321    143.579235    166.350386    189.326825    215.350998    241.390962    270.668157    299.771646    332.301862    364.468877    400.252115    435.482654    474.518914    512.812979    555.102260    596.459850    642.002153    686.423268    735.218592    782.703233    834.751579    885.299745    940.601112    994.212803    1052.767192    1109.442408    1171.249819    1230.988560    1296.048993    1358.851259    1427.164713    1493.030505    1564.596981    1633.526298    1708.345795    1780.338637    1858.411156    1933.467523    2014.793064    2092.912956    2177.491518    2258.674936    2346.506520    2430.753463    2521.838068    2609.148536    2703.486163    2793.860157    2891.450805    
0.653451    0.213499    1.729471    5.014075    9.561989    16.131197    23.711053    33.564866    44.176665    57.315083    70.958824    87.381845    104.057529    123.765155    143.472781    166.465011    189.204580    215.481415    241.252926    270.814365    299.617818    332.463862    364.299258    400.429906    435.297244    474.712496    512.611777    555.311634    596.242857    642.227318    686.190484    735.459549    782.454657    835.008327    885.035377    940.873651    993.932644    1053.055523    1109.146458    1171.553941    1230.676819    1296.368906    1358.523727    1427.500418    1492.687181    1564.948477    1633.167182    1708.713082    1779.963730    1858.794235    1933.076825    2015.191934    2092.506467    2177.906180    2258.252655    2346.936973    2430.315391    2522.284312    2608.694673    2703.948199    2793.390502    2891.928632    
0.659734    0.217625    1.717805    5.033992    9.534531    16.166905    23.667805    33.616366    44.117625    57.382373    70.883992    87.464928    103.966906    123.864029    143.366367    166.579677    189.082375    215.611871    241.114929    270.960613    299.464030    332.625901    364.129678    400.607736    435.111873    474.906118    512.410615    555.521047    596.025903    642.452522    685.957739    735.700545    782.206121    835.265114    884.771050    941.146230    993.652525    1053.343893    1108.850548    1171.858102    1230.365117    1296.688859    1358.196234    1427.836162    1492.343897    1565.300012    1632.808106    1709.080409    1779.588863    1859.177353    1932.686167    2015.590843    2092.100017    2178.320881    2257.830414    2347.367465    2429.877358    2522.730596    2608.240849    2704.410274    2792.920886    2892.406498    
0.666018    0.221790    1.706178    5.053948    9.507114    16.202653    23.624596    33.667905    44.058625    57.449704    70.809200    87.548049    103.876323    123.962942    143.259992    166.694381    188.960209    215.742367    240.976972    271.106900    299.310282    332.787980    363.960138    400.785606    434.926542    475.099779    512.209492    555.730500    595.808989    642.677766    685.725033    735.941580    781.957624    835.521941    884.506761    941.418848    993.372446    1053.632302    1108.554677    1172.162303    1230.053455    1297.008851    1357.868780    1428.171946    1492.000651    1565.651587    1632.449070    1709.447776    1779.214035    1859.560511    1932.295547    2015.989793    2091.693606    2178.735621    2257.408212    2347.797997    2429.439365    2523.176919    2607.787064    2704.872388    2792.451310    2892.884404    
0.672301    0.225994    1.694591    5.073944    9.479735    16.238440    23.581426    33.719484    43.999664    57.517074    70.734448    87.631211    103.785779    124.061895    143.153657    166.809125    188.838082    215.872903    240.839054    271.253227    299.156572    332.950098    363.790638    400.963516    434.741250    475.293480    512.008409    555.939992    595.592114    642.903050    685.492367    736.182655    781.709166    835.778807    884.242513    941.691506    993.092406    1053.920751    1108.258845    1172.466544    1229.741832    1297.328883    1357.541366    1428.507769    1491.657446    1566.003202    1632.090073    1709.815182    1778.839247    1859.943708    1931.904968    2016.388781    2091.287235    2179.150401    2256.986050    2348.228568    2429.001411    2523.623282    2607.333319    2705.334543    2791.981774    2893.362350    
0.678584    0.230238    1.683044    5.093979    9.452396    16.274267    23.538296    33.771102    43.940742    57.584483    70.659735    87.714412    103.695275    124.160887    143.047362    166.923909    188.715995    216.003477    240.701175    271.399593    299.002903    333.112255    363.621176    401.141465    434.555997    475.487221    511.807365    556.149523    595.375279    643.128373    685.259740    736.423770    781.460748    836.035713    883.978303    941.964203    992.812405    1054.209240    1107.963053    1172.770824    1229.430249    1297.648954    1357.213991    1428.843632    1491.314280    1566.354856    1631.731115    1710.182627    1778.464498    1860.326945    1931.514427    2016.787809    2090.880904    2179.565221    2256.563927    2348.659179    2428.563496    2524.069684    2606.879613    2705.796736    2791.512276    2893.840335    
0.684867    0.234522    1.671536    5.114054    9.425097    16.310133    23.495205    33.822759    43.881860    57.651932    70.585062    87.797652    103.604810    124.259918    142.941105    167.038732    188.593948    216.134092    240.563337    271.545999    298.849272    333.274452    363.451755    401.319453    434.370784    475.681000    511.606360    556.359095    595.158483    643.353736    685.027153    736.664924    781.212370    836.292658    883.714133    942.236940    992.532444    1054.497768    1107.667301    1173.075143    1229.118705    1297.969065    1356.886655    1429.179534    1490.971153    1566.706549    1631.372197    1710.550112    1778.089789    1860.710221    1931.123927    2017.186877    2090.474611    2179.980080    2256.141843    2349.089829    2428.125621    2524.516126    2606.425947    2706.258969    2791.042819    2894.318359    
0.691150    0.238844    1.660067    5.134168    9.397837    16.346039    23.452154    33.874456    43.823017    57.719420    70.510428    87.880932    103.514385    124.358989    142.834889    167.153594    188.471940    216.264746    240.425537    271.692444    298.695682    333.436689    363.282373    401.497481    434.185611    475.874820    511.405396    556.568705    594.941727    643.579138    684.794606    736.906117    780.964031    836.549643    883.450003    942.509716    992.252522    1054.786335    1107.371588    1173.379502    1228.807200    1298.289215    1356.559360    1429.515475    1490.628066    1567.058282    1631.013319    1710.917636    1777.715119    1861.093537    1930.733465    2017.585984    2090.068359    2180.394978    2255.719799    2349.520519    2427.687786    2524.962607    2605.972320    2706.721242    2790.573401    2894.796423    
0.697434    0.243207    1.648638    5.154322    9.370617    16.381984    23.409142    33.926193    43.764214    57.786948    70.435833    87.964251    103.423999    124.458100    142.728712    167.268496    188.349971    216.395439    240.287777    271.838929    298.542130    333.598965    363.113030    401.675548    434.000477    476.068678    511.204470    556.778355    594.725010    643.804579    684.562098    737.147350    780.715731    836.806667    883.185912    942.782531    991.972640    1055.074942    1107.075914    1173.683900    1228.495735    1298.609405    1356.232103    1429.851456    1490.285018    1567.410055    1630.654480    1711.285200    1777.340488    1861.476892    1930.343043    2017.985131    2089.662146    2180.809916    2255.297794    2349.951249    2427.249990    2525.409128    2605.518733    2707.183554    2790.104022    2895.274527    
0.703717    0.247609    1.637249    5.174515    9.343436    16.417968    23.366170    33.977969    43.705451    57.854516    70.361278    88.047609    103.333653    124.557250    142.622574    167.383437    188.228042    216.526172    240.150057    271.985453    298.388618    333.761281    362.943727    401.853655    433.815382    476.262577    511.003584    556.988045    594.508333    644.030060    684.329629    737.388622    780.467471    837.063731    882.921861    943.055386    991.692797    1055.363589    1106.780280    1173.988338    1228.184310    1298.929634    1355.904886    1430.187477    1489.942010    1567.761867    1630.295680    1711.652803    1776.965897    1861.860286    1929.952661    2018.384317    2089.255972    2181.224894    2254.875829    2350.382017    2426.812234    2525.855688    2605.065185    2707.645905    2789.634683    2895.752669    
0.710000    0.252050    1.625899    5.194748    9.316295    16.453993    23.323237    34.029784    43.646727    57.922122    70.286763    88.131008    103.243346    124.656440    142.516476    167.498418    188.106152    216.656944    240.012376    272.132016    298.235146    333.923636    362.774463    402.031802    433.630327    476.456514    510.802738    557.197774    594.291695    644.255581    684.097200    737.629934    780.219251    837.320834    882.657849    943.328281    991.412994    1055.652275    1106.484685    1174.292815    1227.872924    1299.249903    1355.577709    1430.523537    1489.599041    1568.113718    1629.936920    1712.020446    1776.591346    1862.243721    1929.562318    2018.783542    2088.849838    2181.639910    2254.453904    2350.812825    2426.374517    2526.302287    2604.611677    2708.108296    2789.165383    2896.230852    
0.716283    0.256531    1.614588    5.215020    9.289193    16.490056    23.280344    34.081639    43.588042    57.989769    70.212287    88.214445    103.153078    124.755669    142.410417    167.613439    187.984302    216.787756    239.874734    272.278619    298.081713    334.086030    362.605239    402.209987    433.445311    476.650492    510.601931    557.407543    594.075097    644.481141    683.864810    737.871285    779.971070    837.577977    882.393876    943.601215    991.133230    1055.941000    1106.189130    1174.597332    1227.561577    1299.570211    1355.250571    1430.859637    1489.256112    1568.465609    1629.578199    1712.388128    1776.216834    1862.627194    1929.172015    2019.182807    2088.443743    2182.054967    2254.032018    2351.243673    2425.936839    2526.748927    2604.158208    2708.570727    2788.696123    2896.709074    
0.722566    0.261051    1.603317    5.235332    9.262130    16.526159    23.237490    34.133533    43.529397    58.057454    70.137850    88.297922    103.062850    124.854937    142.304398    167.728499    187.862491    216.918607    239.737132    272.425262    297.928320    334.248464    362.436054    402.388213    433.260335    476.844508    510.401163    557.617351    593.858538    644.706740    683.632460    738.112676    779.722928    837.835159    882.129943    943.874189    990.853506    1056.229765    1105.893614    1174.901888    1227.250270    1299.890559    1354.923473    1431.195776    1488.913222    1568.817539    1629.219518    1712.755850    1775.842361    1863.010707    1928.781751    2019.582111    2088.037688    2182.470063    2253.610171    2351.674560    2425.499201    2527.195605    2603.704778    2709.033197    2788.226902    2897.187335    
0.728849    0.265611    1.592086    5.255683    9.235107    16.562302    23.194676    34.185467    43.470791    58.125180    70.063453    88.381439    102.972662    124.954245    142.198418    167.843598    187.740720    217.049498    239.599570    272.571944    297.774966    334.410937    362.266909    402.566478    433.075399    477.038565    510.200435    557.827198    593.642019    644.932379    683.400149    738.354106    779.474826    838.092381    881.866050    944.147202    990.573821    1056.518569    1105.598138    1175.206484    1226.939003    1300.210946    1354.596414    1431.531954    1488.570372    1569.169509    1628.860877    1713.123611    1775.467928    1863.394260    1928.391527    2019.981455    2087.631672    2182.885198    2253.188364    2352.105487    2425.061603    2527.642323    2603.251388    2709.495706    2787.757721    2897.665636    
0.735133    0.270210    1.580893    5.276073    9.208124    16.598484    23.151901    34.237441    43.412225    58.192944    69.989096    88.464995    102.882513    125.053592    142.092477    167.958737    187.618989    217.180428    239.462047    272.718666    297.621651    334.573450    362.097803    402.744782    432.890502    477.232660    509.999747    558.037085    593.425539    645.158057    683.167878    738.595576    779.226763    838.349642    881.602196    944.420254    990.294175    1056.807413    1105.302702    1175.511119    1226.627774    1300.531372    1354.269394    1431.868172    1488.227561    1569.521518    1628.502274    1713.491412    1775.093535    1863.777852    1928.001342    2020.380839    2087.225696    2183.300373    2252.766596    2352.536453    2424.624044    2528.089081    2602.798038    2709.958255    2787.288579    2898.143976    
0.741416    0.274849    1.569741    5.296503    9.181180    16.634705    23.109165    34.289453    43.353698    58.260749    69.914777    88.548591    102.792404    125.152979    141.986577    168.073915    187.497296    217.311397    239.324563    272.865427    297.468376    334.736003    361.928737    402.923126    432.705644    477.426795    509.799098    558.247012    593.209098    645.383775    682.935646    738.837085    778.978740    838.606942    881.338381    944.693346    990.014569    1057.096297    1105.007304    1175.815794    1226.316586    1300.851838    1353.942414    1432.204429    1487.884790    1569.873567    1628.143712    1713.859252    1774.719180    1864.161483    1927.611196    2020.780262    2086.819759    2183.715587    2252.344868    2352.967459    2424.186524    2528.535878    2602.344727    2710.420843    2786.819477    2898.622356    
0.747699    0.279527    1.558628    5.316973    9.154275    16.670966    23.066470    34.341506    43.295211    58.328592    69.840499    88.632226    102.702334    125.252406    141.880715    168.189133    187.375644    217.442406    239.187119    273.012227    297.315141    334.898595    361.759710    403.101509    432.520826    477.620970    509.598488    558.456978    592.992697    645.609532    682.703454    739.078634    778.730757    838.864282    881.074606    944.966477    989.735003    1057.385219    1104.711946    1176.120508    1226.005437    1301.172344    1353.615474    1432.540726    1487.542058    1570.225655    1627.785188    1714.227132    1774.344866    1864.545154    1927.221090    2021.179724    2086.413861    2184.130841    2251.923179    2353.398504    2423.749044    2528.982714    2601.891456    2710.883471    2786.350414    2899.100775    
0.753982    0.284245    1.547554    5.337482    9.127410    16.707266    23.023813    34.393597    43.236763    58.396475    69.766260    88.715900    102.612303    125.351872    141.774893    168.304390    187.254030    217.573455    239.049714    273.159067    297.161945    335.061226    361.590723    403.279932    432.336047    477.815184    509.397918    558.666983    592.776336    645.835329    682.471301    739.320222    778.482812    839.121662    880.810871    945.239648    989.455476    1057.674182    1104.416628    1176.425262    1225.694327    1301.492889    1353.288573    1432.877063    1487.199365    1570.577783    1627.426705    1714.595051    1773.970591    1864.928865    1926.831024    2021.579226    2086.008003    2184.546134    2251.501530    2353.829589    2423.311603    2529.429590    2601.438224    2711.346138    2785.881391    2899.579233    
0.760265    0.289002    1.536520    5.358031    9.100585    16.743606    22.981196    34.445729    43.178355    58.464398    69.692060    88.799614    102.522312    125.451377    141.669111    168.419687    187.132457    217.704543    238.912349    273.305947    297.008788    335.223897    361.421775    403.458394    432.151308    478.009438    509.197387    558.877028    592.560014    646.061166    682.239187    739.561850    778.234908    839.379081    880.547175    945.512859    989.175989    1057.963183    1104.121349    1176.730055    1225.383257    1301.813473    1352.961711    1433.213438    1486.856712    1570.929950    1627.068260    1714.963009    1773.596355    1865.312615    1926.440997    2021.978767    2085.602185    2184.961467    2251.079920    2354.260713    2422.874202    2529.876505    2600.985031    2711.808845    2785.412407    2900.057732    
0.766549    0.293798    1.525525    5.378619    9.073798    16.779986    22.938619    34.497899    43.119986    58.532360    69.617900    88.883367    102.432360    125.550922    141.563368    168.535023    187.010922    217.835671    238.775023    273.452865    296.855671    335.386607    361.252866    403.636895    431.966608    478.203731    508.996896    559.087113    592.343732    646.287041    682.007114    739.803517    777.987042    839.636539    880.283518    945.786109    988.896541    1058.252225    1103.826110    1177.034888    1225.072226    1302.134097    1352.634889    1433.549854    1486.514099    1571.282157    1626.709855    1715.331007    1773.222159    1865.696404    1926.051009    2022.378348    2085.196406    2185.376839    2250.658350    2354.691876    2422.436841    2530.323460    2600.531878    2712.271591    2784.943463    2900.536269    
0.772832    0.298634    1.514570    5.399246    9.047052    16.816404    22.896081    34.550110    43.061656    58.600362    69.543779    88.967160    102.342448    125.650506    141.457664    168.650399    186.889427    217.966838    238.637737    273.599824    296.702594    335.549357    361.083997    403.815437    431.781948    478.398063    508.796445    559.297236    592.127488    646.512957    681.775079    740.045224    777.739217    839.894037    880.019901    946.059398    988.617132    1058.541305    1103.530910    1177.339760    1224.761235    1302.454761    1352.308107    1433.886309    1486.171525    1571.634403    1626.351490    1715.699045    1772.848002    1866.080233    1925.661061    2022.777968    2084.790667    2185.792250    2250.236819    2355.123079    2421.999519    2530.770455    2600.078765    2712.734377    2784.474558    2901.014846    
0.779115    0.303510    1.503654    5.419913    9.020345    16.852863    22.853582    34.602359    43.003367    58.668403    69.469698    89.050993    102.252576    125.750130    141.352000    168.765814    186.767972    218.098044    238.500491    273.746822    296.549556    335.712146    360.915168    403.994017    431.597327    478.592435    508.596032    559.507400    591.911285    646.738911    681.543084    740.286970    777.491430    840.151575    879.756323    946.332727    988.337763    1058.830426    1103.235750    1177.644671    1224.450283    1302.775464    1351.981363    1434.222803    1485.828990    1571.986689    1625.993164    1716.067122    1772.473885    1866.464102    1925.271152    2023.177628    2084.384967    2186.207701    2249.815328    2355.554322    2421.562236    2531.217489    2599.625691    2713.197202    2784.005692    2901.493463    
0.785398    0.308425    1.492778    5.440619    8.993677    16.889361    22.811123    34.654648    42.945116    58.736483    69.395656    89.134865    102.162743    125.849793    141.246376    168.881268    186.646556    218.229290    238.363283    273.893859    296.396557    335.874975    360.746378    404.172637    431.412745    478.786847    508.395660    559.717603    591.695121    646.964905    681.311129    740.528755    777.243684    840.409152    879.492785    946.606095    988.058434    1059.119585    1102.940629    1177.949622    1224.139371    1303.096206    1351.654660    1434.559337    1485.486495    1572.339014    1625.634878    1716.435238    1772.099807    1866.848009    1924.881283    2023.577327    2083.979306    2186.623192    2249.393876    2355.985604    2421.124993    2531.664562    2599.172656    2713.660067    2783.536866    2901.972119    
0.791681    0.313380    1.481941    5.461365    8.967049    16.925898    22.768704    34.706977    42.886905    58.804603    69.321654    89.218776    102.072949    125.949496    141.140791    168.996762    186.525180    218.360576    238.226116    274.040936    296.243598    336.037843    360.577627    404.351297    431.228204    478.981297    508.195326    559.927845    591.478996    647.190939    681.079213    740.770580    776.995976    840.666768    879.229286    946.879503    987.779144    1059.408784    1102.645547    1178.254613    1223.828498    1303.416988    1351.327996    1434.895910    1485.144040    1572.691379    1625.276631    1716.803394    1771.725769    1867.231957    1924.491454    2023.977066    2083.573685    2187.038722    2248.972464    2356.416925    2420.687789    2532.111675    2598.719661    2714.122971    2783.068080    2902.450815    
0.797965    0.318374    1.471143    5.482151    8.940460    16.962475    22.726324    34.759345    42.828734    58.872763    69.247691    89.302727    101.983195    126.049238    141.035245    169.112296    186.403843    218.491901    238.088987    274.188052    296.090678    336.200751    360.408916    404.529996    431.043701    479.175788    507.995033    560.138127    591.262911    647.417012    680.847336    741.012445    776.748308    840.924424    878.965827    947.152950    987.499893    1059.698023    1102.350505    1178.559643    1223.517665    1303.737809    1351.001371    1435.232523    1484.801624    1573.043783    1624.918424    1717.171590    1771.351770    1867.615944    1924.101664    2024.376844    2083.168104    2187.454292    2248.551091    2356.848286    2420.250625    2532.558827    2598.266705    2714.585915    2782.599333    2902.929550    
0.804248    0.323407    1.460386    5.502976    8.913911    16.999091    22.683983    34.811753    42.770602    58.940962    69.173767    89.386717    101.893480    126.149020    140.929739    169.227869    186.282545    218.623265    237.951898    274.335208    295.937798    336.363698    360.240245    404.708734    430.859238    479.370318    507.794778    560.348448    591.046865    647.643125    680.615499    741.254349    776.500680    841.182119    878.702408    947.426437    987.220682    1059.987301    1102.055503    1178.864712    1223.206871    1304.058670    1350.674786    1435.569175    1484.459247    1573.396226    1624.560256    1717.539825    1770.977811    1867.999970    1923.711913    2024.776662    2082.762562    2187.869901    2248.129757    2357.279686    2419.813500    2533.006019    2597.813789    2715.048898    2782.130625    2903.408324    
0.810531    0.328480    1.449667    5.523840    8.887401    17.035747    22.641682    34.864200    42.712509    59.009200    69.099884    89.470747    101.803805    126.248841    140.824273    169.343482    186.161288    218.754669    237.814849    274.482403    295.784958    336.526684    360.071613    404.887512    430.674815    479.564887    507.594564    560.558809    590.830859    647.869277    680.383702    741.496292    776.253091    841.439854    878.439027    947.699963    986.941510    1060.276619    1101.760540    1179.169821    1222.896117    1304.379570    1350.348240    1435.905867    1484.116910    1573.748709    1624.202127    1717.908099    1770.603891    1868.384036    1923.322202    2025.176519    2082.357059    2188.285549    2247.708463    2357.711126    2419.376415    2533.453250    2597.360912    2715.511921    2781.661957    2903.887138    
0.816814    0.333593    1.438988    5.544744    8.860931    17.072442    22.599420    34.916686    42.654456    59.077478    69.026039    89.554816    101.714169    126.348702    140.718846    169.459134    186.040069    218.886112    237.677839    274.629638    295.632156    336.689711    359.903020    405.066330    430.490431    479.759496    507.394388    560.769209    590.614893    648.095469    680.151944    741.738275    776.005542    841.697629    878.175686    947.973529    986.662378    1060.565976    1101.465616    1179.474970    1222.585402    1304.700510    1350.021734    1436.242598    1483.774613    1574.101232    1623.844038    1718.276413    1770.230011    1868.768141    1922.932530    2025.576416    2081.951596    2188.701237    2247.287209    2358.142606    2418.939369    2533.900521    2596.908075    2715.974983    2781.193329    2904.365992    
0.823097    0.338745    1.428349    5.565687    8.834500    17.109176    22.557198    34.969212    42.596443    59.145795    68.952234    89.638925    101.624573    126.448602    140.613458    169.574825    185.918890    219.017595    237.540869    274.776912    295.479395    336.852776    359.734467    405.245187    430.306086    479.954144    507.194253    560.979649    590.398965    648.321700    679.920225    741.980298    775.758032    841.955442    877.912385    948.247134    986.383285    1060.855372    1101.170732    1179.780158    1222.274726    1305.021490    1349.695267    1436.579368    1483.432354    1574.453794    1623.485989    1718.644766    1769.856170    1869.152286    1922.542898    2025.976352    2081.546172    2189.116965    2246.865994    2358.574124    2418.502362    2534.347831    2596.455278    2716.438084    2780.724740    2904.844885    
0.829380    0.343936    1.417749    5.586670    8.808109    17.145951    22.515015    35.021778    42.538469    59.214152    68.878469    89.723073    101.535016    126.548541    140.508110    169.690556    185.797751    219.149118    237.403938    274.924226    295.326672    337.015881    359.565953    405.424083    430.121781    480.148832    506.994156    561.190128    590.183078    648.547970    679.688546    742.222360    775.510561    842.213296    877.649123    948.520779    986.104232    1061.144808    1100.875888    1180.085385    1221.964090    1305.342508    1349.368840    1436.916178    1483.090136    1574.806396    1623.127979    1719.013159    1769.482368    1869.536470    1922.153305    2026.376327    2081.140788    2189.532732    2246.444819    2359.005683    2418.065396    2534.795181    2596.002519    2716.901225    2780.256190    2905.323817    
0.835664    0.349167    1.407188    5.607692    8.781757    17.182764    22.472872    35.074383    42.480534    59.282549    68.804743    89.807261    101.445499    126.648520    140.402801    169.806327    185.676650    219.280680    237.267047    275.071579    295.173990    337.179026    359.397479    405.603019    429.937516    480.343559    506.794099    561.400646    589.967229    648.774280    679.456906    742.464461    775.263130    842.471188    877.385901    948.794463    985.825218    1061.434284    1100.581083    1180.390652    1221.653494    1305.663567    1349.042452    1437.253028    1482.747957    1575.159036    1622.770008    1719.381592    1769.108606    1869.920694    1921.763752    2026.776342    2080.735444    2189.948538    2246.023683    2359.437281    2417.628468    2535.242570    2595.549801    2717.364406    2779.787680    2905.802789    
0.841947    0.354437    1.396667    5.628754    8.755444    17.219617    22.430768    35.127027    42.422639    59.350985    68.731057    89.891488    101.356021    126.748539    140.297532    169.922137    185.555590    219.412281    237.130195    275.218972    295.021346    337.342210    359.229045    405.781995    429.753290    480.538326    506.594082    561.611205    589.751421    649.000630    679.225306    742.706602    775.015739    842.729121    877.122718    949.068186    985.546244    1061.723799    1100.286317    1180.695958    1221.342937    1305.984664    1348.716103    1437.589917    1482.405817    1575.511717    1622.412077    1719.750063    1768.734884    1870.304957    1921.374238    2027.176397    2080.330139    2190.364384    2245.602586    2359.868918    2417.191580    2535.689999    2595.097121    2717.827626    2779.319209    2906.281800    
0.848230    0.359747    1.386186    5.649855    8.729172    17.256510    22.388704    35.179711    42.364783    59.419460    68.657410    89.975755    101.266582    126.848597    140.192302    170.037986    185.434569    219.543922    236.993382    275.366404    294.868742    337.505433    359.060649    405.961010    429.569103    480.733132    506.394104    561.821802    589.535651    649.227019    678.993746    742.948782    774.768387    842.987092    876.859575    949.341949    985.267309    1062.013353    1099.991591    1181.001304    1221.032419    1306.305801    1348.389795    1437.926846    1482.063717    1575.864437    1622.054185    1720.118575    1768.361201    1870.689260    1920.984764    2027.576491    2079.924873    2190.780269    2245.181529    2360.300595    2416.754732    2536.137467    2594.644482    2718.290885    2778.850778    2906.760851    
0.854513    0.365096    1.375744    5.670996    8.702938    17.293442    22.346679    35.232435    42.306967    59.487975    68.583802    90.060061    101.177184    126.948695    140.087112    170.153875    185.313587    219.675602    236.856609    275.513876    294.716178    337.668696    358.892294    406.140064    429.384956    480.927978    506.194165    562.032439    589.319922    649.453447    678.762225    743.191002    774.521074    843.245104    876.596471    949.615752    984.988414    1062.302947    1099.696904    1181.306689    1220.721941    1306.626978    1348.063525    1438.263814    1481.721656    1576.217196    1621.696333    1720.487126    1767.987558    1871.073602    1920.595329    2027.976625    2079.519647    2191.196194    2244.760511    2360.732311    2416.317923    2536.584974    2594.191881    2718.754184    2778.382386    2907.239941    
0.860796    0.370485    1.365341    5.692176    8.676744    17.330413    22.304694    35.285198    42.249191    59.556529    68.510234    90.144407    101.087824    127.048832    139.981961    170.269803    185.192645    219.807322    236.719876    275.661387    294.563653    337.831999    358.723977    406.319158    429.200849    481.122863    505.994267    562.243116    589.104231    649.679915    678.530743    743.433261    774.273801    843.503154    876.333406    949.889594    984.709558    1062.592581    1099.402257    1181.612114    1220.411503    1306.948194    1347.737295    1438.600821    1481.379635    1576.569995    1621.338521    1720.855716    1767.613954    1871.457983    1920.205933    2028.376798    2079.114460    2191.612159    2244.339533    2361.164067    2415.881153    2537.032521    2593.739320    2719.217523    2777.914034    2907.719071    
0.867080    0.375913    1.354978    5.713396    8.650590    17.367424    22.262748    35.338000    42.191453    59.625123    68.436705    90.228792    100.998504    127.149008    139.876850    170.385771    185.071742    219.939081    236.583182    275.808937    294.411168    337.995341    358.555701    406.498291    429.016780    481.317788    505.794407    562.453832    588.888580    649.906423    678.299301    743.675560    774.026568    843.761244    876.070381    950.163476    984.430742    1062.882254    1099.107650    1181.917578    1220.101104    1307.269450    1347.411105    1438.937868    1481.037653    1576.922833    1620.980748    1721.224345    1767.240389    1871.842404    1919.816577    2028.777010    2078.709313    2192.028162    2243.918595    2361.595862    2415.444423    2537.480108    2593.286799    2719.680901    2777.445721    2908.198241    
0.873363    0.381381    1.344655    5.734655    8.624475    17.404475    22.220842    35.390842    42.133756    59.693756    68.363216    90.313217    100.909224    127.249224    139.771778    170.501778    184.950879    220.070880    236.446527    275.956527    294.258722    338.158722    358.387463    406.677464    428.832752    481.512752    505.594587    562.664588    588.672969    650.132970    678.067898    743.917898    773.779373    844.019374    875.807396    950.437397    984.151965    1063.171966    1098.813081    1182.223082    1219.790744    1307.590745    1347.084954    1439.274955    1480.695710    1577.275711    1620.623014    1721.593015    1766.866864    1872.226865    1919.427261    2029.177262    2078.304205    2192.444206    2243.497695    2362.027696    2415.007733    2537.927734    2592.834317    2720.144318    2776.977448    2908.677449    
0.879646    0.386888    1.334371    5.755953    8.598399    17.441565    22.178975    35.443723    42.076097    59.762429    68.289767    90.397681    100.819983    127.349480    139.666746    170.617825    184.830056    220.202718    236.309912    276.104157    294.106315    338.322143    358.219266    406.856676    428.648763    481.707756    505.394806    562.875383    588.457397    650.359556    677.836535    744.160276    773.532219    844.277543    875.544450    950.711357    983.873228    1063.461718    1098.518553    1182.528625    1219.480424    1307.912080    1346.758842    1439.612081    1480.353808    1577.628629    1620.265320    1721.961723    1766.493378    1872.611365    1919.037984    2029.577553    2077.899137    2192.860289    2243.076836    2362.459571    2414.571082    2538.375399    2592.381875    2720.607775    2776.509214    2909.156698    
0.885929    0.392435    1.324126    5.777291    8.572363    17.478694    22.137148    35.496644    42.018479    59.831141    68.216357    90.482184    100.730781    127.449774    139.561753    170.733911    184.709271    220.334595    236.173337    276.251826    293.953949    338.485604    358.051107    407.035928    428.464813    481.902799    505.195065    563.086217    588.241865    650.586182    677.605211    744.402693    773.285104    844.535752    875.281543    950.985357    983.594530    1063.751509    1098.224063    1182.834208    1219.170143    1308.233454    1346.432770    1439.949246    1480.011944    1577.981585    1619.907665    1722.330472    1766.119932    1872.995904    1918.648747    2029.977884    2077.494108    2193.276411    2242.656016    2362.891484    2414.134470    2538.823104    2591.929472    2721.071271    2776.041020    2909.635985    
0.892212    0.398021    1.313921    5.798669    8.546367    17.515863    22.095360    35.549604    41.960899    59.899892    68.142986    90.566727    100.641619    127.550109    139.456800    170.850037    184.588527    220.466513    236.036800    276.399535    293.801621    338.649103    357.882988    407.215219    428.280903    482.097882    504.995364    563.297091    588.026372    650.812847    677.373926    744.645150    773.038028    844.794000    875.018676    951.259396    983.315872    1064.041340    1097.929614    1183.139830    1218.859902    1308.554867    1346.106738    1440.286451    1479.670120    1578.334582    1619.550050    1722.699259    1765.746526    1873.380483    1918.259549    2030.378255    2077.089118    2193.692573    2242.235235    2363.323437    2413.697898    2539.270849    2591.477108    2721.534807    2775.572865    2910.115313    
0.898495    0.403647    1.303755    5.820086    8.520410    17.553072    22.053611    35.602604    41.903360    59.968684    68.069655    90.651310    100.552497    127.650483    139.351886    170.966202    184.467821    220.598469    235.900304    276.547283    293.649333    338.812643    357.714909    407.394550    428.097032    482.293004    504.795702    563.508004    587.810918    651.039552    677.142682    744.887646    772.790992    845.052287    874.755849    951.533475    983.037253    1064.331210    1097.635203    1183.445492    1218.549701    1308.876320    1345.780745    1440.623695    1479.328336    1578.687617    1619.192474    1723.068086    1765.373159    1873.765102    1917.870390    2030.778664    2076.684168    2194.108774    2241.814494    2363.755430    2413.261366    2539.718633    2591.024784    2721.998383    2775.104750    2910.594679    
0.904779    0.409312    1.293629    5.841542    8.494492    17.590320    22.011902    35.655643    41.845859    60.037514    67.996363    90.735932    100.463414    127.750896    139.247011    171.082407    184.347156    220.730465    235.763847    276.695070    293.497085    338.976222    357.546869    407.573920    427.913201    482.488165    504.596079    563.718957    587.595504    651.266296    676.911476    745.130182    772.543995    845.310614    874.493061    951.807594    982.758673    1064.621120    1097.340832    1183.751193    1218.239538    1309.197813    1345.454791    1440.960979    1478.986591    1579.040693    1618.834938    1723.436953    1764.999831    1874.149760    1917.481271    2031.179114    2076.279258    2194.525014    2241.393792    2364.187462    2412.824872    2540.166456    2590.572500    2722.461997    2774.636674    2911.074085    
0.911062    0.415017    1.283542    5.863038    8.468614    17.627607    21.970233    35.708722    41.788399    60.106384    67.923111    90.820593    100.374370    127.851349    139.142176    171.198651    184.226529    220.862501    235.627429    276.842897    293.344875    339.139840    357.378869    407.753330    427.729409    482.683366    504.396496    563.929950    587.380130    651.493080    676.680310    745.372757    772.297038    845.568981    874.230312    952.081752    982.480133    1064.911069    1097.046501    1184.056933    1217.929416    1309.519345    1345.128877    1441.298303    1478.644886    1579.393807    1618.477441    1723.805859    1764.626543    1874.534457    1917.092192    2031.579603    2075.874387    2194.941295    2240.973130    2364.619534    2412.388419    2540.614319    2590.120255    2722.925652    2774.168638    2911.553531    
0.917345    0.420761    1.273495    5.884574    8.442775    17.664934    21.928603    35.761840    41.730977    60.175294    67.849898    90.905294    100.285366    127.951841    139.037381    171.314935    184.105942    220.994576    235.491051    276.990763    293.192706    339.303498    357.210908    407.932779    427.545657    482.878607    504.196952    564.140982    587.164795    651.719903    676.449184    745.615372    772.050120    845.827387    873.967603    952.355949    982.201633    1065.201058    1096.752209    1184.362714    1217.619333    1309.840916    1344.803003    1441.635665    1478.303220    1579.746962    1618.119983    1724.174805    1764.253294    1874.919194    1916.703151    2031.980131    2075.469556    2195.357614    2240.552507    2365.051645    2411.952005    2541.062222    2589.668049    2723.389345    2773.700641    2912.033016    
0.923628    0.426545    1.263487    5.906149    8.416976    17.702300    21.887012    35.814998    41.673595    60.244243    67.776725    90.990035    100.196402    128.052373    138.932625    171.431258    183.985395    221.126690    235.354712    277.138669    293.040576    339.467195    357.042986    408.112267    427.361944    483.073887    503.997448    564.352053    586.949499    651.946766    676.218097    745.858026    771.803242    846.085832    873.704933    952.630186    981.923172    1065.491086    1096.457957    1184.668533    1217.309289    1310.162527    1344.477168    1441.973068    1477.961593    1580.100155    1617.762566    1724.543790    1763.880085    1875.303971    1916.314151    2032.380699    2075.064764    2195.773973    2240.131923    2365.483795    2411.515630    2541.510163    2589.215883    2723.853079    2773.232683    2912.512541    
0.929911    0.432368    1.253519    5.927763    8.391217    17.739706    21.845461    35.868195    41.616253    60.313231    67.703591    91.074814    100.107476    128.152944    138.827908    171.547621    183.864887    221.258844    235.218413    277.286615    292.888485    339.630932    356.875104    408.291796    427.178271    483.269206    503.797983    564.563164    586.734243    652.173668    675.987050    746.100719    771.556403    846.344317    873.442303    952.904462    981.644750    1065.781154    1096.163744    1184.974392    1216.999285    1310.484177    1344.151372    1442.310509    1477.620006    1580.453388    1617.405187    1724.912814    1763.506915    1875.688787    1915.925190    2032.781306    2074.660011    2196.190372    2239.711380    2365.915985    2411.079295    2541.958145    2588.763757    2724.316851    2772.764765    2912.992105    
0.936195    0.438230    1.243590    5.949417    8.365496    17.777151    21.803950    35.921432    41.558950    60.382259    67.630497    91.159634    100.018591    128.253555    138.723231    171.664023    183.744419    221.391038    235.082153    277.434599    292.736434    339.794708    356.707262    408.471363    426.994637    483.464565    503.598558    564.774314    586.519027    652.400610    675.756042    746.343452    771.309604    846.602842    873.179712    953.178778    981.366368    1066.071261    1095.869570    1185.280291    1216.689320    1310.805867    1343.825616    1442.647991    1477.278459    1580.806661    1617.047848    1725.281878    1763.133785    1876.073642    1915.536268    2033.181953    2074.255298    2196.606810    2239.290875    2366.348214    2410.642999    2542.406166    2588.311670    2724.780664    2772.296887    2913.471708    
0.942478    0.444132    1.233701    5.971111    8.339816    17.814636    21.762478    35.974708    41.501687    60.451327    67.557442    91.244493    99.929745    128.354205    138.618594    171.780465    183.623990    221.523271    234.945933    277.582624    292.584422    339.958524    356.539459    408.650970    426.811042    483.659964    503.399172    564.985504    586.303849    652.627591    675.525073    746.586225    771.062844    846.861406    872.917161    953.453133    981.088025    1066.361408    1095.575437    1185.586229    1216.379394    1311.127597    1343.499899    1442.985511    1476.936951    1581.159973    1616.690549    1725.650982    1762.760694    1876.458537    1915.147386    2033.582639    2073.850625    2197.023288    2238.870410    2366.780483    2410.206743    2542.854226    2587.859622    2725.244515    2771.829048    2913.951351    
0.948761    0.450074    1.223851    5.992844    8.314174    17.852160    21.721045    36.028024    41.444463    60.520434    67.484427    91.329391    99.840938    128.454895    138.513996    171.896946    183.503600    221.655543    234.809752    277.730688    292.432450    340.122379    356.371695    408.830617    426.627487    483.855402    503.199826    565.196733    586.088712    652.854612    675.294144    746.829037    770.816123    847.120009    872.654650    953.727528    980.809722    1066.651594    1095.281342    1185.892206    1216.069509    1311.449366    1343.174222    1443.323072    1476.595482    1581.513325    1616.333289    1726.020124    1762.387643    1876.843471    1914.758543    2033.983365    2073.445991    2197.439805    2238.449985    2367.212792    2409.770526    2543.302326    2587.407614    2725.708406    2771.361249    2914.431034    
0.955044    0.456055    1.214040    6.014616    8.288573    17.889724    21.679652    36.081379    41.387278    60.589580    67.411451    91.414329    99.752171    128.555624    138.409437    172.013466    183.383250    221.787855    234.673611    277.878791    292.280518    340.286273    356.203971    409.010303    426.443972    484.050879    503.000519    565.408002    585.873614    653.081672    675.063255    747.071888    770.569443    847.378652    872.392177    954.001962    980.531459    1066.941819    1094.987287    1186.198223    1215.759662    1311.771174    1342.848584    1443.660671    1476.254053    1581.866716    1615.976069    1726.389307    1762.014631    1877.228445    1914.369740    2034.384130    2073.041396    2197.856361    2238.029599    2367.645140    2409.334349    2543.750465    2586.955645    2726.172337    2770.893488    2914.910756    
0.961327    0.462075    1.204269    6.036428    8.263010    17.927327    21.638298    36.134773    41.330133    60.658766    67.338515    91.499306    99.663443    128.656393    138.304918    172.130026    183.262940    221.920207    234.537509    278.026934    292.128624    340.450208    356.036287    409.190028    426.260496    484.246396    502.801252    565.619310    585.658555    653.308771    674.832405    747.314779    770.322801    847.637334    872.129744    954.276436    980.253235    1067.232084    1094.693272    1186.504280    1215.449855    1312.093022    1342.522986    1443.998311    1475.912663    1582.220146    1615.618888    1726.758529    1761.641659    1877.613458    1913.980976    2034.784934    2072.636841    2198.272957    2237.609253    2368.077527    2408.898211    2544.198644    2586.503716    2726.636307    2770.425768    2915.390517    
0.967611    0.468135    1.194538    6.058279    8.237488    17.964970    21.596984    36.188207    41.273028    60.727992    67.265618    91.584323    99.574755    128.757201    138.200438    172.246626    183.142669    222.052597    234.401446    278.175116    291.976771    340.614181    355.868642    409.369793    426.077060    484.441952    502.602024    565.830658    585.443536    653.535910    674.601594    747.557710    770.076199    847.896056    871.867351    954.550949    979.975050    1067.522389    1094.399296    1186.810375    1215.140088    1312.414909    1342.197427    1444.335989    1475.571313    1582.573616    1615.261746    1727.127790    1761.268726    1877.998511    1913.592252    2035.185778    2072.232325    2198.689593    2237.188946    2368.509954    2408.462113    2544.646862    2586.051826    2727.100317    2769.958087    2915.870318    
0.973894    0.474234    1.184846    6.080170    8.212004    18.002652    21.555709    36.241681    41.215961    60.797257    67.192760    91.669379    99.486106    128.858049    138.095998    172.363265    183.022437    222.185028    234.265424    278.323338    291.824956    340.778194    355.701036    409.549598    425.893663    484.637548    502.402836    566.042045    585.228556    653.763089    674.370823    747.800680    769.829637    848.154817    871.604997    954.825502    979.696905    1067.812733    1094.105359    1187.116511    1214.830360    1312.736836    1341.871908    1444.673707    1475.230003    1582.927126    1614.904644    1727.497091    1760.895832    1878.383603    1913.203567    2035.586662    2071.827849    2199.106268    2236.768678    2368.942420    2408.026054    2545.095120    2585.599976    2727.564366    2769.490445    2916.350159    
0.980177    0.480373    1.175194    6.102100    8.186561    18.040374    21.514474    36.295194    41.158935    60.866561    67.119942    91.754475    99.397497    128.958936    137.991598    172.479943    182.902245    222.317498    234.129440    278.471599    291.673182    340.942247    355.533470    409.729442    425.710305    484.833183    502.203687    566.253472    585.013616    653.990307    674.140091    748.043689    769.583114    848.413618    871.342683    955.100094    979.418799    1068.103116    1093.811462    1187.422686    1214.520672    1313.058802    1341.546428    1445.011465    1474.888731    1583.280675    1614.547581    1727.866431    1760.522978    1878.768735    1912.814922    2035.987585    2071.423413    2199.522982    2236.348450    2369.374926    2407.590034    2545.543417    2585.148165    2728.028454    2769.022843    2916.830039    
0.986460    0.486552    1.165581    6.124070    8.161156    18.078135    21.473279    36.348746    41.101948    60.935905    67.047164    91.839610    99.308927    129.059862    137.887236    172.596661    182.782093    222.450007    233.993496    278.619899    291.521446    341.106339    355.365943    409.909325    425.526987    485.028858    502.004578    566.464938    584.798715    654.217565    673.909399    748.286738    769.336630    848.672458    871.080408    955.374725    979.140733    1068.393539    1093.517604    1187.728900    1214.211023    1313.380808    1341.220988    1445.349262    1474.547500    1583.634263    1614.190558    1728.235811    1760.150164    1879.153906    1912.426316    2036.388548    2071.019016    2199.939736    2235.928262    2369.807471    2407.154054    2545.991753    2584.696394    2728.492582    2768.555281    2917.309958    
0.992743    0.492770    1.156007    6.146079    8.135791    18.115935    21.432122    36.402338    41.045000    61.005288    66.974425    91.924785    99.220396    129.160828    137.782915    172.713419    182.661980    222.582556    233.857592    278.768240    291.369751    341.270470    355.198456    410.089248    425.343708    485.224572    501.805508    566.676444    584.583854    654.444862    673.678747    748.529826    769.090186    848.931338    870.818173    955.649396    978.862706    1068.684002    1093.223786    1188.035154    1213.901413    1313.702853    1340.895587    1445.687099    1474.206307    1583.987891    1613.833575    1728.605230    1759.777389    1879.539117    1912.037750    2036.789550    2070.614658    2200.356529    2235.508112    2370.240056    2406.718114    2546.440130    2584.244662    2728.956750    2768.087757    2917.789917    
0.999026    0.499027    1.146473    6.168128    8.110466    18.153775    21.391006    36.455970    40.988092    61.074711    66.901725    92.009999    99.131905    129.261834    137.678632    172.830215    182.541906    222.715144    233.721727    278.916619    291.218094    341.434641    355.031008    410.269210    425.160469    485.420326    501.606477    566.887989    584.369032    654.672198    673.448133    748.772954    768.843782    849.190257    870.555977    955.924107    978.584719    1068.974504    1092.930008    1188.341447    1213.591843    1314.024937    1340.570225    1446.024975    1473.865155    1584.341558    1613.476631    1728.974689    1759.404654    1879.924367    1911.649223    2037.190591    2070.210340    2200.773362    2235.088003    2370.672680    2406.282213    2546.888545    2583.792970    2729.420957    2767.620274    2918.269915    
1.005310    0.505324    1.136978    6.190216    8.085180    18.191655    21.349928    36.509641    40.931223    61.144173    66.829065    92.095253    99.043454    129.362879    137.574390    172.947052    182.421872    222.847772    233.585901    279.065038    291.066477    341.598852    354.863600    410.449212    424.977270    485.616119    501.407486    567.099573    584.154250    654.899574    673.217560    749.016122    768.597417    849.449216    870.293820    956.198857    978.306771    1069.265045    1092.636268    1188.647780    1213.282313    1314.347062    1340.244904    1446.362890    1473.524041    1584.695265    1613.119726    1729.344187    1759.031958    1880.309656    1911.260736    2037.591672    2069.806061    2201.190235    2234.667933    2371.105344    2405.846352    2547.337000    2583.341317    2729.885203    2767.152829    2918.749953    
1.011593    0.511660    1.127523    6.212344    8.059933    18.229574    21.308890    36.563351    40.874394    61.213675    66.756445    92.180546    98.955042    129.463963    137.470186    173.063928    182.301877    222.980439    233.450115    279.213497    290.914900    341.763102    354.696231    410.629253    424.794110    485.811952    501.208535    567.311197    583.939507    655.126989    672.987026    749.259328    768.351091    849.708214    870.031703    956.473647    978.028863    1069.555626    1092.342569    1188.954152    1212.972821    1314.669225    1339.919621    1446.700845    1473.182968    1585.049012    1612.762861    1729.713725    1758.659301    1880.694985    1910.872288    2037.992793    2069.401822    2201.607147    2234.247902    2371.538047    2405.410530    2547.785495    2582.889704    2730.349489    2766.685425    2919.230030    
1.017876    0.518036    1.118108    6.234511    8.034727    18.267532    21.267892    36.617101    40.817604    61.283216    66.683864    92.265878    98.866670    129.565087    137.366023    173.180843    182.181922    223.113146    233.314369    279.361995    290.763362    341.927391    354.528902    410.809334    424.610989    486.007824    501.009623    567.522861    583.724803    655.354444    672.756531    749.502575    768.104805    849.967252    869.769626    956.748476    977.750994    1069.846246    1092.048908    1189.260564    1212.663370    1314.991428    1339.594378    1447.038840    1472.841933    1585.402798    1612.406035    1730.083302    1758.286684    1881.080354    1910.483879    2038.393953    2068.997622    2202.024098    2233.827911    2371.970790    2404.974747    2548.234029    2582.438130    2730.813815    2766.218059    2919.710147    
1.024159    0.524451    1.108732    6.256717    8.009559    18.305530    21.226933    36.670890    40.760854    61.352797    66.611322    92.351250    98.778337    129.666251    137.261898    173.297798    182.062007    223.245892    233.178662    279.510533    290.611864    342.091720    354.361612    410.989455    424.427908    486.203736    500.810750    567.734564    583.510139    655.581939    672.526076    749.745860    767.858558    850.226329    869.507588    957.023344    977.473164    1070.136906    1091.755288    1189.567015    1212.353958    1315.313671    1339.269175    1447.376874    1472.500938    1585.756623    1612.049249    1730.452919    1757.914106    1881.465762    1910.095511    2038.795152    2068.593462    2202.441089    2233.407959    2372.403572    2404.539004    2548.682602    2581.986595    2731.278179    2765.750734    2920.190303    
1.030442    0.530906    1.099395    6.278963    7.984431    18.343568    21.186014    36.724719    40.704144    61.422417    66.538820    92.436662    98.690043    129.767454    137.157813    173.414792    181.942130    223.378677    233.042994    279.659110    290.460405    342.256089    354.194362    411.169614    424.244866    486.399687    500.611917    567.946306    583.295515    655.809473    672.295660    749.989186    767.612351    850.485445    869.245589    957.298252    977.195375    1070.427606    1091.461706    1189.873506    1212.044585    1315.635953    1338.944011    1447.714947    1472.159983    1586.110488    1611.692502    1730.822575    1757.541568    1881.851210    1909.707181    2039.196391    2068.189341    2202.858119    2232.988047    2372.836394    2404.103300    2549.131215    2581.535101    2731.742584    2765.283447    2920.670499    
1.036726    0.537400    1.090098    6.301249    7.959342    18.381645    21.145134    36.778587    40.647472    61.492077    66.466357    92.522113    98.601789    129.868696    137.053768    173.531826    181.822294    223.511503    232.907366    279.807726    290.308985    342.420496    354.027151    411.349814    424.061864    486.595678    500.413124    568.158088    583.080930    656.037046    672.065283    750.232550    767.366184    850.744601    868.983630    957.573200    976.917624    1070.718344    1091.168165    1190.180036    1211.735252    1315.958275    1338.618886    1448.053060    1471.819067    1586.464392    1611.335795    1731.192271    1757.169070    1882.236697    1909.318891    2039.597669    2067.785259    2203.275189    2232.568174    2373.269255    2403.667636    2549.579868    2581.083645    2732.207028    2764.816201    2921.150734    
1.043009    0.543934    1.080840    6.323574    7.934293    18.419761    21.104294    36.832495    40.590840    61.561776    66.393934    92.607603    98.513575    129.969978    136.949762    173.648899    181.702496    223.644367    232.771777    279.956382    290.157605    342.584944    353.859980    411.530052    423.878901    486.791708    500.214370    568.369910    582.866385    656.264659    671.834947    750.475954    767.120055    851.003797    868.721711    957.848186    976.639913    1071.009123    1090.874662    1190.486606    1211.425958    1316.280636    1338.293801    1448.391212    1471.478191    1586.818336    1610.979127    1731.562006    1756.796611    1882.622223    1908.930641    2039.998987    2067.381218    2203.692298    2232.148341    2373.702155    2403.232012    2550.028560    2580.632229    2732.671511    2764.348993    2921.631009    
1.049292    0.550507    1.071622    6.345938    7.909284    18.457917    21.063493    36.886442    40.534248    61.631515    66.321551    92.693133    98.425400    130.071299    136.845796    173.766012    181.582739    223.777271    232.636228    280.105078    290.006265    342.749431    353.692848    411.710330    423.695978    486.987777    500.015655    568.581771    582.651879    656.492311    671.604649    750.719398    766.873967    851.263032    868.459831    958.123213    976.362242    1071.299940    1090.581200    1190.793215    1211.116704    1316.603036    1337.968756    1448.729404    1471.137354    1587.172319    1610.622499    1731.931781    1756.424191    1883.007789    1908.542430    2040.400344    2066.977215    2204.109447    2231.728547    2374.135095    2402.796427    2550.477291    2580.180853    2733.136034    2763.881825    2922.111323    
1.055575    0.557119    1.062443    6.368343    7.884314    18.496112    21.022731    36.940429    40.477695    61.701293    66.249206    92.778703    98.337264    130.172660    136.741869    173.883164    181.463020    223.910215    232.500719    280.253812    289.854964    342.913957    353.525756    411.890648    423.513094    487.183886    499.816980    568.793671    582.437412    656.720003    671.374391    750.962881    766.627917    851.522307    868.197990    958.398279    976.084610    1071.590798    1090.287776    1191.099863    1210.807490    1316.925476    1337.643750    1449.067635    1470.796556    1587.526342    1610.265910    1732.301595    1756.051811    1883.393395    1908.154258    2040.801741    2066.573252    2204.526635    2231.308793    2374.568075    2402.360881    2550.926062    2579.729516    2733.600596    2763.414697    2922.591677    
1.061858    0.563772    1.053304    6.390786    7.859383    18.534347    20.982009    36.994455    40.421182    61.771110    66.176902    92.864312    98.249168    130.274060    136.637981    174.000356    181.343341    224.043198    232.365248    280.402587    289.703702    343.078523    353.358703    412.071005    423.330250    487.380035    499.618344    569.005611    582.222985    656.947734    671.144173    751.206404    766.381908    851.781621    867.936189    958.673384    975.807017    1071.881694    1089.994392    1191.406552    1210.498314    1317.247955    1337.318783    1449.405906    1470.455799    1587.880404    1609.909361    1732.671448    1755.679470    1883.779039    1907.766126    2041.203178    2066.169329    2204.943862    2230.889078    2375.001094    2401.925375    2551.374873    2579.278218    2734.065198    2762.947608    2923.072070    
1.068142    0.570463    1.044204    6.413269    7.834492    18.572622    20.941327    37.048521    40.364708    61.840967    66.104636    92.949960    98.161111    130.375500    136.534133    174.117587    181.223702    224.176220    232.229818    280.551401    289.552480    343.243128    353.191689    412.251402    423.147445    487.576223    499.419748    569.217590    582.008598    657.175505    670.913994    751.449966    766.135937    852.040974    867.674427    958.948529    975.529464    1072.172631    1089.701048    1191.713279    1210.189179    1317.570474    1336.993856    1449.744217    1470.115080    1588.234506    1609.552851    1733.041341    1755.307169    1884.164724    1907.378033    2041.604653    2065.765445    2205.361130    2230.469403    2375.434153    2401.489908    2551.823722    2578.826960    2734.529839    2762.480559    2923.552503    
1.074425    0.577194    1.035144    6.435791    7.809640    18.610935    20.900684    37.102626    40.308274    61.910864    66.032411    93.035648    98.073094    130.476979    136.430325    174.234858    181.104102    224.309282    232.094426    280.700254    289.401297    343.407773    353.024715    412.431838    422.964680    487.772450    499.221191    569.429609    581.794250    657.403315    670.683855    751.693568    765.890007    852.300367    867.412705    959.223713    975.251951    1072.463606    1089.407743    1192.020046    1209.880082    1317.893033    1336.668968    1450.082566    1469.774401    1588.588647    1609.196381    1733.411274    1754.934907    1884.550448    1906.989980    2042.006169    2065.361600    2205.778436    2230.049767    2375.867251    2401.054481    2552.272612    2578.375741    2734.994520    2762.013549    2924.032975    
1.080708    0.583965    1.026123    6.458353    7.784828    18.649289    20.860080    37.156771    40.251879    61.980800    65.960224    93.121376    97.985117    130.578498    136.326556    174.352168    180.984542    224.442384    231.959075    280.849147    289.250154    343.572457    352.857781    412.612314    422.781954    487.968717    499.022674    569.641667    581.579941    657.631165    670.453755    751.937209    765.644115    852.559799    867.151023    959.498937    974.974477    1072.754621    1089.114478    1192.326853    1209.571025    1318.215631    1336.344120    1450.420956    1469.433762    1588.942827    1608.839950    1733.781246    1754.562685    1884.936211    1906.601967    2042.407723    2064.957795    2206.195782    2229.630171    2376.300388    2400.619093    2552.721541    2577.924562    2735.459240    2761.546578    2924.513486    
1.086991    0.590775    1.017142    6.480955    7.760055    18.687681    20.819516    37.210955    40.195523    62.050775    65.888077    93.207142    97.897178    130.680056    136.222826    174.469517    180.865021    224.575525    231.823762    280.998079    289.099051    343.737181    352.690886    412.792829    422.599268    488.165024    498.824196    569.853765    581.365672    657.859054    670.223694    752.180889    765.398263    852.819271    866.889379    959.774200    974.697042    1073.045676    1088.821252    1192.633699    1209.262008    1318.538268    1336.019311    1450.759384    1469.093161    1589.297047    1608.483558    1734.151257    1754.190502    1885.322014    1906.213993    2042.809317    2064.554030    2206.613168    2229.210614    2376.733565    2400.183745    2553.170509    2577.473423    2735.924000    2761.079647    2924.994037    
1.093274    0.597624    1.008200    6.503596    7.735322    18.726114    20.778991    37.265179    40.139207    62.120790    65.815970    93.292949    97.809280    130.781654    136.119136    174.586906    180.745539    224.708705    231.688490    281.147051    288.947986    343.901944    352.524030    412.973383    422.416621    488.361369    498.625758    570.065903    581.151442    658.086982    669.993673    752.424609    765.152451    853.078783    866.627776    960.049503    974.419647    1073.336770    1088.528065    1192.940584    1208.953030    1318.860945    1335.694542    1451.097853    1468.752601    1589.651307    1608.127206    1734.521308    1753.818359    1885.707856    1905.826058    2043.210951    2064.150304    2207.030593    2228.791097    2377.166781    2399.748436    2553.619517    2577.022323    2736.388799    2760.612756    2925.474628    
1.099557    0.604513    0.999297    6.526276    7.710628    18.764585    20.738506    37.319442    40.082931    62.190845    65.743902    93.378795    97.721421    130.883291    136.015486    174.704335    180.626098    224.841925    231.553256    281.296062    288.796962    344.066746    352.357214    413.153977    422.234013    488.557755    498.427359    570.278079    580.937252    658.314951    669.763692    752.668369    764.906678    853.338334    866.366211    960.324845    974.142291    1073.627904    1088.234918    1193.247509    1208.644092    1319.183661    1335.369812    1451.436360    1468.412080    1590.005606    1607.770894    1734.891399    1753.446255    1886.093738    1905.438163    2043.612624    2063.746617    2207.448057    2228.371619    2377.600037    2399.313167    2554.068564    2576.571262    2736.853637    2760.145904    2925.955258    
1.105841    0.611442    0.990435    6.548996    7.685974    18.803097    20.698061    37.373744    40.026694    62.260939    65.671874    93.464680    97.633601    130.984968    135.911875    174.821803    180.506695    224.975185    231.418062    281.445113    288.645977    344.231589    352.190438    413.334611    422.051445    488.754180    498.229000    570.490296    580.723101    658.542958    669.533750    752.912168    764.660945    853.597924    866.104687    960.600227    973.864975    1073.919077    1087.941811    1193.554474    1208.335193    1319.506417    1335.045122    1451.774907    1468.071598    1590.359945    1607.414621    1735.261529    1753.074191    1886.479659    1905.050307    2044.014337    2063.342970    2207.865561    2227.952180    2378.033333    2398.877937    2554.517651    2576.120241    2737.318516    2759.679091    2926.435927    
1.112124    0.618410    0.981611    6.571755    7.661359    18.841647    20.657654    37.428086    39.970496    62.331072    65.599885    93.550605    97.545821    131.086684    135.808303    174.939310    180.387332    225.108484    231.282908    281.594203    288.495031    344.396470    352.023700    413.515284    421.868917    488.950644    498.030680    570.702551    580.508990    658.771005    669.303847    753.156006    764.415251    853.857554    865.843201    960.875648    973.587699    1074.210289    1087.648743    1193.861477    1208.026334    1319.829212    1334.720471    1452.113494    1467.731156    1590.714323    1607.058387    1735.631698    1752.702166    1886.865620    1904.662491    2044.416089    2062.939363    2208.283105    2227.532781    2378.466667    2398.442747    2554.966777    2575.669259    2737.783433    2759.212318    2926.916636    
1.118407    0.625417    0.972827    6.594554    7.636784    18.880237    20.617288    37.482468    39.914338    62.401245    65.527936    93.636569    97.458080    131.188440    135.704771    175.056857    180.268009    225.241822    231.147793    281.743333    288.344125    344.561391    351.857003    413.695996    421.686428    489.147148    497.832400    570.914846    580.294918    658.999092    669.073984    753.399884    764.169596    854.117223    865.581755    961.151109    973.310461    1074.501541    1087.355714    1194.168521    1207.717514    1320.152047    1334.395860    1452.452120    1467.390753    1591.068740    1606.702193    1736.001907    1752.330180    1887.251620    1904.274714    2044.817881    2062.535794    2208.700688    2227.113422    2378.900042    2398.007596    2555.415943    2575.218317    2738.248390    2758.745585    2927.397385    
1.124690    0.632464    0.964083    6.617392    7.612248    18.918867    20.576961    37.536889    39.858220    62.471457    65.456026    93.722573    97.370378    131.290235    135.601278    175.174444    180.148725    225.375200    231.012718    281.892502    288.193258    344.726352    351.690345    413.876748    421.503978    489.343691    497.634159    571.127181    580.080886    659.227218    668.844160    753.643801    763.923981    854.376932    865.320349    961.426609    973.033264    1074.792833    1087.062725    1194.475604    1207.408733    1320.474921    1334.071288    1452.790786    1467.050390    1591.423197    1606.346039    1736.372155    1751.958234    1887.637660    1903.886977    2045.219712    2062.132266    2209.118310    2226.694102    2379.333456    2397.572485    2555.865148    2574.767414    2738.713387    2758.278890    2927.878173    
1.130973    0.639550    0.955378    6.640270    7.587752    18.957536    20.536673    37.591349    39.802141    62.541709    65.384155    93.808616    97.282717    131.392069    135.497825    175.292070    180.029480    225.508617    230.877682    282.041711    288.042431    344.891352    351.523726    414.057540    421.321568    489.540274    497.435957    571.339555    579.866893    659.455383    668.614376    753.887758    763.678406    854.636680    865.058982    961.702149    972.756105    1075.084164    1086.769775    1194.782726    1207.099992    1320.797835    1333.746756    1453.129491    1466.710067    1591.777693    1605.989924    1736.742443    1751.586328    1888.023739    1903.499279    2045.621582    2061.728777    2209.535972    2226.274821    2379.766909    2397.137413    2556.314392    2574.316551    2739.178423    2757.812236    2928.359000    
1.137257    0.646676    0.946712    6.663187    7.563295    18.996245    20.496425    37.645849    39.746101    62.612000    65.312324    93.894699    97.195094    131.493944    135.394411    175.409735    179.910275    225.642074    230.742685    282.190959    287.891643    345.056391    351.357147    414.238370    421.139198    489.736896    497.237796    571.551969    579.652940    659.683588    668.384632    754.131755    763.432870    854.896468    864.797655    961.977728    972.478987    1075.375534    1086.476865    1195.089888    1206.791291    1321.120788    1333.422263    1453.468235    1466.369782    1592.132229    1605.633848    1737.112770    1751.214461    1888.409858    1903.111621    2046.023492    2061.325327    2209.953674    2225.855580    2380.200402    2396.702380    2556.763677    2573.865727    2739.643498    2757.345621    2928.839867    
1.143540    0.653842    0.938086    6.686144    7.538878    19.034993    20.456216    37.700389    39.690101    62.682331    65.240533    93.980821    97.107511    131.595857    135.291037    175.527440    179.791109    225.775570    230.607728    282.340247    287.740894    345.221470    351.190607    414.419241    420.956867    489.933558    497.039673    571.764422    579.439026    659.911833    668.154926    754.375790    763.187373    855.156295    864.536367    962.253346    972.201907    1075.666944    1086.183995    1195.397089    1206.482629    1321.443781    1333.097810    1453.807019    1466.029538    1592.486805    1605.277812    1737.483137    1750.842634    1888.796016    1902.724002    2046.425442    2060.921917    2210.371414    2225.436379    2380.633934    2396.267387    2557.213000    2573.414943    2740.108613    2756.879045    2929.320773    
1.149823    0.661046    0.929500    6.709140    7.514500    19.073780    20.416047    37.754968    39.634140    62.752702    65.168781    94.066982    97.019968    131.697810    135.187702    175.645185    179.671983    225.909106    230.472811    282.489574    287.590186    345.386589    351.024107    414.600151    420.774575    490.130259    496.841590    571.976915    579.225152    660.140117    667.925261    754.619866    762.941916    855.416162    864.275119    962.529004    971.924868    1075.958394    1085.891164    1195.704330    1206.174006    1321.766813    1332.773396    1454.145843    1465.689332    1592.841420    1604.921816    1737.853543    1750.470846    1889.182214    1902.336422    2046.827431    2060.518546    2210.789195    2225.017216    2381.067506    2395.832434    2557.662363    2572.964198    2740.573768    2756.412509    2929.801719    
1.156106    0.668291    0.920953    6.732176    7.490161    19.112607    20.375917    37.809586    39.578219    62.823111    65.097068    94.153184    96.932464    131.799803    135.084407    175.762968    179.552897    226.042681    230.337933    282.638941    287.439516    345.551747    350.857646    414.781100    420.592323    490.327000    496.643547    572.189447    579.011317    660.368440    667.695634    754.863981    762.696499    855.676068    864.013910    962.804702    971.647867    1076.249883    1085.598372    1196.011610    1205.865423    1322.089885    1332.449021    1454.484706    1465.349167    1593.196074    1604.565858    1738.223989    1750.099097    1889.568451    1901.948882    2047.229459    2060.115215    2211.207015    2224.598094    2381.501117    2395.397520    2558.111766    2572.513493    2741.038962    2755.946012    2930.282704    
1.162389    0.675574    0.912445    6.755251    7.465862    19.151474    20.335826    37.864244    39.522337    62.893561    65.025395    94.239424    96.845000    131.901835    134.981151    175.880792    179.433849    226.176296    230.203094    282.788347    287.288886    345.716944    350.691225    414.962089    420.410110    490.523780    496.445543    572.402018    578.797522    660.596803    667.466048    755.108135    762.451121    855.936013    863.752740    963.080439    971.370906    1076.541411    1085.305620    1196.318930    1205.556880    1322.412996    1332.124687    1454.823608    1465.009040    1593.550768    1604.209941    1738.594474    1749.727388    1889.954727    1901.561382    2047.631527    2059.711923    2211.624874    2224.179011    2381.934767    2394.962645    2558.561208    2572.062827    2741.504195    2755.479555    2930.763729    
1.168672    0.682898    0.903977    6.778365    7.441603    19.190380    20.295776    37.918941    39.466495    62.964049    64.953762    94.325704    96.757575    132.003906    134.877935    175.998655    179.314842    226.309950    230.068295    282.937792    287.138296    345.882181    350.524843    415.143117    420.227937    490.720600    496.247578    572.614629    578.583766    660.825205    667.236500    755.352329    762.205782    856.195999    863.491610    963.356215    971.093985    1076.832979    1085.012907    1196.626289    1205.248376    1322.736146    1331.800391    1455.162550    1464.668953    1593.905501    1603.854062    1738.964999    1749.355718    1890.341043    1901.173921    2048.033635    2059.308671    2212.042773    2223.759967    2382.368458    2394.527810    2559.010689    2571.612200    2741.969468    2755.013137    2931.244793    
1.174956    0.690260    0.895548    6.801519    7.417383    19.229325    20.255764    37.973678    39.410692    63.034577    64.882167    94.412024    96.670189    132.106017    134.774758    176.116557    179.195873    226.443644    229.933536    283.087277    286.987745    346.047458    350.358501    415.324185    420.045804    490.917459    496.049653    572.827280    578.370050    661.053647    667.006993    755.596562    761.960483    856.456023    863.230520    963.632031    970.817103    1077.124586    1084.720234    1196.933688    1204.939911    1323.059336    1331.476135    1455.501532    1464.328906    1594.260274    1603.498224    1739.335563    1748.984088    1890.727399    1900.786500    2048.435782    2058.905458    2212.460711    2223.340963    2382.802187    2394.093015    2559.460210    2571.161613    2742.434780    2754.546759    2931.725897    
1.181239    0.697663    0.887159    6.824713    7.393202    19.268310    20.215792    38.028454    39.354929    63.105145    64.810613    94.498383    96.582843    132.208167    134.671621    176.234499    179.076945    226.577377    229.798816    283.236802    286.837233    346.212773    350.192198    415.505292    419.863709    491.114357    495.851768    573.039970    578.156373    661.282129    666.777524    755.840835    761.715223    856.716087    862.969469    963.907887    970.540261    1077.416233    1084.427600    1197.241126    1204.631486    1323.382566    1331.151919    1455.840553    1463.988898    1594.615086    1603.142425    1739.706167    1748.612498    1891.113794    1900.399118    2048.837968    2058.502285    2212.878689    2222.921998    2383.235956    2393.658259    2559.909771    2570.711066    2742.900132    2754.080420    2932.207040    
1.187522    0.705104    0.878809    6.847946    7.369061    19.307335    20.175860    38.083270    39.299205    63.175752    64.739098    94.584781    96.495537    132.310357    134.568523    176.352480    178.958055    226.711149    229.664135    283.386366    286.686761    346.378129    350.025935    415.686439    419.681655    491.311296    495.653921    573.252699    577.942735    661.510650    666.548096    756.085147    761.470003    856.976191    862.708457    964.183782    970.263458    1077.707919    1084.135006    1197.548604    1204.323100    1323.705835    1330.827742    1456.179613    1463.648930    1594.969938    1602.786665    1740.076810    1748.240947    1891.500228    1900.011775    2049.240194    2058.099151    2213.296706    2222.503073    2383.669765    2393.223542    2560.359371    2570.260558    2743.365523    2753.614121    2932.688223    
1.193805    0.712585    0.870499    6.871219    7.344960    19.346399    20.135967    38.138125    39.243521    63.246399    64.667622    94.671219    96.408270    132.412587    134.465464    176.470501    178.839206    226.844961    229.529494    283.535969    286.536329    346.543524    349.859711    415.867625    419.499639    491.508273    495.456115    573.465468    577.729137    661.739210    666.318706    756.329498    761.224822    857.236334    862.447485    964.459716    969.986694    1077.999645    1083.842451    1197.856121    1204.014754    1324.029144    1330.503604    1456.518713    1463.309001    1595.324829    1602.430944    1740.447492    1747.869435    1891.886702    1899.624472    2049.642459    2057.696056    2213.714763    2222.084187    2384.103613    2392.788865    2560.809010    2569.810089    2743.830954    2753.147861    2933.169445    
1.200088    0.720106    0.862228    6.894531    7.320897    19.385502    20.096113    38.193020    39.187876    63.317085    64.596186    94.757697    96.321042    132.514855    134.362445    176.588561    178.720395    226.978813    229.394892    283.685612    286.385936    346.708958    349.693526    416.048851    419.317664    491.705290    495.258348    573.678276    577.515579    661.967810    666.089356    756.573890    760.979681    857.496516    862.186552    964.735690    969.709970    1078.291410    1083.549935    1198.163677    1203.706447    1324.352492    1330.179506    1456.857852    1462.969111    1595.679760    1602.075264    1740.818215    1747.497963    1892.273216    1899.237209    2050.044764    2057.293001    2214.132859    2221.665341    2384.537501    2392.354227    2561.258689    2569.359660    2744.296425    2752.681640    2933.650707    
1.206372    0.727666    0.853997    6.917882    7.296875    19.424645    20.056299    38.247954    39.132271    63.387811    64.524789    94.844214    96.233854    132.617164    134.259466    176.706661    178.601625    227.112704    229.260330    283.835295    286.235582    346.874432    349.527381    416.230116    419.135727    491.902347    495.060620    573.891124    577.302060    662.196449    665.860046    756.818320    760.734579    857.756738    861.925659    965.011703    969.433286    1078.583215    1083.257460    1198.471274    1203.398180    1324.675879    1329.855447    1457.197031    1462.629261    1596.034730    1601.719622    1741.188976    1747.126530    1892.659769    1898.849985    2050.447108    2056.889986    2214.550995    2221.246534    2384.971428    2391.919629    2561.708408    2568.909271    2744.761934    2752.215460    2934.132008    
1.212655    0.735266    0.845805    6.941273    7.272892    19.463827    20.016525    38.302928    39.076705    63.458576    64.453432    94.930770    96.146705    132.719512    134.156526    176.824800    178.482893    227.246635    229.125807    283.985016    286.085268    347.039945    349.361276    416.411420    418.953831    492.099443    494.862932    574.104012    577.088580    662.425128    665.630775    757.062790    760.489517    858.017000    861.664806    965.287756    969.156641    1078.875059    1082.965023    1198.778909    1203.089952    1324.999306    1329.531428    1457.536249    1462.289451    1596.389740    1601.364021    1741.559777    1746.755137    1893.046361    1898.462800    2050.849492    2056.487010    2214.969170    2220.827767    2385.405394    2391.485070    2562.158165    2568.458921    2745.227484    2751.749318    2934.613348    
1.218938    0.742905    0.837653    6.964703    7.248948    19.503049    19.976790    38.357941    39.021179    63.529380    64.382114    95.017366    96.059596    132.821899    134.053625    176.942978    178.364201    227.380605    228.991324    284.134778    285.934994    347.205498    349.195210    416.592765    418.771973    492.296578    494.665283    574.316939    576.875140    662.653846    665.401544    757.307300    760.244494    858.277301    861.403991    965.563848    968.880035    1079.166943    1082.672626    1199.086584    1202.781764    1325.322772    1329.207449    1457.875507    1461.949680    1596.744789    1601.008458    1741.930618    1746.383783    1893.432993    1898.075655    2051.251915    2056.084074    2215.387384    2220.409039    2385.839400    2391.050551    2562.607963    2568.008610    2745.693072    2751.283216    2935.094729    
1.225221    0.750583    0.829540    6.988173    7.225044    19.542310    19.937094    38.412994    38.965692    63.600224    64.310836    95.104001    95.972527    132.924326    133.950764    177.061196    178.245549    227.514614    228.856880    284.284579    285.784759    347.371090    349.029184    416.774148    418.590155    492.493753    494.467674    574.529905    576.661739    662.882603    665.172352    757.551849    759.999511    858.537641    861.143217    965.839980    968.603469    1079.458866    1082.380269    1199.394299    1202.473615    1325.646278    1328.883508    1458.214805    1461.609948    1597.099878    1600.652935    1742.301498    1746.012469    1893.819664    1897.688549    2051.654378    2055.681177    2215.805638    2219.990351    2386.273446    2390.616072    2563.057800    2567.558339    2746.158700    2750.817154    2935.576148    
1.231504    0.758301    0.821467    7.011683    7.201179    19.581611    19.897438    38.468086    38.910244    63.671108    64.239597    95.190676    95.885497    133.026792    133.847943    177.179454    178.126936    227.648663    228.722476    284.434419    285.634563    347.536722    348.863197    416.955571    418.408377    492.690968    494.270104    574.742911    576.448378    663.111401    664.943199    757.796437    759.754567    858.798021    860.882481    966.116151    968.326943    1079.750829    1082.087951    1199.702053    1202.165506    1325.969824    1328.559608    1458.554141    1461.270256    1597.455006    1600.297452    1742.672417    1745.641194    1894.206375    1897.301483    2052.056880    2055.278319    2216.223932    2219.571702    2386.707531    2390.181631    2563.507676    2567.108108    2746.624368    2750.351131    2936.057607    
1.237788    0.766059    0.813433    7.035232    7.177354    19.620951    19.857822    38.523218    38.854836    63.742031    64.168398    95.277391    95.798506    133.129297    133.745161    177.297751    178.008363    227.782752    228.588111    284.584299    285.484407    347.702393    348.697249    417.137034    418.226638    492.888221    494.072574    574.955956    576.235057    663.340237    664.714086    758.041065    759.509663    859.058440    860.621786    966.392362    968.050456    1080.042831    1081.795673    1200.009846    1201.857436    1326.293408    1328.235747    1458.893517    1460.930604    1597.810173    1599.942008    1743.043376    1745.269959    1894.593126    1896.914456    2052.459422    2054.875501    2216.642265    2219.153092    2387.141655    2389.747230    2563.957592    2566.657915    2747.090075    2749.885147    2936.539106    
1.244071    0.773856    0.805439    7.058820    7.153568    19.660331    19.818245    38.578389    38.799468    63.812993    64.097238    95.364145    95.711555    133.231843    133.642418    177.416088    177.889829    227.916879    228.453786    284.734218    285.334290    347.868104    348.531341    417.318536    418.044939    493.085515    493.875083    575.169041    576.021775    663.569113    664.485013    758.285733    759.264798    859.318899    860.361129    966.668612    967.774008    1080.334872    1081.503434    1200.317679    1201.549406    1326.617033    1327.911925    1459.232933    1460.590991    1598.165380    1599.586603    1743.414374    1744.898763    1894.979915    1896.527469    2052.862003    2054.472722    2217.060638    2218.734522    2387.575819    2389.312869    2564.407547    2566.207763    2747.555822    2749.419203    2937.020644    
1.250354    0.781692    0.797484    7.082448    7.129822    19.699750    19.778707    38.633599    38.744139    63.883995    64.026117    95.450938    95.624643    133.334427    133.539715    177.534464    177.771334    228.051047    228.319500    284.884177    285.184213    348.033854    348.365472    417.500077    417.863279    493.282848    493.677632    575.382165    575.808532    663.798029    664.255979    758.530440    759.019972    859.579398    860.100513    966.944902    967.497600    1080.626953    1081.211234    1200.625552    1201.241415    1326.940697    1327.588143    1459.572388    1460.251417    1598.520627    1599.231238    1743.785412    1744.527607    1895.366745    1896.140522    2053.264624    2054.069983    2217.479050    2218.315992    2388.010022    2388.878547    2564.857542    2565.757650    2748.021608    2748.953299    2937.502221    
1.256637    0.789568    0.789568    7.106115    7.106115    19.739209    19.739209    38.688849    38.688849    63.955037    63.955037    95.537771    95.537771    133.437052    133.437052    177.652879    177.652879    228.185254    228.185254    285.034175    285.034175    348.199643    348.199643    417.681658    417.681658    493.480220    493.480220    575.595329    575.595329    664.026984    664.026984    758.775186    758.775186    859.839935    859.839935    967.221231    967.221231    1080.919074    1080.919074    1200.933464    1200.933464    1327.264400    1327.264400    1459.911883    1459.911883    1598.875913    1598.875913    1744.156490    1744.156490    1895.753613    1895.753613    2053.667284    2053.667284    2217.897501    2217.897501    2388.444265    2388.444265    2565.307576    2565.307576    2748.487434    2748.487434    2937.983838    
