-0.785398    -14.790195    -10.545218    -6.669359    -3.383925    0.050309    0.997334    7.231363    7.253833    16.852165    16.852260    29.064523    29.064523    43.798526    43.798527    61.026538    61.026662    80.736684    80.750062    102.932798    103.641375    128.237567    
-0.781471    -14.790195    -10.545218    -6.669360    -3.383914    0.050175    0.997500    7.219142    7.266073    16.824888    16.879554    29.030831    29.098231    43.758574    43.838494    60.980370    61.072846    80.684319    80.802432    102.874255    103.699768    128.172981    
-0.777544    -14.790195    -10.545218    -6.669363    -3.383882    0.049773    0.998000    7.199928    7.285341    16.797579    16.906911    28.997154    29.131955    43.718638    43.878477    60.934217    61.119045    80.631970    80.854816    102.815727    103.758177    128.108411    
-0.773617    -14.790195    -10.545218    -6.669369    -3.383827    0.049103    0.998832    7.179863    7.305495    16.770286    16.934285    28.963494    29.165694    43.678717    43.918475    60.888080    61.165259    80.579637    80.907217    102.757215    103.816601    128.043857    
-0.769690    -14.790195    -10.545218    -6.669378    -3.383751    0.048167    0.999995    7.159575    7.325909    16.743009    16.961675    28.929849    29.199449    43.638812    43.958489    60.841958    61.211489    80.527319    80.959632    102.698719    103.875041    127.979317    
-0.765763    -14.790195    -10.545217    -6.669388    -3.383653    0.046968    1.001486    7.139207    7.346440    16.715749    16.989081    28.896219    29.233220    43.598923    43.998519    60.795852    61.257735    80.475017    81.012063    102.640238    103.933497    127.914794    
-0.761836    -14.790195    -10.545216    -6.669401    -3.383534    0.045507    1.003304    7.118806    7.367038    16.688505    17.016503    28.862606    29.267007    43.559049    44.038564    60.749761    61.303996    80.422730    81.064510    102.581772    103.991968    127.850286    
-0.757909    -14.790195    -10.545216    -6.669417    -3.383393    0.043788    1.005445    7.098395    7.387684    16.661277    17.043941    28.829008    29.300809    43.519191    44.078625    60.703686    61.350272    80.370459    81.116972    102.523322    104.050454    127.785793    
-0.753982    -14.790195    -10.545215    -6.669434    -3.383230    0.041814    1.007906    7.077984    7.408365    16.634065    17.071396    28.795426    29.334627    43.479348    44.118701    60.657627    61.396564    80.318203    81.169450    102.464887    104.108956    127.721316    
-0.750055    -14.790195    -10.545214    -6.669454    -3.383046    0.039590    1.010682    7.057578    7.429077    16.606869    17.098866    28.761860    29.368461    43.439521    44.158793    60.611583    61.442872    80.265962    81.221943    102.406468    104.167474    127.656854    
-0.746128    -14.790195    -10.545213    -6.669477    -3.382840    0.037119    1.013769    7.037183    7.449814    16.579690    17.126353    28.728309    29.402311    43.399710    44.198901    60.565554    61.489195    80.213737    81.274451    102.348064    104.226007    127.592408    
-0.742201    -14.790195    -10.545212    -6.669501    -3.382612    0.034408    1.017162    7.016799    7.470576    16.552526    17.153856    28.694775    29.436176    43.359914    44.239024    60.519541    61.535534    80.161527    81.326975    102.289676    104.284556    127.527977    
-0.738274    -14.790195    -10.545210    -6.669528    -3.382363    0.031460    1.020856    6.996429    7.491361    16.525379    17.181375    28.661256    29.470057    43.320134    44.279162    60.473544    61.581888    80.109333    81.379515    102.231303    104.343120    127.463562    
-0.734347    -14.790195    -10.545209    -6.669558    -3.382093    0.028282    1.024846    6.976073    7.512166    16.498248    17.208911    28.627752    29.503954    43.280369    44.319317    60.427561    61.628257    80.057155    81.432070    102.172946    104.401700    127.399163    
-0.730420    -14.790195    -10.545207    -6.669589    -3.381801    0.024879    1.029126    6.955733    7.532993    16.471134    17.236462    28.594265    29.537866    43.240620    44.359486    60.381595    61.674642    80.004992    81.484641    102.114604    104.460295    127.334778    
-0.726493    -14.790195    -10.545206    -6.669623    -3.381488    0.021258    1.033690    6.935409    7.553839    16.444035    17.264030    28.560793    29.571795    43.200886    44.399672    60.335644    61.721043    79.952844    81.537227    102.056278    104.518906    127.270410    
-0.722566    -14.790195    -10.545204    -6.669660    -3.381153    0.017424    1.038531    6.915101    7.574706    16.416953    17.291613    28.527337    29.605739    43.161168    44.439873    60.289708    61.767459    79.900712    81.589828    101.997967    104.577532    127.206057    
-0.718639    -14.790195    -10.545202    -6.669698    -3.380797    0.013385    1.043643    6.894810    7.595591    16.389887    17.319213    28.493897    29.639698    43.121466    44.480089    60.243789    61.813891    79.848595    81.642445    101.939671    104.636174    127.141719    
-0.714712    -14.790195    -10.545200    -6.669739    -3.380420    0.009145    1.049020    6.874536    7.616496    16.362837    17.346829    28.460472    29.673674    43.081779    44.520321    60.197884    61.860338    79.796494    81.695078    101.881391    104.694831    127.077397    
-0.710785    -14.790195    -10.545198    -6.669782    -3.380022    0.004714    1.054655    6.854279    7.637419    16.335803    17.374461    28.427063    29.707665    43.042108    44.560569    60.151995    61.906800    79.744408    81.747725    101.823126    104.753504    127.013091    
-0.706858    -14.790195    -10.545196    -6.669827    -3.379602    0.000096    1.060542    6.834039    7.658362    16.308786    17.402109    28.393670    29.741672    43.002452    44.600832    60.106122    61.953279    79.692338    81.800389    101.764877    104.812193    126.948799    
-0.702931    -14.790195    -10.545194    -6.669875    -3.379162    -0.004702    1.066673    6.813817    7.679322    16.281785    17.429774    28.360293    29.775694    42.962812    44.641111    60.060264    61.999772    79.640283    81.853068    101.706644    104.870897    126.884524    
-0.699004    -14.790195    -10.545191    -6.669925    -3.378701    -0.009672    1.073043    6.793612    7.700302    16.254800    17.457454    28.326931    29.809733    42.923188    44.681406    60.014421    62.046281    79.588244    81.905762    101.648425    104.929616    126.820264    
-0.695077    -14.790195    -10.545189    -6.669977    -3.378219    -0.014808    1.079644    6.773425    7.721299    16.227831    17.485151    28.293586    29.843787    42.883579    44.721716    59.968594    62.092806    79.536220    81.958472    101.590223    104.988351    126.756019    
-0.691150    -14.790195    -10.545186    -6.670031    -3.377716    -0.020104    1.086470    6.753256    7.742315    16.200878    17.512864    28.260256    29.877857    42.843986    44.762041    59.922783    62.139346    79.484212    82.011197    101.532035    105.047102    126.691790    
-0.687223    -14.790196    -10.545184    -6.670088    -3.377192    -0.025552    1.093515    6.733104    7.763349    16.173942    17.540593    28.226941    29.911942    42.804408    44.802382    59.876987    62.185902    79.432219    82.063938    101.473864    105.105868    126.627577    
-0.683296    -14.790196    -10.545181    -6.670146    -3.376648    -0.031147    1.100772    6.712971    7.784402    16.147022    17.568338    28.193643    29.946043    42.764846    44.842739    59.831207    62.232473    79.380241    82.116695    101.415707    105.164650    126.563379    
-0.679369    -14.790196    -10.545178    -6.670207    -3.376083    -0.036881    1.108235    6.692855    7.805472    16.120118    17.596099    28.160360    29.980160    42.725299    44.883111    59.785442    62.279060    79.328280    82.169466    101.357566    105.223447    126.499196    
-0.675442    -14.790196    -10.545175    -6.670270    -3.375498    -0.042750    1.115897    6.672758    7.826560    16.093230    17.623876    28.127093    30.014293    42.685768    44.923499    59.739693    62.325662    79.276333    82.222254    101.299441    105.282260    126.435029    
-0.671515    -14.790196    -10.545172    -6.670335    -3.374893    -0.048746    1.123753    6.652679    7.847667    16.066359    17.651670    28.093842    30.048441    42.646253    44.963903    59.693959    62.372280    79.224402    82.275057    101.241331    105.341088    126.370878    
-0.667588    -14.790196    -10.545169    -6.670402    -3.374267    -0.054863    1.131797    6.632617    7.868791    16.039504    17.679480    28.060606    30.082606    42.606753    45.004322    59.648240    62.418913    79.172487    82.327875    101.183237    105.399932    126.306742    
-0.663661    -14.790196    -10.545165    -6.670471    -3.373621    -0.061097    1.140023    6.612574    7.889934    16.012665    17.707305    28.027387    30.116785    42.567269    45.044756    59.602538    62.465562    79.120587    82.380709    101.125158    105.458791    126.242621    
-0.659734    -14.790196    -10.545162    -6.670543    -3.372956    -0.067440    1.148425    6.592549    7.911094    15.985842    17.735147    27.994183    30.150981    42.527800    45.085206    59.556850    62.512226    79.068702    82.433558    101.067094    105.517666    126.178516    
-0.655807    -14.790196    -10.545158    -6.670616    -3.372270    -0.073888    1.156998    6.572543    7.932272    15.959035    17.763005    27.960994    30.185192    42.488347    45.125672    59.511179    62.558906    79.016833    82.486422    101.009046    105.576556    126.114427    
-0.651880    -14.790196    -10.545155    -6.670692    -3.371565    -0.080435    1.165736    6.552554    7.953468    15.932245    17.790879    27.927822    30.219419    42.448910    45.166153    59.465522    62.605601    78.964979    82.539303    100.951013    105.635462    126.050353    
-0.647953    -14.790196    -10.545151    -6.670769    -3.370840    -0.087076    1.174635    6.532584    7.974682    15.905471    17.818769    27.894665    30.253662    42.409488    45.206650    59.419882    62.652312    78.913141    82.592198    100.892996    105.694384    125.986294    
-0.644026    -14.790196    -10.545147    -6.670849    -3.370095    -0.093806    1.183690    6.512632    7.995913    15.878713    17.846676    27.861524    30.287921    42.370082    45.247163    59.374256    62.699038    78.861319    82.645110    100.834994    105.753321    125.922251    
-0.640100    -14.790196    -10.545143    -6.670930    -3.369331    -0.100620    1.192895    6.492699    8.017163    15.851972    17.874598    27.828399    30.322195    42.330691    45.287691    59.328647    62.745780    78.809512    82.698036    100.777008    105.812273    125.858224    
-0.636173    -14.790196    -10.545139    -6.671013    -3.368548    -0.107513    1.202246    6.472784    8.038430    15.825246    17.902536    27.795290    30.356485    42.291316    45.328234    59.283052    62.792537    78.757720    82.750978    100.719037    105.871242    125.794212    
-0.632246    -14.790197    -10.545135    -6.671099    -3.367746    -0.114481    1.211739    6.452887    8.059715    15.798537    17.930491    27.762196    30.390790    42.251957    45.368794    59.237474    62.839310    78.705944    82.803936    100.661082    105.930225    125.730216    
-0.628319    -14.790197    -10.545131    -6.671186    -3.366925    -0.121519    1.221369    6.433008    8.081017    15.771844    17.958462    27.729118    30.425112    42.212613    45.409368    59.191911    62.886098    78.654183    82.856909    100.603142    105.989224    125.666235    
-0.624392    -14.790197    -10.545127    -6.671275    -3.366085    -0.128623    1.231133    6.413148    8.102338    15.745168    17.986449    27.696056    30.459449    42.173285    45.449959    59.146363    62.932902    78.602438    82.909898    100.545218    106.048239    125.602269    
-0.620465    -14.790197    -10.545122    -6.671366    -3.365226    -0.135789    1.241025    6.393307    8.123676    15.718508    18.014452    27.663010    30.493801    42.133972    45.490564    59.100831    62.979721    78.550708    82.962902    100.487309    106.107269    125.538319    
-0.616538    -14.790197    -10.545118    -6.671459    -3.364349    -0.143013    1.251043    6.373484    8.145032    15.691864    18.042471    27.629979    30.528170    42.094675    45.531186    59.055314    63.026556    78.498994    83.015921    100.429416    106.166315    125.474385    
-0.612611    -14.790197    -10.545113    -6.671554    -3.363453    -0.150290    1.261182    6.353679    8.166405    15.665236    18.070506    27.596964    30.562554    42.055394    45.571823    59.009813    63.073407    78.447295    83.068956    100.371538    106.225376    125.410466    
-0.608684    -14.790197    -10.545109    -6.671650    -3.362539    -0.157618    1.271440    6.333893    8.187796    15.638624    18.098557    27.563965    30.596954    42.016128    45.612476    58.964328    63.120272    78.395611    83.122007    100.313675    106.284453    125.346563    
-0.604757    -14.790197    -10.545104    -6.671749    -3.361607    -0.164993    1.281812    6.314126    8.209205    15.612029    18.126624    27.530982    30.631370    41.976877    45.653144    58.918857    63.167154    78.343944    83.175073    100.255828    106.343545    125.282675    
-0.600830    -14.790197    -10.545099    -6.671849    -3.360658    -0.172411    1.292295    6.294377    8.230632    15.585450    18.154708    27.498015    30.665801    41.937643    45.693827    58.873403    63.214051    78.292291    83.228154    100.197996    106.402653    125.218803    
-0.596903    -14.790197    -10.545094    -6.671950    -3.359690    -0.179869    1.302886    6.274647    8.252076    15.558887    18.182807    27.465063    30.700248    41.898423    45.734527    58.827964    63.260963    78.240654    83.281251    100.140180    106.461776    125.154946    
-0.592976    -14.790197    -10.545089    -6.672054    -3.358705    -0.187364    1.313583    6.254935    8.273537    15.532341    18.210923    27.432127    30.734711    41.859220    45.775242    58.782540    63.307891    78.189033    83.334364    100.082380    106.520915    125.091104    
-0.589049    -14.790198    -10.545084    -6.672159    -3.357703    -0.194893    1.324381    6.235242    8.295016    15.505811    18.239055    27.399207    30.769189    41.820032    45.815972    58.737132    63.354834    78.137427    83.387492    100.024594    106.580070    125.027279    
-0.585122    -14.790198    -10.545079    -6.672266    -3.356683    -0.202453    1.335279    6.215567    8.316513    15.479297    18.267202    27.366302    30.803684    41.780860    45.856718    58.691740    63.401793    78.085837    83.440635    99.966825    106.639240    124.963468    
-0.581195    -14.790198    -10.545074    -6.672374    -3.355647    -0.210040    1.346274    6.195911    8.338028    15.452799    18.295366    27.333414    30.838193    41.741703    45.897480    58.646363    63.448767    78.034262    83.493794    99.909070    106.698425    124.899673    
-0.577268    -14.790198    -10.545069    -6.672484    -3.354594    -0.217653    1.357362    6.176274    8.359560    15.426318    18.323546    27.300541    30.872719    41.702562    45.938257    58.601001    63.495757    77.982702    83.546968    99.851332    106.757626    124.835894    
-0.573341    -14.790198    -10.545063    -6.672596    -3.353524    -0.225288    1.368542    6.156656    8.381109    15.399853    18.351742    27.267684    30.907260    41.663436    45.979049    58.555655    63.542763    77.931158    83.600158    99.793608    106.816843    124.772130    
-0.569414    -14.790198    -10.545058    -6.672709    -3.352437    -0.232943    1.379811    6.137056    8.402676    15.373404    18.379954    27.234842    30.941817    41.624326    46.019858    58.510325    63.589783    77.879629    83.653363    99.735900    106.876075    124.708382    
-0.565487    -14.790198    -10.545052    -6.672823    -3.351335    -0.240616    1.391168    6.117475    8.424261    15.346972    18.408183    27.202017    30.976390    41.585232    46.060682    58.465010    63.636820    77.828116    83.706584    99.678208    106.935323    124.644649    
-0.561560    -14.790198    -10.545047    -6.672939    -3.350216    -0.248304    1.402608    6.097913    8.445863    15.320555    18.436427    27.169207    31.010979    41.546153    46.101521    58.419711    63.683872    77.776619    83.759821    99.620531    106.994586    124.580932    
-0.557633    -14.790198    -10.545041    -6.673057    -3.349082    -0.256005    1.414132    6.078369    8.467483    15.294156    18.464687    27.136413    31.045583    41.507090    46.142376    58.374427    63.730939    77.725137    83.813072    99.562869    107.053865    124.517230    
-0.553706    -14.790199    -10.545035    -6.673176    -3.347932    -0.263717    1.425736    6.058844    8.489120    15.267772    18.492964    27.103635    31.080203    41.468042    46.183247    58.329159    63.778022    77.673670    83.866340    99.505223    107.113159    124.453544    
-0.549779    -14.790199    -10.545030    -6.673296    -3.346767    -0.271438    1.437418    6.039339    8.510775    15.241405    18.521256    27.070872    31.114838    41.429010    46.224133    58.283906    63.825120    77.622219    83.919622    99.447593    107.172469    124.389873    
-0.545852    -14.790199    -10.545024    -6.673418    -3.345587    -0.279164    1.449177    6.019852    8.532447    15.215054    18.549565    27.038126    31.149489    41.389994    46.265034    58.238668    63.872234    77.570783    83.972921    99.389978    107.231794    124.326218    
-0.541925    -14.790199    -10.545018    -6.673541    -3.344391    -0.286896    1.461011    6.000383    8.554137    15.188719    18.577889    27.005395    31.184156    41.350993    46.305952    58.193447    63.919364    77.519363    84.026234    99.332378    107.291135    124.262578    
-0.537998    -14.790199    -10.545012    -6.673665    -3.343181    -0.294630    1.472918    5.980934    8.575844    15.162401    18.606230    26.972680    31.218839    41.312008    46.346884    58.148240    63.966508    77.467958    84.079564    99.274794    107.350491    124.198954    
-0.534071    -14.790199    -10.545006    -6.673791    -3.341957    -0.302365    1.484897    5.961504    8.597568    15.136098    18.634587    26.939980    31.253537    41.273038    46.387833    58.103050    64.013669    77.416569    84.132908    99.217225    107.409863    124.135345    
-0.530144    -14.790199    -10.545000    -6.673918    -3.340718    -0.310099    1.496946    5.942092    8.619311    15.109813    18.662960    26.907297    31.288252    41.234084    46.428797    58.057874    64.060845    77.365195    84.186268    99.159672    107.469250    124.071752    
-0.526217    -14.790199    -10.544994    -6.674046    -3.339465    -0.317830    1.509063    5.922700    8.641070    15.083543    18.691349    26.874629    31.322981    41.195146    46.469776    58.012715    64.108036    77.313837    84.239644    99.102134    107.528653    124.008175    
-0.522290    -14.790200    -10.544987    -6.674175    -3.338199    -0.325556    1.521246    5.903326    8.662847    15.057290    18.719754    26.841977    31.357727    41.156223    46.510771    57.967570    64.155243    77.262494    84.293035    99.044612    107.588072    123.944612    
-0.518363    -14.790200    -10.544981    -6.674305    -3.336919    -0.333277    1.533496    5.883971    8.684641    15.031053    18.748175    26.809341    31.392488    41.117316    46.551782    57.922442    64.202466    77.211167    84.346442    98.987105    107.647506    123.881066    
-0.514436    -14.790200    -10.544975    -6.674437    -3.335626    -0.340990    1.545809    5.864636    8.706453    15.004833    18.776612    26.776720    31.427265    41.078424    46.592808    57.877328    64.249703    77.159855    84.399864    98.929614    107.706955    123.817535    
-0.510509    -14.790200    -10.544968    -6.674569    -3.334320    -0.348694    1.558185    5.845319    8.728283    14.978628    18.805065    26.744116    31.462057    41.039548    46.633850    57.832231    64.296957    77.108559    84.453301    98.872138    107.766420    123.754019    
-0.506582    -14.790200    -10.544962    -6.674703    -3.333001    -0.356387    1.570623    5.826022    8.750129    14.952441    18.833534    26.711527    31.496866    41.000688    46.674907    57.787149    64.344226    77.057278    84.506754    98.814677    107.825901    123.690519    
-0.502655    -14.790200    -10.544955    -6.674837    -3.331669    -0.364068    1.583121    5.806743    8.771993    14.926269    18.862020    26.678954    31.531690    40.961843    46.715980    57.742082    64.391510    77.006012    84.560223    98.757232    107.885397    123.627034    
-0.498728    -14.790200    -10.544949    -6.674973    -3.330326    -0.371736    1.595678    5.787484    8.793875    14.900114    18.890521    26.646397    31.566529    40.923014    46.757069    57.697031    64.438810    76.954762    84.613707    98.699803    107.944909    123.563565    
-0.494801    -14.790200    -10.544942    -6.675109    -3.328970    -0.379389    1.608292    5.768244    8.815774    14.873975    18.919039    26.613855    31.601385    40.884200    46.798173    57.651995    64.486126    76.903528    84.667206    98.642389    108.004436    123.500112    
-0.490874    -14.790201    -10.544936    -6.675247    -3.327603    -0.387026    1.620964    5.749023    8.837690    14.847852    18.947572    26.581329    31.636256    40.845402    46.839292    57.606975    64.533456    76.852309    84.720721    98.584990    108.063978    123.436673    
-0.486947    -14.790201    -10.544929    -6.675385    -3.326224    -0.394645    1.633692    5.729821    8.859624    14.821746    18.976122    26.548820    31.671143    40.806620    46.880427    57.561971    64.580803    76.801105    84.774252    98.527607    108.123537    123.373251    
-0.483020    -14.790201    -10.544922    -6.675524    -3.324834    -0.402246    1.646474    5.710638    8.881574    14.795656    19.004687    26.516325    31.706045    40.767853    46.921578    57.516982    64.628165    76.749917    84.827798    98.470240    108.183110    123.309844    
-0.479093    -14.790201    -10.544916    -6.675664    -3.323434    -0.409827    1.659311    5.691474    8.903543    14.769582    19.033269    26.483847    31.740963    40.729102    46.962744    57.472008    64.675542    76.698745    84.881359    98.412887    108.242700    123.246452    
-0.475166    -14.790201    -10.544909    -6.675804    -3.322023    -0.417387    1.672200    5.672330    8.925529    14.743525    19.061866    26.451385    31.775897    40.690366    47.003926    57.427050    64.722935    76.647588    84.934936    98.355551    108.302305    123.183076    
-0.471239    -14.790201    -10.544902    -6.675946    -3.320601    -0.424925    1.685141    5.653205    8.947532    14.717484    19.090480    26.418938    31.810847    40.651646    47.045124    57.382108    64.770344    76.596446    84.988528    98.298229    108.361925    123.119716    
-0.467312    -14.790201    -10.544895    -6.676088    -3.319170    -0.432439    1.698133    5.634099    8.969552    14.691460    19.119110    26.386507    31.845812    40.612942    47.086336    57.337181    64.817768    76.545320    85.042136    98.240924    108.421561    123.056371    
-0.463385    -14.790202    -10.544888    -6.676231    -3.317729    -0.439929    1.711176    5.615013    8.991590    14.665451    19.147756    26.354092    31.880793    40.574253    47.127565    57.292269    64.865207    76.494210    85.095759    98.183633    108.481212    122.993041    
-0.459458    -14.790202    -10.544881    -6.676374    -3.316279    -0.447394    1.724268    5.595946    9.013645    14.639460    19.176417    26.321692    31.915790    40.535580    47.168809    57.247374    64.912662    76.443115    85.149398    98.126359    108.540879    122.929727    
-0.455531    -14.790202    -10.544874    -6.676518    -3.314819    -0.454832    1.737408    5.576898    9.035717    14.613484    19.205095    26.289309    31.950802    40.496922    47.210069    57.202493    64.960132    76.392035    85.203053    98.069099    108.600562    122.866429    
-0.451604    -14.790202    -10.544867    -6.676662    -3.313351    -0.462242    1.750597    5.557870    9.057807    14.587525    19.233789    26.256941    31.985830    40.458280    47.251344    57.157628    65.007618    76.340971    85.256722    98.011855    108.660260    122.803146    
-0.447677    -14.790202    -10.544860    -6.676807    -3.311875    -0.469624    1.763832    5.538861    9.079913    14.561582    19.262499    26.224589    32.020874    40.419654    47.292635    57.112779    65.055120    76.289922    85.310408    97.954627    108.719973    122.739878    
-0.443750    -14.790202    -10.544853    -6.676953    -3.310390    -0.476977    1.777114    5.519872    9.102038    14.535656    19.291225    26.192253    32.055933    40.381043    47.333941    57.067945    65.102637    76.238889    85.364108    97.897414    108.779702    122.676626    
-0.439823    -14.790202    -10.544846    -6.677099    -3.308897    -0.484299    1.790442    5.500902    9.124179    14.509746    19.319967    26.159933    32.091009    40.342448    47.375263    57.023127    65.150169    76.187871    85.417824    97.840216    108.839447    122.613390    
-0.435896    -14.790203    -10.544839    -6.677245    -3.307398    -0.491589    1.803814    5.481951    9.146338    14.483852    19.348725    26.127628    32.126099    40.303868    47.416600    56.978324    65.197717    76.136869    85.471556    97.783034    108.899207    122.550169    
-0.431969    -14.790203    -10.544832    -6.677392    -3.305891    -0.498848    1.817232    5.463020    9.168514    14.457975    19.377499    26.095339    32.161206    40.265304    47.457953    56.933537    65.245281    76.085882    85.525303    97.725868    108.958982    122.486964    
-0.428042    -14.790203    -10.544825    -6.677539    -3.304377    -0.506073    1.830692    5.444109    9.190707    14.432114    19.406289    26.063066    32.196328    40.226756    47.499322    56.888765    65.292860    76.034911    85.579066    97.668716    109.018774    122.423774    
-0.424115    -14.790203    -10.544818    -6.677686    -3.302856    -0.513264    1.844196    5.425217    9.212918    14.406269    19.435095    26.030809    32.231466    40.188223    47.540706    56.844009    65.340454    75.983955    85.632844    97.611581    109.078580    122.360599    
-0.420188    -14.790203    -10.544811    -6.677833    -3.301330    -0.520420    1.857743    5.406345    9.235146    14.380441    19.463918    25.998568    32.266620    40.149706    47.582106    56.799268    65.388064    75.933015    85.686638    97.554461    109.138403    122.297440    
-0.416261    -14.790203    -10.544803    -6.677981    -3.299798    -0.527540    1.871332    5.387493    9.257391    14.354629    19.492756    25.966342    32.301789    40.111205    47.623521    56.754543    65.435689    75.882090    85.740447    97.497356    109.198240    122.234297    
-0.412334    -14.790203    -10.544796    -6.678129    -3.298260    -0.534624    1.884962    5.368660    9.279653    14.328833    19.521610    25.934133    32.336974    40.072719    47.664952    56.709833    65.483330    75.831180    85.794271    97.440267    109.258094    122.171169    
-0.408407    -14.790204    -10.544789    -6.678277    -3.296717    -0.541670    1.898632    5.349847    9.301933    14.303054    19.550480    25.901939    32.372174    40.034248    47.706398    56.665139    65.530987    75.780287    85.848111    97.383193    109.317962    122.108057    
-0.404480    -14.790204    -10.544782    -6.678426    -3.295170    -0.548678    1.912344    5.331054    9.324230    14.277292    19.579367    25.869760    32.407391    39.995794    47.747860    56.620461    65.578659    75.729408    85.901967    97.326135    109.377847    122.044960    
-0.400553    -14.790204    -10.544775    -6.678574    -3.293618    -0.555646    1.926095    5.312280    9.346544    14.251545    19.608269    25.837598    32.442623    39.957354    47.789338    56.575798    65.626346    75.678545    85.955838    97.269092    109.437746    121.981879    
-0.396626    -14.790204    -10.544768    -6.678722    -3.292062    -0.562575    1.939885    5.293527    9.368875    14.225815    19.637187    25.805452    32.477870    39.918931    47.830831    56.531150    65.674049    75.627698    86.009724    97.212064    109.497662    121.918813    
-0.392699    -14.790204    -10.544760    -6.678871    -3.290502    -0.569463    1.953715    5.274793    9.391223    14.200102    19.666121    25.773321    32.513134    39.880523    47.872339    56.486518    65.721768    75.576866    86.063626    97.155052    109.557593    121.855763    
-0.388772    -14.790204    -10.544753    -6.679019    -3.288940    -0.576310    1.967582    5.256079    9.413589    14.174405    19.695072    25.741206    32.548413    39.842131    47.913863    56.441902    65.769502    75.526049    86.117544    97.098056    109.617539    121.792728    
-0.384845    -14.790205    -10.544746    -6.679167    -3.287374    -0.583115    1.981488    5.237385    9.435972    14.148724    19.724038    25.709107    32.583708    39.803754    47.955403    56.397301    65.817251    75.475248    86.171477    97.041075    109.677501    121.729708    
-0.380918    -14.790205    -10.544739    -6.679315    -3.285805    -0.589876    1.995432    5.218711    9.458372    14.123060    19.753020    25.677024    32.619018    39.765393    47.996958    56.352715    65.865016    75.424463    86.225425    96.984109    109.737479    121.666705    
-0.376991    -14.790205    -10.544732    -6.679463    -3.284235    -0.596594    2.009412    5.200057    9.480789    14.097412    19.782019    25.644956    32.654344    39.727048    48.038529    56.308145    65.912796    75.373693    86.279389    96.927159    109.797472    121.603716    
-0.373064    -14.790205    -10.544724    -6.679611    -3.282662    -0.603268    2.023429    5.181423    9.503223    14.071780    19.811033    25.612904    32.689686    39.688718    48.080116    56.263591    65.960592    75.322938    86.333368    96.870225    109.857480    121.540744    
-0.369137    -14.790205    -10.544717    -6.679759    -3.281088    -0.609897    2.037482    5.162810    9.525675    14.046165    19.840064    25.580869    32.725044    39.650404    48.121718    56.219052    66.008404    75.272199    86.387363    96.813306    109.917504    121.477787    
-0.365210    -14.790205    -10.544710    -6.679906    -3.279514    -0.616479    2.051572    5.144216    9.548144    14.020566    19.869110    25.548848    32.760417    39.612105    48.163335    56.174529    66.056231    75.221476    86.441373    96.756402    109.977544    121.414845    
-0.361283    -14.790205    -10.544703    -6.680053    -3.277938    -0.623016    2.065696    5.125643    9.570630    13.994984    19.898172    25.516844    32.795806    39.573822    48.204968    56.130021    66.104073    75.170768    86.495399    96.699514    110.037599    121.351919    
-0.357356    -14.790206    -10.544696    -6.680200    -3.276362    -0.629505    2.079856    5.107089    9.593133    13.969418    19.927251    25.484856    32.831210    39.535554    48.246617    56.085528    66.151931    75.120075    86.549440    96.642641    110.097670    121.289008    
-0.353429    -14.790206    -10.544689    -6.680346    -3.274786    -0.635946    2.094051    5.088556    9.615653    13.943869    19.956345    25.452883    32.866630    39.497303    48.288281    56.041052    66.199804    75.069398    86.603497    96.585784    110.157756    121.226113    
-0.349502    -14.790206    -10.544682    -6.680492    -3.273211    -0.642339    2.108280    5.070044    9.638190    13.918336    19.985456    25.420926    32.902066    39.459066    48.329961    55.996590    66.247693    75.018736    86.657569    96.528942    110.217857    121.163233    
-0.345575    -14.790206    -10.544674    -6.680638    -3.271637    -0.648682    2.122543    5.051552    9.660745    13.892819    20.014582    25.388985    32.937518    39.420846    48.371656    55.952145    66.295598    74.968090    86.711657    96.472116    110.277975    121.100369    
-0.341648    -14.790206    -10.544667    -6.680783    -3.270064    -0.654976    2.136839    5.033080    9.683316    13.867319    20.043724    25.357060    32.972985    39.382641    48.413367    55.907714    66.343518    74.917459    86.765760    96.415305    110.338107    121.037520    
-0.337721    -14.790206    -10.544660    -6.680927    -3.268492    -0.661219    2.151169    5.014629    9.705905    13.841835    20.072883    25.325151    33.008468    39.344452    48.455093    55.863300    66.391453    74.866844    86.819879    96.358510    110.398256    120.974687    
-0.333794    -14.790206    -10.544653    -6.681072    -3.266923    -0.667411    2.165532    4.996198    9.728511    13.816368    20.102057    25.293257    33.043967    39.306278    48.496835    55.818901    66.439404    74.816245    86.874013    96.301730    110.458420    120.911870    
-0.329867    -14.790207    -10.544646    -6.681215    -3.265356    -0.673551    2.179928    4.977788    9.751134    13.790917    20.131248    25.261380    33.079481    39.268120    48.538593    55.774517    66.487371    74.765660    86.928162    96.244965    110.518599    120.849067    
-0.325940    -14.790207    -10.544639    -6.681358    -3.263792    -0.679639    2.194356    4.959398    9.773774    13.765483    20.160454    25.229518    33.115011    39.229977    48.580366    55.730149    66.535352    74.715092    86.982327    96.188216    110.578794    120.786281    
-0.322013    -14.790207    -10.544632    -6.681500    -3.262232    -0.685673    2.208816    4.941029    9.796431    13.740065    20.189676    25.197672    33.150557    39.191850    48.622154    55.685796    66.583350    74.664538    87.036508    96.131483    110.639004    120.723510    
-0.318086    -14.790207    -10.544626    -6.681642    -3.260675    -0.691654    2.223308    4.922681    9.819105    13.714663    20.218915    25.165842    33.186118    39.153739    48.663958    55.641459    66.631363    74.614001    87.090704    96.074765    110.699230    120.660754    
-0.314159    -14.790207    -10.544619    -6.681782    -3.259122    -0.697580    2.237831    4.904354    9.841797    13.689278    20.248169    25.134027    33.221695    39.115643    48.705778    55.597138    66.679391    74.563478    87.144916    96.018062    110.759471    120.598014    
-0.310232    -14.790207    -10.544612    -6.681923    -3.257574    -0.703452    2.252385    4.886048    9.864505    13.663909    20.277439    25.102229    33.257288    39.077563    48.747613    55.552832    66.727435    74.512971    87.199143    95.961375    110.819728    120.535290    
-0.306305    -14.790207    -10.544605    -6.682062    -3.256031    -0.709268    2.266971    4.867762    9.887230    13.638557    20.306726    25.070446    33.292896    39.039499    48.789464    55.508541    66.775494    74.462480    87.253385    95.904703    110.880001    120.472581    
-0.302378    -14.790208    -10.544598    -6.682200    -3.254493    -0.715027    2.281586    4.849498    9.909973    13.613221    20.336028    25.038679    33.328520    39.001450    48.831331    55.464266    66.823569    74.412004    87.307643    95.848047    110.940289    120.409887    
-0.298451    -14.790208    -10.544592    -6.682338    -3.252961    -0.720730    2.296232    4.831255    9.932733    13.587902    20.365346    25.006928    33.364160    38.963417    48.873212    55.420007    66.871660    74.361544    87.361916    95.791407    111.000592    120.347209    
-0.294524    -14.790208    -10.544585    -6.682475    -3.251435    -0.726376    2.310908    4.813033    9.955509    13.562599    20.394681    24.975193    33.399815    38.925399    48.915110    55.375763    66.919766    74.311099    87.416205    95.734781    111.060911    120.284547    
-0.290597    -14.790208    -10.544578    -6.682611    -3.249916    -0.731963    2.325614    4.794832    9.978303    13.537313    20.424031    24.943473    33.435486    38.887397    48.957023    55.331534    66.967887    74.260670    87.470510    95.678172    111.121246    120.221900    
-0.286670    -14.790208    -10.544572    -6.682745    -3.248404    -0.737492    2.340349    4.776652    10.001114    13.512043    20.453397    24.911770    33.471173    38.849411    48.998952    55.287322    67.016024    74.210256    87.524829    95.621577    111.181596    120.159268    
-0.282743    -14.790208    -10.544565    -6.682879    -3.246899    -0.742962    2.355114    4.758494    10.023942    13.486789    20.482780    24.880082    33.506876    38.811440    49.040896    55.243124    67.064176    74.159857    87.579165    95.564998    111.241962    120.096652    
-0.278816    -14.790208    -10.544559    -6.683012    -3.245402    -0.748372    2.369907    4.740358    10.046787    13.461552    20.512178    24.848410    33.542594    38.773485    49.082855    55.198943    67.112344    74.109474    87.633516    95.508435    111.302343    120.034052    
-0.274889    -14.790208    -10.544552    -6.683144    -3.243914    -0.753722    2.384729    4.722243    10.069649    13.436332    20.541592    24.816754    33.578327    38.735546    49.124831    55.154776    67.160528    74.059107    87.687882    95.451887    111.362740    119.971467    
-0.270962    -14.790209    -10.544546    -6.683275    -3.242434    -0.759011    2.399579    4.704149    10.092528    13.411128    20.571022    24.785113    33.614077    38.697622    49.166821    55.110626    67.208727    74.008755    87.742264    95.395355    111.423152    119.908898    
-0.267035    -14.790209    -10.544540    -6.683405    -3.240963    -0.764239    2.414457    4.686078    10.115424    13.385940    20.600468    24.753489    33.649842    38.659713    49.208828    55.066490    67.256941    73.958418    87.796661    95.338838    111.483579    119.846344    
-0.263108    -14.790209    -10.544533    -6.683533    -3.239502    -0.769404    2.429363    4.668028    10.138337    13.360769    20.629930    24.721880    33.685623    38.621821    49.250850    55.022371    67.305171    73.908097    87.851074    95.282336    111.544023    119.783806    
-0.259181    -14.790209    -10.544527    -6.683660    -3.238051    -0.774507    2.444297    4.650001    10.161267    13.335615    20.659409    24.690288    33.721419    38.583944    49.292887    54.978266    67.353416    73.857792    87.905502    95.225850    111.604481    119.721283    
-0.255254    -14.790209    -10.544521    -6.683787    -3.236611    -0.779547    2.459258    4.631995    10.184214    13.310477    20.688903    24.658711    33.757231    38.546082    49.334940    54.934178    67.401677    73.807502    87.959945    95.169380    111.664956    119.658775    
-0.251327    -14.790209    -10.544515    -6.683912    -3.235181    -0.784523    2.474245    4.614012    10.207178    13.285355    20.718413    24.627150    33.793059    38.508237    49.377009    54.890105    67.449953    73.757227    88.014404    95.112925    111.725446    119.596284    
-0.247400    -14.790209    -10.544509    -6.684035    -3.233763    -0.789435    2.489260    4.596051    10.230159    13.260250    20.747939    24.595604    33.828903    38.470406    49.419093    54.846047    67.498245    73.706968    88.068879    95.056485    111.785951    119.533807    
-0.243473    -14.790210    -10.544503    -6.684158    -3.232356    -0.794282    2.504301    4.578113    10.253157    13.235162    20.777481    24.564075    33.864762    38.432592    49.461192    54.802005    67.546553    73.656725    88.123369    95.000061    111.846472    119.471346    
-0.239546    -14.790210    -10.544497    -6.684279    -3.230962    -0.799064    2.519368    4.560197    10.276172    13.210089    20.807039    24.532561    33.900636    38.394793    49.503308    54.757979    67.594875    73.606497    88.177875    94.943652    111.907008    119.408901    
-0.235619    -14.790210    -10.544491    -6.684398    -3.229580    -0.803780    2.534461    4.542305    10.299204    13.185034    20.836612    24.501063    33.936527    38.357010    49.545438    54.713968    67.643214    73.556284    88.232396    94.887259    111.967560    119.346471    
-0.231692    -14.790210    -10.544485    -6.684517    -3.228211    -0.808430    2.549579    4.524435    10.322253    13.159995    20.866202    24.469582    33.972433    38.319242    49.587585    54.669972    67.691568    73.506087    88.286932    94.830881    112.028128    119.284057    
-0.227765    -14.790210    -10.544479    -6.684634    -3.226855    -0.813013    2.564723    4.506588    10.345319    13.134972    20.895808    24.438115    34.008355    38.281490    49.629746    54.625992    67.739937    73.455905    88.341484    94.774519    112.088711    119.221658    
-0.223838    -14.790210    -10.544474    -6.684749    -3.225513    -0.817528    2.579892    4.488764    10.368402    13.109966    20.925430    24.406665    34.044292    38.243753    49.671924    54.582028    67.788322    73.405739    88.396052    94.718172    112.149309    119.159275    
-0.219911    -14.790210    -10.544468    -6.684863    -3.224185    -0.821976    2.595086    4.470964    10.391502    13.084977    20.955068    24.375231    34.080245    38.206033    49.714117    54.538079    67.836722    73.355588    88.450635    94.661841    112.209923    119.096908    
-0.215984    -14.790210    -10.544463    -6.684976    -3.222872    -0.826355    2.610303    4.453188    10.414618    13.060004    20.984721    24.343812    34.116214    38.168327    49.756325    54.494146    67.885138    73.305453    88.505233    94.605525    112.270553    119.034555    
-0.212058    -14.790210    -10.544457    -6.685087    -3.221574    -0.830665    2.625545    4.435436    10.437752    13.035047    21.014391    24.312410    34.152199    38.130638    49.798549    54.450228    67.933569    73.255333    88.559847    94.549225    112.331198    118.972219    
-0.208131    -14.790211    -10.544452    -6.685196    -3.220292    -0.834906    2.640811    4.417707    10.460903    13.010107    21.044077    24.281023    34.188199    38.092964    49.840789    54.406326    67.982016    73.205229    88.614476    94.492940    112.391858    118.909898    
-0.204204    -14.790211    -10.544447    -6.685304    -3.219025    -0.839078    2.656100    4.400003    10.484071    12.985184    21.073778    24.249652    34.224215    38.055306    49.883044    54.362439    68.030478    73.155140    88.669121    94.436670    112.452534    118.847592    
-0.200277    -14.790211    -10.544441    -6.685410    -3.217775    -0.843178    2.671412    4.382324    10.507255    12.960277    21.103496    24.218297    34.260246    38.017663    49.925315    54.318568    68.078956    73.105067    88.723782    94.380416    112.513226    118.785302    
-0.196350    -14.790211    -10.544436    -6.685515    -3.216541    -0.847208    2.686746    4.364670    10.530457    12.935387    21.133229    24.186957    34.296293    37.980036    49.967601    54.274712    68.127449    73.055009    88.778457    94.324178    112.573933    118.723027    
-0.192423    -14.790211    -10.544431    -6.685618    -3.215324    -0.851167    2.702103    4.347041    10.553675    12.910513    21.162979    24.155634    34.332356    37.942424    50.009903    54.230872    68.175958    73.004967    88.833149    94.267955    112.634656    118.660768    
-0.188496    -14.790211    -10.544426    -6.685719    -3.214125    -0.855053    2.717481    4.329437    10.576911    12.885656    21.192744    24.124326    34.368434    37.904828    50.052220    54.187047    68.224482    72.954940    88.887855    94.211747    112.695394    118.598525    
-0.184569    -14.790211    -10.544421    -6.685819    -3.212943    -0.858868    2.732881    4.311859    10.600163    12.860815    21.222526    24.093035    34.404529    37.867248    50.094553    54.143238    68.273022    72.904929    88.942578    94.155555    112.756148    118.536297    
-0.180642    -14.790211    -10.544416    -6.685917    -3.211780    -0.862610    2.748302    4.294307    10.623432    12.835991    21.252323    24.061759    34.440638    37.829684    50.136901    54.099445    68.321577    72.854933    88.997315    94.099378    112.816917    118.474084    
-0.176715    -14.790211    -10.544412    -6.686013    -3.210635    -0.866278    2.763743    4.276782    10.646719    12.811183    21.282136    24.030499    34.476764    37.792135    50.179265    54.055667    68.370148    72.804953    89.052068    94.043217    112.877702    118.411887    
-0.172788    -14.790211    -10.544407    -6.686108    -3.209509    -0.869873    2.779204    4.259284    10.670022    12.786392    21.311965    23.999254    34.512905    37.754601    50.221645    54.011904    68.418734    72.754988    89.106837    93.987072    112.938502    118.349705    
-0.168861    -14.790212    -10.544403    -6.686200    -3.208403    -0.873394    2.794685    4.241814    10.693342    12.761618    21.341811    23.968026    34.549062    37.717084    50.264040    53.968157    68.467336    72.705039    89.161621    93.930941    112.999318    118.287539    
-0.164934    -14.790212    -10.544398    -6.686291    -3.207316    -0.876841    2.810184    4.224371    10.716678    12.736860    21.371672    23.936814    34.585234    37.679582    50.306451    53.924426    68.515953    72.655105    89.216421    93.874827    113.060149    118.225389    
-0.161007    -14.790212    -10.544394    -6.686380    -3.206250    -0.880213    2.825701    4.206957    10.740032    12.712118    21.401549    23.905617    34.621422    37.642095    50.348877    53.880710    68.564586    72.605186    89.271236    93.818727    113.120996    118.163254    
-0.157080    -14.790212    -10.544389    -6.686467    -3.205204    -0.883509    2.841236    4.189573    10.763403    12.687393    21.431442    23.874436    34.657626    37.604624    50.391319    53.837009    68.613234    72.555283    89.326066    93.762644    113.181858    118.101135    
-0.153153    -14.790212    -10.544385    -6.686552    -3.204179    -0.886730    2.856788    4.172218    10.786790    12.662685    21.461351    23.843271    34.693845    37.567169    50.433776    53.793325    68.661898    72.505396    89.380913    93.706575    113.242736    118.039031    
-0.149226    -14.790212    -10.544381    -6.686636    -3.203174    -0.889874    2.872355    4.154893    10.810195    12.637994    21.491275    23.812122    34.730080    37.529730    50.476249    53.749655    68.710577    72.455524    89.435774    93.650522    113.303630    117.976942    
-0.145299    -14.790212    -10.544377    -6.686717    -3.202192    -0.892942    2.887938    4.137600    10.833616    12.613318    21.521216    23.780989    34.766331    37.492306    50.518737    53.706001    68.759272    72.405668    89.490651    93.594485    113.364539    117.914869    
-0.141372    -14.790212    -10.544373    -6.686797    -3.201231    -0.895933    2.903535    4.120340    10.857054    12.588660    21.551173    23.749872    34.802597    37.454897    50.561241    53.662363    68.807982    72.355827    89.545543    93.538463    113.425463    117.852812    
-0.137445    -14.790212    -10.544369    -6.686874    -3.200292    -0.898847    2.919144    4.103112    10.880509    12.564018    21.581146    23.718770    34.838879    37.417505    50.603760    53.618740    68.856708    72.306001    89.600451    93.482457    113.486403    117.790770    
-0.133518    -14.790212    -10.544366    -6.686950    -3.199376    -0.901683    2.934766    4.085919    10.903981    12.539393    21.611134    23.687685    34.875177    37.380128    50.646295    53.575133    68.905449    72.256191    89.655375    93.426466    113.547359    117.728744    
-0.129591    -14.790212    -10.544362    -6.687023    -3.198483    -0.904441    2.950399    4.068761    10.927470    12.514784    21.641139    23.656615    34.911490    37.342766    50.688846    53.531542    68.954206    72.206397    89.710314    93.370490    113.608330    117.666733    
-0.125664    -14.790212    -10.544359    -6.687095    -3.197612    -0.907121    2.966040    4.051640    10.950975    12.490192    21.671159    23.625561    34.947819    37.305420    50.731412    53.487966    69.002978    72.156618    89.765268    93.314530    113.669316    117.604738    
-0.121737    -14.790213    -10.544355    -6.687165    -3.196766    -0.909722    2.981690    4.034558    10.974498    12.465616    21.701196    23.594523    34.984164    37.268090    50.773994    53.444405    69.051766    72.106854    89.820238    93.258585    113.730318    117.542758    
-0.117810    -14.790213    -10.544352    -6.687232    -3.195943    -0.912244    2.997345    4.017515    10.998037    12.441057    21.731248    23.563501    35.020524    37.230776    50.816591    53.400860    69.100569    72.057106    89.875223    93.202656    113.791336    117.480794    
-0.113883    -14.790213    -10.544349    -6.687298    -3.195143    -0.914687    3.013004    4.000515    11.021593    12.416515    21.761316    23.532495    35.056900    37.193477    50.859203    53.357330    69.149387    72.007374    89.930224    93.146743    113.852369    117.418845    
-0.109956    -14.790213    -10.544346    -6.687361    -3.194369    -0.917050    3.028665    3.983558    11.045166    12.391989    21.791400    23.501504    35.093292    37.156194    50.901832    53.313816    69.198222    71.957657    89.985240    93.090844    113.913418    117.356912    
-0.106029    -14.790213    -10.544343    -6.687422    -3.193619    -0.919333    3.044326    3.966649    11.068756    12.367480    21.821501    23.470530    35.129699    37.118926    50.944475    53.270318    69.247071    71.907955    90.040272    93.034962    113.974482    117.294994    
-0.102102    -14.790213    -10.544340    -6.687482    -3.192893    -0.921535    3.059982    3.949788    11.092362    12.342988    21.851617    23.439571    35.166122    37.081674    50.987135    53.226835    69.295936    71.858269    90.095319    92.979095    114.035562    117.233092    
-0.098175    -14.790213    -10.544337    -6.687539    -3.192193    -0.923657    3.075632    3.932981    11.115986    12.318512    21.881749    23.408629    35.202560    37.044438    51.029810    53.183368    69.344817    71.808598    90.150382    92.923243    114.096657    117.171205    
-0.094248    -14.790213    -10.544334    -6.687594    -3.191518    -0.925699    3.091271    3.916229    11.139626    12.294053    21.911897    23.377702    35.239015    37.007217    51.072500    53.139916    69.393713    71.758943    90.205460    92.867406    114.157768    117.109334    
-0.090321    -14.790213    -10.544331    -6.687646    -3.190869    -0.927659    3.106896    3.899539    11.163283    12.269610    21.942060    23.346791    35.275485    36.970012    51.115206    53.096480    69.442625    71.709304    90.260553    92.811586    114.218894    117.047478    
-0.086394    -14.790213    -10.544329    -6.687697    -3.190245    -0.929537    3.122500    3.882914    11.186957    12.245184    21.972240    23.315895    35.311970    36.932822    51.157928    53.053059    69.491552    71.659679    90.315662    92.755780    114.280036    116.985638    
-0.082467    -14.790213    -10.544327    -6.687746    -3.189648    -0.931334    3.138078    3.866361    11.210647    12.220775    22.002436    23.285016    35.348471    36.895649    51.200665    53.009654    69.540494    71.610071    90.370787    92.699990    114.341193    116.923813    
-0.078540    -14.790213    -10.544324    -6.687792    -3.189077    -0.933049    3.153622    3.849887    11.234355    12.196382    22.032647    23.254153    35.384988    36.858490    51.243417    52.966264    69.589452    71.560478    90.425927    92.644216    114.402366    116.862004    
-0.074613    -14.790213    -10.544322    -6.687836    -3.188532    -0.934682    3.169126    3.833499    11.258079    12.172006    22.062875    23.223305    35.421521    36.821348    51.286185    52.922890    69.638426    71.510900    90.481083    92.588457    114.463554    116.800211    
-0.070686    -14.790213    -10.544320    -6.687878    -3.188015    -0.936232    3.184578    3.817209    11.281820    12.147646    22.093118    23.192474    35.458069    36.784221    51.328969    52.879531    69.687415    71.461338    90.536254    92.532714    114.524758    116.738433    
-0.066759    -14.790213    -10.544318    -6.687918    -3.187524    -0.937700    3.199966    3.801027    11.305578    12.123304    22.123378    23.161658    35.494632    36.747110    51.371768    52.836188    69.736420    71.411791    90.591440    92.476986    114.585977    116.676670    
-0.062832    -14.790213    -10.544316    -6.687955    -3.187060    -0.939085    3.215277    3.784969    11.329352    12.098978    22.153653    23.130858    35.531212    36.710014    51.414583    52.792861    69.785440    71.362260    90.646642    92.421273    114.647212    116.614923    
-0.058905    -14.790213    -10.544315    -6.687990    -3.186623    -0.940387    3.230492    3.769052    11.353143    12.074668    22.183944    23.100074    35.567807    36.672934    51.457413    52.749549    69.834475    71.312744    90.701859    92.365576    114.708462    116.553192    
-0.054978    -14.790213    -10.544313    -6.688024    -3.186214    -0.941606    3.245589    3.753298    11.376951    12.050375    22.214251    23.069306    35.604418    36.635870    51.500259    52.706252    69.883526    71.263244    90.757092    92.309895    114.769728    116.491476    
-0.051051    -14.790213    -10.544311    -6.688054    -3.185832    -0.942742    3.260541    3.737735    11.400776    12.026099    22.244574    23.038554    35.641044    36.598821    51.543121    52.662971    69.932593    71.213759    90.812341    92.254228    114.831010    116.429775    
-0.047124    -14.790213    -10.544310    -6.688083    -3.185478    -0.943794    3.275312    3.722397    11.424618    12.001840    22.274913    23.007817    35.677686    36.561788    51.585997    52.619706    69.981675    71.164290    90.867604    92.198578    114.892307    116.368090    
-0.043197    -14.790213    -10.544309    -6.688109    -3.185152    -0.944762    3.289860    3.707329    11.448476    11.977597    22.305268    22.977097    35.714344    36.524770    51.628890    52.576456    70.030772    71.114836    90.922884    92.142943    114.953619    116.306421    
-0.039270    -14.790214    -10.544308    -6.688133    -3.184854    -0.945647    3.304127    3.692587    11.472351    11.953371    22.335638    22.946392    35.751017    36.487769    51.671798    52.533222    70.079885    71.065398    90.978178    92.087323    115.014947    116.244767    
-0.035343    -14.790214    -10.544306    -6.688155    -3.184584    -0.946448    3.318039    3.678245    11.496243    11.929162    22.366025    22.915704    35.787706    36.450782    51.714722    52.490003    70.129014    71.015975    91.033489    92.031719    115.076291    116.183128    
-0.031416    -14.790214    -10.544306    -6.688174    -3.184342    -0.947165    3.331501    3.664398    11.520151    11.904969    22.396428    22.885031    35.824411    36.413812    51.757661    52.446799    70.178158    70.966568    91.088814    91.976130    115.137650    116.121505    
-0.027489    -14.790214    -10.544305    -6.688192    -3.184128    -0.947797    3.344386    3.651174    11.544077    11.880793    22.426846    22.854374    35.861131    36.376857    51.800615    52.403612    70.227317    70.917176    91.144156    91.920557    115.199025    116.059898    
-0.023562    -14.790214    -10.544304    -6.688206    -3.183942    -0.948346    3.356526    3.638740    11.568018    11.856634    22.457280    22.823733    35.897867    36.339918    51.843585    52.360440    70.276492    70.867800    91.199512    91.864999    115.260415    115.998306    
-0.019635    -14.790214    -10.544303    -6.688219    -3.183785    -0.948810    3.367705    3.627312    11.591977    11.832492    22.487731    22.793108    35.934618    36.302994    51.886571    52.317283    70.325682    70.818439    91.254884    91.809457    115.321820    115.936730    
-0.015708    -14.790214    -10.544303    -6.688229    -3.183657    -0.949190    3.377642    3.617171    11.615952    11.808366    22.518197    22.762498    35.971385    36.266086    51.929572    52.274142    70.374888    70.769093    91.310272    91.753930    115.383241    115.875169    
-0.011781    -14.790214    -10.544302    -6.688237    -3.183557    -0.949486    3.385995    3.608660    11.639943    11.784258    22.548679    22.731905    36.008168    36.229194    51.972589    52.231016    70.424110    70.719764    91.365675    91.698418    115.444678    115.813624    
-0.007854    -14.790214    -10.544302    -6.688243    -3.183485    -0.949697    3.392376    3.602166    11.663950    11.760168    22.579177    22.701328    36.044967    36.192317    52.015622    52.187906    70.473347    70.670449    91.421094    91.642923    115.506130    115.752094    
-0.003927    -14.790214    -10.544302    -6.688247    -3.183442    -0.949823    3.396402    3.598072    11.687968    11.736100    22.609691    22.670766    36.081781    36.155456    52.058669    52.144812    70.522599    70.621150    91.476528    91.587442    115.567598    115.690580    
0.000000    -14.790214    -10.544302    -6.688248    -3.183428    -0.949866    3.397780    3.596671    11.711174    11.712877    22.640218    22.640223    36.118611    36.118611    52.101733    52.101733    70.571867    70.571867    91.531977    91.531977    115.629081    115.629081    
0.003927    -14.790214    -10.544302    -6.688247    -3.183442    -0.949823    3.396402    3.598072    11.687968    11.736100    22.609691    22.670766    36.081781    36.155456    52.058669    52.144812    70.522599    70.621150    91.476528    91.587442    115.567598    115.690580    
0.007854    -14.790214    -10.544302    -6.688243    -3.183485    -0.949697    3.392376    3.602166    11.663950    11.760168    22.579177    22.701328    36.044967    36.192317    52.015622    52.187906    70.473347    70.670449    91.421094    91.642923    115.506130    115.752094    
0.011781    -14.790214    -10.544302    -6.688237    -3.183557    -0.949486    3.385995    3.608660    11.639943    11.784258    22.548679    22.731905    36.008168    36.229194    51.972589    52.231016    70.424110    70.719764    91.365675    91.698418    115.444678    115.813624    
0.015708    -14.790214    -10.544303    -6.688229    -3.183657    -0.949190    3.377642    3.617171    11.615952    11.808366    22.518197    22.762498    35.971385    36.266086    51.929572    52.274142    70.374888    70.769093    91.310272    91.753930    115.383241    115.875169    
0.019635    -14.790214    -10.544303    -6.688219    -3.183785    -0.948810    3.367705    3.627312    11.591977    11.832492    22.487731    22.793108    35.934618    36.302994    51.886571    52.317283    70.325682    70.818439    91.254884    91.809457    115.321820    115.936730    
0.023562    -14.790214    -10.544304    -6.688206    -3.183942    -0.948346    3.356526    3.638740    11.568018    11.856634    22.457280    22.823733    35.897867    36.339918    51.843585    52.360440    70.276492    70.867800    91.199512    91.864999    115.260415    115.998306    
0.027489    -14.790214    -10.544305    -6.688192    -3.184128    -0.947797    3.344386    3.651174    11.544077    11.880793    22.426846    22.854374    35.861131    36.376857    51.800615    52.403612    70.227317    70.917176    91.144156    91.920557    115.199025    116.059898    
0.031416    -14.790214    -10.544306    -6.688174    -3.184342    -0.947165    3.331501    3.664398    11.520151    11.904969    22.396428    22.885031    35.824411    36.413812    51.757661    52.446799    70.178158    70.966568    91.088814    91.976130    115.137650    116.121505    
0.035343    -14.790214    -10.544306    -6.688155    -3.184584    -0.946448    3.318039    3.678245    11.496243    11.929162    22.366025    22.915704    35.787706    36.450782    51.714722    52.490003    70.129014    71.015975    91.033489    92.031719    115.076291    116.183128    
0.039270    -14.790214    -10.544308    -6.688133    -3.184854    -0.945647    3.304127    3.692587    11.472351    11.953371    22.335638    22.946392    35.751017    36.487769    51.671798    52.533222    70.079885    71.065398    90.978178    92.087323    115.014947    116.244767    
0.043197    -14.790213    -10.544309    -6.688109    -3.185152    -0.944762    3.289860    3.707329    11.448476    11.977597    22.305268    22.977097    35.714344    36.524770    51.628890    52.576456    70.030772    71.114836    90.922884    92.142943    114.953619    116.306421    
0.047124    -14.790213    -10.544310    -6.688083    -3.185478    -0.943794    3.275312    3.722397    11.424618    12.001840    22.274913    23.007817    35.677686    36.561788    51.585997    52.619706    69.981675    71.164290    90.867604    92.198578    114.892307    116.368090    
0.051051    -14.790213    -10.544311    -6.688054    -3.185832    -0.942742    3.260541    3.737735    11.400776    12.026099    22.244574    23.038554    35.641044    36.598821    51.543121    52.662971    69.932593    71.213759    90.812341    92.254228    114.831010    116.429775    
0.054978    -14.790213    -10.544313    -6.688024    -3.186214    -0.941606    3.245589    3.753298    11.376951    12.050375    22.214251    23.069306    35.604418    36.635870    51.500259    52.706252    69.883526    71.263244    90.757092    92.309895    114.769728    116.491476    
0.058905    -14.790213    -10.544315    -6.687990    -3.186623    -0.940387    3.230492    3.769052    11.353143    12.074668    22.183944    23.100074    35.567807    36.672934    51.457413    52.749549    69.834475    71.312744    90.701859    92.365576    114.708462    116.553192    
0.062832    -14.790213    -10.544316    -6.687955    -3.187060    -0.939085    3.215277    3.784969    11.329352    12.098978    22.153653    23.130858    35.531212    36.710014    51.414583    52.792861    69.785440    71.362260    90.646642    92.421273    114.647212    116.614923    
0.066759    -14.790213    -10.544318    -6.687918    -3.187524    -0.937700    3.199966    3.801027    11.305578    12.123304    22.123378    23.161658    35.494632    36.747110    51.371768    52.836188    69.736420    71.411791    90.591440    92.476986    114.585977    116.676670    
0.070686    -14.790213    -10.544320    -6.687878    -3.188015    -0.936232    3.184578    3.817209    11.281820    12.147646    22.093118    23.192474    35.458069    36.784221    51.328969    52.879531    69.687415    71.461338    90.536254    92.532714    114.524758    116.738433    
0.074613    -14.790213    -10.544322    -6.687836    -3.188532    -0.934682    3.169126    3.833499    11.258079    12.172006    22.062875    23.223305    35.421521    36.821348    51.286185    52.922890    69.638426    71.510900    90.481083    92.588457    114.463554    116.800211    
0.078540    -14.790213    -10.544324    -6.687792    -3.189077    -0.933049    3.153622    3.849887    11.234355    12.196382    22.032647    23.254153    35.384988    36.858490    51.243417    52.966264    69.589452    71.560478    90.425927    92.644216    114.402366    116.862004    
0.082467    -14.790213    -10.544327    -6.687746    -3.189648    -0.931334    3.138078    3.866361    11.210647    12.220775    22.002436    23.285016    35.348471    36.895649    51.200665    53.009654    69.540494    71.610071    90.370787    92.699990    114.341193    116.923813    
0.086394    -14.790213    -10.544329    -6.687697    -3.190245    -0.929537    3.122500    3.882914    11.186957    12.245184    21.972240    23.315895    35.311970    36.932822    51.157928    53.053059    69.491552    71.659679    90.315662    92.755780    114.280036    116.985638    
0.090321    -14.790213    -10.544331    -6.687646    -3.190869    -0.927659    3.106896    3.899539    11.163283    12.269610    21.942060    23.346791    35.275485    36.970012    51.115206    53.096480    69.442625    71.709304    90.260553    92.811586    114.218894    117.047478    
0.094248    -14.790213    -10.544334    -6.687594    -3.191518    -0.925699    3.091271    3.916229    11.139626    12.294053    21.911897    23.377702    35.239015    37.007217    51.072500    53.139916    69.393713    71.758943    90.205460    92.867406    114.157768    117.109334    
0.098175    -14.790213    -10.544337    -6.687539    -3.192193    -0.923657    3.075632    3.932981    11.115986    12.318512    21.881749    23.408629    35.202560    37.044438    51.029810    53.183368    69.344817    71.808598    90.150382    92.923243    114.096657    117.171205    
0.102102    -14.790213    -10.544340    -6.687482    -3.192893    -0.921535    3.059982    3.949788    11.092362    12.342988    21.851617    23.439571    35.166122    37.081674    50.987135    53.226835    69.295936    71.858269    90.095319    92.979095    114.035562    117.233092    
0.106029    -14.790213    -10.544343    -6.687422    -3.193619    -0.919333    3.044326    3.966649    11.068756    12.367480    21.821501    23.470530    35.129699    37.118926    50.944475    53.270318    69.247071    71.907955    90.040272    93.034962    113.974482    117.294994    
0.109956    -14.790213    -10.544346    -6.687361    -3.194369    -0.917050    3.028665    3.983558    11.045166    12.391989    21.791400    23.501504    35.093292    37.156194    50.901832    53.313816    69.198222    71.957657    89.985240    93.090844    113.913418    117.356912    
0.113883    -14.790213    -10.544349    -6.687298    -3.195143    -0.914687    3.013004    4.000515    11.021593    12.416515    21.761316    23.532495    35.056900    37.193477    50.859203    53.357330    69.149387    72.007374    89.930224    93.146743    113.852369    117.418845    
0.117810    -14.790213    -10.544352    -6.687232    -3.195943    -0.912244    2.997345    4.017515    10.998037    12.441057    21.731248    23.563501    35.020524    37.230776    50.816591    53.400860    69.100569    72.057106    89.875223    93.202656    113.791336    117.480794    
0.121737    -14.790213    -10.544355    -6.687165    -3.196766    -0.909722    2.981690    4.034558    10.974498    12.465616    21.701196    23.594523    34.984164    37.268090    50.773994    53.444405    69.051766    72.106854    89.820238    93.258585    113.730318    117.542758    
0.125664    -14.790212    -10.544359    -6.687095    -3.197612    -0.907121    2.966040    4.051640    10.950975    12.490192    21.671159    23.625561    34.947819    37.305420    50.731412    53.487966    69.002978    72.156618    89.765268    93.314530    113.669316    117.604738    
0.129591    -14.790212    -10.544362    -6.687023    -3.198483    -0.904441    2.950399    4.068761    10.927470    12.514784    21.641139    23.656615    34.911490    37.342766    50.688846    53.531542    68.954206    72.206397    89.710314    93.370490    113.608330    117.666733    
0.133518    -14.790212    -10.544366    -6.686950    -3.199376    -0.901683    2.934766    4.085919    10.903981    12.539393    21.611134    23.687685    34.875177    37.380128    50.646295    53.575133    68.905449    72.256191    89.655375    93.426466    113.547359    117.728744    
0.137445    -14.790212    -10.544369    -6.686874    -3.200292    -0.898847    2.919144    4.103112    10.880509    12.564018    21.581146    23.718770    34.838879    37.417505    50.603760    53.618740    68.856708    72.306001    89.600451    93.482457    113.486403    117.790770    
0.141372    -14.790212    -10.544373    -6.686797    -3.201231    -0.895933    2.903535    4.120340    10.857054    12.588660    21.551173    23.749872    34.802597    37.454897    50.561241    53.662363    68.807982    72.355827    89.545543    93.538463    113.425463    117.852812    
0.145299    -14.790212    -10.544377    -6.686717    -3.202192    -0.892942    2.887938    4.137600    10.833616    12.613318    21.521216    23.780989    34.766331    37.492306    50.518737    53.706001    68.759272    72.405668    89.490651    93.594485    113.364539    117.914869    
0.149226    -14.790212    -10.544381    -6.686636    -3.203174    -0.889874    2.872355    4.154893    10.810195    12.637994    21.491275    23.812122    34.730080    37.529730    50.476249    53.749655    68.710577    72.455524    89.435774    93.650522    113.303630    117.976942    
0.153153    -14.790212    -10.544385    -6.686552    -3.204179    -0.886730    2.856788    4.172218    10.786790    12.662685    21.461351    23.843271    34.693845    37.567169    50.433776    53.793325    68.661898    72.505396    89.380913    93.706575    113.242736    118.039031    
0.157080    -14.790212    -10.544389    -6.686467    -3.205204    -0.883509    2.841236    4.189573    10.763403    12.687393    21.431442    23.874436    34.657626    37.604624    50.391319    53.837009    68.613234    72.555283    89.326066    93.762644    113.181858    118.101135    
0.161007    -14.790212    -10.544394    -6.686380    -3.206250    -0.880213    2.825701    4.206957    10.740032    12.712118    21.401549    23.905617    34.621422    37.642095    50.348877    53.880710    68.564586    72.605186    89.271236    93.818727    113.120996    118.163254    
0.164934    -14.790212    -10.544398    -6.686291    -3.207316    -0.876841    2.810184    4.224371    10.716678    12.736860    21.371672    23.936814    34.585234    37.679582    50.306451    53.924426    68.515953    72.655105    89.216421    93.874827    113.060149    118.225389    
0.168861    -14.790212    -10.544403    -6.686200    -3.208403    -0.873394    2.794685    4.241814    10.693342    12.761618    21.341811    23.968026    34.549062    37.717084    50.264040    53.968157    68.467336    72.705039    89.161621    93.930941    112.999318    118.287539    
0.172788    -14.790211    -10.544407    -6.686108    -3.209509    -0.869873    2.779204    4.259284    10.670022    12.786392    21.311965    23.999254    34.512905    37.754601    50.221645    54.011904    68.418734    72.754988    89.106837    93.987072    112.938502    118.349705    
0.176715    -14.790211    -10.544412    -6.686013    -3.210635    -0.866278    2.763743    4.276782    10.646719    12.811183    21.282136    24.030499    34.476764    37.792135    50.179265    54.055667    68.370148    72.804953    89.052068    94.043217    112.877702    118.411887    
0.180642    -14.790211    -10.544416    -6.685917    -3.211780    -0.862610    2.748302    4.294307    10.623432    12.835991    21.252323    24.061759    34.440638    37.829684    50.136901    54.099445    68.321577    72.854933    88.997315    94.099378    112.816917    118.474084    
0.184569    -14.790211    -10.544421    -6.685819    -3.212943    -0.858868    2.732881    4.311859    10.600163    12.860815    21.222526    24.093035    34.404529    37.867248    50.094553    54.143238    68.273022    72.904929    88.942578    94.155555    112.756148    118.536297    
0.188496    -14.790211    -10.544426    -6.685719    -3.214125    -0.855053    2.717481    4.329437    10.576911    12.885656    21.192744    24.124326    34.368434    37.904828    50.052220    54.187047    68.224482    72.954940    88.887855    94.211747    112.695394    118.598525    
0.192423    -14.790211    -10.544431    -6.685618    -3.215324    -0.851167    2.702103    4.347041    10.553675    12.910513    21.162979    24.155634    34.332356    37.942424    50.009903    54.230872    68.175958    73.004967    88.833149    94.267955    112.634656    118.660768    
0.196350    -14.790211    -10.544436    -6.685515    -3.216541    -0.847208    2.686746    4.364670    10.530457    12.935387    21.133229    24.186957    34.296293    37.980036    49.967601    54.274712    68.127449    73.055009    88.778457    94.324178    112.573933    118.723027    
0.200277    -14.790211    -10.544441    -6.685410    -3.217775    -0.843178    2.671412    4.382324    10.507255    12.960277    21.103496    24.218297    34.260246    38.017663    49.925315    54.318568    68.078956    73.105067    88.723782    94.380416    112.513226    118.785302    
0.204204    -14.790211    -10.544447    -6.685304    -3.219025    -0.839078    2.656100    4.400003    10.484071    12.985184    21.073778    24.249652    34.224215    38.055306    49.883044    54.362439    68.030478    73.155140    88.669121    94.436670    112.452534    118.847592    
0.208131    -14.790211    -10.544452    -6.685196    -3.220292    -0.834906    2.640811    4.417707    10.460903    13.010107    21.044077    24.281023    34.188199    38.092964    49.840789    54.406326    67.982016    73.205229    88.614476    94.492940    112.391858    118.909898    
0.212058    -14.790210    -10.544457    -6.685087    -3.221574    -0.830665    2.625545    4.435436    10.437752    13.035047    21.014391    24.312410    34.152199    38.130638    49.798549    54.450228    67.933569    73.255333    88.559847    94.549225    112.331198    118.972219    
0.215984    -14.790210    -10.544463    -6.684976    -3.222872    -0.826355    2.610303    4.453188    10.414618    13.060004    20.984721    24.343812    34.116214    38.168327    49.756325    54.494146    67.885138    73.305453    88.505233    94.605525    112.270553    119.034555    
0.219911    -14.790210    -10.544468    -6.684863    -3.224185    -0.821976    2.595086    4.470964    10.391502    13.084977    20.955068    24.375231    34.080245    38.206033    49.714117    54.538079    67.836722    73.355588    88.450635    94.661841    112.209923    119.096908    
0.223838    -14.790210    -10.544474    -6.684749    -3.225513    -0.817528    2.579892    4.488764    10.368402    13.109966    20.925430    24.406665    34.044292    38.243753    49.671924    54.582028    67.788322    73.405739    88.396052    94.718172    112.149309    119.159275    
0.227765    -14.790210    -10.544479    -6.684634    -3.226855    -0.813013    2.564723    4.506588    10.345319    13.134972    20.895808    24.438115    34.008355    38.281490    49.629746    54.625992    67.739937    73.455905    88.341484    94.774519    112.088711    119.221658    
0.231692    -14.790210    -10.544485    -6.684517    -3.228211    -0.808430    2.549579    4.524435    10.322253    13.159995    20.866202    24.469582    33.972433    38.319242    49.587585    54.669972    67.691568    73.506087    88.286932    94.830881    112.028128    119.284057    
0.235619    -14.790210    -10.544491    -6.684398    -3.229580    -0.803780    2.534461    4.542305    10.299204    13.185034    20.836612    24.501063    33.936527    38.357010    49.545438    54.713968    67.643214    73.556284    88.232396    94.887259    111.967560    119.346471    
0.239546    -14.790210    -10.544497    -6.684279    -3.230962    -0.799064    2.519368    4.560197    10.276172    13.210089    20.807039    24.532561    33.900636    38.394793    49.503308    54.757979    67.594875    73.606497    88.177875    94.943652    111.907008    119.408901    
0.243473    -14.790210    -10.544503    -6.684158    -3.232356    -0.794282    2.504301    4.578113    10.253157    13.235162    20.777481    24.564075    33.864762    38.432592    49.461192    54.802005    67.546553    73.656725    88.123369    95.000061    111.846472    119.471346    
0.247400    -14.790209    -10.544509    -6.684035    -3.233763    -0.789435    2.489260    4.596051    10.230159    13.260250    20.747939    24.595604    33.828903    38.470406    49.419093    54.846047    67.498245    73.706968    88.068879    95.056485    111.785951    119.533807    
0.251327    -14.790209    -10.544515    -6.683912    -3.235181    -0.784523    2.474245    4.614012    10.207178    13.285355    20.718413    24.627150    33.793059    38.508237    49.377009    54.890105    67.449953    73.757227    88.014404    95.112925    111.725446    119.596284    
0.255254    -14.790209    -10.544521    -6.683787    -3.236611    -0.779547    2.459258    4.631995    10.184214    13.310477    20.688903    24.658711    33.757231    38.546082    49.334940    54.934178    67.401677    73.807502    87.959945    95.169380    111.664956    119.658775    
0.259181    -14.790209    -10.544527    -6.683660    -3.238051    -0.774507    2.444297    4.650001    10.161267    13.335615    20.659409    24.690288    33.721419    38.583944    49.292887    54.978266    67.353416    73.857792    87.905502    95.225850    111.604481    119.721283    
0.263108    -14.790209    -10.544533    -6.683533    -3.239502    -0.769404    2.429363    4.668028    10.138337    13.360769    20.629930    24.721880    33.685623    38.621821    49.250850    55.022371    67.305171    73.908097    87.851074    95.282336    111.544023    119.783806    
0.267035    -14.790209    -10.544540    -6.683405    -3.240963    -0.764239    2.414457    4.686078    10.115424    13.385940    20.600468    24.753489    33.649842    38.659713    49.208828    55.066490    67.256941    73.958418    87.796661    95.338838    111.483579    119.846344    
0.270962    -14.790209    -10.544546    -6.683275    -3.242434    -0.759011    2.399579    4.704149    10.092528    13.411128    20.571022    24.785113    33.614077    38.697622    49.166821    55.110626    67.208727    74.008755    87.742264    95.395355    111.423152    119.908898    
0.274889    -14.790208    -10.544552    -6.683144    -3.243914    -0.753722    2.384729    4.722243    10.069649    13.436332    20.541592    24.816754    33.578327    38.735546    49.124831    55.154776    67.160528    74.059107    87.687882    95.451887    111.362740    119.971467    
0.278816    -14.790208    -10.544559    -6.683012    -3.245402    -0.748372    2.369907    4.740358    10.046787    13.461552    20.512178    24.848410    33.542594    38.773485    49.082855    55.198943    67.112344    74.109474    87.633516    95.508435    111.302343    120.034052    
0.282743    -14.790208    -10.544565    -6.682879    -3.246899    -0.742962    2.355114    4.758494    10.023942    13.486789    20.482780    24.880082    33.506876    38.811440    49.040896    55.243124    67.064176    74.159857    87.579165    95.564998    111.241962    120.096652    
0.286670    -14.790208    -10.544572    -6.682745    -3.248404    -0.737492    2.340349    4.776652    10.001114    13.512043    20.453397    24.911770    33.471173    38.849411    48.998952    55.287322    67.016024    74.210256    87.524829    95.621577    111.181596    120.159268    
0.290597    -14.790208    -10.544578    -6.682611    -3.249916    -0.731963    2.325614    4.794832    9.978303    13.537313    20.424031    24.943473    33.435486    38.887397    48.957023    55.331534    66.967887    74.260670    87.470510    95.678172    111.121246    120.221900    
0.294524    -14.790208    -10.544585    -6.682475    -3.251435    -0.726376    2.310908    4.813033    9.955509    13.562599    20.394681    24.975193    33.399815    38.925399    48.915110    55.375763    66.919766    74.311099    87.416205    95.734781    111.060911    120.284547    
0.298451    -14.790208    -10.544592    -6.682338    -3.252961    -0.720730    2.296232    4.831255    9.932733    13.587902    20.365346    25.006928    33.364160    38.963417    48.873212    55.420007    66.871660    74.361544    87.361916    95.791407    111.000592    120.347209    
0.302378    -14.790208    -10.544598    -6.682200    -3.254493    -0.715027    2.281586    4.849498    9.909973    13.613221    20.336028    25.038679    33.328520    39.001450    48.831331    55.464266    66.823569    74.412004    87.307643    95.848047    110.940289    120.409887    
0.306305    -14.790207    -10.544605    -6.682062    -3.256031    -0.709268    2.266971    4.867762    9.887230    13.638557    20.306726    25.070446    33.292896    39.039499    48.789464    55.508541    66.775494    74.462480    87.253385    95.904703    110.880001    120.472581    
0.310232    -14.790207    -10.544612    -6.681923    -3.257574    -0.703452    2.252385    4.886048    9.864505    13.663909    20.277439    25.102229    33.257288    39.077563    48.747613    55.552832    66.727435    74.512971    87.199143    95.961375    110.819728    120.535290    
0.314159    -14.790207    -10.544619    -6.681782    -3.259122    -0.697580    2.237831    4.904354    9.841797    13.689278    20.248169    25.134027    33.221695    39.115643    48.705778    55.597138    66.679391    74.563478    87.144916    96.018062    110.759471    120.598014    
0.318086    -14.790207    -10.544626    -6.681642    -3.260675    -0.691654    2.223308    4.922681    9.819105    13.714663    20.218915    25.165842    33.186118    39.153739    48.663958    55.641459    66.631363    74.614001    87.090704    96.074765    110.699230    120.660754    
0.322013    -14.790207    -10.544632    -6.681500    -3.262232    -0.685673    2.208816    4.941029    9.796431    13.740065    20.189676    25.197672    33.150557    39.191850    48.622154    55.685796    66.583350    74.664538    87.036508    96.131483    110.639004    120.723510    
0.325940    -14.790207    -10.544639    -6.681358    -3.263792    -0.679639    2.194356    4.959398    9.773774    13.765483    20.160454    25.229518    33.115011    39.229977    48.580366    55.730149    66.535352    74.715092    86.982327    96.188216    110.578794    120.786281    
0.329867    -14.790207    -10.544646    -6.681215    -3.265356    -0.673551    2.179928    4.977788    9.751134    13.790917    20.131248    25.261380    33.079481    39.268120    48.538593    55.774517    66.487371    74.765660    86.928162    96.244965    110.518599    120.849067    
0.333794    -14.790206    -10.544653    -6.681072    -3.266923    -0.667411    2.165532    4.996198    9.728511    13.816368    20.102057    25.293257    33.043967    39.306278    48.496835    55.818901    66.439404    74.816245    86.874013    96.301730    110.458420    120.911870    
0.337721    -14.790206    -10.544660    -6.680927    -3.268492    -0.661219    2.151169    5.014629    9.705905    13.841835    20.072883    25.325151    33.008468    39.344452    48.455093    55.863300    66.391453    74.866844    86.819879    96.358510    110.398256    120.974687    
0.341648    -14.790206    -10.544667    -6.680783    -3.270064    -0.654976    2.136839    5.033080    9.683316    13.867319    20.043724    25.357060    32.972985    39.382641    48.413367    55.907714    66.343518    74.917459    86.765760    96.415305    110.338107    121.037520    
0.345575    -14.790206    -10.544674    -6.680638    -3.271637    -0.648682    2.122543    5.051552    9.660745    13.892819    20.014582    25.388985    32.937518    39.420846    48.371656    55.952145    66.295598    74.968090    86.711657    96.472116    110.277975    121.100369    
0.349502    -14.790206    -10.544682    -6.680492    -3.273211    -0.642339    2.108280    5.070044    9.638190    13.918336    19.985456    25.420926    32.902066    39.459066    48.329961    55.996590    66.247693    75.018736    86.657569    96.528942    110.217857    121.163233    
0.353429    -14.790206    -10.544689    -6.680346    -3.274786    -0.635946    2.094051    5.088556    9.615653    13.943869    19.956345    25.452883    32.866630    39.497303    48.288281    56.041052    66.199804    75.069398    86.603497    96.585784    110.157756    121.226113    
0.357356    -14.790206    -10.544696    -6.680200    -3.276362    -0.629505    2.079856    5.107089    9.593133    13.969418    19.927251    25.484856    32.831210    39.535554    48.246617    56.085528    66.151931    75.120075    86.549440    96.642641    110.097670    121.289008    
0.361283    -14.790205    -10.544703    -6.680053    -3.277938    -0.623016    2.065696    5.125643    9.570630    13.994984    19.898172    25.516844    32.795806    39.573822    48.204968    56.130021    66.104073    75.170768    86.495399    96.699514    110.037599    121.351919    
0.365210    -14.790205    -10.544710    -6.679906    -3.279514    -0.616479    2.051572    5.144216    9.548144    14.020566    19.869110    25.548848    32.760417    39.612105    48.163335    56.174529    66.056231    75.221476    86.441373    96.756402    109.977544    121.414845    
0.369137    -14.790205    -10.544717    -6.679759    -3.281088    -0.609897    2.037482    5.162810    9.525675    14.046165    19.840064    25.580869    32.725044    39.650404    48.121718    56.219052    66.008404    75.272199    86.387363    96.813306    109.917504    121.477787    
0.373064    -14.790205    -10.544724    -6.679611    -3.282662    -0.603268    2.023429    5.181423    9.503223    14.071780    19.811033    25.612904    32.689686    39.688718    48.080116    56.263591    65.960592    75.322938    86.333368    96.870225    109.857480    121.540744    
0.376991    -14.790205    -10.544732    -6.679463    -3.284235    -0.596594    2.009412    5.200057    9.480789    14.097412    19.782019    25.644956    32.654344    39.727048    48.038529    56.308145    65.912796    75.373693    86.279389    96.927159    109.797472    121.603716    
0.380918    -14.790205    -10.544739    -6.679315    -3.285805    -0.589876    1.995432    5.218711    9.458372    14.123060    19.753020    25.677024    32.619018    39.765393    47.996958    56.352715    65.865016    75.424463    86.225425    96.984109    109.737479    121.666705    
0.384845    -14.790205    -10.544746    -6.679167    -3.287374    -0.583115    1.981488    5.237385    9.435972    14.148724    19.724038    25.709107    32.583708    39.803754    47.955403    56.397301    65.817251    75.475248    86.171477    97.041075    109.677501    121.729708    
0.388772    -14.790204    -10.544753    -6.679019    -3.288940    -0.576310    1.967582    5.256079    9.413589    14.174405    19.695072    25.741206    32.548413    39.842131    47.913863    56.441902    65.769502    75.526049    86.117544    97.098056    109.617539    121.792728    
0.392699    -14.790204    -10.544760    -6.678871    -3.290502    -0.569463    1.953715    5.274793    9.391223    14.200102    19.666121    25.773321    32.513134    39.880523    47.872339    56.486518    65.721768    75.576866    86.063626    97.155052    109.557593    121.855763    
0.396626    -14.790204    -10.544768    -6.678722    -3.292062    -0.562575    1.939885    5.293527    9.368875    14.225815    19.637187    25.805452    32.477870    39.918931    47.830831    56.531150    65.674049    75.627698    86.009724    97.212064    109.497662    121.918813    
0.400553    -14.790204    -10.544775    -6.678574    -3.293618    -0.555646    1.926095    5.312280    9.346544    14.251545    19.608269    25.837598    32.442623    39.957354    47.789338    56.575798    65.626346    75.678545    85.955838    97.269092    109.437746    121.981879    
0.404480    -14.790204    -10.544782    -6.678426    -3.295170    -0.548678    1.912344    5.331054    9.324230    14.277292    19.579367    25.869760    32.407391    39.995794    47.747860    56.620461    65.578659    75.729408    85.901967    97.326135    109.377847    122.044960    
0.408407    -14.790204    -10.544789    -6.678277    -3.296717    -0.541670    1.898632    5.349847    9.301933    14.303054    19.550480    25.901939    32.372174    40.034248    47.706398    56.665139    65.530987    75.780287    85.848111    97.383193    109.317962    122.108057    
0.412334    -14.790203    -10.544796    -6.678129    -3.298260    -0.534624    1.884962    5.368660    9.279653    14.328833    19.521610    25.934133    32.336974    40.072719    47.664952    56.709833    65.483330    75.831180    85.794271    97.440267    109.258094    122.171169    
0.416261    -14.790203    -10.544803    -6.677981    -3.299798    -0.527540    1.871332    5.387493    9.257391    14.354629    19.492756    25.966342    32.301789    40.111205    47.623521    56.754543    65.435689    75.882090    85.740447    97.497356    109.198240    122.234297    
0.420188    -14.790203    -10.544811    -6.677833    -3.301330    -0.520420    1.857743    5.406345    9.235146    14.380441    19.463918    25.998568    32.266620    40.149706    47.582106    56.799268    65.388064    75.933015    85.686638    97.554461    109.138403    122.297440    
0.424115    -14.790203    -10.544818    -6.677686    -3.302856    -0.513264    1.844196    5.425217    9.212918    14.406269    19.435095    26.030809    32.231466    40.188223    47.540706    56.844009    65.340454    75.983955    85.632844    97.611581    109.078580    122.360599    
0.428042    -14.790203    -10.544825    -6.677539    -3.304377    -0.506073    1.830692    5.444109    9.190707    14.432114    19.406289    26.063066    32.196328    40.226756    47.499322    56.888765    65.292860    76.034911    85.579066    97.668716    109.018774    122.423774    
0.431969    -14.790203    -10.544832    -6.677392    -3.305891    -0.498848    1.817232    5.463020    9.168514    14.457975    19.377499    26.095339    32.161206    40.265304    47.457953    56.933537    65.245281    76.085882    85.525303    97.725868    108.958982    122.486964    
0.435896    -14.790203    -10.544839    -6.677245    -3.307398    -0.491589    1.803814    5.481951    9.146338    14.483852    19.348725    26.127628    32.126099    40.303868    47.416600    56.978324    65.197717    76.136869    85.471556    97.783034    108.899207    122.550169    
0.439823    -14.790202    -10.544846    -6.677099    -3.308897    -0.484299    1.790442    5.500902    9.124179    14.509746    19.319967    26.159933    32.091009    40.342448    47.375263    57.023127    65.150169    76.187871    85.417824    97.840216    108.839447    122.613390    
0.443750    -14.790202    -10.544853    -6.676953    -3.310390    -0.476977    1.777114    5.519872    9.102038    14.535656    19.291225    26.192253    32.055933    40.381043    47.333941    57.067945    65.102637    76.238889    85.364108    97.897414    108.779702    122.676626    
0.447677    -14.790202    -10.544860    -6.676807    -3.311875    -0.469624    1.763832    5.538861    9.079913    14.561582    19.262499    26.224589    32.020874    40.419654    47.292635    57.112779    65.055120    76.289922    85.310408    97.954627    108.719973    122.739878    
0.451604    -14.790202    -10.544867    -6.676662    -3.313351    -0.462242    1.750597    5.557870    9.057807    14.587525    19.233789    26.256941    31.985830    40.458280    47.251344    57.157628    65.007618    76.340971    85.256722    98.011855    108.660260    122.803146    
0.455531    -14.790202    -10.544874    -6.676518    -3.314819    -0.454832    1.737408    5.576898    9.035717    14.613484    19.205095    26.289309    31.950802    40.496922    47.210069    57.202493    64.960132    76.392035    85.203053    98.069099    108.600562    122.866429    
0.459458    -14.790202    -10.544881    -6.676374    -3.316279    -0.447394    1.724268    5.595946    9.013645    14.639460    19.176417    26.321692    31.915790    40.535580    47.168809    57.247374    64.912662    76.443115    85.149398    98.126359    108.540879    122.929727    
0.463385    -14.790202    -10.544888    -6.676231    -3.317729    -0.439929    1.711176    5.615013    8.991590    14.665451    19.147756    26.354092    31.880793    40.574253    47.127565    57.292269    64.865207    76.494210    85.095759    98.183633    108.481212    122.993041    
0.467312    -14.790201    -10.544895    -6.676088    -3.319170    -0.432439    1.698133    5.634099    8.969552    14.691460    19.119110    26.386507    31.845812    40.612942    47.086336    57.337181    64.817768    76.545320    85.042136    98.240924    108.421561    123.056371    
0.471239    -14.790201    -10.544902    -6.675946    -3.320601    -0.424925    1.685141    5.653205    8.947532    14.717484    19.090480    26.418938    31.810847    40.651646    47.045124    57.382108    64.770344    76.596446    84.988528    98.298229    108.361925    123.119716    
0.475166    -14.790201    -10.544909    -6.675804    -3.322023    -0.417387    1.672200    5.672330    8.925529    14.743525    19.061866    26.451385    31.775897    40.690366    47.003926    57.427050    64.722935    76.647588    84.934936    98.355551    108.302305    123.183076    
0.479093    -14.790201    -10.544916    -6.675664    -3.323434    -0.409827    1.659311    5.691474    8.903543    14.769582    19.033269    26.483847    31.740963    40.729102    46.962744    57.472008    64.675542    76.698745    84.881359    98.412887    108.242700    123.246452    
0.483020    -14.790201    -10.544922    -6.675524    -3.324834    -0.402246    1.646474    5.710638    8.881574    14.795656    19.004687    26.516325    31.706045    40.767853    46.921578    57.516982    64.628165    76.749917    84.827798    98.470240    108.183110    123.309844    
0.486947    -14.790201    -10.544929    -6.675385    -3.326224    -0.394645    1.633692    5.729821    8.859624    14.821746    18.976122    26.548820    31.671143    40.806620    46.880427    57.561971    64.580803    76.801105    84.774252    98.527607    108.123537    123.373251    
0.490874    -14.790201    -10.544936    -6.675247    -3.327603    -0.387026    1.620964    5.749023    8.837690    14.847852    18.947572    26.581329    31.636256    40.845402    46.839292    57.606975    64.533456    76.852309    84.720721    98.584990    108.063978    123.436673    
0.494801    -14.790200    -10.544942    -6.675109    -3.328970    -0.379389    1.608292    5.768244    8.815774    14.873975    18.919039    26.613855    31.601385    40.884200    46.798173    57.651995    64.486126    76.903528    84.667206    98.642389    108.004436    123.500112    
0.498728    -14.790200    -10.544949    -6.674973    -3.330326    -0.371736    1.595678    5.787484    8.793875    14.900114    18.890521    26.646397    31.566529    40.923014    46.757069    57.697031    64.438810    76.954762    84.613707    98.699803    107.944909    123.563565    
0.502655    -14.790200    -10.544955    -6.674837    -3.331669    -0.364068    1.583121    5.806743    8.771993    14.926269    18.862020    26.678954    31.531690    40.961843    46.715980    57.742082    64.391510    77.006012    84.560223    98.757232    107.885397    123.627034    
0.506582    -14.790200    -10.544962    -6.674703    -3.333001    -0.356387    1.570623    5.826022    8.750129    14.952441    18.833534    26.711527    31.496866    41.000688    46.674907    57.787149    64.344226    77.057278    84.506754    98.814677    107.825901    123.690519    
0.510509    -14.790200    -10.544968    -6.674569    -3.334320    -0.348694    1.558185    5.845319    8.728283    14.978628    18.805065    26.744116    31.462057    41.039548    46.633850    57.832231    64.296957    77.108559    84.453301    98.872138    107.766420    123.754019    
0.514436    -14.790200    -10.544975    -6.674437    -3.335626    -0.340990    1.545809    5.864636    8.706453    15.004833    18.776612    26.776720    31.427265    41.078424    46.592808    57.877328    64.249703    77.159855    84.399864    98.929614    107.706955    123.817535    
0.518363    -14.790200    -10.544981    -6.674305    -3.336919    -0.333277    1.533496    5.883971    8.684641    15.031053    18.748175    26.809341    31.392488    41.117316    46.551782    57.922442    64.202466    77.211167    84.346442    98.987105    107.647506    123.881066    
0.522290    -14.790200    -10.544987    -6.674175    -3.338199    -0.325556    1.521246    5.903326    8.662847    15.057290    18.719754    26.841977    31.357727    41.156223    46.510771    57.967570    64.155243    77.262494    84.293035    99.044612    107.588072    123.944612    
0.526217    -14.790199    -10.544994    -6.674046    -3.339465    -0.317830    1.509063    5.922700    8.641070    15.083543    18.691349    26.874629    31.322981    41.195146    46.469776    58.012715    64.108036    77.313837    84.239644    99.102134    107.528653    124.008175    
0.530144    -14.790199    -10.545000    -6.673918    -3.340718    -0.310099    1.496946    5.942092    8.619311    15.109813    18.662960    26.907297    31.288252    41.234084    46.428797    58.057874    64.060845    77.365195    84.186268    99.159672    107.469250    124.071752    
0.534071    -14.790199    -10.545006    -6.673791    -3.341957    -0.302365    1.484897    5.961504    8.597568    15.136098    18.634587    26.939980    31.253537    41.273038    46.387833    58.103050    64.013669    77.416569    84.132908    99.217225    107.409863    124.135345    
0.537998    -14.790199    -10.545012    -6.673665    -3.343181    -0.294630    1.472918    5.980934    8.575844    15.162401    18.606230    26.972680    31.218839    41.312008    46.346884    58.148240    63.966508    77.467958    84.079564    99.274794    107.350491    124.198954    
0.541925    -14.790199    -10.545018    -6.673541    -3.344391    -0.286896    1.461011    6.000383    8.554137    15.188719    18.577889    27.005395    31.184156    41.350993    46.305952    58.193447    63.919364    77.519363    84.026234    99.332378    107.291135    124.262578    
0.545852    -14.790199    -10.545024    -6.673418    -3.345587    -0.279164    1.449177    6.019852    8.532447    15.215054    18.549565    27.038126    31.149489    41.389994    46.265034    58.238668    63.872234    77.570783    83.972921    99.389978    107.231794    124.326218    
0.549779    -14.790199    -10.545030    -6.673296    -3.346767    -0.271438    1.437418    6.039339    8.510775    15.241405    18.521256    27.070872    31.114838    41.429010    46.224133    58.283906    63.825120    77.622219    83.919622    99.447593    107.172469    124.389873    
0.553706    -14.790199    -10.545035    -6.673176    -3.347932    -0.263717    1.425736    6.058844    8.489120    15.267772    18.492964    27.103635    31.080203    41.468042    46.183247    58.329159    63.778022    77.673670    83.866340    99.505223    107.113159    124.453544    
0.557633    -14.790198    -10.545041    -6.673057    -3.349082    -0.256005    1.414132    6.078369    8.467483    15.294156    18.464687    27.136413    31.045583    41.507090    46.142376    58.374427    63.730939    77.725137    83.813072    99.562869    107.053865    124.517230    
0.561560    -14.790198    -10.545047    -6.672939    -3.350216    -0.248304    1.402608    6.097913    8.445863    15.320555    18.436427    27.169207    31.010979    41.546153    46.101521    58.419711    63.683872    77.776619    83.759821    99.620531    106.994586    124.580932    
0.565487    -14.790198    -10.545052    -6.672823    -3.351335    -0.240616    1.391168    6.117475    8.424261    15.346972    18.408183    27.202017    30.976390    41.585232    46.060682    58.465010    63.636820    77.828116    83.706584    99.678208    106.935323    124.644649    
0.569414    -14.790198    -10.545058    -6.672709    -3.352437    -0.232943    1.379811    6.137056    8.402676    15.373404    18.379954    27.234842    30.941817    41.624326    46.019858    58.510325    63.589783    77.879629    83.653363    99.735900    106.876075    124.708382    
0.573341    -14.790198    -10.545063    -6.672596    -3.353524    -0.225288    1.368542    6.156656    8.381109    15.399853    18.351742    27.267684    30.907260    41.663436    45.979049    58.555655    63.542763    77.931158    83.600158    99.793608    106.816843    124.772130    
0.577268    -14.790198    -10.545069    -6.672484    -3.354594    -0.217653    1.357362    6.176274    8.359560    15.426318    18.323546    27.300541    30.872719    41.702562    45.938257    58.601001    63.495757    77.982702    83.546968    99.851332    106.757626    124.835894    
0.581195    -14.790198    -10.545074    -6.672374    -3.355647    -0.210040    1.346274    6.195911    8.338028    15.452799    18.295366    27.333414    30.838193    41.741703    45.897480    58.646363    63.448767    78.034262    83.493794    99.909070    106.698425    124.899673    
0.585122    -14.790198    -10.545079    -6.672266    -3.356683    -0.202453    1.335279    6.215567    8.316513    15.479297    18.267202    27.366302    30.803684    41.780860    45.856718    58.691740    63.401793    78.085837    83.440635    99.966825    106.639240    124.963468    
0.589049    -14.790198    -10.545084    -6.672159    -3.357703    -0.194893    1.324381    6.235242    8.295016    15.505811    18.239055    27.399207    30.769189    41.820032    45.815972    58.737132    63.354834    78.137427    83.387492    100.024594    106.580070    125.027279    
0.592976    -14.790197    -10.545089    -6.672054    -3.358705    -0.187364    1.313583    6.254935    8.273537    15.532341    18.210923    27.432127    30.734711    41.859220    45.775242    58.782540    63.307891    78.189033    83.334364    100.082380    106.520915    125.091104    
0.596903    -14.790197    -10.545094    -6.671950    -3.359690    -0.179869    1.302886    6.274647    8.252076    15.558887    18.182807    27.465063    30.700248    41.898423    45.734527    58.827964    63.260963    78.240654    83.281251    100.140180    106.461776    125.154946    
0.600830    -14.790197    -10.545099    -6.671849    -3.360658    -0.172411    1.292295    6.294377    8.230632    15.585450    18.154708    27.498015    30.665801    41.937643    45.693827    58.873403    63.214051    78.292291    83.228154    100.197996    106.402653    125.218803    
0.604757    -14.790197    -10.545104    -6.671749    -3.361607    -0.164993    1.281812    6.314126    8.209205    15.612029    18.126624    27.530982    30.631370    41.976877    45.653144    58.918857    63.167154    78.343944    83.175073    100.255828    106.343545    125.282675    
0.608684    -14.790197    -10.545109    -6.671650    -3.362539    -0.157618    1.271440    6.333893    8.187796    15.638624    18.098557    27.563965    30.596954    42.016128    45.612476    58.964328    63.120272    78.395611    83.122007    100.313675    106.284453    125.346563    
0.612611    -14.790197    -10.545113    -6.671554    -3.363453    -0.150290    1.261182    6.353679    8.166405    15.665236    18.070506    27.596964    30.562554    42.055394    45.571823    59.009813    63.073407    78.447295    83.068956    100.371538    106.225376    125.410466    
0.616538    -14.790197    -10.545118    -6.671459    -3.364349    -0.143013    1.251043    6.373484    8.145032    15.691864    18.042471    27.629979    30.528170    42.094675    45.531186    59.055314    63.026556    78.498994    83.015921    100.429416    106.166315    125.474385    
0.620465    -14.790197    -10.545122    -6.671366    -3.365226    -0.135789    1.241025    6.393307    8.123676    15.718508    18.014452    27.663010    30.493801    42.133972    45.490564    59.100831    62.979721    78.550708    82.962902    100.487309    106.107269    125.538319    
0.624392    -14.790197    -10.545127    -6.671275    -3.366085    -0.128623    1.231133    6.413148    8.102338    15.745168    17.986449    27.696056    30.459449    42.173285    45.449959    59.146363    62.932902    78.602438    82.909898    100.545218    106.048239    125.602269    
0.628319    -14.790197    -10.545131    -6.671186    -3.366925    -0.121519    1.221369    6.433008    8.081017    15.771844    17.958462    27.729118    30.425112    42.212613    45.409368    59.191911    62.886098    78.654183    82.856909    100.603142    105.989224    125.666235    
0.632246    -14.790197    -10.545135    -6.671099    -3.367746    -0.114481    1.211739    6.452887    8.059715    15.798537    17.930491    27.762196    30.390790    42.251957    45.368794    59.237474    62.839310    78.705944    82.803936    100.661082    105.930225    125.730216    
0.636173    -14.790196    -10.545139    -6.671013    -3.368548    -0.107513    1.202246    6.472784    8.038430    15.825246    17.902536    27.795290    30.356485    42.291316    45.328234    59.283052    62.792537    78.757720    82.750978    100.719037    105.871242    125.794212    
0.640100    -14.790196    -10.545143    -6.670930    -3.369331    -0.100620    1.192895    6.492699    8.017163    15.851972    17.874598    27.828399    30.322195    42.330691    45.287691    59.328647    62.745780    78.809512    82.698036    100.777008    105.812273    125.858224    
0.644026    -14.790196    -10.545147    -6.670849    -3.370095    -0.093806    1.183690    6.512632    7.995913    15.878713    17.846676    27.861524    30.287921    42.370082    45.247163    59.374256    62.699038    78.861319    82.645110    100.834994    105.753321    125.922251    
0.647953    -14.790196    -10.545151    -6.670769    -3.370840    -0.087076    1.174635    6.532584    7.974682    15.905471    17.818769    27.894665    30.253662    42.409488    45.206650    59.419882    62.652312    78.913141    82.592198    100.892996    105.694384    125.986294    
0.651880    -14.790196    -10.545155    -6.670692    -3.371565    -0.080435    1.165736    6.552554    7.953468    15.932245    17.790879    27.927822    30.219419    42.448910    45.166153    59.465522    62.605601    78.964979    82.539303    100.951013    105.635462    126.050353    
0.655807    -14.790196    -10.545158    -6.670616    -3.372270    -0.073888    1.156998    6.572543    7.932272    15.959035    17.763005    27.960994    30.185192    42.488347    45.125672    59.511179    62.558906    79.016833    82.486422    101.009046    105.576556    126.114427    
0.659734    -14.790196    -10.545162    -6.670543    -3.372956    -0.067440    1.148425    6.592549    7.911094    15.985842    17.735147    27.994183    30.150981    42.527800    45.085206    59.556850    62.512226    79.068702    82.433558    101.067094    105.517666    126.178516    
0.663661    -14.790196    -10.545165    -6.670471    -3.373621    -0.061097    1.140023    6.612574    7.889934    16.012665    17.707305    28.027387    30.116785    42.567269    45.044756    59.602538    62.465562    79.120587    82.380709    101.125158    105.458791    126.242621    
0.667588    -14.790196    -10.545169    -6.670402    -3.374267    -0.054863    1.131797    6.632617    7.868791    16.039504    17.679480    28.060606    30.082606    42.606753    45.004322    59.648240    62.418913    79.172487    82.327875    101.183237    105.399932    126.306742    
0.671515    -14.790196    -10.545172    -6.670335    -3.374893    -0.048746    1.123753    6.652679    7.847667    16.066359    17.651670    28.093842    30.048441    42.646253    44.963903    59.693959    62.372280    79.224402    82.275057    101.241331    105.341088    126.370878    
0.675442    -14.790196    -10.545175    -6.670270    -3.375498    -0.042750    1.115897    6.672758    7.826560    16.093230    17.623876    28.127093    30.014293    42.685768    44.923499    59.739693    62.325662    79.276333    82.222254    101.299441    105.282260    126.435029    
0.679369    -14.790196    -10.545178    -6.670207    -3.376083    -0.036881    1.108235    6.692855    7.805472    16.120118    17.596099    28.160360    29.980160    42.725299    44.883111    59.785442    62.279060    79.328280    82.169466    101.357566    105.223447    126.499196    
0.683296    -14.790196    -10.545181    -6.670146    -3.376648    -0.031147    1.100772    6.712971    7.784402    16.147022    17.568338    28.193643    29.946043    42.764846    44.842739    59.831207    62.232473    79.380241    82.116695    101.415707    105.164650    126.563379    
0.687223    -14.790196    -10.545184    -6.670088    -3.377192    -0.025552    1.093515    6.733104    7.763349    16.173942    17.540593    28.226941    29.911942    42.804408    44.802382    59.876987    62.185902    79.432219    82.063938    101.473864    105.105868    126.627577    
0.691150    -14.790195    -10.545186    -6.670031    -3.377716    -0.020104    1.086470    6.753256    7.742315    16.200878    17.512864    28.260256    29.877857    42.843986    44.762041    59.922783    62.139346    79.484212    82.011197    101.532035    105.047102    126.691790    
0.695077    -14.790195    -10.545189    -6.669977    -3.378219    -0.014808    1.079644    6.773425    7.721299    16.227831    17.485151    28.293586    29.843787    42.883579    44.721716    59.968594    62.092806    79.536220    81.958472    101.590223    104.988351    126.756019    
0.699004    -14.790195    -10.545191    -6.669925    -3.378701    -0.009672    1.073043    6.793612    7.700302    16.254800    17.457454    28.326931    29.809733    42.923188    44.681406    60.014421    62.046281    79.588244    81.905762    101.648425    104.929616    126.820264    
0.702931    -14.790195    -10.545194    -6.669875    -3.379162    -0.004702    1.066673    6.813817    7.679322    16.281785    17.429774    28.360293    29.775694    42.962812    44.641111    60.060264    61.999772    79.640283    81.853068    101.706644    104.870897    126.884524    
0.706858    -14.790195    -10.545196    -6.669827    -3.379602    0.000096    1.060542    6.834039    7.658362    16.308786    17.402109    28.393670    29.741672    43.002452    44.600832    60.106122    61.953279    79.692338    81.800389    101.764877    104.812193    126.948799    
0.710785    -14.790195    -10.545198    -6.669782    -3.380022    0.004714    1.054655    6.854279    7.637419    16.335803    17.374461    28.427063    29.707665    43.042108    44.560569    60.151995    61.906800    79.744408    81.747725    101.823126    104.753504    127.013091    
0.714712    -14.790195    -10.545200    -6.669739    -3.380420    0.009145    1.049020    6.874536    7.616496    16.362837    17.346829    28.460472    29.673674    43.081779    44.520321    60.197884    61.860338    79.796494    81.695078    101.881391    104.694831    127.077397    
0.718639    -14.790195    -10.545202    -6.669698    -3.380797    0.013385    1.043643    6.894810    7.595591    16.389887    17.319213    28.493897    29.639698    43.121466    44.480089    60.243789    61.813891    79.848595    81.642445    101.939671    104.636174    127.141719    
0.722566    -14.790195    -10.545204    -6.669660    -3.381153    0.017424    1.038531    6.915101    7.574706    16.416953    17.291613    28.527337    29.605739    43.161168    44.439873    60.289708    61.767459    79.900712    81.589828    101.997967    104.577532    127.206057    
0.726493    -14.790195    -10.545206    -6.669623    -3.381488    0.021258    1.033690    6.935409    7.553839    16.444035    17.264030    28.560793    29.571795    43.200886    44.399672    60.335644    61.721043    79.952844    81.537227    102.056278    104.518906    127.270410    
0.730420    -14.790195    -10.545207    -6.669589    -3.381801    0.024879    1.029126    6.955733    7.532993    16.471134    17.236462    28.594265    29.537866    43.240620    44.359486    60.381595    61.674642    80.004992    81.484641    102.114604    104.460295    127.334778    
0.734347    -14.790195    -10.545209    -6.669558    -3.382093    0.028282    1.024846    6.976073    7.512166    16.498248    17.208911    28.627752    29.503954    43.280369    44.319317    60.427561    61.628257    80.057155    81.432070    102.172946    104.401700    127.399163    
0.738274    -14.790195    -10.545210    -6.669528    -3.382363    0.031460    1.020856    6.996429    7.491361    16.525379    17.181375    28.661256    29.470057    43.320134    44.279162    60.473544    61.581888    80.109333    81.379515    102.231303    104.343120    127.463562    
0.742201    -14.790195    -10.545212    -6.669501    -3.382612    0.034408    1.017162    7.016799    7.470576    16.552526    17.153856    28.694775    29.436176    43.359914    44.239024    60.519541    61.535534    80.161527    81.326975    102.289676    104.284556    127.527977    
0.746128    -14.790195    -10.545213    -6.669477    -3.382840    0.037119    1.013769    7.037183    7.449814    16.579690    17.126353    28.728309    29.402311    43.399710    44.198901    60.565554    61.489195    80.213737    81.274451    102.348064    104.226007    127.592408    
0.750055    -14.790195    -10.545214    -6.669454    -3.383046    0.039590    1.010682    7.057578    7.429077    16.606869    17.098866    28.761860    29.368461    43.439521    44.158793    60.611583    61.442872    80.265962    81.221943    102.406468    104.167474    127.656854    
0.753982    -14.790195    -10.545215    -6.669434    -3.383230    0.041814    1.007906    7.077984    7.408365    16.634065    17.071396    28.795426    29.334627    43.479348    44.118701    60.657627    61.396564    80.318203    81.169450    102.464887    104.108956    127.721316    
0.757909    -14.790195    -10.545216    -6.669417    -3.383393    0.043788    1.005445    7.098395    7.387684    16.661277    17.043941    28.829008    29.300809    43.519191    44.078625    60.703686    61.350272    80.370459    81.116972    102.523322    104.050454    127.785793    
0.761836    -14.790195    -10.545216    -6.669401    -3.383534    0.045507    1.003304    7.118806    7.367038    16.688505    17.016503    28.862606    29.267007    43.559049    44.038564    60.749761    61.303996    80.422730    81.064510    102.581772    103.991968    127.850286    
0.765763    -14.790195    -10.545217    -6.669388    -3.383653    0.046968    1.001486    7.139207    7.346440    16.715749    16.989081    28.896219    29.233220    43.598923    43.998519    60.795852    61.257735    80.475017    81.012063    102.640238    103.933497    127.914794    
0.769690    -14.790195    -10.545218    -6.669378    -3.383751    0.048167    0.999995    7.159575    7.325909    16.743009    16.961675    28.929849    29.199449    43.638812    43.958489    60.841958    61.211489    80.527319    80.959632    102.698719    103.875041    127.979317    
0.773617    -14.790195    -10.545218    -6.669369    -3.383827    0.049103    0.998832    7.179863    7.305495    16.770286    16.934285    28.963494    29.165694    43.678717    43.918475    60.888080    61.165259    80.579637    80.907217    102.757215    103.816601    128.043857    
0.777544    -14.790195    -10.545218    -6.669363    -3.383882    0.049773    0.998000    7.199928    7.285341    16.797579    16.906911    28.997154    29.131955    43.718638    43.878477    60.934217    61.119045    80.631970    80.854816    102.815727    103.758177    128.108411    
0.781471    -14.790195    -10.545218    -6.669360    -3.383914    0.050175    0.997500    7.219142    7.266073    16.824888    16.879554    29.030831    29.098231    43.758574    43.838494    60.980370    61.072846    80.684319    80.802432    102.874255    103.699768    128.172981    
0.785398    -14.790195    -10.545218    -6.669359    -3.383925    0.050309    0.997334    7.231363    7.253833    16.852165    16.852260    29.064523    29.064523    43.798526    43.798527    61.026538    61.026662    80.736684    80.750062    102.932798    103.641375    128.237567    
