-0.785398    -0.464451    0.030481    2.286036    2.291102    7.214851    7.214853    14.614943    14.614943    24.483703    24.483703    36.820286    36.820286    51.624451    51.624451    68.896108    68.896108    88.635217    88.635217    110.841756    110.844289    135.518019    
-0.781471    -0.464463    0.030509    2.279030    2.298123    7.199447    7.230272    14.593364    14.636537    24.455954    24.511467    36.786368    36.854220    51.584364    51.664554    68.849853    68.942379    88.582792    88.687657    110.783163    110.902897    135.453258    
-0.777544    -0.464500    0.030591    2.270018    2.307182    7.184058    7.245708    14.571800    14.658147    24.428220    24.539247    36.752465    36.888169    51.544293    51.704672    68.803612    68.988666    88.530383    88.740112    110.724586    110.961520    135.388512    
-0.773617    -0.464562    0.030728    2.260911    2.316368    7.168684    7.261159    14.550252    14.679772    24.400502    24.567043    36.718577    36.922133    51.504236    51.744805    68.757387    69.034968    88.477990    88.792582    110.666024    111.020158    135.323782    
-0.769690    -0.464649    0.030921    2.251791    2.325598    7.153326    7.276625    14.528720    14.701413    24.372799    24.594853    36.684705    36.956113    51.464196    51.784954    68.711178    69.081286    88.425612    88.845068    110.607477    111.078812    135.259067    
-0.765763    -0.464760    0.031167    2.242675    2.334856    7.137983    7.292107    14.507202    14.723069    24.345111    24.622680    36.650849    36.990109    51.424170    51.825118    68.664984    69.127618    88.373249    88.897570    110.548946    111.137482    135.194368    
-0.761836    -0.464895    0.031469    2.233569    2.344134    7.122655    7.307605    14.485700    14.744741    24.317439    24.650521    36.617008    37.024120    51.384160    51.865298    68.618805    69.173967    88.320902    88.950087    110.490430    111.196167    135.129684    
-0.757909    -0.465055    0.031825    2.224475    2.353432    7.107343    7.323118    14.464214    14.766428    24.289783    24.678378    36.583182    37.058146    51.344166    51.905493    68.572642    69.220330    88.268570    89.002619    110.431930    111.254867    135.065016    
-0.753982    -0.465240    0.032236    2.215395    2.362748    7.092047    7.338646    14.442743    14.788130    24.262142    24.706251    36.549372    37.092187    51.304186    51.945703    68.526494    69.266710    88.216254    89.055167    110.373445    111.313582    135.000363    
-0.750055    -0.465448    0.032701    2.206330    2.372081    7.076766    7.354190    14.421288    14.809848    24.234516    24.734139    36.515577    37.126245    51.264223    51.985929    68.480362    69.313104    88.163953    89.107730    110.314975    111.372313    134.935725    
-0.746128    -0.465681    0.033220    2.197279    2.381430    7.061500    7.369749    14.399847    14.831581    24.206906    24.762042    36.481797    37.160317    51.224274    52.026170    68.434245    69.359514    88.111667    89.160308    110.256521    111.431060    134.871103    
-0.742201    -0.465937    0.033793    2.188243    2.390796    7.046250    7.385324    14.378423    14.853330    24.179311    24.789961    36.448033    37.194405    51.184342    52.066427    68.388143    69.405939    88.059397    89.212902    110.198082    111.489822    134.806496    
-0.738274    -0.466217    0.034420    2.179223    2.400178    7.031015    7.400914    14.357013    14.875094    24.151731    24.817895    36.414285    37.228508    51.144424    52.106699    68.342057    69.452380    88.007142    89.265512    110.139659    111.548599    134.741905    
-0.734347    -0.466520    0.035100    2.170217    2.409577    7.015796    7.416519    14.335620    14.896873    24.124167    24.845845    36.380551    37.262627    51.104522    52.146987    68.295986    69.498836    87.954903    89.318137    110.081251    111.607392    134.677329    
-0.730420    -0.466847    0.035834    2.161228    2.418991    7.000592    7.432140    14.314241    14.918668    24.096618    24.873810    36.346834    37.296761    51.064635    52.187290    68.249931    69.545308    87.902679    89.370777    110.022859    111.666200    134.612769    
-0.726493    -0.467196    0.036621    2.152253    2.428421    6.985403    7.447777    14.292878    14.940479    24.069085    24.901790    36.313131    37.330911    51.024764    52.227608    68.203891    69.591795    87.850470    89.423433    109.964482    111.725024    134.548224    
-0.722566    -0.467569    0.037461    2.143295    2.437867    6.970230    7.463429    14.271531    14.962304    24.041568    24.929786    36.279444    37.365076    50.984909    52.267942    68.157867    69.638298    87.798277    89.476104    109.906120    111.783863    134.483694    
-0.718639    -0.467963    0.038353    2.134352    2.447329    6.955073    7.479096    14.250199    14.984146    24.014065    24.957798    36.245773    37.399256    50.945068    52.308291    68.111858    69.684816    87.746100    89.528790    109.847774    111.842717    134.419180    
-0.714712    -0.468380    0.039298    2.125424    2.456806    6.939931    7.494779    14.228882    15.006002    23.986578    24.985824    36.212117    37.433452    50.905243    52.348656    68.065864    69.731349    87.693938    89.581492    109.789443    111.901587    134.354681    
-0.710785    -0.468819    0.040294    2.116512    2.466300    6.924804    7.510477    14.207581    15.027874    23.959107    25.013867    36.178476    37.467664    50.865434    52.389036    68.019886    69.777898    87.641791    89.634210    109.731128    111.960472    134.290198    
-0.706858    -0.469279    0.041343    2.107616    2.475809    6.909693    7.526191    14.186295    15.049762    23.931651    25.041924    36.144851    37.501890    50.825640    52.429432    67.973923    69.824462    87.589660    89.686942    109.672828    112.019373    134.225730    
-0.702931    -0.469760    0.042443    2.098736    2.485334    6.894597    7.541920    14.165024    15.071665    23.904210    25.069997    36.111241    37.536132    50.785861    52.469843    67.927976    69.871042    87.537544    89.739691    109.614543    112.078289    134.161277    
-0.699004    -0.470262    0.043593    2.089871    2.494875    6.879517    7.557664    14.143769    15.093583    23.876785    25.098086    36.077646    37.570390    50.746098    52.510269    67.882044    69.917637    87.485443    89.792454    109.556274    112.137221    134.096840    
-0.695077    -0.470785    0.044795    2.081022    2.504431    6.864452    7.573424    14.122530    15.115517    23.849375    25.126190    36.044067    37.604663    50.706350    52.550711    67.836128    69.964247    87.433358    89.845233    109.498021    112.196168    134.032419    
-0.691150    -0.471328    0.046047    2.072189    2.514004    6.849403    7.589200    14.101306    15.137466    23.821981    25.154309    36.010504    37.638951    50.666618    52.591168    67.790226    70.010873    87.381288    89.898028    109.439783    112.255130    133.968012    
-0.687223    -0.471891    0.047348    2.063371    2.523591    6.834369    7.604991    14.080097    15.159431    23.794602    25.182444    35.976956    37.673255    50.626901    52.631641    67.744341    70.057514    87.329234    89.950838    109.381560    112.314108    133.903622    
-0.683296    -0.472473    0.048700    2.054569    2.533195    6.819351    7.620797    14.058904    15.181411    23.767238    25.210594    35.943423    37.707575    50.587199    52.672129    67.698471    70.104171    87.277195    90.003663    109.323352    112.373101    133.839246    
-0.679369    -0.473075    0.050100    2.045783    2.542814    6.804348    7.636619    14.037726    15.203407    23.739890    25.238759    35.909906    37.741909    50.547513    52.712632    67.652616    70.150843    87.225172    90.056504    109.265160    112.432110    133.774886    
-0.675442    -0.473695    0.051550    2.037013    2.552449    6.789360    7.652456    14.016564    15.225418    23.712557    25.266940    35.876404    37.776259    50.507842    52.753151    67.606776    70.197531    87.173164    90.109360    109.206984    112.491134    133.710542    
-0.671515    -0.474333    0.053048    2.028258    2.562100    6.774388    7.668309    13.995417    15.247444    23.685240    25.295137    35.842917    37.810625    50.468187    52.793685    67.560952    70.244234    87.121171    90.162231    109.148823    112.550174    133.646213    
-0.667588    -0.474989    0.054594    2.019520    2.571767    6.759431    7.684177    13.974285    15.269486    23.657938    25.323348    35.809446    37.845006    50.428547    52.834235    67.515144    70.290952    87.069194    90.215118    109.090677    112.609229    133.581899    
-0.663661    -0.475663    0.056187    2.010797    2.581449    6.744490    7.700061    13.953169    15.291543    23.630652    25.351576    35.775991    37.879402    50.388923    52.874800    67.469351    70.337686    87.017233    90.268021    109.032547    112.668299    133.517601    
-0.659734    -0.476354    0.057828    2.002089    2.591146    6.729564    7.715960    13.932068    15.313616    23.603381    25.379818    35.742551    37.913814    50.349314    52.915381    67.423573    70.384435    86.965286    90.320939    108.974432    112.727385    133.453318    
-0.655807    -0.477061    0.059515    1.993398    2.600860    6.714654    7.731874    13.910983    15.335704    23.576125    25.408076    35.709126    37.948241    50.309720    52.955977    67.377811    70.431200    86.913355    90.373872    108.916332    112.786486    133.389050    
-0.651880    -0.477785    0.061249    1.984723    2.610589    6.699759    7.747804    13.889913    15.357807    23.548885    25.436350    35.675716    37.982684    50.270142    52.996588    67.332064    70.477980    86.861440    90.426821    108.858248    112.845603    133.324798    
-0.647953    -0.478524    0.063029    1.976063    2.620334    6.684880    7.763750    13.868859    15.379926    23.521660    25.464639    35.642322    38.017142    50.230579    53.037215    67.286333    70.524775    86.809540    90.479785    108.800180    112.904735    133.260562    
-0.644026    -0.479279    0.064854    1.967419    2.630094    6.670016    7.779710    13.847820    15.402061    23.494451    25.492943    35.608944    38.051615    50.191032    53.077858    67.240617    70.571586    86.757655    90.532764    108.742127    112.963882    133.196340    
-0.640100    -0.480049    0.066725    1.958791    2.639870    6.655167    7.795687    13.826796    15.424210    23.467257    25.521263    35.575581    38.086104    50.151500    53.118515    67.194916    70.618413    86.705786    90.585759    108.684089    113.023045    133.132135    
-0.636173    -0.480833    0.068640    1.950179    2.649662    6.640334    7.811678    13.805788    15.446376    23.440079    25.549598    35.542233    38.120609    50.111983    53.159188    67.149231    70.665254    86.653932    90.638769    108.626067    113.082223    133.067944    
-0.632246    -0.481631    0.070599    1.941582    2.659469    6.625517    7.827686    13.784796    15.468556    23.412916    25.577949    35.508901    38.155128    50.072482    53.199877    67.103561    70.712112    86.602094    90.691795    108.568060    113.141417    133.003769    
-0.628319    -0.482443    0.072602    1.933002    2.669292    6.610715    7.843708    13.763818    15.490752    23.385768    25.606315    35.475584    38.189663    50.032997    53.240581    67.057907    70.758984    86.550271    90.744837    108.510068    113.200626    132.939610    
-0.624392    -0.483269    0.074648    1.924437    2.679131    6.595928    7.859746    13.742856    15.512964    23.358636    25.634697    35.442283    38.224214    49.993527    53.281300    67.012268    70.805872    86.498464    90.797893    108.452092    113.259851    132.875466    
-0.620465    -0.484107    0.076738    1.915888    2.688985    6.581157    7.875800    13.721910    15.535191    23.331519    25.663093    35.408997    38.258780    49.954072    53.322035    66.966644    70.852776    86.446672    90.850965    108.394132    113.319091    132.811337    
-0.616538    -0.484957    0.078870    1.907355    2.698855    6.566401    7.891869    13.700979    15.557433    23.304418    25.691506    35.375726    38.293362    49.914632    53.362785    66.921036    70.899695    86.394895    90.904053    108.336186    113.378346    132.747224    
-0.612611    -0.485820    0.081043    1.898838    2.708741    6.551661    7.907953    13.680064    15.579691    23.277332    25.719934    35.342471    38.327958    49.875208    53.403551    66.875444    70.946629    86.343134    90.957156    108.278257    113.437617    132.683126    
-0.608684    -0.486694    0.083259    1.890337    2.718642    6.536936    7.924053    13.659163    15.601964    23.250262    25.748377    35.309232    38.362571    49.835800    53.444332    66.829867    70.993579    86.291388    91.010274    108.220342    113.496903    132.619044    
-0.604757    -0.487579    0.085515    1.881851    2.728559    6.522227    7.940168    13.638279    15.624253    23.223207    25.776835    35.276007    38.397198    49.796407    53.485128    66.784305    71.040544    86.239657    91.063408    108.162443    113.556205    132.554977    
-0.600830    -0.488474    0.087813    1.873382    2.738491    6.507533    7.956299    13.617409    15.646557    23.196167    25.805309    35.242798    38.431842    49.757029    53.525940    66.738758    71.087524    86.187942    91.116557    108.104560    113.615522    132.490925    
-0.596903    -0.489380    0.090151    1.864928    2.748439    6.492854    7.972445    13.596556    15.668876    23.169143    25.833799    35.209605    38.466500    49.717667    53.566768    66.693227    71.134520    86.136243    91.169721    108.046692    113.674854    132.426889    
-0.592976    -0.490296    0.092528    1.856490    2.758403    6.478191    7.988607    13.575717    15.691211    23.142134    25.862304    35.176427    38.501174    49.678320    53.607610    66.647712    71.181532    86.084559    91.222901    107.988839    113.734202    132.362869    
-0.589049    -0.491221    0.094945    1.848069    2.768382    6.463544    8.004784    13.554894    15.713561    23.115141    25.890824    35.143264    38.535863    49.638989    53.648469    66.602212    71.228559    86.032890    91.276097    107.931002    113.793566    132.298863    
-0.585122    -0.492156    0.097402    1.839663    2.778377    6.448912    8.020976    13.534087    15.735927    23.088163    25.919360    35.110117    38.570568    49.599673    53.689342    66.556727    71.275601    85.981237    91.329308    107.873180    113.852945    132.234873    
-0.581195    -0.493099    0.099897    1.831273    2.788388    6.434295    8.037184    13.513295    15.758308    23.061200    25.947911    35.076985    38.605288    49.560372    53.730231    66.511258    71.322659    85.929599    91.382534    107.815373    113.912339    132.170899    
-0.577268    -0.494050    0.102430    1.822898    2.798414    6.419694    8.053407    13.492518    15.780705    23.034253    25.976477    35.043869    38.640024    49.521087    53.771136    66.465804    71.369732    85.877976    91.435776    107.757582    113.971748    132.106940    
-0.573341    -0.495008    0.105001    1.814540    2.808456    6.405108    8.069646    13.471757    15.803117    23.007321    26.005059    35.010768    38.674775    49.481817    53.812056    66.420366    71.416820    85.826369    91.489033    107.699807    114.031173    132.042996    
-0.569414    -0.495975    0.107609    1.806198    2.818513    6.390538    8.085901    13.451011    15.825545    22.980405    26.033657    34.977683    38.709542    49.442563    53.852991    66.374943    71.463924    85.774778    91.542305    107.642047    114.090614    131.979068    
-0.565487    -0.496948    0.110255    1.797872    2.828586    6.375983    8.102170    13.430280    15.847988    22.953504    26.062270    34.944613    38.744324    49.403324    53.893942    66.329535    71.511043    85.723202    91.595593    107.584302    114.150070    131.915155    
-0.561560    -0.497928    0.112937    1.789561    2.838675    6.361444    8.118455    13.409566    15.870446    22.926619    26.090898    34.911558    38.779121    49.364100    53.934908    66.284143    71.558178    85.671641    91.648897    107.526572    114.209541    131.851258    
-0.557633    -0.498914    0.115656    1.781267    2.848779    6.346920    8.134756    13.388866    15.892920    22.899749    26.119542    34.878519    38.813934    49.324892    53.975889    66.238766    71.605328    85.620096    91.702215    107.468859    114.269028    131.787376    
-0.553706    -0.499906    0.118410    1.772988    2.858899    6.332411    8.151072    13.368182    15.915409    22.872894    26.148201    34.845495    38.848762    49.285700    54.016886    66.193405    71.652494    85.568566    91.755550    107.411160    114.328530    131.723510    
-0.549779    -0.500903    0.121200    1.764726    2.869035    6.317918    8.167404    13.347513    15.937913    22.846055    26.176875    34.812487    38.883606    49.246523    54.057899    66.148059    71.699675    85.517051    91.808899    107.353477    114.388048    131.659659    
-0.545852    -0.501906    0.124025    1.756479    2.879186    6.303441    8.183750    13.326860    15.960433    22.819232    26.205565    34.779494    38.918465    49.207361    54.098926    66.102729    71.746872    85.465552    91.862264    107.295809    114.447581    131.595823    
-0.541925    -0.502913    0.126885    1.748249    2.889353    6.288979    8.200113    13.306222    15.982969    22.792423    26.234271    34.746516    38.953339    49.168214    54.139970    66.057414    71.794083    85.414069    91.915645    107.238157    114.507129    131.532003    
-0.537998    -0.503925    0.129779    1.740034    2.899535    6.274532    8.216491    13.285600    16.005520    22.765630    26.262992    34.713554    38.988229    49.129083    54.181028    66.012114    71.841311    85.362600    91.969041    107.180520    114.566693    131.468198    
-0.534071    -0.504941    0.132708    1.731835    2.909733    6.260101    8.232884    13.264993    16.028086    22.738853    26.291728    34.680608    39.023134    49.089968    54.222102    65.966830    71.888554    85.311147    92.022452    107.122899    114.626272    131.404409    
-0.530144    -0.505960    0.135670    1.723653    2.919946    6.245685    8.249293    13.244401    16.050668    22.712091    26.320479    34.647676    39.058055    49.050868    54.263192    65.921561    71.935812    85.259710    92.075879    107.065293    114.685867    131.340635    
-0.526217    -0.506983    0.138665    1.715486    2.930176    6.231285    8.265717    13.223825    16.073265    22.685344    26.349246    34.614761    39.092991    49.011783    54.304297    65.876308    71.983085    85.208288    92.129321    107.007703    114.745477    131.276876    
-0.522290    -0.508009    0.141694    1.707335    2.940420    6.216900    8.282156    13.203265    16.095878    22.658613    26.378029    34.581860    39.127943    48.972714    54.345417    65.831070    72.030374    85.156882    92.182779    106.950127    114.805103    131.213133    
-0.518363    -0.509037    0.144755    1.699201    2.950681    6.202531    8.298611    13.182719    16.118506    22.631898    26.406827    34.548975    39.162910    48.933660    54.386553    65.785847    72.077679    85.105490    92.236252    106.892568    114.864744    131.149405    
-0.514436    -0.510068    0.147849    1.691082    2.960957    6.188177    8.315082    13.162189    16.141149    22.605197    26.435640    34.516106    39.197892    48.894622    54.427704    65.740640    72.124999    85.054115    92.289740    106.835024    114.924400    131.085693    
-0.510509    -0.511101    0.150974    1.682980    2.971248    6.173839    8.331568    13.141675    16.163808    22.578512    26.464469    34.483251    39.232890    48.855599    54.468871    65.695448    72.172334    85.002755    92.343244    106.777495    114.984072    131.021996    
-0.506582    -0.512136    0.154131    1.674893    2.981555    6.159516    8.348069    13.121176    16.186482    22.551843    26.493313    34.450413    39.267903    48.816591    54.510053    65.650272    72.219685    84.951410    92.396763    106.719981    115.043759    130.958315    
-0.502655    -0.513172    0.157320    1.666823    2.991878    6.145208    8.364586    13.100693    16.209172    22.525189    26.522173    34.417589    39.302932    48.777599    54.551250    65.605111    72.267051    84.900080    92.450298    106.662483    115.103462    130.894649    
-0.498728    -0.514210    0.160540    1.658768    3.002216    6.130916    8.381118    13.080225    16.231877    22.498550    26.551048    34.384782    39.337976    48.738622    54.592463    65.559966    72.314432    84.848766    92.503848    106.605001    115.163180    130.830998    
-0.494801    -0.515248    0.163791    1.650730    3.012570    6.116640    8.397666    13.059772    16.254598    22.471927    26.579938    34.351989    39.373036    48.699661    54.633691    65.514836    72.361829    84.797468    92.557413    106.547534    115.222913    130.767363    
-0.490874    -0.516287    0.167072    1.642708    3.022940    6.102379    8.414229    13.039335    16.277334    22.445319    26.608844    34.319212    39.408110    48.660715    54.674935    65.469721    72.409241    84.746184    92.610994    106.490082    115.282662    130.703743    
-0.486947    -0.517326    0.170383    1.634701    3.033325    6.088133    8.430808    13.018913    16.300085    22.418727    26.637766    34.286450    39.443201    48.621785    54.716194    65.424622    72.456669    84.694917    92.664591    106.432645    115.342426    130.640139    
-0.483020    -0.518365    0.173724    1.626711    3.043725    6.073903    8.447402    12.998506    16.322852    22.392150    26.666702    34.253704    39.478307    48.582870    54.757469    65.379539    72.504112    84.643664    92.718203    106.375225    115.402206    130.576550    
-0.479093    -0.519404    0.177095    1.618737    3.054141    6.059688    8.464011    12.978116    16.345634    22.365589    26.695654    34.220974    39.513428    48.543970    54.798759    65.334470    72.551571    84.592427    92.771830    106.317819    115.462001    130.512977    
-0.475166    -0.520442    0.180495    1.610779    3.064573    6.045489    8.480636    12.957740    16.368432    22.339043    26.724622    34.188258    39.548565    48.505086    54.840064    65.289417    72.599045    84.541206    92.825472    106.260429    115.521812    130.449419    
-0.471239    -0.521479    0.183924    1.602838    3.075021    6.031305    8.497276    12.937380    16.391245    22.312512    26.753605    34.155558    39.583717    48.466217    54.881385    65.244380    72.646535    84.490000    92.879131    106.203054    115.581638    130.385876    
-0.467312    -0.522515    0.187382    1.594912    3.085484    6.017137    8.513932    12.917035    16.414074    22.285997    26.782603    34.122874    39.618884    48.427364    54.922721    65.199358    72.694040    84.438809    92.932804    106.145695    115.641479    130.322349    
-0.463385    -0.523550    0.190869    1.587003    3.095962    6.002984    8.530603    12.896706    16.436918    22.259497    26.811617    34.090205    39.654067    48.388526    54.964073    65.154351    72.741560    84.387634    92.986493    106.088351    115.701336    130.258837    
-0.459458    -0.524583    0.194384    1.579109    3.106456    5.988846    8.547290    12.876392    16.459777    22.233013    26.840647    34.057551    39.689265    48.349703    55.005440    65.109360    72.789096    84.336474    93.040197    106.031023    115.761208    130.195341    
-0.455531    -0.525615    0.197927    1.571232    3.116966    5.974725    8.563992    12.856094    16.482652    22.206544    26.869691    34.024913    39.724479    48.310896    55.046823    65.064384    72.836647    84.285330    93.093917    105.973710    115.821096    130.131860    
-0.451604    -0.526644    0.201497    1.563371    3.127491    5.960618    8.580709    12.835811    16.505543    22.180090    26.898751    33.992290    39.759708    48.272105    55.088221    65.019424    72.884213    84.234201    93.147652    105.916413    115.880999    130.068394    
-0.447677    -0.527671    0.205095    1.555526    3.138032    5.946527    8.597442    12.815544    16.528448    22.153652    26.927827    33.959683    39.794953    48.233328    55.129634    64.974479    72.931795    84.183087    93.201403    105.859131    115.940918    130.004944    
-0.443750    -0.528696    0.208721    1.547697    3.148589    5.932451    8.614191    12.795291    16.551369    22.127229    26.956918    33.927091    39.830213    48.194568    55.171063    64.929550    72.979393    84.131989    93.255169    105.801864    116.000852    129.941509    
-0.439823    -0.529718    0.212373    1.539885    3.159161    5.918391    8.630955    12.775055    16.574306    22.100822    26.986024    33.894514    39.865488    48.155822    55.212507    64.884635    73.027006    84.080907    93.308950    105.744613    116.060801    129.878090    
-0.435896    -0.530736    0.216053    1.532089    3.169748    5.904347    8.647734    12.754834    16.597258    22.074430    27.015146    33.861953    39.900779    48.117092    55.253967    64.839737    73.074634    84.029839    93.362747    105.687377    116.120766    129.814686    
-0.431969    -0.531752    0.219759    1.524309    3.180351    5.890318    8.664529    12.734628    16.620225    22.048054    27.044283    33.829407    39.936085    48.078378    55.295442    64.794854    73.122278    83.978788    93.416559    105.630156    116.180746    129.751298    
-0.428042    -0.532764    0.223491    1.516545    3.190970    5.876304    8.681339    12.714437    16.643208    22.021693    27.073436    33.796877    39.971407    48.039679    55.336932    64.749986    73.169937    83.927751    93.470387    105.572951    116.240742    129.687925    
-0.424115    -0.533773    0.227249    1.508798    3.201604    5.862306    8.698165    12.694263    16.666206    21.995347    27.102604    33.764362    40.006744    48.000995    55.378438    64.705133    73.217611    83.876730    93.524230    105.515762    116.300753    129.624567    
-0.420188    -0.534777    0.231034    1.501066    3.212254    5.848323    8.715006    12.674103    16.689220    21.969017    27.131788    33.731863    40.042097    47.962327    55.419959    64.660296    73.265301    83.825724    93.578089    105.458588    116.360780    129.561225    
-0.416261    -0.535778    0.234844    1.493351    3.222920    5.834356    8.731862    12.653959    16.712249    21.942703    27.160986    33.699379    40.077465    47.923674    55.461496    64.615475    73.313007    83.774734    93.631963    105.401429    116.420821    129.497898    
-0.412334    -0.536775    0.238680    1.485653    3.233601    5.820404    8.748734    12.633830    16.735294    21.916403    27.190201    33.666910    40.112848    47.885036    55.503048    64.570669    73.360727    83.723760    93.685852    105.344286    116.480879    129.434587    
-0.408407    -0.537767    0.242541    1.477970    3.244297    5.806467    8.765621    12.613717    16.758354    21.890119    27.219431    33.634457    40.148247    47.846414    55.544616    64.525878    73.408464    83.672800    93.739757    105.287158    116.540952    129.371291    
-0.404480    -0.538754    0.246427    1.470304    3.255009    5.792546    8.782524    12.593619    16.781429    21.863851    27.248676    33.602020    40.183661    47.807808    55.586199    64.481103    73.456215    83.621856    93.793677    105.230045    116.601040    129.308011    
-0.400553    -0.539737    0.250338    1.462655    3.265737    5.778641    8.799443    12.573537    16.804520    21.837598    27.277936    33.569597    40.219091    47.769216    55.627797    64.436343    73.503982    83.570928    93.847613    105.172948    116.661143    129.244746    
-0.396626    -0.540714    0.254273    1.455021    3.276480    5.764751    8.816376    12.553470    16.827626    21.811360    27.307212    33.537190    40.254536    47.730641    55.669411    64.391598    73.551765    83.520015    93.901564    105.115867    116.721262    129.181496    
-0.392699    -0.541687    0.258234    1.447404    3.287239    5.750876    8.833325    12.533419    16.850748    21.785138    27.336504    33.504799    40.289996    47.692080    55.711040    64.346869    73.599563    83.469117    93.955530    105.058800    116.781397    129.118262    
-0.388772    -0.542654    0.262218    1.439804    3.298013    5.737017    8.850290    12.513383    16.873885    21.758932    27.365811    33.472423    40.325472    47.653535    55.752685    64.302156    73.647376    83.418235    94.009512    105.001750    116.841547    129.055043    
-0.384845    -0.543616    0.266227    1.432220    3.308803    5.723174    8.867270    12.493362    16.897038    21.732740    27.395133    33.440062    40.360964    47.615006    55.794345    64.257458    73.695205    83.367368    94.063510    104.944714    116.901712    128.991840    
-0.380918    -0.544572    0.270260    1.424652    3.319609    5.709346    8.884265    12.473357    16.920206    21.706564    27.424471    33.407717    40.396470    47.576492    55.836021    64.212775    73.743049    83.316517    94.117522    104.887694    116.961893    128.928652    
-0.376991    -0.545523    0.274316    1.417101    3.330430    5.695533    8.901276    12.453367    16.943389    21.680404    27.453824    33.375387    40.431993    47.537993    55.877712    64.168108    73.790909    83.265681    94.171551    104.830690    117.022089    128.865479    
-0.373064    -0.546467    0.278396    1.409566    3.341266    5.681736    8.918303    12.433393    16.966588    21.654259    27.483193    33.343073    40.467530    47.499510    55.919418    64.123456    73.838784    83.214860    94.225594    104.773701    117.082300    128.802322    
-0.369137    -0.547405    0.282500    1.402048    3.352119    5.667954    8.935344    12.413434    16.989802    21.628129    27.512577    33.310774    40.503083    47.461042    55.961140    64.078819    73.886674    83.164055    94.279653    104.716727    117.142527    128.739181    
-0.365210    -0.548338    0.286627    1.394546    3.362986    5.654188    8.952402    12.393490    17.013032    21.602015    27.541976    33.278490    40.538652    47.422590    56.002877    64.034198    73.934580    83.113266    94.333728    104.659769    117.202770    128.676054    
-0.361283    -0.549263    0.290777    1.387061    3.373869    5.640437    8.969474    12.373562    17.036277    21.575916    27.571391    33.246222    40.574236    47.384153    56.044630    63.989592    73.982501    83.062491    94.387818    104.602826    117.263028    128.612943    
-0.357356    -0.550182    0.294950    1.379592    3.384768    5.626702    8.986562    12.353650    17.059537    21.549833    27.600821    33.213970    40.609835    47.345731    56.086398    63.945002    74.030438    83.011733    94.441923    104.545899    117.323301    128.549848    
-0.353429    -0.551095    0.299146    1.372140    3.395683    5.612982    9.003666    12.333753    17.082813    21.523765    27.630267    33.181733    40.645450    47.307325    56.128181    63.900427    74.078390    82.960989    94.496044    104.488987    117.383590    128.486768    
-0.349502    -0.552000    0.303364    1.364704    3.406613    5.599277    9.020785    12.313871    17.106105    21.497713    27.659728    33.149511    40.681080    47.268935    56.169980    63.855868    74.126358    82.910261    94.550180    104.432090    117.443894    128.423704    
-0.345575    -0.552899    0.307605    1.357285    3.417558    5.585588    9.037919    12.294005    17.129411    21.471676    27.689205    33.117304    40.716725    47.230559    56.211794    63.811324    74.174341    82.859549    94.604331    104.375209    117.504213    128.360654    
-0.341648    -0.553791    0.311868    1.349883    3.428519    5.571915    9.055069    12.274154    17.152734    21.445654    27.718697    33.085113    40.752386    47.192200    56.253624    63.766795    74.222339    82.808851    94.658498    104.318343    117.564548    128.297621    
-0.337721    -0.554675    0.316153    1.342497    3.439496    5.558257    9.072235    12.254318    17.176071    21.419648    27.748204    33.052938    40.788063    47.153855    56.295469    63.722282    74.270353    82.758170    94.712681    104.261493    117.624898    128.234602    
-0.333794    -0.555552    0.320461    1.335128    3.450488    5.544614    9.089415    12.234498    17.199424    21.393657    27.777727    33.020778    40.823755    47.115526    56.337330    63.677785    74.318382    82.707503    94.766878    104.204658    117.685264    128.171600    
-0.329867    -0.556422    0.324790    1.327776    3.461495    5.530987    9.106611    12.214694    17.222793    21.367682    27.807265    32.988633    40.859462    47.077213    56.379206    63.633302    74.366427    82.656852    94.821092    104.147838    117.745645    128.108612    
-0.325940    -0.557284    0.329141    1.320440    3.472518    5.517376    9.123823    12.194904    17.246177    21.341722    27.836819    32.956504    40.895185    47.038914    56.421097    63.588836    74.414487    82.606217    94.875320    104.091034    117.806042    128.045640    
-0.322013    -0.558138    0.333514    1.313122    3.483557    5.503780    9.141050    12.175131    17.269576    21.315777    27.866388    32.924390    40.930923    47.000632    56.463004    63.544384    74.462562    82.555597    94.929564    104.034246    117.866454    127.982683    
-0.318086    -0.558985    0.337908    1.305820    3.494611    5.490199    9.158293    12.155372    17.292991    21.289848    27.895972    32.892291    40.966676    46.962364    56.504927    63.499948    74.510653    82.504992    94.983824    103.977473    117.926881    127.919742    
-0.314159    -0.559824    0.342323    1.298535    3.505681    5.476634    9.175551    12.135630    17.316421    21.263934    27.925572    32.860208    41.002445    46.924112    56.546864    63.455528    74.558760    82.454403    95.038099    103.920715    117.987324    127.856816    
-0.310232    -0.560654    0.346760    1.291266    3.516767    5.463084    9.192824    12.115902    17.339867    21.238036    27.955188    32.828141    41.038230    46.885876    56.588817    63.411122    74.606881    82.403829    95.092389    103.863973    118.047783    127.793906    
-0.306305    -0.561477    0.351217    1.284015    3.527868    5.449550    9.210113    12.096190    17.363328    21.212153    27.984818    32.796089    41.074029    46.847655    56.630786    63.366733    74.655018    82.353271    95.146695    103.807246    118.108256    127.731011    
-0.302378    -0.562291    0.355696    1.276781    3.538984    5.436031    9.227417    12.076494    17.386804    21.186286    28.014465    32.764052    41.109845    46.809449    56.672770    63.322358    74.703171    82.302728    95.201016    103.750534    118.168746    127.668132    
-0.298451    -0.563097    0.360195    1.269563    3.550116    5.422528    9.244737    12.056812    17.410296    21.160434    28.044126    32.732031    41.145675    46.771259    56.714769    63.277999    74.751339    82.252201    95.255353    103.693838    118.229250    127.605268    
-0.294524    -0.563894    0.364714    1.262363    3.561264    5.409040    9.262072    12.037147    17.433804    21.134597    28.073803    32.700025    41.181521    46.733084    56.756784    63.233656    74.799523    82.201688    95.309705    103.637157    118.289770    127.542419    
-0.290597    -0.564683    0.369255    1.255180    3.572427    5.395568    9.279422    12.017496    17.457326    21.108776    28.103496    32.668034    41.217383    46.694925    56.798814    63.189328    74.847721    82.151192    95.364072    103.580492    118.350306    127.479586    
-0.286670    -0.565464    0.373815    1.248014    3.583605    5.382111    9.296788    11.997862    17.480865    21.082971    28.133204    32.636059    41.253260    46.656781    56.840860    63.145015    74.895936    82.100711    95.418455    103.523842    118.410856    127.416768    
-0.282743    -0.566235    0.378396    1.240865    3.594799    5.368669    9.314170    11.978242    17.504418    21.057180    28.162927    32.604100    41.289152    46.618652    56.882921    63.100718    74.944165    82.050245    95.472853    103.467208    118.471423    127.353966    
-0.278816    -0.566998    0.382996    1.233733    3.606009    5.355243    9.331567    11.958638    17.527987    21.031405    28.192666    32.572155    41.325060    46.580539    56.924998    63.056436    74.992411    81.999794    95.527267    103.410589    118.532004    127.291179    
-0.274889    -0.567752    0.387617    1.226618    3.617234    5.341833    9.348979    11.939050    17.551572    21.005646    28.222420    32.540227    41.360983    46.542442    56.967089    63.012170    75.040671    81.949359    95.581696    103.353985    118.592601    127.228407    
-0.270962    -0.568497    0.392257    1.219521    3.628475    5.328438    9.366407    11.919477    17.575172    20.979902    28.252189    32.508313    41.396921    46.504359    57.009197    62.967919    75.088947    81.898940    95.636141    103.297397    118.653214    127.165651    
-0.267035    -0.569233    0.396917    1.212441    3.639731    5.315058    9.383850    11.899919    17.598787    20.954174    28.281974    32.476415    41.432875    46.466293    57.051320    62.923683    75.137239    81.848536    95.690601    103.240824    118.713842    127.102910    
-0.263108    -0.569960    0.401597    1.205379    3.651003    5.301694    9.401308    11.880377    17.622418    20.928460    28.311775    32.444533    41.468845    46.428241    57.093458    62.879463    75.185545    81.798147    95.745076    103.184267    118.774485    127.040185    
-0.259181    -0.570677    0.406296    1.198334    3.662290    5.288346    9.418783    11.860850    17.646064    20.902763    28.341591    32.412666    41.504830    46.390205    57.135611    62.835259    75.233868    81.747774    95.799567    103.127725    118.835144    126.977475    
-0.255254    -0.571386    0.411014    1.191307    3.673593    5.275013    9.436272    11.841338    17.669725    20.877080    28.371422    32.380814    41.540830    46.352185    57.177780    62.791069    75.282205    81.697416    95.854073    103.071199    118.895818    126.914781    
-0.251327    -0.572084    0.415751    1.184297    3.684912    5.261695    9.453777    11.821842    17.693402    20.851413    28.401269    32.348978    41.576846    46.314180    57.219965    62.746895    75.330558    81.647073    95.908595    103.014688    118.956508    126.852102    
-0.247400    -0.572774    0.420507    1.177305    3.696246    5.248393    9.471297    11.802362    17.717095    20.825762    28.431131    32.317157    41.612877    46.276190    57.262165    62.702737    75.378927    81.596746    95.963132    102.958192    119.017213    126.789438    
-0.243473    -0.573454    0.425282    1.170331    3.707595    5.235106    9.488833    11.782897    17.740803    20.800126    28.461008    32.285352    41.648923    46.238216    57.304380    62.658594    75.427311    81.546435    96.017685    102.901712    119.077933    126.726790    
-0.239546    -0.574124    0.430075    1.163374    3.718960    5.221835    9.506384    11.763447    17.764526    20.774505    28.490901    32.253562    41.684985    46.200257    57.346611    62.614466    75.475710    81.496138    96.072253    102.845247    119.138669    126.664157    
-0.235619    -0.574785    0.434887    1.156436    3.730341    5.208579    9.523951    11.744013    17.788265    20.748900    28.520810    32.221787    41.721063    46.162313    57.388857    62.570354    75.524125    81.445858    96.126836    102.788798    119.199421    126.601540    
-0.231692    -0.575435    0.439717    1.149515    3.741737    5.195339    9.541533    11.724594    17.812019    20.723310    28.550733    32.190028    41.757156    46.124385    57.431118    62.526258    75.572555    81.395592    96.181435    102.732364    119.260187    126.538938    
-0.227765    -0.576076    0.444566    1.142613    3.753148    5.182114    9.559131    11.705191    17.835788    20.697736    28.580673    32.158284    41.793264    46.086473    57.473395    62.482176    75.621001    81.345342    96.236049    102.675945    119.320969    126.476351    
-0.223838    -0.576708    0.449432    1.135729    3.764575    5.168905    9.576744    11.685803    17.859573    20.672177    28.610627    32.126556    41.829387    46.048575    57.515688    62.438110    75.669462    81.295108    96.290679    102.619542    119.381767    126.413780    
-0.219911    -0.577329    0.454316    1.128863    3.776018    5.155711    9.594372    11.666430    17.883374    20.646634    28.640597    32.094843    41.865526    46.010694    57.557996    62.394060    75.717938    81.244889    96.345324    102.563155    119.442580    126.351225    
-0.215984    -0.577940    0.459218    1.122015    3.787476    5.142533    9.612016    11.647073    17.907190    20.621106    28.670583    32.063146    41.901681    45.972827    57.600319    62.350025    75.766430    81.194685    96.399984    102.506783    119.503409    126.288684    
-0.212058    -0.578542    0.464137    1.115187    3.798950    5.129370    9.629675    11.627732    17.931021    20.595593    28.700584    32.031464    41.937851    45.934976    57.642657    62.306005    75.814937    81.144497    96.454660    102.450426    119.564252    126.226160    
-0.208131    -0.579133    0.469073    1.108376    3.810439    5.116222    9.647350    11.608405    17.954868    20.570096    28.730600    31.999797    41.974036    45.897141    57.685012    62.262001    75.863460    81.094324    96.509351    102.394084    119.625112    126.163650    
-0.204204    -0.579714    0.474027    1.101585    3.821944    5.103091    9.665040    11.589095    17.978730    20.544614    28.760632    31.968146    42.010237    45.859321    57.727381    62.218012    75.911998    81.044167    96.564058    102.337758    119.685986    126.101156    
-0.200277    -0.580285    0.478997    1.094813    3.833464    5.089974    9.682746    11.569799    18.002607    20.519148    28.790679    31.936510    42.046453    45.821516    57.769766    62.174039    75.960552    80.994025    96.618780    102.281448    119.746876    126.038678    
-0.196350    -0.580845    0.483984    1.088060    3.845000    5.076873    9.700467    11.550519    18.026500    20.493697    28.820742    31.904890    42.082685    45.783727    57.812166    62.130081    76.009121    80.943898    96.673518    102.225153    119.807782    125.976215    
-0.192423    -0.581395    0.488988    1.081326    3.856551    5.063788    9.718203    11.531255    18.050409    20.468261    28.850820    31.873285    42.118932    45.745953    57.854582    62.086138    76.057705    80.893787    96.728271    102.168873    119.868703    125.913767    
-0.188496    -0.581935    0.494007    1.074612    3.868118    5.050718    9.735955    11.512006    18.074333    20.442841    28.880913    31.841695    42.155194    45.708195    57.897013    62.042211    76.106305    80.843691    96.783039    102.112609    119.929639    125.851335    
-0.184569    -0.582465    0.499043    1.067917    3.879700    5.037663    9.753723    11.492772    18.098272    20.417437    28.911022    31.810121    42.191472    45.670452    57.939460    61.998300    76.154920    80.793611    96.837823    102.056360    119.990591    125.788918    
-0.180642    -0.582984    0.504094    1.061243    3.891298    5.024624    9.771506    11.473554    18.122227    20.392047    28.941147    31.778563    42.227765    45.632724    57.981922    61.954403    76.203551    80.743546    96.892622    102.000126    120.051558    125.726516    
-0.176715    -0.583492    0.509161    1.054588    3.902911    5.011600    9.789304    11.454351    18.146197    20.366674    28.971286    31.747019    42.264074    45.595012    58.024399    61.910523    76.252197    80.693497    96.947437    101.943908    120.112541    125.664130    
-0.172788    -0.583990    0.514242    1.047955    3.914540    4.998592    9.807117    11.435164    18.170182    20.341315    29.001441    31.715492    42.300398    45.557315    58.066892    61.866657    76.300859    80.643463    97.002267    101.887706    120.173539    125.601760    
-0.168861    -0.584477    0.519339    1.041341    3.926185    4.985600    9.824947    11.415992    18.194183    20.315972    29.031612    31.683979    42.336738    45.519634    58.109401    61.822807    76.349535    80.593444    97.057112    101.831519    120.234552    125.539405    
-0.164934    -0.584954    0.524450    1.034749    3.937845    4.972623    9.842791    11.396836    18.218200    20.290645    29.061798    31.652482    42.373093    45.481968    58.151924    61.778973    76.398228    80.543441    97.111973    101.775347    120.295581    125.477065    
-0.161007    -0.585420    0.529574    1.028178    3.949520    4.959661    9.860651    11.377695    18.242231    20.265333    29.091999    31.621001    42.409463    45.444318    58.194463    61.735153    76.446936    80.493453    97.166850    101.719190    120.356626    125.414740    
-0.157080    -0.585875    0.534713    1.021629    3.961211    4.946715    9.878527    11.358569    18.266279    20.240036    29.122216    31.589535    42.445849    45.406683    58.237018    61.691350    76.495659    80.443481    97.221742    101.663050    120.417685    125.352432    
-0.153153    -0.586320    0.539865    1.015102    3.972917    4.933784    9.896417    11.339459    18.290341    20.214755    29.152449    31.558084    42.482250    45.369063    58.279588    61.647561    76.544397    80.393524    97.276649    101.606924    120.478761    125.290138    
-0.149226    -0.586753    0.545029    1.008598    3.984639    4.920869    9.914324    11.320364    18.314419    20.189489    29.182696    31.526649    42.518667    45.331459    58.322173    61.603789    76.593152    80.343582    97.331571    101.550814    120.539851    125.227860    
-0.145299    -0.587176    0.550205    1.002116    3.996377    4.907969    9.932245    11.301285    18.338513    20.164238    29.212959    31.495229    42.555099    45.293870    58.364774    61.560031    76.641921    80.293656    97.386509    101.494719    120.600957    125.165597    
-0.141372    -0.587588    0.555394    0.995658    4.008130    4.895085    9.950183    11.282221    18.362622    20.139003    29.243238    31.463824    42.591547    45.256297    58.407391    61.516289    76.690706    80.243745    97.441463    101.438640    120.662079    125.103350    
-0.137445    -0.587989    0.560593    0.989225    4.019898    4.882216    9.968135    11.263173    18.386746    20.113784    29.273532    31.432435    42.628010    45.218739    58.450022    61.472562    76.739506    80.193850    97.496432    101.382576    120.723216    125.041118    
-0.133518    -0.588380    0.565803    0.982816    4.031682    4.869363    9.986103    11.244140    18.410886    20.088580    29.303841    31.401062    42.664488    45.181197    58.492669    61.428851    76.788322    80.143970    97.551416    101.326528    120.784368    124.978902    
-0.129591    -0.588759    0.571022    0.976432    4.043482    4.856525    10.004087    11.225122    18.435041    20.063391    29.334166    31.369704    42.700982    45.143670    58.535332    61.385155    76.837153    80.094106    97.606416    101.270495    120.845536    124.916701    
-0.125664    -0.589127    0.576250    0.970075    4.055297    4.843703    10.022086    11.206120    18.459212    20.038218    29.364506    31.338361    42.737491    45.106158    58.578010    61.341475    76.886000    80.044257    97.661431    101.214477    120.906719    124.854516    
-0.121737    -0.589484    0.581486    0.963745    4.067128    4.830896    10.040100    11.187133    18.483398    20.013060    29.394862    31.307034    42.774016    45.068662    58.620703    61.297810    76.934862    79.994424    97.716462    101.158475    120.967917    124.792345    
-0.117810    -0.589830    0.586729    0.957443    4.078974    4.818105    10.058130    11.168162    18.507599    19.987917    29.425233    31.275722    42.810556    45.031181    58.663412    61.254161    76.983739    79.944605    97.771508    101.102489    121.029131    124.730191    
-0.113883    -0.590165    0.591977    0.951170    4.090835    4.805329    10.076175    11.149206    18.531816    19.962790    29.455620    31.244425    42.847111    44.993716    58.706136    61.210527    77.032632    79.894803    97.826569    101.046517    121.090361    124.668051    
-0.109956    -0.590489    0.597230    0.944928    4.102712    4.792568    10.094236    11.130266    18.556049    19.937679    29.486022    31.213144    42.883682    44.956266    58.748876    61.166908    77.081540    79.845015    97.881646    100.990561    121.151605    124.605928    
-0.106029    -0.590802    0.602485    0.938718    4.114605    4.779823    10.112312    11.111341    18.580297    19.912583    29.516439    31.181879    42.920268    44.918831    58.791631    61.123305    77.130464    79.795244    97.936738    100.934621    121.212866    124.543819    
-0.102102    -0.591104    0.607742    0.932542    4.126513    4.767094    10.130403    11.092431    18.604560    19.887502    29.546872    31.150629    42.956870    44.881412    58.834401    61.079717    77.179403    79.745487    97.991846    100.878696    121.274141    124.481726    
-0.098175    -0.591394    0.612999    0.926401    4.138437    4.754380    10.148510    11.073537    18.628838    19.862437    29.577320    31.119394    42.993487    44.844008    58.877187    61.036144    77.228357    79.695746    98.046969    100.822786    121.335432    124.419649    
-0.094248    -0.591673    0.618252    0.920298    4.150376    4.741682    10.166633    11.054658    18.653132    19.837387    29.607783    31.088175    43.030120    44.806620    58.919988    60.992588    77.277327    79.646020    98.102107    100.766892    121.396739    124.357586    
-0.090321    -0.591941    0.623500    0.914235    4.162330    4.728999    10.184770    11.035795    18.677442    19.812352    29.638263    31.056971    43.066768    44.769247    58.962805    60.949046    77.326313    79.596310    98.157261    100.711013    121.458061    124.295540    
-0.086394    -0.592198    0.628741    0.908215    4.174301    4.716331    10.202924    11.016947    18.701767    19.787333    29.668757    31.025782    43.103431    44.731890    59.005637    60.905520    77.375314    79.546616    98.212431    100.655150    121.519398    124.233508    
-0.082467    -0.592443    0.633969    0.902242    4.186286    4.703679    10.221092    10.998115    18.726107    19.762330    29.699267    30.994609    43.140110    44.694548    59.048485    60.862009    77.424330    79.496936    98.267615    100.599302    121.580751    124.171493    
-0.078540    -0.592678    0.639182    0.896318    4.198287    4.691043    10.239276    10.979298    18.750463    19.737342    29.729792    30.963451    43.176804    44.657221    59.091348    60.818514    77.473361    79.447272    98.322816    100.543470    121.642119    124.109492    
-0.074613    -0.592900    0.644375    0.890449    4.210304    4.678422    10.257476    10.960497    18.774834    19.712369    29.760333    30.932309    43.213514    44.619910    59.134226    60.775034    77.522408    79.397624    98.378031    100.487653    121.703503    124.047507    
-0.070686    -0.593112    0.649543    0.884641    4.222336    4.665816    10.275691    10.941710    18.799221    19.687411    29.790889    30.901182    43.250239    44.582614    59.177120    60.731569    77.571471    79.347991    98.433262    100.431851    121.764902    123.985537    
-0.066759    -0.593312    0.654679    0.878898    4.234384    4.653226    10.293921    10.922940    18.823623    19.662470    29.821461    30.870071    43.286980    44.545334    59.220030    60.688120    77.620549    79.298373    98.488509    100.376065    121.826316    123.923583    
-0.062832    -0.593501    0.659776    0.873230    4.246447    4.640652    10.312167    10.904185    18.848040    19.637543    29.852048    30.838975    43.323736    44.508069    59.262954    60.644687    77.669642    79.248771    98.543771    100.320294    121.887746    123.861644    
-0.058905    -0.593678    0.664825    0.867645    4.258526    4.628093    10.330429    10.885445    18.872473    19.612632    29.882650    30.807894    43.360507    44.470820    59.305894    60.601269    77.718751    79.199184    98.599048    100.264539    121.949191    123.799721    
-0.054978    -0.593844    0.669814    0.862154    4.270620    4.615549    10.348705    10.866721    18.896921    19.587736    29.913268    30.776829    43.397294    44.433586    59.348850    60.557866    77.767875    79.149613    98.654341    100.208799    122.010652    123.737813    
-0.051051    -0.593999    0.674730    0.856771    4.282730    4.603021    10.366998    10.848012    18.921385    19.562856    29.943901    30.745780    43.434096    44.396367    59.391821    60.514479    77.817015    79.100057    98.709649    100.153074    122.072128    123.675921    
-0.047124    -0.594142    0.679557    0.851511    4.294855    4.590508    10.385305    10.829318    18.945864    19.537991    29.974550    30.714745    43.470914    44.359164    59.434807    60.471107    77.866170    79.050516    98.764973    100.097365    122.133620    123.614043    
-0.043197    -0.594274    0.684274    0.846395    4.306996    4.578011    10.403628    10.810640    18.970359    19.513142    30.005214    30.683727    43.507747    44.321976    59.477809    60.427750    77.915340    79.000991    98.820312    100.041671    122.195127    123.552182    
-0.039270    -0.594395    0.688858    0.841448    4.319152    4.565530    10.421967    10.791978    18.994869    19.488308    30.035894    30.652723    43.544595    44.284804    59.520826    60.384409    77.964526    78.951481    98.875666    99.985993    122.256649    123.490336    
-0.035343    -0.594503    0.693278    0.836699    4.331323    4.553064    10.440321    10.773330    19.019394    19.463490    30.066589    30.621735    43.581459    44.247647    59.563859    60.341083    78.013727    78.901987    98.931036    99.930330    122.318187    123.428505    
-0.031416    -0.594601    0.697498    0.832186    4.343511    4.540613    10.458690    10.754699    19.043935    19.438687    30.097299    30.590763    43.618338    44.210505    59.606907    60.297773    78.062944    78.852508    98.986421    99.874683    122.379740    123.366689    
-0.027489    -0.594687    0.701470    0.827954    4.355713    4.528178    10.477075    10.736082    19.068491    19.413899    30.128025    30.559805    43.655233    44.173379    59.649970    60.254478    78.112176    78.803045    99.041822    99.819051    122.441309    123.304889    
-0.023562    -0.594762    0.705142    0.824057    4.367931    4.515758    10.495475    10.717481    19.093063    19.389127    30.158766    30.528864    43.692143    44.136268    59.693049    60.211199    78.161423    78.753597    99.097238    99.763434    122.502893    123.243105    
-0.019635    -0.594825    0.708448    0.820560    4.380165    4.503354    10.513891    10.698896    19.117650    19.364370    30.189523    30.497937    43.729069    44.099173    59.736144    60.167935    78.210686    78.704164    99.152669    99.707833    122.564492    123.181336    
-0.015708    -0.594876    0.711315    0.817538    4.392414    4.490966    10.532322    10.680326    19.142253    19.339628    30.220295    30.467027    43.766010    44.062093    59.779253    60.124687    78.259965    78.654747    99.208116    99.652247    122.626107    123.119582    
-0.011781    -0.594917    0.713663    0.815069    4.404679    4.478592    10.550768    10.661771    19.166871    19.314902    30.251082    30.436131    43.802966    44.025029    59.822379    60.081453    78.309259    78.605345    99.263579    99.596677    122.687738    123.057844    
-0.007854    -0.594945    0.715413    0.813232    4.416959    4.466235    10.569230    10.643232    19.191504    19.290192    30.281885    30.405251    43.839938    43.987980    59.865519    60.038236    78.358568    78.555959    99.319057    99.541122    122.749383    122.996121    
-0.003927    -0.594963    0.716495    0.812098    4.429255    4.453893    10.587708    10.624709    19.216153    19.265497    30.312703    30.374386    43.876926    43.950946    59.908675    59.995033    78.407892    78.506588    99.374550    99.485582    122.811045    122.934413    
0.000000    -0.594968    0.716862    0.811715    4.441508    4.441623    10.606200    10.606200    19.240817    19.240817    30.343537    30.343537    43.913928    43.913928    59.951847    59.951847    78.457233    78.457233    99.430058    99.430058    122.872721    122.872721    
0.003927    -0.594963    0.716495    0.812098    4.429255    4.453893    10.587708    10.624709    19.216153    19.265497    30.312703    30.374386    43.876926    43.950946    59.908675    59.995033    78.407892    78.506588    99.374550    99.485582    122.811045    122.934413    
0.007854    -0.594945    0.715413    0.813232    4.416959    4.466235    10.569230    10.643232    19.191504    19.290192    30.281885    30.405251    43.839938    43.987980    59.865519    60.038236    78.358568    78.555959    99.319057    99.541122    122.749383    122.996121    
0.011781    -0.594917    0.713663    0.815069    4.404679    4.478592    10.550768    10.661771    19.166871    19.314902    30.251082    30.436131    43.802966    44.025029    59.822379    60.081453    78.309259    78.605345    99.263579    99.596677    122.687738    123.057844    
0.015708    -0.594876    0.711315    0.817538    4.392414    4.490966    10.532322    10.680326    19.142253    19.339628    30.220295    30.467027    43.766010    44.062093    59.779253    60.124687    78.259965    78.654747    99.208116    99.652247    122.626107    123.119582    
0.019635    -0.594825    0.708448    0.820560    4.380165    4.503354    10.513891    10.698896    19.117650    19.364370    30.189523    30.497937    43.729069    44.099173    59.736144    60.167935    78.210686    78.704164    99.152669    99.707833    122.564492    123.181336    
0.023562    -0.594762    0.705142    0.824057    4.367931    4.515758    10.495475    10.717481    19.093063    19.389127    30.158766    30.528864    43.692143    44.136268    59.693049    60.211199    78.161423    78.753597    99.097238    99.763434    122.502893    123.243105    
0.027489    -0.594687    0.701470    0.827954    4.355713    4.528178    10.477075    10.736082    19.068491    19.413899    30.128025    30.559805    43.655233    44.173379    59.649970    60.254478    78.112176    78.803045    99.041822    99.819051    122.441309    123.304889    
0.031416    -0.594601    0.697498    0.832186    4.343511    4.540613    10.458690    10.754699    19.043935    19.438687    30.097299    30.590763    43.618338    44.210505    59.606907    60.297773    78.062944    78.852508    98.986421    99.874683    122.379740    123.366689    
0.035343    -0.594503    0.693278    0.836699    4.331323    4.553064    10.440321    10.773330    19.019394    19.463490    30.066589    30.621735    43.581459    44.247647    59.563859    60.341083    78.013727    78.901987    98.931036    99.930330    122.318187    123.428505    
0.039270    -0.594395    0.688858    0.841448    4.319152    4.565530    10.421967    10.791978    18.994869    19.488308    30.035894    30.652723    43.544595    44.284804    59.520826    60.384409    77.964526    78.951481    98.875666    99.985993    122.256649    123.490336    
0.043197    -0.594274    0.684274    0.846395    4.306996    4.578011    10.403628    10.810640    18.970359    19.513142    30.005214    30.683727    43.507747    44.321976    59.477809    60.427750    77.915340    79.000991    98.820312    100.041671    122.195127    123.552182    
0.047124    -0.594142    0.679557    0.851511    4.294855    4.590508    10.385305    10.829318    18.945864    19.537991    29.974550    30.714745    43.470914    44.359164    59.434807    60.471107    77.866170    79.050516    98.764973    100.097365    122.133620    123.614043    
0.051051    -0.593999    0.674730    0.856771    4.282730    4.603021    10.366998    10.848012    18.921385    19.562856    29.943901    30.745780    43.434096    44.396367    59.391821    60.514479    77.817015    79.100057    98.709649    100.153074    122.072128    123.675921    
0.054978    -0.593844    0.669814    0.862154    4.270620    4.615549    10.348705    10.866721    18.896921    19.587736    29.913268    30.776829    43.397294    44.433586    59.348850    60.557866    77.767875    79.149613    98.654341    100.208799    122.010652    123.737813    
0.058905    -0.593678    0.664825    0.867645    4.258526    4.628093    10.330429    10.885445    18.872473    19.612632    29.882650    30.807894    43.360507    44.470820    59.305894    60.601269    77.718751    79.199184    98.599048    100.264539    121.949191    123.799721    
0.062832    -0.593501    0.659776    0.873230    4.246447    4.640652    10.312167    10.904185    18.848040    19.637543    29.852048    30.838975    43.323736    44.508069    59.262954    60.644687    77.669642    79.248771    98.543771    100.320294    121.887746    123.861644    
0.066759    -0.593312    0.654679    0.878898    4.234384    4.653226    10.293921    10.922940    18.823623    19.662470    29.821461    30.870071    43.286980    44.545334    59.220030    60.688120    77.620549    79.298373    98.488509    100.376065    121.826316    123.923583    
0.070686    -0.593112    0.649543    0.884641    4.222336    4.665816    10.275691    10.941710    18.799221    19.687411    29.790889    30.901182    43.250239    44.582614    59.177120    60.731569    77.571471    79.347991    98.433262    100.431851    121.764902    123.985537    
0.074613    -0.592900    0.644375    0.890449    4.210304    4.678422    10.257476    10.960497    18.774834    19.712369    29.760333    30.932309    43.213514    44.619910    59.134226    60.775034    77.522408    79.397624    98.378031    100.487653    121.703503    124.047507    
0.078540    -0.592678    0.639182    0.896318    4.198287    4.691043    10.239276    10.979298    18.750463    19.737342    29.729792    30.963451    43.176804    44.657221    59.091348    60.818514    77.473361    79.447272    98.322816    100.543470    121.642119    124.109492    
0.082467    -0.592443    0.633969    0.902242    4.186286    4.703679    10.221092    10.998115    18.726107    19.762330    29.699267    30.994609    43.140110    44.694548    59.048485    60.862009    77.424330    79.496936    98.267615    100.599302    121.580751    124.171493    
0.086394    -0.592198    0.628741    0.908215    4.174301    4.716331    10.202924    11.016947    18.701767    19.787333    29.668757    31.025782    43.103431    44.731890    59.005637    60.905520    77.375314    79.546616    98.212431    100.655150    121.519398    124.233508    
0.090321    -0.591941    0.623500    0.914235    4.162330    4.728999    10.184770    11.035795    18.677442    19.812352    29.638263    31.056971    43.066768    44.769247    58.962805    60.949046    77.326313    79.596310    98.157261    100.711013    121.458061    124.295540    
0.094248    -0.591673    0.618252    0.920298    4.150376    4.741682    10.166633    11.054658    18.653132    19.837387    29.607783    31.088175    43.030120    44.806620    58.919988    60.992588    77.277327    79.646020    98.102107    100.766892    121.396739    124.357586    
0.098175    -0.591394    0.612999    0.926401    4.138437    4.754380    10.148510    11.073537    18.628838    19.862437    29.577320    31.119394    42.993487    44.844008    58.877187    61.036144    77.228357    79.695746    98.046969    100.822786    121.335432    124.419649    
0.102102    -0.591104    0.607742    0.932542    4.126513    4.767094    10.130403    11.092431    18.604560    19.887502    29.546872    31.150629    42.956870    44.881412    58.834401    61.079717    77.179403    79.745487    97.991846    100.878696    121.274141    124.481726    
0.106029    -0.590802    0.602485    0.938718    4.114605    4.779823    10.112312    11.111341    18.580297    19.912583    29.516439    31.181879    42.920268    44.918831    58.791631    61.123305    77.130464    79.795244    97.936738    100.934621    121.212866    124.543819    
0.109956    -0.590489    0.597230    0.944928    4.102712    4.792568    10.094236    11.130266    18.556049    19.937679    29.486022    31.213144    42.883682    44.956266    58.748876    61.166908    77.081540    79.845015    97.881646    100.990561    121.151605    124.605928    
0.113883    -0.590165    0.591977    0.951170    4.090835    4.805329    10.076175    11.149206    18.531816    19.962790    29.455620    31.244425    42.847111    44.993716    58.706136    61.210527    77.032632    79.894803    97.826569    101.046517    121.090361    124.668051    
0.117810    -0.589830    0.586729    0.957443    4.078974    4.818105    10.058130    11.168162    18.507599    19.987917    29.425233    31.275722    42.810556    45.031181    58.663412    61.254161    76.983739    79.944605    97.771508    101.102489    121.029131    124.730191    
0.121737    -0.589484    0.581486    0.963745    4.067128    4.830896    10.040100    11.187133    18.483398    20.013060    29.394862    31.307034    42.774016    45.068662    58.620703    61.297810    76.934862    79.994424    97.716462    101.158475    120.967917    124.792345    
0.125664    -0.589127    0.576250    0.970075    4.055297    4.843703    10.022086    11.206120    18.459212    20.038218    29.364506    31.338361    42.737491    45.106158    58.578010    61.341475    76.886000    80.044257    97.661431    101.214477    120.906719    124.854516    
0.129591    -0.588759    0.571022    0.976432    4.043482    4.856525    10.004087    11.225122    18.435041    20.063391    29.334166    31.369704    42.700982    45.143670    58.535332    61.385155    76.837153    80.094106    97.606416    101.270495    120.845536    124.916701    
0.133518    -0.588380    0.565803    0.982816    4.031682    4.869363    9.986103    11.244140    18.410886    20.088580    29.303841    31.401062    42.664488    45.181197    58.492669    61.428851    76.788322    80.143970    97.551416    101.326528    120.784368    124.978902    
0.137445    -0.587989    0.560593    0.989225    4.019898    4.882216    9.968135    11.263173    18.386746    20.113784    29.273532    31.432435    42.628010    45.218739    58.450022    61.472562    76.739506    80.193850    97.496432    101.382576    120.723216    125.041118    
0.141372    -0.587588    0.555394    0.995658    4.008130    4.895085    9.950183    11.282221    18.362622    20.139003    29.243238    31.463824    42.591547    45.256297    58.407391    61.516289    76.690706    80.243745    97.441463    101.438640    120.662079    125.103350    
0.145299    -0.587176    0.550205    1.002116    3.996377    4.907969    9.932245    11.301285    18.338513    20.164238    29.212959    31.495229    42.555099    45.293870    58.364774    61.560031    76.641921    80.293656    97.386509    101.494719    120.600957    125.165597    
0.149226    -0.586753    0.545029    1.008598    3.984639    4.920869    9.914324    11.320364    18.314419    20.189489    29.182696    31.526649    42.518667    45.331459    58.322173    61.603789    76.593152    80.343582    97.331571    101.550814    120.539851    125.227860    
0.153153    -0.586320    0.539865    1.015102    3.972917    4.933784    9.896417    11.339459    18.290341    20.214755    29.152449    31.558084    42.482250    45.369063    58.279588    61.647561    76.544397    80.393524    97.276649    101.606924    120.478761    125.290138    
0.157080    -0.585875    0.534713    1.021629    3.961211    4.946715    9.878527    11.358569    18.266279    20.240036    29.122216    31.589535    42.445849    45.406683    58.237018    61.691350    76.495659    80.443481    97.221742    101.663050    120.417685    125.352432    
0.161007    -0.585420    0.529574    1.028178    3.949520    4.959661    9.860651    11.377695    18.242231    20.265333    29.091999    31.621001    42.409463    45.444318    58.194463    61.735153    76.446936    80.493453    97.166850    101.719190    120.356626    125.414740    
0.164934    -0.584954    0.524450    1.034749    3.937845    4.972623    9.842791    11.396836    18.218200    20.290645    29.061798    31.652482    42.373093    45.481968    58.151924    61.778973    76.398228    80.543441    97.111973    101.775347    120.295581    125.477065    
0.168861    -0.584477    0.519339    1.041341    3.926185    4.985600    9.824947    11.415992    18.194183    20.315972    29.031612    31.683979    42.336738    45.519634    58.109401    61.822807    76.349535    80.593444    97.057112    101.831519    120.234552    125.539405    
0.172788    -0.583990    0.514242    1.047955    3.914540    4.998592    9.807117    11.435164    18.170182    20.341315    29.001441    31.715492    42.300398    45.557315    58.066892    61.866657    76.300859    80.643463    97.002267    101.887706    120.173539    125.601760    
0.176715    -0.583492    0.509161    1.054588    3.902911    5.011600    9.789304    11.454351    18.146197    20.366674    28.971286    31.747019    42.264074    45.595012    58.024399    61.910523    76.252197    80.693497    96.947437    101.943908    120.112541    125.664130    
0.180642    -0.582984    0.504094    1.061243    3.891298    5.024624    9.771506    11.473554    18.122227    20.392047    28.941147    31.778563    42.227765    45.632724    57.981922    61.954403    76.203551    80.743546    96.892622    102.000126    120.051558    125.726516    
0.184569    -0.582465    0.499043    1.067917    3.879700    5.037663    9.753723    11.492772    18.098272    20.417437    28.911022    31.810121    42.191472    45.670452    57.939460    61.998300    76.154920    80.793611    96.837823    102.056360    119.990591    125.788918    
0.188496    -0.581935    0.494007    1.074612    3.868118    5.050718    9.735955    11.512006    18.074333    20.442841    28.880913    31.841695    42.155194    45.708195    57.897013    62.042211    76.106305    80.843691    96.783039    102.112609    119.929639    125.851335    
0.192423    -0.581395    0.488988    1.081326    3.856551    5.063788    9.718203    11.531255    18.050409    20.468261    28.850820    31.873285    42.118932    45.745953    57.854582    62.086138    76.057705    80.893787    96.728271    102.168873    119.868703    125.913767    
0.196350    -0.580845    0.483984    1.088060    3.845000    5.076873    9.700467    11.550519    18.026500    20.493697    28.820742    31.904890    42.082685    45.783727    57.812166    62.130081    76.009121    80.943898    96.673518    102.225153    119.807782    125.976215    
0.200277    -0.580285    0.478997    1.094813    3.833464    5.089974    9.682746    11.569799    18.002607    20.519148    28.790679    31.936510    42.046453    45.821516    57.769766    62.174039    75.960552    80.994025    96.618780    102.281448    119.746876    126.038678    
0.204204    -0.579714    0.474027    1.101585    3.821944    5.103091    9.665040    11.589095    17.978730    20.544614    28.760632    31.968146    42.010237    45.859321    57.727381    62.218012    75.911998    81.044167    96.564058    102.337758    119.685986    126.101156    
0.208131    -0.579133    0.469073    1.108376    3.810439    5.116222    9.647350    11.608405    17.954868    20.570096    28.730600    31.999797    41.974036    45.897141    57.685012    62.262001    75.863460    81.094324    96.509351    102.394084    119.625112    126.163650    
0.212058    -0.578542    0.464137    1.115187    3.798950    5.129370    9.629675    11.627732    17.931021    20.595593    28.700584    32.031464    41.937851    45.934976    57.642657    62.306005    75.814937    81.144497    96.454660    102.450426    119.564252    126.226160    
0.215984    -0.577940    0.459218    1.122015    3.787476    5.142533    9.612016    11.647073    17.907190    20.621106    28.670583    32.063146    41.901681    45.972827    57.600319    62.350025    75.766430    81.194685    96.399984    102.506783    119.503409    126.288684    
0.219911    -0.577329    0.454316    1.128863    3.776018    5.155711    9.594372    11.666430    17.883374    20.646634    28.640597    32.094843    41.865526    46.010694    57.557996    62.394060    75.717938    81.244889    96.345324    102.563155    119.442580    126.351225    
0.223838    -0.576708    0.449432    1.135729    3.764575    5.168905    9.576744    11.685803    17.859573    20.672177    28.610627    32.126556    41.829387    46.048575    57.515688    62.438110    75.669462    81.295108    96.290679    102.619542    119.381767    126.413780    
0.227765    -0.576076    0.444566    1.142613    3.753148    5.182114    9.559131    11.705191    17.835788    20.697736    28.580673    32.158284    41.793264    46.086473    57.473395    62.482176    75.621001    81.345342    96.236049    102.675945    119.320969    126.476351    
0.231692    -0.575435    0.439717    1.149515    3.741737    5.195339    9.541533    11.724594    17.812019    20.723310    28.550733    32.190028    41.757156    46.124385    57.431118    62.526258    75.572555    81.395592    96.181435    102.732364    119.260187    126.538938    
0.235619    -0.574785    0.434887    1.156436    3.730341    5.208579    9.523951    11.744013    17.788265    20.748900    28.520810    32.221787    41.721063    46.162313    57.388857    62.570354    75.524125    81.445858    96.126836    102.788798    119.199421    126.601540    
0.239546    -0.574124    0.430075    1.163374    3.718960    5.221835    9.506384    11.763447    17.764526    20.774505    28.490901    32.253562    41.684985    46.200257    57.346611    62.614466    75.475710    81.496138    96.072253    102.845247    119.138669    126.664157    
0.243473    -0.573454    0.425282    1.170331    3.707595    5.235106    9.488833    11.782897    17.740803    20.800126    28.461008    32.285352    41.648923    46.238216    57.304380    62.658594    75.427311    81.546435    96.017685    102.901712    119.077933    126.726790    
0.247400    -0.572774    0.420507    1.177305    3.696246    5.248393    9.471297    11.802362    17.717095    20.825762    28.431131    32.317157    41.612877    46.276190    57.262165    62.702737    75.378927    81.596746    95.963132    102.958192    119.017213    126.789438    
0.251327    -0.572084    0.415751    1.184297    3.684912    5.261695    9.453777    11.821842    17.693402    20.851413    28.401269    32.348978    41.576846    46.314180    57.219965    62.746895    75.330558    81.647073    95.908595    103.014688    118.956508    126.852102    
0.255254    -0.571386    0.411014    1.191307    3.673593    5.275013    9.436272    11.841338    17.669725    20.877080    28.371422    32.380814    41.540830    46.352185    57.177780    62.791069    75.282205    81.697416    95.854073    103.071199    118.895818    126.914781    
0.259181    -0.570677    0.406296    1.198334    3.662290    5.288346    9.418783    11.860850    17.646064    20.902763    28.341591    32.412666    41.504830    46.390205    57.135611    62.835259    75.233868    81.747774    95.799567    103.127725    118.835144    126.977475    
0.263108    -0.569960    0.401597    1.205379    3.651003    5.301694    9.401308    11.880377    17.622418    20.928460    28.311775    32.444533    41.468845    46.428241    57.093458    62.879463    75.185545    81.798147    95.745076    103.184267    118.774485    127.040185    
0.267035    -0.569233    0.396917    1.212441    3.639731    5.315058    9.383850    11.899919    17.598787    20.954174    28.281974    32.476415    41.432875    46.466293    57.051320    62.923683    75.137239    81.848536    95.690601    103.240824    118.713842    127.102910    
0.270962    -0.568497    0.392257    1.219521    3.628475    5.328438    9.366407    11.919477    17.575172    20.979902    28.252189    32.508313    41.396921    46.504359    57.009197    62.967919    75.088947    81.898940    95.636141    103.297397    118.653214    127.165651    
0.274889    -0.567752    0.387617    1.226618    3.617234    5.341833    9.348979    11.939050    17.551572    21.005646    28.222420    32.540227    41.360983    46.542442    56.967089    63.012170    75.040671    81.949359    95.581696    103.353985    118.592601    127.228407    
0.278816    -0.566998    0.382996    1.233733    3.606009    5.355243    9.331567    11.958638    17.527987    21.031405    28.192666    32.572155    41.325060    46.580539    56.924998    63.056436    74.992411    81.999794    95.527267    103.410589    118.532004    127.291179    
0.282743    -0.566235    0.378396    1.240865    3.594799    5.368669    9.314170    11.978242    17.504418    21.057180    28.162927    32.604100    41.289152    46.618652    56.882921    63.100718    74.944165    82.050245    95.472853    103.467208    118.471423    127.353966    
0.286670    -0.565464    0.373815    1.248014    3.583605    5.382111    9.296788    11.997862    17.480865    21.082971    28.133204    32.636059    41.253260    46.656781    56.840860    63.145015    74.895936    82.100711    95.418455    103.523842    118.410856    127.416768    
0.290597    -0.564683    0.369255    1.255180    3.572427    5.395568    9.279422    12.017496    17.457326    21.108776    28.103496    32.668034    41.217383    46.694925    56.798814    63.189328    74.847721    82.151192    95.364072    103.580492    118.350306    127.479586    
0.294524    -0.563894    0.364714    1.262363    3.561264    5.409040    9.262072    12.037147    17.433804    21.134597    28.073803    32.700025    41.181521    46.733084    56.756784    63.233656    74.799523    82.201688    95.309705    103.637157    118.289770    127.542419    
0.298451    -0.563097    0.360195    1.269563    3.550116    5.422528    9.244737    12.056812    17.410296    21.160434    28.044126    32.732031    41.145675    46.771259    56.714769    63.277999    74.751339    82.252201    95.255353    103.693838    118.229250    127.605268    
0.302378    -0.562291    0.355696    1.276781    3.538984    5.436031    9.227417    12.076494    17.386804    21.186286    28.014465    32.764052    41.109845    46.809449    56.672770    63.322358    74.703171    82.302728    95.201016    103.750534    118.168746    127.668132    
0.306305    -0.561477    0.351217    1.284015    3.527868    5.449550    9.210113    12.096190    17.363328    21.212153    27.984818    32.796089    41.074029    46.847655    56.630786    63.366733    74.655018    82.353271    95.146695    103.807246    118.108256    127.731011    
0.310232    -0.560654    0.346760    1.291266    3.516767    5.463084    9.192824    12.115902    17.339867    21.238036    27.955188    32.828141    41.038230    46.885876    56.588817    63.411122    74.606881    82.403829    95.092389    103.863973    118.047783    127.793906    
0.314159    -0.559824    0.342323    1.298535    3.505681    5.476634    9.175551    12.135630    17.316421    21.263934    27.925572    32.860208    41.002445    46.924112    56.546864    63.455528    74.558760    82.454403    95.038099    103.920715    117.987324    127.856816    
0.318086    -0.558985    0.337908    1.305820    3.494611    5.490199    9.158293    12.155372    17.292991    21.289848    27.895972    32.892291    40.966676    46.962364    56.504927    63.499948    74.510653    82.504992    94.983824    103.977473    117.926881    127.919742    
0.322013    -0.558138    0.333514    1.313122    3.483557    5.503780    9.141050    12.175131    17.269576    21.315777    27.866388    32.924390    40.930923    47.000632    56.463004    63.544384    74.462562    82.555597    94.929564    104.034246    117.866454    127.982683    
0.325940    -0.557284    0.329141    1.320440    3.472518    5.517376    9.123823    12.194904    17.246177    21.341722    27.836819    32.956504    40.895185    47.038914    56.421097    63.588836    74.414487    82.606217    94.875320    104.091034    117.806042    128.045640    
0.329867    -0.556422    0.324790    1.327776    3.461495    5.530987    9.106611    12.214694    17.222793    21.367682    27.807265    32.988633    40.859462    47.077213    56.379206    63.633302    74.366427    82.656852    94.821092    104.147838    117.745645    128.108612    
0.333794    -0.555552    0.320461    1.335128    3.450488    5.544614    9.089415    12.234498    17.199424    21.393657    27.777727    33.020778    40.823755    47.115526    56.337330    63.677785    74.318382    82.707503    94.766878    104.204658    117.685264    128.171600    
0.337721    -0.554675    0.316153    1.342497    3.439496    5.558257    9.072235    12.254318    17.176071    21.419648    27.748204    33.052938    40.788063    47.153855    56.295469    63.722282    74.270353    82.758170    94.712681    104.261493    117.624898    128.234602    
0.341648    -0.553791    0.311868    1.349883    3.428519    5.571915    9.055069    12.274154    17.152734    21.445654    27.718697    33.085113    40.752386    47.192200    56.253624    63.766795    74.222339    82.808851    94.658498    104.318343    117.564548    128.297621    
0.345575    -0.552899    0.307605    1.357285    3.417558    5.585588    9.037919    12.294005    17.129411    21.471676    27.689205    33.117304    40.716725    47.230559    56.211794    63.811324    74.174341    82.859549    94.604331    104.375209    117.504213    128.360654    
0.349502    -0.552000    0.303364    1.364704    3.406613    5.599277    9.020785    12.313871    17.106105    21.497713    27.659728    33.149511    40.681080    47.268935    56.169980    63.855868    74.126358    82.910261    94.550180    104.432090    117.443894    128.423704    
0.353429    -0.551095    0.299146    1.372140    3.395683    5.612982    9.003666    12.333753    17.082813    21.523765    27.630267    33.181733    40.645450    47.307325    56.128181    63.900427    74.078390    82.960989    94.496044    104.488987    117.383590    128.486768    
0.357356    -0.550182    0.294950    1.379592    3.384768    5.626702    8.986562    12.353650    17.059537    21.549833    27.600821    33.213970    40.609835    47.345731    56.086398    63.945002    74.030438    83.011733    94.441923    104.545899    117.323301    128.549848    
0.361283    -0.549263    0.290777    1.387061    3.373869    5.640437    8.969474    12.373562    17.036277    21.575916    27.571391    33.246222    40.574236    47.384153    56.044630    63.989592    73.982501    83.062491    94.387818    104.602826    117.263028    128.612943    
0.365210    -0.548338    0.286627    1.394546    3.362986    5.654188    8.952402    12.393490    17.013032    21.602015    27.541976    33.278490    40.538652    47.422590    56.002877    64.034198    73.934580    83.113266    94.333728    104.659769    117.202770    128.676054    
0.369137    -0.547405    0.282500    1.402048    3.352119    5.667954    8.935344    12.413434    16.989802    21.628129    27.512577    33.310774    40.503083    47.461042    55.961140    64.078819    73.886674    83.164055    94.279653    104.716727    117.142527    128.739181    
0.373064    -0.546467    0.278396    1.409566    3.341266    5.681736    8.918303    12.433393    16.966588    21.654259    27.483193    33.343073    40.467530    47.499510    55.919418    64.123456    73.838784    83.214860    94.225594    104.773701    117.082300    128.802322    
0.376991    -0.545523    0.274316    1.417101    3.330430    5.695533    8.901276    12.453367    16.943389    21.680404    27.453824    33.375387    40.431993    47.537993    55.877712    64.168108    73.790909    83.265681    94.171551    104.830690    117.022089    128.865479    
0.380918    -0.544572    0.270260    1.424652    3.319609    5.709346    8.884265    12.473357    16.920206    21.706564    27.424471    33.407717    40.396470    47.576492    55.836021    64.212775    73.743049    83.316517    94.117522    104.887694    116.961893    128.928652    
0.384845    -0.543616    0.266227    1.432220    3.308803    5.723174    8.867270    12.493362    16.897038    21.732740    27.395133    33.440062    40.360964    47.615006    55.794345    64.257458    73.695205    83.367368    94.063510    104.944714    116.901712    128.991840    
0.388772    -0.542654    0.262218    1.439804    3.298013    5.737017    8.850290    12.513383    16.873885    21.758932    27.365811    33.472423    40.325472    47.653535    55.752685    64.302156    73.647376    83.418235    94.009512    105.001750    116.841547    129.055043    
0.392699    -0.541687    0.258234    1.447404    3.287239    5.750876    8.833325    12.533419    16.850748    21.785138    27.336504    33.504799    40.289996    47.692080    55.711040    64.346869    73.599563    83.469117    93.955530    105.058800    116.781397    129.118262    
0.396626    -0.540714    0.254273    1.455021    3.276480    5.764751    8.816376    12.553470    16.827626    21.811360    27.307212    33.537190    40.254536    47.730641    55.669411    64.391598    73.551765    83.520015    93.901564    105.115867    116.721262    129.181496    
0.400553    -0.539737    0.250338    1.462655    3.265737    5.778641    8.799443    12.573537    16.804520    21.837598    27.277936    33.569597    40.219091    47.769216    55.627797    64.436343    73.503982    83.570928    93.847613    105.172948    116.661143    129.244746    
0.404480    -0.538754    0.246427    1.470304    3.255009    5.792546    8.782524    12.593619    16.781429    21.863851    27.248676    33.602020    40.183661    47.807808    55.586199    64.481103    73.456215    83.621856    93.793677    105.230045    116.601040    129.308011    
0.408407    -0.537767    0.242541    1.477970    3.244297    5.806467    8.765621    12.613717    16.758354    21.890119    27.219431    33.634457    40.148247    47.846414    55.544616    64.525878    73.408464    83.672800    93.739757    105.287158    116.540952    129.371291    
0.412334    -0.536775    0.238680    1.485653    3.233601    5.820404    8.748734    12.633830    16.735294    21.916403    27.190201    33.666910    40.112848    47.885036    55.503048    64.570669    73.360727    83.723760    93.685852    105.344286    116.480879    129.434587    
0.416261    -0.535778    0.234844    1.493351    3.222920    5.834356    8.731862    12.653959    16.712249    21.942703    27.160986    33.699379    40.077465    47.923674    55.461496    64.615475    73.313007    83.774734    93.631963    105.401429    116.420821    129.497898    
0.420188    -0.534777    0.231034    1.501066    3.212254    5.848323    8.715006    12.674103    16.689220    21.969017    27.131788    33.731863    40.042097    47.962327    55.419959    64.660296    73.265301    83.825724    93.578089    105.458588    116.360780    129.561225    
0.424115    -0.533773    0.227249    1.508798    3.201604    5.862306    8.698165    12.694263    16.666206    21.995347    27.102604    33.764362    40.006744    48.000995    55.378438    64.705133    73.217611    83.876730    93.524230    105.515762    116.300753    129.624567    
0.428042    -0.532764    0.223491    1.516545    3.190970    5.876304    8.681339    12.714437    16.643208    22.021693    27.073436    33.796877    39.971407    48.039679    55.336932    64.749986    73.169937    83.927751    93.470387    105.572951    116.240742    129.687925    
0.431969    -0.531752    0.219759    1.524309    3.180351    5.890318    8.664529    12.734628    16.620225    22.048054    27.044283    33.829407    39.936085    48.078378    55.295442    64.794854    73.122278    83.978788    93.416559    105.630156    116.180746    129.751298    
0.435896    -0.530736    0.216053    1.532089    3.169748    5.904347    8.647734    12.754834    16.597258    22.074430    27.015146    33.861953    39.900779    48.117092    55.253967    64.839737    73.074634    84.029839    93.362747    105.687377    116.120766    129.814686    
0.439823    -0.529718    0.212373    1.539885    3.159161    5.918391    8.630955    12.775055    16.574306    22.100822    26.986024    33.894514    39.865488    48.155822    55.212507    64.884635    73.027006    84.080907    93.308950    105.744613    116.060801    129.878090    
0.443750    -0.528696    0.208721    1.547697    3.148589    5.932451    8.614191    12.795291    16.551369    22.127229    26.956918    33.927091    39.830213    48.194568    55.171063    64.929550    72.979393    84.131989    93.255169    105.801864    116.000852    129.941509    
0.447677    -0.527671    0.205095    1.555526    3.138032    5.946527    8.597442    12.815544    16.528448    22.153652    26.927827    33.959683    39.794953    48.233328    55.129634    64.974479    72.931795    84.183087    93.201403    105.859131    115.940918    130.004944    
0.451604    -0.526644    0.201497    1.563371    3.127491    5.960618    8.580709    12.835811    16.505543    22.180090    26.898751    33.992290    39.759708    48.272105    55.088221    65.019424    72.884213    84.234201    93.147652    105.916413    115.880999    130.068394    
0.455531    -0.525615    0.197927    1.571232    3.116966    5.974725    8.563992    12.856094    16.482652    22.206544    26.869691    34.024913    39.724479    48.310896    55.046823    65.064384    72.836647    84.285330    93.093917    105.973710    115.821096    130.131860    
0.459458    -0.524583    0.194384    1.579109    3.106456    5.988846    8.547290    12.876392    16.459777    22.233013    26.840647    34.057551    39.689265    48.349703    55.005440    65.109360    72.789096    84.336474    93.040197    106.031023    115.761208    130.195341    
0.463385    -0.523550    0.190869    1.587003    3.095962    6.002984    8.530603    12.896706    16.436918    22.259497    26.811617    34.090205    39.654067    48.388526    54.964073    65.154351    72.741560    84.387634    92.986493    106.088351    115.701336    130.258837    
0.467312    -0.522515    0.187382    1.594912    3.085484    6.017137    8.513932    12.917035    16.414074    22.285997    26.782603    34.122874    39.618884    48.427364    54.922721    65.199358    72.694040    84.438809    92.932804    106.145695    115.641479    130.322349    
0.471239    -0.521479    0.183924    1.602838    3.075021    6.031305    8.497276    12.937380    16.391245    22.312512    26.753605    34.155558    39.583717    48.466217    54.881385    65.244380    72.646535    84.490000    92.879131    106.203054    115.581638    130.385876    
0.475166    -0.520442    0.180495    1.610779    3.064573    6.045489    8.480636    12.957740    16.368432    22.339043    26.724622    34.188258    39.548565    48.505086    54.840064    65.289417    72.599045    84.541206    92.825472    106.260429    115.521812    130.449419    
0.479093    -0.519404    0.177095    1.618737    3.054141    6.059688    8.464011    12.978116    16.345634    22.365589    26.695654    34.220974    39.513428    48.543970    54.798759    65.334470    72.551571    84.592427    92.771830    106.317819    115.462001    130.512977    
0.483020    -0.518365    0.173724    1.626711    3.043725    6.073903    8.447402    12.998506    16.322852    22.392150    26.666702    34.253704    39.478307    48.582870    54.757469    65.379539    72.504112    84.643664    92.718203    106.375225    115.402206    130.576550    
0.486947    -0.517326    0.170383    1.634701    3.033325    6.088133    8.430808    13.018913    16.300085    22.418727    26.637766    34.286450    39.443201    48.621785    54.716194    65.424622    72.456669    84.694917    92.664591    106.432645    115.342426    130.640139    
0.490874    -0.516287    0.167072    1.642708    3.022940    6.102379    8.414229    13.039335    16.277334    22.445319    26.608844    34.319212    39.408110    48.660715    54.674935    65.469721    72.409241    84.746184    92.610994    106.490082    115.282662    130.703743    
0.494801    -0.515248    0.163791    1.650730    3.012570    6.116640    8.397666    13.059772    16.254598    22.471927    26.579938    34.351989    39.373036    48.699661    54.633691    65.514836    72.361829    84.797468    92.557413    106.547534    115.222913    130.767363    
0.498728    -0.514210    0.160540    1.658768    3.002216    6.130916    8.381118    13.080225    16.231877    22.498550    26.551048    34.384782    39.337976    48.738622    54.592463    65.559966    72.314432    84.848766    92.503848    106.605001    115.163180    130.830998    
0.502655    -0.513172    0.157320    1.666823    2.991878    6.145208    8.364586    13.100693    16.209172    22.525189    26.522173    34.417589    39.302932    48.777599    54.551250    65.605111    72.267051    84.900080    92.450298    106.662483    115.103462    130.894649    
0.506582    -0.512136    0.154131    1.674893    2.981555    6.159516    8.348069    13.121176    16.186482    22.551843    26.493313    34.450413    39.267903    48.816591    54.510053    65.650272    72.219685    84.951410    92.396763    106.719981    115.043759    130.958315    
0.510509    -0.511101    0.150974    1.682980    2.971248    6.173839    8.331568    13.141675    16.163808    22.578512    26.464469    34.483251    39.232890    48.855599    54.468871    65.695448    72.172334    85.002755    92.343244    106.777495    114.984072    131.021996    
0.514436    -0.510068    0.147849    1.691082    2.960957    6.188177    8.315082    13.162189    16.141149    22.605197    26.435640    34.516106    39.197892    48.894622    54.427704    65.740640    72.124999    85.054115    92.289740    106.835024    114.924400    131.085693    
0.518363    -0.509037    0.144755    1.699201    2.950681    6.202531    8.298611    13.182719    16.118506    22.631898    26.406827    34.548975    39.162910    48.933660    54.386553    65.785847    72.077679    85.105490    92.236252    106.892568    114.864744    131.149405    
0.522290    -0.508009    0.141694    1.707335    2.940420    6.216900    8.282156    13.203265    16.095878    22.658613    26.378029    34.581860    39.127943    48.972714    54.345417    65.831070    72.030374    85.156882    92.182779    106.950127    114.805103    131.213133    
0.526217    -0.506983    0.138665    1.715486    2.930176    6.231285    8.265717    13.223825    16.073265    22.685344    26.349246    34.614761    39.092991    49.011783    54.304297    65.876308    71.983085    85.208288    92.129321    107.007703    114.745477    131.276876    
0.530144    -0.505960    0.135670    1.723653    2.919946    6.245685    8.249293    13.244401    16.050668    22.712091    26.320479    34.647676    39.058055    49.050868    54.263192    65.921561    71.935812    85.259710    92.075879    107.065293    114.685867    131.340635    
0.534071    -0.504941    0.132708    1.731835    2.909733    6.260101    8.232884    13.264993    16.028086    22.738853    26.291728    34.680608    39.023134    49.089968    54.222102    65.966830    71.888554    85.311147    92.022452    107.122899    114.626272    131.404409    
0.537998    -0.503925    0.129779    1.740034    2.899535    6.274532    8.216491    13.285600    16.005520    22.765630    26.262992    34.713554    38.988229    49.129083    54.181028    66.012114    71.841311    85.362600    91.969041    107.180520    114.566693    131.468198    
0.541925    -0.502913    0.126885    1.748249    2.889353    6.288979    8.200113    13.306222    15.982969    22.792423    26.234271    34.746516    38.953339    49.168214    54.139970    66.057414    71.794083    85.414069    91.915645    107.238157    114.507129    131.532003    
0.545852    -0.501906    0.124025    1.756479    2.879186    6.303441    8.183750    13.326860    15.960433    22.819232    26.205565    34.779494    38.918465    49.207361    54.098926    66.102729    71.746872    85.465552    91.862264    107.295809    114.447581    131.595823    
0.549779    -0.500903    0.121200    1.764726    2.869035    6.317918    8.167404    13.347513    15.937913    22.846055    26.176875    34.812487    38.883606    49.246523    54.057899    66.148059    71.699675    85.517051    91.808899    107.353477    114.388048    131.659659    
0.553706    -0.499906    0.118410    1.772988    2.858899    6.332411    8.151072    13.368182    15.915409    22.872894    26.148201    34.845495    38.848762    49.285700    54.016886    66.193405    71.652494    85.568566    91.755550    107.411160    114.328530    131.723510    
0.557633    -0.498914    0.115656    1.781267    2.848779    6.346920    8.134756    13.388866    15.892920    22.899749    26.119542    34.878519    38.813934    49.324892    53.975889    66.238766    71.605328    85.620096    91.702215    107.468859    114.269028    131.787376    
0.561560    -0.497928    0.112937    1.789561    2.838675    6.361444    8.118455    13.409566    15.870446    22.926619    26.090898    34.911558    38.779121    49.364100    53.934908    66.284143    71.558178    85.671641    91.648897    107.526572    114.209541    131.851258    
0.565487    -0.496948    0.110255    1.797872    2.828586    6.375983    8.102170    13.430280    15.847988    22.953504    26.062270    34.944613    38.744324    49.403324    53.893942    66.329535    71.511043    85.723202    91.595593    107.584302    114.150070    131.915155    
0.569414    -0.495975    0.107609    1.806198    2.818513    6.390538    8.085901    13.451011    15.825545    22.980405    26.033657    34.977683    38.709542    49.442563    53.852991    66.374943    71.463924    85.774778    91.542305    107.642047    114.090614    131.979068    
0.573341    -0.495008    0.105001    1.814540    2.808456    6.405108    8.069646    13.471757    15.803117    23.007321    26.005059    35.010768    38.674775    49.481817    53.812056    66.420366    71.416820    85.826369    91.489033    107.699807    114.031173    132.042996    
0.577268    -0.494050    0.102430    1.822898    2.798414    6.419694    8.053407    13.492518    15.780705    23.034253    25.976477    35.043869    38.640024    49.521087    53.771136    66.465804    71.369732    85.877976    91.435776    107.757582    113.971748    132.106940    
0.581195    -0.493099    0.099897    1.831273    2.788388    6.434295    8.037184    13.513295    15.758308    23.061200    25.947911    35.076985    38.605288    49.560372    53.730231    66.511258    71.322659    85.929599    91.382534    107.815373    113.912339    132.170899    
0.585122    -0.492156    0.097402    1.839663    2.778377    6.448912    8.020976    13.534087    15.735927    23.088163    25.919360    35.110117    38.570568    49.599673    53.689342    66.556727    71.275601    85.981237    91.329308    107.873180    113.852945    132.234873    
0.589049    -0.491221    0.094945    1.848069    2.768382    6.463544    8.004784    13.554894    15.713561    23.115141    25.890824    35.143264    38.535863    49.638989    53.648469    66.602212    71.228559    86.032890    91.276097    107.931002    113.793566    132.298863    
0.592976    -0.490296    0.092528    1.856490    2.758403    6.478191    7.988607    13.575717    15.691211    23.142134    25.862304    35.176427    38.501174    49.678320    53.607610    66.647712    71.181532    86.084559    91.222901    107.988839    113.734202    132.362869    
0.596903    -0.489380    0.090151    1.864928    2.748439    6.492854    7.972445    13.596556    15.668876    23.169143    25.833799    35.209605    38.466500    49.717667    53.566768    66.693227    71.134520    86.136243    91.169721    108.046692    113.674854    132.426889    
0.600830    -0.488474    0.087813    1.873382    2.738491    6.507533    7.956299    13.617409    15.646557    23.196167    25.805309    35.242798    38.431842    49.757029    53.525940    66.738758    71.087524    86.187942    91.116557    108.104560    113.615522    132.490925    
0.604757    -0.487579    0.085515    1.881851    2.728559    6.522227    7.940168    13.638279    15.624253    23.223207    25.776835    35.276007    38.397198    49.796407    53.485128    66.784305    71.040544    86.239657    91.063408    108.162443    113.556205    132.554977    
0.608684    -0.486694    0.083259    1.890337    2.718642    6.536936    7.924053    13.659163    15.601964    23.250262    25.748377    35.309232    38.362571    49.835800    53.444332    66.829867    70.993579    86.291388    91.010274    108.220342    113.496903    132.619044    
0.612611    -0.485820    0.081043    1.898838    2.708741    6.551661    7.907953    13.680064    15.579691    23.277332    25.719934    35.342471    38.327958    49.875208    53.403551    66.875444    70.946629    86.343134    90.957156    108.278257    113.437617    132.683126    
0.616538    -0.484957    0.078870    1.907355    2.698855    6.566401    7.891869    13.700979    15.557433    23.304418    25.691506    35.375726    38.293362    49.914632    53.362785    66.921036    70.899695    86.394895    90.904053    108.336186    113.378346    132.747224    
0.620465    -0.484107    0.076738    1.915888    2.688985    6.581157    7.875800    13.721910    15.535191    23.331519    25.663093    35.408997    38.258780    49.954072    53.322035    66.966644    70.852776    86.446672    90.850965    108.394132    113.319091    132.811337    
0.624392    -0.483269    0.074648    1.924437    2.679131    6.595928    7.859746    13.742856    15.512964    23.358636    25.634697    35.442283    38.224214    49.993527    53.281300    67.012268    70.805872    86.498464    90.797893    108.452092    113.259851    132.875466    
0.628319    -0.482443    0.072602    1.933002    2.669292    6.610715    7.843708    13.763818    15.490752    23.385768    25.606315    35.475584    38.189663    50.032997    53.240581    67.057907    70.758984    86.550271    90.744837    108.510068    113.200626    132.939610    
0.632246    -0.481631    0.070599    1.941582    2.659469    6.625517    7.827686    13.784796    15.468556    23.412916    25.577949    35.508901    38.155128    50.072482    53.199877    67.103561    70.712112    86.602094    90.691795    108.568060    113.141417    133.003769    
0.636173    -0.480833    0.068640    1.950179    2.649662    6.640334    7.811678    13.805788    15.446376    23.440079    25.549598    35.542233    38.120609    50.111983    53.159188    67.149231    70.665254    86.653932    90.638769    108.626067    113.082223    133.067944    
0.640100    -0.480049    0.066725    1.958791    2.639870    6.655167    7.795687    13.826796    15.424210    23.467257    25.521263    35.575581    38.086104    50.151500    53.118515    67.194916    70.618413    86.705786    90.585759    108.684089    113.023045    133.132135    
0.644026    -0.479279    0.064854    1.967419    2.630094    6.670016    7.779710    13.847820    15.402061    23.494451    25.492943    35.608944    38.051615    50.191032    53.077858    67.240617    70.571586    86.757655    90.532764    108.742127    112.963882    133.196340    
0.647953    -0.478524    0.063029    1.976063    2.620334    6.684880    7.763750    13.868859    15.379926    23.521660    25.464639    35.642322    38.017142    50.230579    53.037215    67.286333    70.524775    86.809540    90.479785    108.800180    112.904735    133.260562    
0.651880    -0.477785    0.061249    1.984723    2.610589    6.699759    7.747804    13.889913    15.357807    23.548885    25.436350    35.675716    37.982684    50.270142    52.996588    67.332064    70.477980    86.861440    90.426821    108.858248    112.845603    133.324798    
0.655807    -0.477061    0.059515    1.993398    2.600860    6.714654    7.731874    13.910983    15.335704    23.576125    25.408076    35.709126    37.948241    50.309720    52.955977    67.377811    70.431200    86.913355    90.373872    108.916332    112.786486    133.389050    
0.659734    -0.476354    0.057828    2.002089    2.591146    6.729564    7.715960    13.932068    15.313616    23.603381    25.379818    35.742551    37.913814    50.349314    52.915381    67.423573    70.384435    86.965286    90.320939    108.974432    112.727385    133.453318    
0.663661    -0.475663    0.056187    2.010797    2.581449    6.744490    7.700061    13.953169    15.291543    23.630652    25.351576    35.775991    37.879402    50.388923    52.874800    67.469351    70.337686    87.017233    90.268021    109.032547    112.668299    133.517601    
0.667588    -0.474989    0.054594    2.019520    2.571767    6.759431    7.684177    13.974285    15.269486    23.657938    25.323348    35.809446    37.845006    50.428547    52.834235    67.515144    70.290952    87.069194    90.215118    109.090677    112.609229    133.581899    
0.671515    -0.474333    0.053048    2.028258    2.562100    6.774388    7.668309    13.995417    15.247444    23.685240    25.295137    35.842917    37.810625    50.468187    52.793685    67.560952    70.244234    87.121171    90.162231    109.148823    112.550174    133.646213    
0.675442    -0.473695    0.051550    2.037013    2.552449    6.789360    7.652456    14.016564    15.225418    23.712557    25.266940    35.876404    37.776259    50.507842    52.753151    67.606776    70.197531    87.173164    90.109360    109.206984    112.491134    133.710542    
0.679369    -0.473075    0.050100    2.045783    2.542814    6.804348    7.636619    14.037726    15.203407    23.739890    25.238759    35.909906    37.741909    50.547513    52.712632    67.652616    70.150843    87.225172    90.056504    109.265160    112.432110    133.774886    
0.683296    -0.472473    0.048700    2.054569    2.533195    6.819351    7.620797    14.058904    15.181411    23.767238    25.210594    35.943423    37.707575    50.587199    52.672129    67.698471    70.104171    87.277195    90.003663    109.323352    112.373101    133.839246    
0.687223    -0.471891    0.047348    2.063371    2.523591    6.834369    7.604991    14.080097    15.159431    23.794602    25.182444    35.976956    37.673255    50.626901    52.631641    67.744341    70.057514    87.329234    89.950838    109.381560    112.314108    133.903622    
0.691150    -0.471328    0.046047    2.072189    2.514004    6.849403    7.589200    14.101306    15.137466    23.821981    25.154309    36.010504    37.638951    50.666618    52.591168    67.790226    70.010873    87.381288    89.898028    109.439783    112.255130    133.968012    
0.695077    -0.470785    0.044795    2.081022    2.504431    6.864452    7.573424    14.122530    15.115517    23.849375    25.126190    36.044067    37.604663    50.706350    52.550711    67.836128    69.964247    87.433358    89.845233    109.498021    112.196168    134.032419    
0.699004    -0.470262    0.043593    2.089871    2.494875    6.879517    7.557664    14.143769    15.093583    23.876785    25.098086    36.077646    37.570390    50.746098    52.510269    67.882044    69.917637    87.485443    89.792454    109.556274    112.137221    134.096840    
0.702931    -0.469760    0.042443    2.098736    2.485334    6.894597    7.541920    14.165024    15.071665    23.904210    25.069997    36.111241    37.536132    50.785861    52.469843    67.927976    69.871042    87.537544    89.739691    109.614543    112.078289    134.161277    
0.706858    -0.469279    0.041343    2.107616    2.475809    6.909693    7.526191    14.186295    15.049762    23.931651    25.041924    36.144851    37.501890    50.825640    52.429432    67.973923    69.824462    87.589660    89.686942    109.672828    112.019373    134.225730    
0.710785    -0.468819    0.040294    2.116512    2.466300    6.924804    7.510477    14.207581    15.027874    23.959107    25.013867    36.178476    37.467664    50.865434    52.389036    68.019886    69.777898    87.641791    89.634210    109.731128    111.960472    134.290198    
0.714712    -0.468380    0.039298    2.125424    2.456806    6.939931    7.494779    14.228882    15.006002    23.986578    24.985824    36.212117    37.433452    50.905243    52.348656    68.065864    69.731349    87.693938    89.581492    109.789443    111.901587    134.354681    
0.718639    -0.467963    0.038353    2.134352    2.447329    6.955073    7.479096    14.250199    14.984146    24.014065    24.957798    36.245773    37.399256    50.945068    52.308291    68.111858    69.684816    87.746100    89.528790    109.847774    111.842717    134.419180    
0.722566    -0.467569    0.037461    2.143295    2.437867    6.970230    7.463429    14.271531    14.962304    24.041568    24.929786    36.279444    37.365076    50.984909    52.267942    68.157867    69.638298    87.798277    89.476104    109.906120    111.783863    134.483694    
0.726493    -0.467196    0.036621    2.152253    2.428421    6.985403    7.447777    14.292878    14.940479    24.069085    24.901790    36.313131    37.330911    51.024764    52.227608    68.203891    69.591795    87.850470    89.423433    109.964482    111.725024    134.548224    
0.730420    -0.466847    0.035834    2.161228    2.418991    7.000592    7.432140    14.314241    14.918668    24.096618    24.873810    36.346834    37.296761    51.064635    52.187290    68.249931    69.545308    87.902679    89.370777    110.022859    111.666200    134.612769    
0.734347    -0.466520    0.035100    2.170217    2.409577    7.015796    7.416519    14.335620    14.896873    24.124167    24.845845    36.380551    37.262627    51.104522    52.146987    68.295986    69.498836    87.954903    89.318137    110.081251    111.607392    134.677329    
0.738274    -0.466217    0.034420    2.179223    2.400178    7.031015    7.400914    14.357013    14.875094    24.151731    24.817895    36.414285    37.228508    51.144424    52.106699    68.342057    69.452380    88.007142    89.265512    110.139659    111.548599    134.741905    
0.742201    -0.465937    0.033793    2.188243    2.390796    7.046250    7.385324    14.378423    14.853330    24.179311    24.789961    36.448033    37.194405    51.184342    52.066427    68.388143    69.405939    88.059397    89.212902    110.198082    111.489822    134.806496    
0.746128    -0.465681    0.033220    2.197279    2.381430    7.061500    7.369749    14.399847    14.831581    24.206906    24.762042    36.481797    37.160317    51.224274    52.026170    68.434245    69.359514    88.111667    89.160308    110.256521    111.431060    134.871103    
0.750055    -0.465448    0.032701    2.206330    2.372081    7.076766    7.354190    14.421288    14.809848    24.234516    24.734139    36.515577    37.126245    51.264223    51.985929    68.480362    69.313104    88.163953    89.107730    110.314975    111.372313    134.935725    
0.753982    -0.465240    0.032236    2.215395    2.362748    7.092047    7.338646    14.442743    14.788130    24.262142    24.706251    36.549372    37.092187    51.304186    51.945703    68.526494    69.266710    88.216254    89.055167    110.373445    111.313582    135.000363    
0.757909    -0.465055    0.031825    2.224475    2.353432    7.107343    7.323118    14.464214    14.766428    24.289783    24.678378    36.583182    37.058146    51.344166    51.905493    68.572642    69.220330    88.268570    89.002619    110.431930    111.254867    135.065016    
0.761836    -0.464895    0.031469    2.233569    2.344134    7.122655    7.307605    14.485700    14.744741    24.317439    24.650521    36.617008    37.024120    51.384160    51.865298    68.618805    69.173967    88.320902    88.950087    110.490430    111.196167    135.129684    
0.765763    -0.464760    0.031167    2.242675    2.334856    7.137983    7.292107    14.507202    14.723069    24.345111    24.622680    36.650849    36.990109    51.424170    51.825118    68.664984    69.127618    88.373249    88.897570    110.548946    111.137482    135.194368    
0.769690    -0.464649    0.030921    2.251791    2.325598    7.153326    7.276625    14.528720    14.701413    24.372799    24.594853    36.684705    36.956113    51.464196    51.784954    68.711178    69.081286    88.425612    88.845068    110.607477    111.078812    135.259067    
0.773617    -0.464562    0.030728    2.260911    2.316368    7.168684    7.261159    14.550252    14.679772    24.400502    24.567043    36.718577    36.922133    51.504236    51.744805    68.757387    69.034968    88.477990    88.792582    110.666024    111.020158    135.323782    
0.777544    -0.464500    0.030591    2.270018    2.307182    7.184058    7.245708    14.571800    14.658147    24.428220    24.539247    36.752465    36.888169    51.544293    51.704672    68.803612    68.988666    88.530383    88.740112    110.724586    110.961520    135.388512    
0.781471    -0.464463    0.030509    2.279030    2.298123    7.199447    7.230272    14.593364    14.636537    24.455954    24.511467    36.786368    36.854220    51.584364    51.664554    68.849853    68.942379    88.582792    88.687657    110.783163    110.902897    135.453258    
0.785398    -0.464451    0.030481    2.286036    2.291102    7.214851    7.214853    14.614943    14.614943    24.483703    24.483703    36.820286    36.820286    51.624451    51.624451    68.896108    68.896108    88.635217    88.635217    110.841756    110.844289    135.518019    
