-0.448799    -0.706630    -0.248885    0.424946    0.467074    2.030677    2.030804    4.441273    4.441273    7.661410    7.661410    11.688526    11.688526    16.521879    16.521879    22.161191    22.161191    28.606339    28.606344    35.857265    35.865014    43.920974    
-0.446555    -0.706631    -0.248881    0.424756    0.467270    2.025735    2.035752    4.434235    4.448316    7.652353    7.670472    11.677453    11.699605    16.508791    16.534973    22.146088    22.176299    28.589222    28.623467    35.838133    35.884149    43.899829    
-0.444311    -0.706632    -0.248868    0.424196    0.467849    2.020734    2.040767    4.427202    4.455363    7.643301    7.679539    11.666385    11.710688    16.495707    16.548071    22.130990    22.191413    28.572109    28.640595    35.819006    35.903290    43.878689    
-0.442067    -0.706635    -0.248846    0.423294    0.468782    2.015739    2.045788    4.420175    4.462416    7.634254    7.688611    11.655322    11.721776    16.482629    16.561175    22.115897    22.206531    28.555002    28.657727    35.799885    35.922435    43.857555    
-0.439823    -0.706638    -0.248816    0.422090    0.470028    2.010749    2.050814    4.413152    4.469474    7.625212    7.697689    11.644264    11.732870    16.469556    16.574283    22.100809    22.221654    28.537899    28.674865    35.780768    35.941585    43.836425    
-0.437579    -0.706643    -0.248778    0.420629    0.471545    2.005764    2.055846    4.406135    4.476537    7.616175    7.706771    11.633210    11.743968    16.456488    16.587397    22.085726    22.236782    28.520802    28.692008    35.761656    35.960740    43.815301    
-0.435335    -0.706649    -0.248731    0.418954    0.473288    2.000784    2.060882    4.399122    4.483605    7.607144    7.715858    11.622162    11.755072    16.443424    16.600515    22.070648    22.251916    28.503709    28.709156    35.742549    35.979900    43.794181    
-0.433091    -0.706655    -0.248675    0.417104    0.475218    1.995809    2.065924    4.392115    4.490678    7.598117    7.724951    11.611119    11.766180    16.430366    16.613639    22.055575    22.267054    28.486622    28.726308    35.723447    35.999066    43.773067    
-0.430847    -0.706663    -0.248611    0.415111    0.477303    1.990839    2.070970    4.385112    4.497757    7.589095    7.734048    11.600081    11.777294    16.417313    16.626768    22.040508    22.282197    28.469540    28.743466    35.704351    36.018236    43.751957    
-0.428603    -0.706671    -0.248538    0.413004    0.479515    1.985874    2.076022    4.378115    4.504840    7.580078    7.743150    11.589049    11.788412    16.404265    16.639901    22.025445    22.297346    28.452462    28.760629    35.685259    36.037411    43.730853    
-0.426359    -0.706681    -0.248457    0.410804    0.481832    1.980915    2.081079    4.371123    4.511928    7.571067    7.752258    11.578021    11.799536    16.391222    16.653040    22.010387    22.312499    28.435390    28.777797    35.666172    36.056592    43.709753    
-0.424115    -0.706692    -0.248367    0.408530    0.484237    1.975960    2.086141    4.364136    4.519022    7.562060    7.761370    11.566998    11.810664    16.378184    16.666184    21.995334    22.327658    28.418323    28.794970    35.647091    36.075777    43.688659    
-0.421871    -0.706703    -0.248268    0.406194    0.486715    1.971011    2.091208    4.357154    4.526120    7.553059    7.770488    11.555980    11.821798    16.365151    16.679333    21.980287    22.342821    28.401261    28.812148    35.628014    36.094968    43.667570    
-0.419627    -0.706716    -0.248162    0.403809    0.489254    1.966067    2.096280    4.350177    4.533223    7.544062    7.779610    11.544967    11.832937    16.352123    16.692487    21.965244    22.357990    28.384204    28.829331    35.608943    36.114163    43.646485    
-0.417383    -0.706730    -0.248046    0.401383    0.491846    1.961128    2.101357    4.343205    4.540332    7.535071    7.788738    11.533960    11.844081    16.339100    16.705645    21.950206    22.373163    28.367151    28.846519    35.589876    36.133364    43.625406    
-0.415139    -0.706744    -0.247922    0.398925    0.494484    1.956194    2.106440    4.336238    4.547446    7.526084    7.797871    11.522957    11.855229    16.326082    16.718809    21.935174    22.388342    28.350104    28.863712    35.570815    36.152569    43.604332    
-0.412895    -0.706760    -0.247790    0.396440    0.497160    1.951266    2.111527    4.329276    4.554564    7.517103    7.807008    11.511959    11.866383    16.313070    16.731978    21.920146    22.403526    28.333062    28.880911    35.551758    36.171780    43.583263    
-0.410651    -0.706776    -0.247649    0.393933    0.499872    1.946342    2.116620    4.322319    4.561688    7.508126    7.816151    11.500967    11.877542    16.300062    16.745152    21.905124    22.418714    28.316025    28.898114    35.532707    36.190996    43.562199    
-0.408407    -0.706794    -0.247499    0.391407    0.502613    1.941423    2.121718    4.315367    4.568817    7.499155    7.825299    11.489979    11.888706    16.287059    16.758331    21.890106    22.433908    28.298993    28.915322    35.513660    36.210216    43.541140    
-0.406163    -0.706812    -0.247342    0.388867    0.505382    1.936510    2.126821    4.308421    4.575950    7.490189    7.834452    11.478996    11.899875    16.274061    16.771516    21.875094    22.449107    28.281966    28.932535    35.494619    36.229442    43.520086    
-0.403919    -0.706832    -0.247175    0.386315    0.508175    1.931602    2.131929    4.301479    4.583089    7.481228    7.843610    11.468019    11.911049    16.261069    16.784705    21.860086    22.464311    28.264944    28.949754    35.475583    36.248673    43.499037    
-0.401675    -0.706852    -0.247001    0.383753    0.510990    1.926699    2.137042    4.294542    4.590233    7.472271    7.852773    11.457046    11.922228    16.248081    16.797899    21.845084    22.479520    28.247928    28.966977    35.456552    36.267909    43.477993    
-0.399431    -0.706874    -0.246817    0.381184    0.513825    1.921801    2.142160    4.287611    4.597382    7.463320    7.861941    11.446079    11.933412    16.235098    16.811098    21.830087    22.494734    28.230916    28.984205    35.437525    36.287150    43.456954    
-0.397187    -0.706896    -0.246626    0.378609    0.516679    1.916908    2.147284    4.280684    4.604536    7.454374    7.871114    11.435117    11.944601    16.222121    16.824302    21.815094    22.509952    28.213909    29.001439    35.418504    36.306395    43.435920    
-0.394943    -0.706919    -0.246426    0.376029    0.519550    1.912020    2.152412    4.273763    4.611695    7.445433    7.880292    11.424159    11.955796    16.209148    16.837512    21.800107    22.525176    28.196907    29.018677    35.399488    36.325646    43.414891    
-0.392699    -0.706944    -0.246218    0.373446    0.522436    1.907138    2.157546    4.266847    4.618859    7.436497    7.889475    11.413207    11.966995    16.196181    16.850726    21.785125    22.540405    28.179911    29.035921    35.380477    36.344902    43.393867    
-0.390455    -0.706969    -0.246001    0.370861    0.525337    1.902261    2.162685    4.259935    4.626028    7.427566    7.898663    11.402260    11.978199    16.183218    16.863945    21.770148    22.555639    28.162919    29.053169    35.361471    36.364163    43.372848    
-0.388211    -0.706995    -0.245776    0.368275    0.528251    1.897388    2.167828    4.253029    4.633203    7.418640    7.907856    11.391318    11.989408    16.170261    16.877170    21.755176    22.570879    28.145932    29.070423    35.342470    36.383429    43.351835    
-0.385967    -0.707022    -0.245543    0.365688    0.531179    1.892521    2.172977    4.246128    4.640382    7.409719    7.917054    11.380380    12.000623    16.157309    16.890399    21.740209    22.586123    28.128951    29.087681    35.323474    36.402700    43.330826    
-0.383723    -0.707050    -0.245301    0.363101    0.534119    1.887659    2.178131    4.239232    4.647566    7.400804    7.926258    11.369448    12.011842    16.144361    16.903634    21.725246    22.601372    28.111974    29.104945    35.304483    36.421977    43.309822    
-0.381479    -0.707079    -0.245051    0.360515    0.537071    1.882802    2.183291    4.232341    4.654756    7.391893    7.935466    11.358521    12.023066    16.131419    16.916873    21.710289    22.616626    28.095002    29.122214    35.285497    36.441258    43.288824    
-0.379235    -0.707108    -0.244793    0.357930    0.540034    1.877951    2.188455    4.225455    4.661950    7.382987    7.944679    11.347599    12.034296    16.118482    16.930118    21.695337    22.631885    28.078036    29.139487    35.266516    36.460544    43.267830    
-0.376991    -0.707139    -0.244526    0.355348    0.543007    1.873104    2.193624    4.218574    4.669150    7.374086    7.953898    11.336682    12.045530    16.105549    16.943367    21.680390    22.647149    28.061074    29.156766    35.247540    36.479835    43.246841    
-0.374747    -0.707170    -0.244252    0.352767    0.545991    1.868262    2.198799    4.211698    4.676354    7.365191    7.963121    11.325770    12.056770    16.092622    16.956622    21.665449    22.662419    28.044118    29.174050    35.228569    36.499131    43.225858    
-0.372503    -0.707203    -0.243969    0.350189    0.548984    1.863426    2.203978    4.204827    4.683564    7.356300    7.972350    11.314863    12.068014    16.079700    16.969881    21.650512    22.677693    28.027167    29.191339    35.209603    36.518433    43.204879    
-0.370259    -0.707236    -0.243678    0.347615    0.551988    1.858595    2.209163    4.197961    4.690779    7.347415    7.981583    11.303961    12.079264    16.066783    16.983146    21.635580    22.692972    28.010220    29.208632    35.190643    36.537739    43.183906    
-0.368015    -0.707270    -0.243379    0.345043    0.555000    1.853769    2.214353    4.191100    4.697998    7.338534    7.990822    11.293064    12.090519    16.053871    16.996416    21.620653    22.708257    27.993279    29.225931    35.171687    36.557050    43.162938    
-0.365771    -0.707305    -0.243071    0.342476    0.558021    1.848948    2.219548    4.184245    4.705223    7.329659    8.000065    11.282172    12.101778    16.040964    17.009691    21.605731    22.723546    27.976343    29.243235    35.152736    36.576367    43.141974    
-0.363527    -0.707340    -0.242756    0.339912    0.561051    1.844132    2.224748    4.177394    4.712453    7.320788    8.009314    11.271286    12.113043    16.028062    17.022970    21.590814    22.738841    27.959411    29.260544    35.133791    36.595688    43.121016    
-0.361283    -0.707377    -0.242433    0.337353    0.564090    1.839322    2.229953    4.170549    4.719688    7.311923    8.018568    11.260404    12.124313    16.015165    17.036255    21.575903    22.754140    27.942485    29.277858    35.114850    36.615015    43.100063    
-0.359039    -0.707414    -0.242101    0.334797    0.567136    1.834516    2.235164    4.163708    4.726928    7.303062    8.027826    11.249527    12.135587    16.002273    17.049545    21.560996    22.769445    27.925564    29.295177    35.095914    36.634346    43.079114    
-0.356795    -0.707452    -0.241762    0.332247    0.570191    1.829716    2.240379    4.156873    4.734173    7.294207    8.037090    11.238655    12.146867    15.989386    17.062840    21.546094    22.784754    27.908648    29.312501    35.076984    36.653683    43.058171    
-0.354551    -0.707491    -0.241414    0.329701    0.573254    1.824921    2.245600    4.150042    4.741423    7.285357    8.046359    11.227789    12.158152    15.976504    17.076140    21.531198    22.800069    27.891737    29.329830    35.058058    36.673024    43.037233    
-0.352307    -0.707531    -0.241059    0.327160    0.576325    1.820131    2.250825    4.143217    4.748678    7.276512    8.055633    11.216927    12.169442    15.963627    17.089445    21.516306    22.815389    27.874831    29.347164    35.039138    36.692371    43.016300    
-0.350063    -0.707571    -0.240695    0.324624    0.579403    1.815346    2.256056    4.136397    4.755938    7.267672    8.064912    11.206071    12.180737    15.950756    17.102755    21.501420    22.830713    27.857930    29.364504    35.020223    36.711723    42.995372    
-0.347819    -0.707613    -0.240324    0.322093    0.582489    1.810566    2.261292    4.129582    4.763203    7.258836    8.074196    11.195219    12.192037    15.937889    17.116070    21.486538    22.846043    27.841034    29.381848    35.001312    36.731079    42.974448    
-0.345575    -0.707655    -0.239945    0.319568    0.585582    1.805791    2.266533    4.122771    4.770474    7.250006    8.083485    11.184373    12.203342    15.925027    17.129390    21.471662    22.861378    27.824143    29.399197    34.982407    36.750441    42.953530    
-0.343331    -0.707697    -0.239558    0.317048    0.588682    1.801022    2.271779    4.115966    4.777749    7.241181    8.092779    11.173531    12.214652    15.912170    17.142715    21.456790    22.876718    27.807257    29.416551    34.963506    36.769808    42.932617    
-0.341087    -0.707741    -0.239163    0.314534    0.591790    1.796258    2.277030    4.109166    4.785029    7.232361    8.102078    11.162695    12.225967    15.899319    17.156045    21.441924    22.892063    27.790376    29.433911    34.944611    36.789180    42.911709    
-0.338843    -0.707785    -0.238761    0.312025    0.594905    1.791498    2.282286    4.102371    4.792315    7.223546    8.111382    11.151863    12.237287    15.886472    17.169381    21.427063    22.907412    27.773500    29.451275    34.925721    36.808556    42.890806    
-0.336599    -0.707830    -0.238350    0.309523    0.598026    1.786744    2.287548    4.095582    4.799605    7.214736    8.120691    11.141037    12.248612    15.873631    17.182721    21.412206    22.922767    27.756629    29.468644    34.906836    36.827938    42.869909    
-0.334355    -0.707875    -0.237932    0.307026    0.601155    1.781996    2.292814    4.088797    4.806901    7.205932    8.130005    11.130216    12.259943    15.860794    17.196066    21.397355    22.938127    27.739763    29.486019    34.887956    36.847325    42.849016    
-0.332111    -0.707921    -0.237507    0.304536    0.604290    1.777252    2.298086    4.082017    4.814201    7.197132    8.139325    11.119400    12.271278    15.847963    17.209416    21.382509    22.953492    27.722903    29.503398    34.869080    36.866717    42.828128    
-0.329867    -0.707968    -0.237073    0.302051    0.607433    1.772513    2.303363    4.075242    4.821507    7.188337    8.148649    11.108588    12.282618    15.835136    17.222772    21.367668    22.968862    27.706047    29.520783    34.850210    36.886114    42.807245    
-0.327623    -0.708015    -0.236633    0.299573    0.610582    1.767780    2.308644    4.068473    4.828818    7.179547    8.157978    11.097782    12.293964    15.822315    17.236132    21.352832    22.984237    27.689196    29.538172    34.831345    36.905516    42.786367    
-0.325379    -0.708063    -0.236184    0.297101    0.613737    1.763052    2.313931    4.061708    4.836133    7.170763    8.167313    11.086981    12.305314    15.809498    17.249498    21.338000    22.999617    27.672351    29.555567    34.812485    36.924923    42.765495    
-0.323135    -0.708112    -0.235728    0.294635    0.616900    1.758328    2.319223    4.054948    4.843454    7.161983    8.176652    11.076185    12.316669    15.796687    17.262868    21.323174    23.015003    27.655510    29.572967    34.793630    36.944335    42.744627    
-0.320891    -0.708162    -0.235265    0.292176    0.620069    1.753610    2.324520    4.048194    4.850780    7.153208    8.185996    11.065394    12.328030    15.783881    17.276243    21.308353    23.030393    27.638674    29.590371    34.774780    36.963752    42.723764    
-0.318647    -0.708211    -0.234794    0.289724    0.623244    1.748898    2.329823    4.041445    4.858111    7.144439    8.195346    11.054608    12.339395    15.771079    17.289624    21.293537    23.045788    27.621844    29.607781    34.755935    36.983175    42.702907    
-0.316403    -0.708262    -0.234316    0.287278    0.626426    1.744190    2.335130    4.034700    4.865447    7.135674    8.204700    11.043827    12.350766    15.758283    17.303010    21.278726    23.061188    27.605018    29.625196    34.737095    37.002602    42.682054    
-0.314159    -0.708313    -0.233831    0.284839    0.629614    1.739487    2.340442    4.027961    4.872788    7.126915    8.214060    11.033051    12.362141    15.745492    17.316400    21.263920    23.076593    27.588198    29.642615    34.718261    37.022034    42.661206    
-0.311915    -0.708365    -0.233338    0.282406    0.632809    1.734790    2.345760    4.021227    4.880134    7.118160    8.223425    11.022280    12.373522    15.732706    17.329796    21.249119    23.092004    27.571383    29.660040    34.699431    37.041471    42.640364    
-0.309671    -0.708417    -0.232838    0.279981    0.636010    1.730098    2.351083    4.014498    4.887485    7.109411    8.232794    11.011514    12.384907    15.719925    17.343197    21.234324    23.107419    27.554572    29.677470    34.680606    37.060914    42.619526    
-0.307427    -0.708469    -0.232331    0.277562    0.639217    1.725411    2.356410    4.007773    4.894841    7.100667    8.242169    11.000753    12.396298    15.707149    17.356602    21.219533    23.122840    27.537767    29.694905    34.661786    37.080361    42.598694    
-0.305183    -0.708523    -0.231817    0.275151    0.642430    1.720729    2.361743    4.001054    4.902203    7.091927    8.251549    10.989998    12.407694    15.694378    17.370013    21.204747    23.138265    27.520967    29.712345    34.642972    37.099813    42.577867    
-0.302939    -0.708576    -0.231295    0.272746    0.645650    1.716052    2.367081    3.994340    4.909569    7.083193    8.260934    10.979247    12.419095    15.681612    17.383429    21.189966    23.153695    27.504171    29.729790    34.624162    37.119271    42.557044    
-0.300695    -0.708630    -0.230767    0.270349    0.648876    1.711380    2.372424    3.987632    4.916940    7.074464    8.270323    10.968501    12.430500    15.668851    17.396850    21.175191    23.169131    27.487381    29.747240    34.605357    37.138733    42.536227    
-0.298451    -0.708685    -0.230232    0.267958    0.652108    1.706714    2.377772    3.980928    4.924317    7.065740    8.279718    10.957761    12.441911    15.656095    17.410276    21.160420    23.184571    27.470596    29.764695    34.586558    37.158201    42.515415    
-0.296207    -0.708740    -0.229689    0.265575    0.655346    1.702053    2.383126    3.974229    4.931698    7.057021    8.289118    10.947025    12.453327    15.643344    17.423706    21.145654    23.200017    27.453816    29.782155    34.567763    37.177673    42.494607    
-0.293963    -0.708796    -0.229140    0.263200    0.658591    1.697396    2.388484    3.967535    4.939084    7.048307    8.298523    10.936294    12.464748    15.630598    17.437142    21.130894    23.215468    27.437040    29.799620    34.548974    37.197151    42.473805    
-0.291719    -0.708852    -0.228584    0.260831    0.661841    1.692745    2.393848    3.960846    4.946476    7.039597    8.307933    10.925569    12.476174    15.617857    17.450583    21.116138    23.230923    27.420270    29.817090    34.530189    37.216634    42.453008    
-0.289475    -0.708908    -0.228021    0.258471    0.665098    1.688100    2.399216    3.954163    4.953873    7.030893    8.317348    10.914848    12.487605    15.605121    17.464029    21.101387    23.246384    27.403505    29.834565    34.511410    37.236121    42.432216    
-0.287231    -0.708965    -0.227452    0.256117    0.668360    1.683459    2.404590    3.947484    4.961274    7.022195    8.326768    10.904133    12.499041    15.592391    17.477480    21.086642    23.261850    27.386745    29.852045    34.492635    37.255614    42.411429    
-0.284987    -0.709022    -0.226875    0.253772    0.671629    1.678823    2.409969    3.940811    4.968681    7.013501    8.336193    10.893422    12.510482    15.579665    17.490937    21.071902    23.277320    27.369990    29.869530    34.473866    37.275112    42.390647    
-0.282743    -0.709079    -0.226293    0.251433    0.674904    1.674193    2.415352    3.934142    4.976093    7.004812    8.345624    10.882717    12.521928    15.566944    17.504398    21.057166    23.292796    27.353240    29.887021    34.455101    37.294614    42.369870    
-0.280499    -0.709137    -0.225703    0.249103    0.678184    1.669568    2.420741    3.927479    4.983510    6.996128    8.355059    10.872017    12.533379    15.554229    17.517864    21.042436    23.308277    27.336495    29.904516    34.436342    37.314122    42.349098    
-0.278255    -0.709195    -0.225107    0.246780    0.681471    1.664948    2.426136    3.920821    4.990931    6.987449    8.364499    10.861321    12.544835    15.541518    17.531335    21.027710    23.323763    27.319756    29.922016    34.417588    37.333635    42.328331    
-0.276011    -0.709254    -0.224505    0.244466    0.684763    1.660333    2.431535    3.914167    4.998358    6.978776    8.373944    10.850631    12.556297    15.528813    17.544811    21.012990    23.339254    27.303021    29.939522    34.398839    37.353153    42.307569    
-0.273767    -0.709313    -0.223896    0.242159    0.688061    1.655723    2.436939    3.907519    5.005790    6.970107    8.383395    10.839946    12.567763    15.516112    17.558293    20.998275    23.354750    27.286291    29.957032    34.380094    37.372676    42.286812    
-0.271523    -0.709372    -0.223282    0.239860    0.691366    1.651119    2.442348    3.900876    5.013227    6.961443    8.392850    10.829266    12.579234    15.503417    17.571779    20.983565    23.370251    27.269566    29.974547    34.361355    37.392204    42.266060    
-0.269279    -0.709431    -0.222660    0.237569    0.694676    1.646519    2.447763    3.894238    5.020669    6.952785    8.402310    10.818590    12.590710    15.490726    17.585270    20.968859    23.385757    27.252846    29.992068    34.342621    37.411737    42.245313    
-0.267035    -0.709491    -0.222033    0.235286    0.697992    1.641925    2.453182    3.887605    5.028116    6.944131    8.411776    10.807920    12.602192    15.478041    17.598767    20.954159    23.401268    27.236132    30.009593    34.323892    37.431275    42.224571    
-0.264791    -0.709551    -0.221400    0.233012    0.701314    1.637336    2.458607    3.880977    5.035569    6.935483    8.421246    10.797255    12.613678    15.465360    17.612268    20.939464    23.416784    27.219422    30.027124    34.305168    37.450818    42.203835    
-0.262547    -0.709611    -0.220760    0.230745    0.704642    1.632752    2.464037    3.874354    5.043026    6.926839    8.430722    10.786595    12.625170    15.452685    17.625774    20.924774    23.432305    27.202717    30.044659    34.286449    37.470366    42.183103    
-0.260303    -0.709671    -0.220115    0.228487    0.707975    1.628174    2.469472    3.867736    5.050488    6.918201    8.440203    10.775940    12.636666    15.440015    17.639286    20.910089    23.447831    27.186018    30.062200    34.267735    37.489919    42.162376    
-0.258059    -0.709732    -0.219464    0.226238    0.711315    1.623600    2.474912    3.861124    5.057956    6.909567    8.449688    10.765290    12.648168    15.427350    17.652802    20.895409    23.463362    27.169323    30.079746    34.249026    37.509477    42.141655    
-0.255815    -0.709792    -0.218807    0.223997    0.714660    1.619032    2.480357    3.854516    5.065428    6.900939    8.459179    10.754645    12.659674    15.414689    17.666324    20.880734    23.478898    27.152634    30.097296    34.230322    37.529040    42.120938    
-0.253571    -0.709853    -0.218144    0.221764    0.718011    1.614469    2.485807    3.847913    5.072905    6.892316    8.468675    10.744005    12.671186    15.402034    17.679851    20.866064    23.494440    27.135949    30.114852    34.211623    37.548609    42.100227    
-0.251327    -0.709914    -0.217476    0.219540    0.721367    1.609910    2.491262    3.841316    5.080388    6.883698    8.478175    10.733371    12.682702    15.389384    17.693382    20.851399    23.509986    27.119270    30.132413    34.192929    37.568182    42.079520    
-0.249083    -0.709976    -0.216802    0.217325    0.724730    1.605358    2.496722    3.834723    5.087875    6.875084    8.487681    10.722741    12.694224    15.376739    17.706919    20.836739    23.525537    27.102595    30.149979    34.174240    37.587760    42.058819    
-0.246839    -0.710037    -0.216123    0.215118    0.728098    1.600810    2.502188    3.828136    5.095368    6.866476    8.497192    10.712116    12.705751    15.364099    17.720461    20.822084    23.541094    27.085926    30.167550    34.155557    37.607344    42.038122    
-0.244595    -0.710098    -0.215438    0.212920    0.731472    1.596267    2.507658    3.821554    5.102866    6.857873    8.506708    10.701496    12.717282    15.351464    17.734007    20.807434    23.556655    27.069262    30.185125    34.136878    37.626932    42.017431    
-0.242351    -0.710160    -0.214748    0.210732    0.734852    1.591730    2.513134    3.814976    5.110368    6.849275    8.516229    10.690882    12.728819    15.338834    17.747559    20.792790    23.572221    27.052602    30.202706    34.118204    37.646525    41.996744    
-0.240107    -0.710221    -0.214053    0.208552    0.738238    1.587198    2.518615    3.808404    5.117876    6.840682    8.525755    10.680272    12.740361    15.326209    17.761116    20.778150    23.587793    27.035948    30.220292    34.099536    37.666124    41.976063    
-0.237863    -0.710283    -0.213352    0.206381    0.741629    1.582671    2.524101    3.801837    5.125389    6.832094    8.535286    10.669667    12.751908    15.313589    17.774678    20.763515    23.603369    27.019299    30.237883    34.080872    37.685727    41.955387    
-0.235619    -0.710345    -0.212647    0.204220    0.745026    1.578149    2.529592    3.795275    5.132907    6.823511    8.544822    10.659068    12.763460    15.300974    17.788245    20.748886    23.618951    27.002655    30.255479    34.062213    37.705336    41.934715    
-0.233375    -0.710406    -0.211937    0.202068    0.748428    1.573632    2.535088    3.788718    5.140430    6.814933    8.554363    10.648473    12.775017    15.288364    17.801817    20.734261    23.634538    26.986016    30.273080    34.043560    37.724949    41.914049    
-0.231131    -0.710468    -0.211222    0.199925    0.751837    1.569121    2.540589    3.782166    5.147957    6.806361    8.563909    10.637884    12.786579    15.275759    17.815394    20.719641    23.650129    26.969381    30.290686    34.024911    37.744568    41.893388    
-0.228887    -0.710530    -0.210502    0.197791    0.755250    1.564615    2.546095    3.775619    5.155490    6.797793    8.573460    10.627299    12.798146    15.263160    17.828976    20.705027    23.665726    26.952752    30.308297    34.006268    37.764192    41.872732    
-0.226643    -0.710591    -0.209777    0.195667    0.758670    1.560114    2.551606    3.769077    5.163029    6.789230    8.583016    10.616720    12.809718    15.250565    17.842563    20.690417    23.681328    26.936128    30.325914    33.987629    37.783820    41.852081    
-0.224399    -0.710653    -0.209048    0.193553    0.762095    1.555618    2.557123    3.762540    5.170572    6.780672    8.592578    10.606146    12.821295    15.237975    17.856155    20.675813    23.696934    26.919509    30.343535    33.968996    37.803454    41.831435    
-0.222155    -0.710715    -0.208315    0.191449    0.765526    1.551127    2.562644    3.756008    5.178120    6.772120    8.602144    10.595576    12.832877    15.225391    17.869752    20.661213    23.712546    26.902895    30.361161    33.950367    37.823093    41.810794    
-0.219911    -0.710776    -0.207577    0.189354    0.768963    1.546641    2.568171    3.749482    5.185673    6.763572    8.611715    10.585012    12.844464    15.212811    17.883354    20.646619    23.728163    26.886286    30.378792    33.931744    37.842737    41.790158    
-0.217667    -0.710838    -0.206835    0.187269    0.772405    1.542161    2.573702    3.742960    5.193231    6.755030    8.621292    10.574453    12.856056    15.200236    17.896961    20.632030    23.743785    26.869682    30.396429    33.913126    37.862385    41.769527    
-0.215423    -0.710899    -0.206089    0.185195    0.775853    1.537686    2.579239    3.736444    5.200795    6.746492    8.630873    10.563899    12.867654    15.187667    17.910574    20.617445    23.759412    26.853084    30.414070    33.894513    37.882039    41.748901    
-0.213180    -0.710960    -0.205338    0.183130    0.779306    1.533216    2.584781    3.729932    5.208363    6.737960    8.640459    10.553349    12.879256    15.175102    17.924191    20.602866    23.775044    26.836490    30.431716    33.875904    37.901698    41.728280    
-0.210936    -0.711022    -0.204584    0.181076    0.782765    1.528751    2.590328    3.723426    5.215936    6.729432    8.650051    10.542805    12.890863    15.162543    17.937813    20.588292    23.790680    26.819901    30.449368    33.857301    37.921362    41.707664    
-0.208692    -0.711083    -0.203827    0.179032    0.786230    1.524291    2.595880    3.716924    5.223515    6.720910    8.659647    10.532266    12.902476    15.149988    17.951441    20.573723    23.806322    26.803317    30.467024    33.838703    37.941031    41.687053    
-0.206448    -0.711143    -0.203065    0.176999    0.789700    1.519837    2.601437    3.710428    5.231098    6.712392    8.669249    10.521732    12.914093    15.137439    17.965073    20.559158    23.821969    26.786738    30.484686    33.820110    37.960705    41.666447    
-0.204204    -0.711204    -0.202300    0.174976    0.793176    1.515387    2.606999    3.703937    5.238687    6.703880    8.678856    10.511203    12.925715    15.124895    17.978710    20.544599    23.837622    26.770165    30.502352    33.801522    37.980384    41.645847    
-0.201960    -0.711265    -0.201532    0.172964    0.796658    1.510943    2.612567    3.697451    5.246280    6.695373    8.688467    10.500679    12.937343    15.112355    17.992353    20.530045    23.853279    26.753596    30.520024    33.782939    38.000068    41.625251    
-0.199716    -0.711325    -0.200761    0.170963    0.800145    1.506504    2.618139    3.690970    5.253879    6.686871    8.698084    10.490160    12.948975    15.099821    18.006000    20.515496    23.868941    26.737033    30.537700    33.764361    38.019757    41.604660    
-0.197472    -0.711385    -0.199986    0.168972    0.803637    1.502070    2.623717    3.684494    5.261483    6.678374    8.707706    10.479646    12.960613    15.087292    18.019653    20.500952    23.884608    26.720474    30.555382    33.745788    38.039452    41.584075    
-0.195228    -0.711445    -0.199209    0.166993    0.807135    1.497642    2.629299    3.678023    5.269092    6.669881    8.717333    10.469138    12.972255    15.074768    18.033310    20.486413    23.900280    26.703920    30.573069    33.727220    38.059151    41.563494    
-0.192984    -0.711505    -0.198428    0.165025    0.810639    1.493219    2.634887    3.671557    5.276705    6.661394    8.726964    10.458634    12.983903    15.062249    18.046973    20.471879    23.915957    26.687372    30.590760    33.708657    38.078855    41.542918    
-0.190740    -0.711564    -0.197645    0.163069    0.814148    1.488800    2.640480    3.665096    5.284324    6.652912    8.736601    10.448135    12.995556    15.049734    18.060641    20.457350    23.931640    26.670828    30.608457    33.690099    38.098564    41.522348    
-0.188496    -0.711623    -0.196859    0.161124    0.817663    1.484387    2.646077    3.658640    5.291948    6.644435    8.746243    10.437641    13.007213    15.037225    18.074313    20.442826    23.947327    26.654290    30.626159    33.671546    38.118279    41.501782    
-0.186252    -0.711682    -0.196071    0.159190    0.821184    1.479980    2.651680    3.652189    5.299577    6.635963    8.755890    10.427153    13.018876    15.024721    18.087991    20.428307    23.963019    26.637757    30.643866    33.652998    38.137998    41.481222    
-0.184008    -0.711741    -0.195281    0.157269    0.824709    1.475577    2.657288    3.645744    5.307211    6.627497    8.765542    10.416669    13.030544    15.012222    18.101674    20.413793    23.978717    26.621228    30.661577    33.634455    38.157722    41.460666    
-0.181764    -0.711799    -0.194489    0.155359    0.828241    1.471180    2.662902    3.639303    5.314850    6.619035    8.775199    10.406190    13.042217    14.999728    18.115362    20.399285    23.994419    26.604705    30.679294    33.615918    38.177452    41.440116    
-0.179520    -0.711857    -0.193695    0.153461    0.831778    1.466787    2.668520    3.632868    5.322494    6.610578    8.784861    10.395717    13.053895    14.987239    18.129055    20.384781    24.010127    26.588187    30.697016    33.597385    38.197186    41.419571    
-0.177276    -0.711914    -0.192899    0.151576    0.835320    1.462400    2.674143    3.626437    5.330144    6.602126    8.794528    10.385248    13.065578    14.974755    18.142752    20.370282    24.025839    26.571673    30.714743    33.578857    38.216926    41.399030    
-0.175032    -0.711972    -0.192101    0.149703    0.838868    1.458019    2.679772    3.620012    5.337798    6.593679    8.804201    10.374785    13.077265    14.962277    18.156455    20.355789    24.041557    26.555165    30.732475    33.560335    38.236670    41.378495    
-0.172788    -0.712029    -0.191303    0.147843    0.842422    1.453642    2.685405    3.613592    5.345457    6.585238    8.813878    10.364326    13.088958    14.949803    18.170163    20.341300    24.057279    26.538662    30.750212    33.541817    38.256420    41.357965    
-0.170544    -0.712085    -0.190502    0.145995    0.845981    1.449270    2.691044    3.607176    5.353121    6.576801    8.823560    10.353873    13.100656    14.937334    18.183876    20.326816    24.073007    26.522164    30.767954    33.523305    38.276174    41.337440    
-0.168300    -0.712141    -0.189701    0.144161    0.849545    1.444904    2.696687    3.600766    5.360791    6.568370    8.833247    10.343424    13.112359    14.924870    18.197594    20.312338    24.088739    26.505671    30.785701    33.504797    38.295934    41.316919    
-0.166056    -0.712197    -0.188899    0.142339    0.853115    1.440543    2.702336    3.594361    5.368465    6.559943    8.842940    10.332981    13.124068    14.912411    18.211317    20.297864    24.104477    26.489183    30.803453    33.486295    38.315699    41.296404    
-0.163812    -0.712252    -0.188097    0.140531    0.856691    1.436187    2.707990    3.587961    5.376145    6.551522    8.852637    10.322543    13.135781    14.899958    18.225045    20.283396    24.120220    26.472700    30.821210    33.467797    38.335468    41.275894    
-0.161568    -0.712307    -0.187294    0.138736    0.860272    1.431837    2.713649    3.581566    5.383829    6.543105    8.862339    10.312110    13.147499    14.887509    18.238778    20.268932    24.135968    26.456222    30.838973    33.449305    38.355243    41.255389    
-0.159324    -0.712362    -0.186491    0.136955    0.863858    1.427491    2.719313    3.575176    5.391519    6.534694    8.872047    10.301681    13.159222    14.875066    18.252517    20.254474    24.151720    26.439749    30.856740    33.430817    38.375023    41.234889    
-0.157080    -0.712416    -0.185687    0.135188    0.867450    1.423151    2.724982    3.568791    5.399213    6.526288    8.881759    10.291258    13.170950    14.862627    18.266260    20.240021    24.167478    26.423281    30.874512    33.412335    38.394808    41.214394    
-0.154836    -0.712469    -0.184884    0.133435    0.871048    1.418816    2.730656    3.562412    5.406913    6.517886    8.891477    10.280840    13.182684    14.850193    18.280008    20.225572    24.183241    26.406818    30.892290    33.393858    38.414598    41.193904    
-0.152592    -0.712522    -0.184081    0.131696    0.874651    1.414486    2.736335    3.556037    5.414618    6.509490    8.901199    10.270427    13.194422    14.837765    18.293761    20.211129    24.199009    26.390360    30.910072    33.375385    38.434392    41.173419    
-0.150348    -0.712575    -0.183279    0.129972    0.878259    1.410162    2.742020    3.549667    5.422328    6.501099    8.910927    10.260019    13.206165    14.825342    18.307520    20.196691    24.214782    26.373907    30.927859    33.356918    38.454192    41.152939    
-0.148104    -0.712627    -0.182478    0.128263    0.881873    1.405842    2.747709    3.543303    5.430042    6.492713    8.920660    10.249616    13.217914    14.812923    18.321283    20.182257    24.230560    26.357459    30.945652    33.338456    38.473997    41.132465    
-0.145860    -0.712678    -0.181678    0.126568    0.885492    1.401528    2.753404    3.536943    5.437762    6.484332    8.930397    10.239218    13.229667    14.800510    18.335051    20.167829    24.246343    26.341017    30.963449    33.319999    38.493807    41.111995    
-0.143616    -0.712729    -0.180879    0.124889    0.889117    1.397219    2.759103    3.530589    5.445487    6.475955    8.940140    10.228825    13.241425    14.788101    18.348825    20.153406    24.262131    26.324579    30.981252    33.301547    38.513622    41.091530    
-0.141372    -0.712780    -0.180082    0.123225    0.892747    1.392915    2.764808    3.524239    5.453217    6.467584    8.949888    10.218437    13.253189    14.775698    18.362603    20.138988    24.277924    26.308146    30.999059    33.283100    38.533442    41.071070    
-0.139128    -0.712830    -0.179287    0.121577    0.896383    1.388617    2.770518    3.517895    5.460952    6.459218    8.959641    10.208054    13.264957    14.763300    18.376387    20.124575    24.293722    26.291719    31.016872    33.264658    38.553268    41.050616    
-0.136884    -0.712879    -0.178493    0.119944    0.900024    1.384324    2.776233    3.511556    5.468692    6.450858    8.969399    10.197676    13.276731    14.750907    18.390175    20.110167    24.309525    26.275296    31.034689    33.246221    38.573098    41.030166    
-0.134640    -0.712928    -0.177702    0.118328    0.903670    1.380036    2.781953    3.505222    5.476437    6.442502    8.979161    10.187304    13.288510    14.738518    18.403969    20.095764    24.325333    26.258878    31.052512    33.227789    38.592933    41.009721    
-0.132396    -0.712976    -0.176914    0.116728    0.907322    1.375753    2.787678    3.498893    5.484187    6.434151    8.988929    10.176936    13.300293    14.726135    18.417767    20.081366    24.341147    26.242466    31.070340    33.209362    38.612773    40.989282    
-0.130152    -0.713024    -0.176128    0.115145    0.910980    1.371475    2.793408    3.492569    5.491943    6.425805    8.998702    10.166573    13.312082    14.713757    18.431571    20.066973    24.356965    26.226058    31.088172    33.190940    38.632618    40.968847    
-0.127908    -0.713071    -0.175346    0.113579    0.914642    1.367202    2.799143    3.486250    5.499703    6.417464    9.008480    10.156215    13.323876    14.701384    18.445380    20.052585    24.372788    26.209656    31.106010    33.172523    38.652469    40.948418    
-0.125664    -0.713117    -0.174567    0.112030    0.918311    1.362935    2.804883    3.479936    5.507468    6.409129    9.018263    10.145863    13.335675    14.689016    18.459193    20.038202    24.388616    26.193258    31.123853    33.154111    38.672324    40.927993    
-0.123420    -0.713163    -0.173792    0.110499    0.921984    1.358673    2.810629    3.473627    5.515239    6.400798    9.028052    10.135515    13.347478    14.676653    18.473012    20.023824    24.404450    26.176866    31.141701    33.135704    38.692184    40.907574    
-0.121176    -0.713208    -0.173021    0.108986    0.925663    1.354416    2.816379    3.467323    5.523014    6.392472    9.037845    10.125173    13.359287    14.664295    18.486836    20.009451    24.420288    26.160479    31.159553    33.117302    38.712050    40.887159    
-0.118932    -0.713252    -0.172255    0.107490    0.929348    1.350165    2.822135    3.461025    5.530795    6.384152    9.047643    10.114835    13.371101    14.651942    18.500665    19.995084    24.436132    26.144096    31.177411    33.098906    38.731920    40.866750    
-0.116688    -0.713296    -0.171493    0.106013    0.933038    1.345918    2.827896    3.454731    5.538580    6.375836    9.057446    10.104503    13.382920    14.639594    18.514499    19.980721    24.451980    26.127719    31.195274    33.080514    38.751796    40.846346    
-0.114444    -0.713339    -0.170736    0.104555    0.936733    1.341677    2.833661    3.448442    5.546371    6.367526    9.067254    10.094175    13.394744    14.627251    18.528338    19.966363    24.467834    26.111347    31.213142    33.062127    38.771676    40.825946    
-0.112200    -0.713382    -0.169984    0.103116    0.940434    1.337441    2.839432    3.442159    5.554166    6.359220    9.077068    10.083853    13.406573    14.614914    18.542182    19.952011    24.483692    26.094980    31.231015    33.043746    38.791562    40.805552    
-0.109956    -0.713424    -0.169238    0.101697    0.944140    1.333211    2.845208    3.435881    5.561967    6.350920    9.086886    10.073536    13.418407    14.602581    18.556030    19.937663    24.499556    26.078618    31.248893    33.025369    38.811452    40.785163    
-0.107712    -0.713465    -0.168498    0.100297    0.947851    1.328985    2.850989    3.429607    5.569773    6.342625    9.096709    10.063223    13.430246    14.590253    18.569884    19.923320    24.515424    26.062260    31.266776    33.006998    38.831348    40.764779    
-0.105468    -0.713505    -0.167764    0.098917    0.951568    1.324765    2.856775    3.423339    5.577583    6.334334    9.106538    10.052916    13.442090    14.577930    18.583744    19.908983    24.531298    26.045908    31.284664    32.988631    38.851249    40.744400    
-0.103224    -0.713545    -0.167038    0.097557    0.955291    1.320550    2.862566    3.417076    5.585399    6.326049    9.116371    10.042614    13.453939    14.565613    18.597608    19.894650    24.547177    26.029561    31.302557    32.970270    38.871154    40.724026    
-0.100980    -0.713584    -0.166318    0.096219    0.959018    1.316340    2.868362    3.410818    5.593220    6.317769    9.126210    10.032317    13.465793    14.553300    18.611477    19.880323    24.563060    26.013219    31.320456    32.951913    38.891065    40.703656    
-0.098736    -0.713622    -0.165605    0.094901    0.962751    1.312136    2.874164    3.404565    5.601046    6.309494    9.136053    10.022024    13.477653    14.540992    18.625351    19.866001    24.578949    25.996882    31.338359    32.933562    38.910981    40.683292    
-0.096492    -0.713660    -0.164901    0.093605    0.966490    1.307937    2.879970    3.398317    5.608877    6.301224    9.145902    10.011737    13.489517    14.528690    18.639230    19.851683    24.594843    25.980550    31.356267    32.915215    38.930902    40.662933    
-0.094248    -0.713697    -0.164204    0.092331    0.970234    1.303743    2.885782    3.392074    5.616713    6.292959    9.155756    10.001455    13.501386    14.516392    18.653114    19.837371    24.610742    25.964223    31.374180    32.896874    38.950828    40.642579    
-0.092004    -0.713733    -0.163517    0.091079    0.973983    1.299554    2.891598    3.385836    5.624554    6.284699    9.165614    9.991178    13.513261    14.504100    18.667004    19.823063    24.626646    25.947901    31.392099    32.878538    38.970758    40.622231    
-0.089760    -0.713768    -0.162838    0.089850    0.977737    1.295370    2.897420    3.379603    5.632400    6.276444    9.175478    9.980906    13.525140    14.491813    18.680898    19.808761    24.642555    25.931585    31.410022    32.860207    38.990694    40.601887    
-0.087516    -0.713802    -0.162168    0.088644    0.981497    1.291192    2.903247    3.373375    5.640251    6.268194    9.185347    9.970639    13.537024    14.479530    18.694797    19.794464    24.658469    25.915273    31.427950    32.841880    39.010635    40.581548    
-0.085272    -0.713836    -0.161508    0.087461    0.985263    1.287019    2.909078    3.367153    5.648107    6.259949    9.195221    9.960377    13.548914    14.467253    18.708702    19.780172    24.674387    25.898966    31.445884    32.823559    39.030581    40.561214    
-0.083028    -0.713869    -0.160859    0.086302    0.989033    1.282851    2.914915    3.360935    5.655969    6.251709    9.205099    9.950121    13.560808    14.454980    18.722611    19.765885    24.690312    25.882664    31.463822    32.805243    39.050532    40.540885    
-0.080784    -0.713901    -0.160219    0.085167    0.992809    1.278689    2.920757    3.354723    5.663835    6.243474    9.214983    9.939869    13.572708    14.442713    18.736525    19.751602    24.706241    25.866368    31.481766    32.786932    39.070488    40.520561    
-0.078540    -0.713932    -0.159591    0.084057    0.996591    1.274531    2.926604    3.348515    5.671706    6.235245    9.224872    9.929622    13.584612    14.430451    18.750445    19.737325    24.722175    25.850076    31.499714    32.768626    39.090449    40.500243    
-0.076296    -0.713963    -0.158975    0.082972    1.000377    1.270379    2.932456    3.342313    5.679583    6.227020    9.234766    9.919380    13.596522    14.418194    18.764369    19.723053    24.738114    25.833789    31.517668    32.750325    39.110416    40.479929    
-0.074052    -0.713993    -0.158370    0.081912    1.004169    1.266232    2.938314    3.336116    5.687464    6.218800    9.244665    9.909144    13.608437    14.405942    18.778299    19.708786    24.754058    25.817508    31.535626    32.732029    39.130387    40.459620    
-0.071808    -0.714022    -0.157777    0.080878    1.007967    1.262091    2.944176    3.329923    5.695351    6.210586    9.254569    9.898912    13.620356    14.393694    18.792234    19.694524    24.770007    25.801231    31.553590    32.713738    39.150363    40.439317    
-0.069564    -0.714050    -0.157197    0.079870    1.011769    1.257955    2.950043    3.323736    5.703242    6.202376    9.264478    9.888685    13.632281    14.381452    18.806173    19.680267    24.785961    25.784960    31.571559    32.695452    39.170344    40.419018    
-0.067320    -0.714077    -0.156629    0.078889    1.015578    1.253824    2.955916    3.317554    5.711139    6.194172    9.274392    9.878464    13.644211    14.369215    18.820118    19.666015    24.801921    25.768693    31.589532    32.677171    39.190331    40.398725    
-0.065076    -0.714103    -0.156076    0.077935    1.019391    1.249698    2.961793    3.311377    5.719040    6.185972    9.284312    9.868247    13.656146    14.356983    18.834068    19.651769    24.817885    25.752432    31.607511    32.658895    39.210322    40.378436    
-0.062832    -0.714129    -0.155536    0.077009    1.023210    1.245577    2.967676    3.305205    5.726947    6.177778    9.294236    9.858036    13.668085    14.344756    18.848022    19.637527    24.833854    25.736175    31.625495    32.640624    39.230318    40.358153    
-0.060588    -0.714154    -0.155011    0.076111    1.027034    1.241462    2.973564    3.299038    5.734859    6.169589    9.304165    9.847829    13.680030    14.332534    18.861982    19.623290    24.849829    25.719924    31.643484    32.622358    39.250320    40.337874    
-0.058344    -0.714178    -0.154500    0.075240    1.030863    1.237352    2.979456    3.292877    5.742776    6.161404    9.314099    9.837628    13.691980    14.320317    18.875947    19.609058    24.865808    25.703678    31.661478    32.604098    39.270326    40.317601    
-0.056100    -0.714201    -0.154004    0.074399    1.034698    1.233248    2.985354    3.286720    5.750697    6.153225    9.324039    9.827431    13.703935    14.308105    18.889917    19.594831    24.881793    25.687436    31.679477    32.585842    39.290338    40.297333    
-0.053856    -0.714223    -0.153524    0.073587    1.038538    1.229148    2.991257    3.280568    5.758624    6.145051    9.333983    9.817240    13.715895    14.295899    18.903892    19.580610    24.897782    25.671200    31.697481    32.567591    39.310354    40.277069    
-0.051612    -0.714244    -0.153060    0.072804    1.042383    1.225054    2.997165    3.274422    5.766556    6.136882    9.343932    9.807054    13.727860    14.283697    18.917872    19.566393    24.913777    25.654969    31.715489    32.549346    39.330376    40.256811    
-0.049368    -0.714265    -0.152612    0.072051    1.046233    1.220966    3.003078    3.268280    5.774493    6.128718    9.353887    9.796872    13.739830    14.271500    18.931857    19.552181    24.929776    25.638743    31.733503    32.531105    39.350402    40.236558    
-0.047124    -0.714284    -0.152181    0.071329    1.050089    1.216882    3.008996    3.262144    5.782435    6.120558    9.363846    9.786696    13.751805    14.259308    18.945847    19.537975    24.945781    25.622522    31.751522    32.512869    39.370434    40.216310    
-0.044880    -0.714303    -0.151768    0.070637    1.053950    1.212804    3.014920    3.256012    5.790382    6.112404    9.373811    9.776525    13.763785    14.247122    18.959842    19.523773    24.961790    25.606305    31.769547    32.494639    39.390470    40.196067    
-0.042636    -0.714321    -0.151371    0.069976    1.057817    1.208732    3.020848    3.249886    5.798334    6.104255    9.383780    9.766359    13.775771    14.234940    18.973842    19.509577    24.977805    25.590094    31.787576    32.476413    39.410512    40.175828    
-0.040392    -0.714337    -0.150993    0.069347    1.061688    1.204664    3.026781    3.243765    5.806292    6.096112    9.393755    9.756198    13.787761    14.222763    18.987847    19.495385    24.993825    25.573888    31.805610    32.458193    39.430559    40.155595    
-0.038148    -0.714353    -0.150632    0.068749    1.065565    1.200602    3.032720    3.237649    5.814254    6.087973    9.403735    9.746042    13.799756    14.210592    19.001857    19.481199    25.009849    25.557687    31.823649    32.439977    39.450611    40.135367    
-0.035904    -0.714368    -0.150291    0.068184    1.069447    1.196546    3.038663    3.231538    5.822221    6.079839    9.413719    9.735891    13.811756    14.198425    19.015872    19.467018    25.025879    25.541491    31.841693    32.421767    39.470667    40.115144    
-0.033660    -0.714383    -0.149968    0.067651    1.073334    1.192495    3.044612    3.225432    5.830193    6.071710    9.423709    9.725745    13.823762    14.186264    19.029892    19.452841    25.041914    25.525300    31.859742    32.403562    39.490729    40.094926    
-0.031416    -0.714396    -0.149664    0.067151    1.077226    1.188449    3.050566    3.219331    5.838171    6.063586    9.433704    9.715604    13.835772    14.174107    19.043918    19.438670    25.057954    25.509114    31.877797    32.385361    39.510796    40.074713    
-0.029172    -0.714408    -0.149380    0.066684    1.081123    1.184409    3.056525    3.213235    5.846153    6.055468    9.443704    9.705468    13.847787    14.161956    19.057948    19.424504    25.073999    25.492934    31.895856    32.367166    39.530868    40.054506    
-0.026928    -0.714420    -0.149116    0.066251    1.085026    1.180374    3.062489    3.207144    5.854141    6.047354    9.453708    9.695337    13.859808    14.149810    19.071983    19.410342    25.090049    25.476758    31.913920    32.348976    39.550945    40.034303    
-0.024684    -0.714430    -0.148872    0.065851    1.088933    1.176345    3.068457    3.201059    5.862133    6.039245    9.463718    9.685211    13.871833    14.137668    19.086024    19.396186    25.106104    25.460587    31.931990    32.330791    39.571027    40.014105    
-0.022440    -0.714440    -0.148648    0.065485    1.092845    1.172322    3.074431    3.194978    5.870131    6.031142    9.473733    9.675090    13.883864    14.125532    19.100069    19.382035    25.122164    25.444421    31.950064    32.312610    39.591114    39.993912    
-0.020196    -0.714449    -0.148445    0.065153    1.096762    1.168304    3.080411    3.188902    5.878133    6.023043    9.483753    9.664975    13.895899    14.113401    19.114120    19.367889    25.138229    25.428260    31.968144    32.294435    39.611206    39.973724    
-0.017952    -0.714457    -0.148263    0.064855    1.100683    1.164293    3.086395    3.182832    5.886141    6.014950    9.493778    9.654864    13.907940    14.101274    19.128175    19.353748    25.154299    25.412105    31.986228    32.276265    39.631303    39.953542    
-0.015708    -0.714464    -0.148101    0.064592    1.104608    1.160289    3.092384    3.176767    5.894154    6.006861    9.503808    9.644758    13.919986    14.089153    19.142236    19.339612    25.170374    25.395954    32.004318    32.258100    39.651405    39.933364    
-0.013464    -0.714470    -0.147961    0.064364    1.108537    1.156291    3.098378    3.170706    5.902171    5.998778    9.513843    9.634658    13.932036    14.077037    19.156301    19.325481    25.186454    25.379809    32.022412    32.239940    39.671512    39.913191    
-0.011220    -0.714475    -0.147842    0.064171    1.112468    1.152302    3.104378    3.164651    5.910194    5.990700    9.523884    9.624562    13.944092    14.064926    19.170372    19.311355    25.202539    25.363668    32.040512    32.221785    39.691625    39.893024    
-0.008976    -0.714479    -0.147745    0.064012    1.116399    1.148323    3.110382    3.158601    5.918222    5.982626    9.533929    9.614472    13.956153    14.052820    19.184447    19.297234    25.218629    25.347532    32.058617    32.203635    39.711742    39.872861    
-0.006732    -0.714482    -0.147669    0.063889    1.120325    1.144360    3.116392    3.152556    5.926255    5.974558    9.543979    9.604386    13.968218    14.040719    19.198528    19.283118    25.234725    25.331402    32.076726    32.185490    39.731864    39.852704    
-0.004488    -0.714484    -0.147615    0.063801    1.124230    1.140429    3.122406    3.146516    5.934293    5.966495    9.554034    9.594306    13.980289    14.028623    19.212614    19.269007    25.250825    25.315276    32.094841    32.167350    39.751991    39.832551    
-0.002244    -0.714486    -0.147582    0.063748    1.128044    1.136599    3.128426    3.140481    5.942336    5.958437    9.564095    9.584230    13.992365    14.016532    19.226704    19.254901    25.266930    25.299156    32.112961    32.149215    39.772124    39.812404    
-0.000000    -0.714486    -0.147571    0.063730    1.130728    1.133910    3.134449    3.134453    5.950384    5.950384    9.574160    9.574160    14.004446    14.004446    19.240800    19.240800    25.283041    25.283041    32.131085    32.131085    39.792261    39.792261    
0.002244    -0.714486    -0.147582    0.063748    1.128044    1.136599    3.128426    3.140481    5.942336    5.958437    9.564095    9.584230    13.992365    14.016532    19.226704    19.254901    25.266930    25.299156    32.112961    32.149215    39.772124    39.812404    
0.004488    -0.714484    -0.147615    0.063801    1.124230    1.140429    3.122406    3.146516    5.934293    5.966495    9.554034    9.594306    13.980289    14.028623    19.212614    19.269007    25.250825    25.315276    32.094841    32.167350    39.751991    39.832551    
0.006732    -0.714482    -0.147669    0.063889    1.120325    1.144360    3.116392    3.152556    5.926255    5.974558    9.543979    9.604386    13.968218    14.040719    19.198528    19.283118    25.234725    25.331402    32.076726    32.185490    39.731864    39.852704    
0.008976    -0.714479    -0.147745    0.064012    1.116399    1.148323    3.110382    3.158601    5.918222    5.982626    9.533929    9.614472    13.956153    14.052820    19.184447    19.297234    25.218629    25.347532    32.058617    32.203635    39.711742    39.872861    
0.011220    -0.714475    -0.147842    0.064171    1.112468    1.152302    3.104378    3.164651    5.910194    5.990700    9.523884    9.624562    13.944092    14.064926    19.170372    19.311355    25.202539    25.363668    32.040512    32.221785    39.691625    39.893024    
0.013464    -0.714470    -0.147961    0.064364    1.108537    1.156291    3.098378    3.170706    5.902171    5.998778    9.513843    9.634658    13.932036    14.077037    19.156301    19.325481    25.186454    25.379809    32.022412    32.239940    39.671512    39.913191    
0.015708    -0.714464    -0.148101    0.064592    1.104608    1.160289    3.092384    3.176767    5.894154    6.006861    9.503808    9.644758    13.919986    14.089153    19.142236    19.339612    25.170374    25.395954    32.004318    32.258100    39.651405    39.933364    
0.017952    -0.714457    -0.148263    0.064855    1.100683    1.164293    3.086395    3.182832    5.886141    6.014950    9.493778    9.654864    13.907940    14.101274    19.128175    19.353748    25.154299    25.412105    31.986228    32.276265    39.631303    39.953542    
0.020196    -0.714449    -0.148445    0.065153    1.096762    1.168304    3.080411    3.188902    5.878133    6.023043    9.483753    9.664975    13.895899    14.113401    19.114120    19.367889    25.138229    25.428260    31.968144    32.294435    39.611206    39.973724    
0.022440    -0.714440    -0.148648    0.065485    1.092845    1.172322    3.074431    3.194978    5.870131    6.031142    9.473733    9.675090    13.883864    14.125532    19.100069    19.382035    25.122164    25.444421    31.950064    32.312610    39.591114    39.993912    
0.024684    -0.714430    -0.148872    0.065851    1.088933    1.176345    3.068457    3.201059    5.862133    6.039245    9.463718    9.685211    13.871833    14.137668    19.086024    19.396186    25.106104    25.460587    31.931990    32.330791    39.571027    40.014105    
0.026928    -0.714420    -0.149116    0.066251    1.085026    1.180374    3.062489    3.207144    5.854141    6.047354    9.453708    9.695337    13.859808    14.149810    19.071983    19.410342    25.090049    25.476758    31.913920    32.348976    39.550945    40.034303    
0.029172    -0.714408    -0.149380    0.066684    1.081123    1.184409    3.056525    3.213235    5.846153    6.055468    9.443704    9.705468    13.847787    14.161956    19.057948    19.424504    25.073999    25.492934    31.895856    32.367166    39.530868    40.054506    
0.031416    -0.714396    -0.149664    0.067151    1.077226    1.188449    3.050566    3.219331    5.838171    6.063586    9.433704    9.715604    13.835772    14.174107    19.043918    19.438670    25.057954    25.509114    31.877797    32.385361    39.510796    40.074713    
0.033660    -0.714383    -0.149968    0.067651    1.073334    1.192495    3.044612    3.225432    5.830193    6.071710    9.423709    9.725745    13.823762    14.186264    19.029892    19.452841    25.041914    25.525300    31.859742    32.403562    39.490729    40.094926    
0.035904    -0.714368    -0.150291    0.068184    1.069447    1.196546    3.038663    3.231538    5.822221    6.079839    9.413719    9.735891    13.811756    14.198425    19.015872    19.467018    25.025879    25.541491    31.841693    32.421767    39.470667    40.115144    
0.038148    -0.714353    -0.150632    0.068749    1.065565    1.200602    3.032720    3.237649    5.814254    6.087973    9.403735    9.746042    13.799756    14.210592    19.001857    19.481199    25.009849    25.557687    31.823649    32.439977    39.450611    40.135367    
0.040392    -0.714337    -0.150993    0.069347    1.061688    1.204664    3.026781    3.243765    5.806292    6.096112    9.393755    9.756198    13.787761    14.222763    18.987847    19.495385    24.993825    25.573888    31.805610    32.458193    39.430559    40.155595    
0.042636    -0.714321    -0.151371    0.069976    1.057817    1.208732    3.020848    3.249886    5.798334    6.104255    9.383780    9.766359    13.775771    14.234940    18.973842    19.509577    24.977805    25.590094    31.787576    32.476413    39.410512    40.175828    
0.044880    -0.714303    -0.151768    0.070637    1.053950    1.212804    3.014920    3.256012    5.790382    6.112404    9.373811    9.776525    13.763785    14.247122    18.959842    19.523773    24.961790    25.606305    31.769547    32.494639    39.390470    40.196067    
0.047124    -0.714284    -0.152181    0.071329    1.050089    1.216882    3.008996    3.262144    5.782435    6.120558    9.363846    9.786696    13.751805    14.259308    18.945847    19.537975    24.945781    25.622522    31.751522    32.512869    39.370434    40.216310    
0.049368    -0.714265    -0.152612    0.072051    1.046233    1.220966    3.003078    3.268280    5.774493    6.128718    9.353887    9.796872    13.739830    14.271500    18.931857    19.552181    24.929776    25.638743    31.733503    32.531105    39.350402    40.236558    
0.051612    -0.714244    -0.153060    0.072804    1.042383    1.225054    2.997165    3.274422    5.766556    6.136882    9.343932    9.807054    13.727860    14.283697    18.917872    19.566393    24.913777    25.654969    31.715489    32.549346    39.330376    40.256811    
0.053856    -0.714223    -0.153524    0.073587    1.038538    1.229148    2.991257    3.280568    5.758624    6.145051    9.333983    9.817240    13.715895    14.295899    18.903892    19.580610    24.897782    25.671200    31.697481    32.567591    39.310354    40.277069    
0.056100    -0.714201    -0.154004    0.074399    1.034698    1.233248    2.985354    3.286720    5.750697    6.153225    9.324039    9.827431    13.703935    14.308105    18.889917    19.594831    24.881793    25.687436    31.679477    32.585842    39.290338    40.297333    
0.058344    -0.714178    -0.154500    0.075240    1.030863    1.237352    2.979456    3.292877    5.742776    6.161404    9.314099    9.837628    13.691980    14.320317    18.875947    19.609058    24.865808    25.703678    31.661478    32.604098    39.270326    40.317601    
0.060588    -0.714154    -0.155011    0.076111    1.027034    1.241462    2.973564    3.299038    5.734859    6.169589    9.304165    9.847829    13.680030    14.332534    18.861982    19.623290    24.849829    25.719924    31.643484    32.622358    39.250320    40.337874    
0.062832    -0.714129    -0.155536    0.077009    1.023210    1.245577    2.967676    3.305205    5.726947    6.177778    9.294236    9.858036    13.668085    14.344756    18.848022    19.637527    24.833854    25.736175    31.625495    32.640624    39.230318    40.358153    
0.065076    -0.714103    -0.156076    0.077935    1.019391    1.249698    2.961793    3.311377    5.719040    6.185972    9.284312    9.868247    13.656146    14.356983    18.834068    19.651769    24.817885    25.752432    31.607511    32.658895    39.210322    40.378436    
0.067320    -0.714077    -0.156629    0.078889    1.015578    1.253824    2.955916    3.317554    5.711139    6.194172    9.274392    9.878464    13.644211    14.369215    18.820118    19.666015    24.801921    25.768693    31.589532    32.677171    39.190331    40.398725    
0.069564    -0.714050    -0.157197    0.079870    1.011769    1.257955    2.950043    3.323736    5.703242    6.202376    9.264478    9.888685    13.632281    14.381452    18.806173    19.680267    24.785961    25.784960    31.571559    32.695452    39.170344    40.419018    
0.071808    -0.714022    -0.157777    0.080878    1.007967    1.262091    2.944176    3.329923    5.695351    6.210586    9.254569    9.898912    13.620356    14.393694    18.792234    19.694524    24.770007    25.801231    31.553590    32.713738    39.150363    40.439317    
0.074052    -0.713993    -0.158370    0.081912    1.004169    1.266232    2.938314    3.336116    5.687464    6.218800    9.244665    9.909144    13.608437    14.405942    18.778299    19.708786    24.754058    25.817508    31.535626    32.732029    39.130387    40.459620    
0.076296    -0.713963    -0.158975    0.082972    1.000377    1.270379    2.932456    3.342313    5.679583    6.227020    9.234766    9.919380    13.596522    14.418194    18.764369    19.723053    24.738114    25.833789    31.517668    32.750325    39.110416    40.479929    
0.078540    -0.713932    -0.159591    0.084057    0.996591    1.274531    2.926604    3.348515    5.671706    6.235245    9.224872    9.929622    13.584612    14.430451    18.750445    19.737325    24.722175    25.850076    31.499714    32.768626    39.090449    40.500243    
0.080784    -0.713901    -0.160219    0.085167    0.992809    1.278689    2.920757    3.354723    5.663835    6.243474    9.214983    9.939869    13.572708    14.442713    18.736525    19.751602    24.706241    25.866368    31.481766    32.786932    39.070488    40.520561    
0.083028    -0.713869    -0.160859    0.086302    0.989033    1.282851    2.914915    3.360935    5.655969    6.251709    9.205099    9.950121    13.560808    14.454980    18.722611    19.765885    24.690312    25.882664    31.463822    32.805243    39.050532    40.540885    
0.085272    -0.713836    -0.161508    0.087461    0.985263    1.287019    2.909078    3.367153    5.648107    6.259949    9.195221    9.960377    13.548914    14.467253    18.708702    19.780172    24.674387    25.898966    31.445884    32.823559    39.030581    40.561214    
0.087516    -0.713802    -0.162168    0.088644    0.981497    1.291192    2.903247    3.373375    5.640251    6.268194    9.185347    9.970639    13.537024    14.479530    18.694797    19.794464    24.658469    25.915273    31.427950    32.841880    39.010635    40.581548    
0.089760    -0.713768    -0.162838    0.089850    0.977737    1.295370    2.897420    3.379603    5.632400    6.276444    9.175478    9.980906    13.525140    14.491813    18.680898    19.808761    24.642555    25.931585    31.410022    32.860207    38.990694    40.601887    
0.092004    -0.713733    -0.163517    0.091079    0.973983    1.299554    2.891598    3.385836    5.624554    6.284699    9.165614    9.991178    13.513261    14.504100    18.667004    19.823063    24.626646    25.947901    31.392099    32.878538    38.970758    40.622231    
0.094248    -0.713697    -0.164204    0.092331    0.970234    1.303743    2.885782    3.392074    5.616713    6.292959    9.155756    10.001455    13.501386    14.516392    18.653114    19.837371    24.610742    25.964223    31.374180    32.896874    38.950828    40.642579    
0.096492    -0.713660    -0.164901    0.093605    0.966490    1.307937    2.879970    3.398317    5.608877    6.301224    9.145902    10.011737    13.489517    14.528690    18.639230    19.851683    24.594843    25.980550    31.356267    32.915215    38.930902    40.662933    
0.098736    -0.713622    -0.165605    0.094901    0.962751    1.312136    2.874164    3.404565    5.601046    6.309494    9.136053    10.022024    13.477653    14.540992    18.625351    19.866001    24.578949    25.996882    31.338359    32.933562    38.910981    40.683292    
0.100980    -0.713584    -0.166318    0.096219    0.959018    1.316340    2.868362    3.410818    5.593220    6.317769    9.126210    10.032317    13.465793    14.553300    18.611477    19.880323    24.563060    26.013219    31.320456    32.951913    38.891065    40.703656    
0.103224    -0.713545    -0.167038    0.097557    0.955291    1.320550    2.862566    3.417076    5.585399    6.326049    9.116371    10.042614    13.453939    14.565613    18.597608    19.894650    24.547177    26.029561    31.302557    32.970270    38.871154    40.724026    
0.105468    -0.713505    -0.167764    0.098917    0.951568    1.324765    2.856775    3.423339    5.577583    6.334334    9.106538    10.052916    13.442090    14.577930    18.583744    19.908983    24.531298    26.045908    31.284664    32.988631    38.851249    40.744400    
0.107712    -0.713465    -0.168498    0.100297    0.947851    1.328985    2.850989    3.429607    5.569773    6.342625    9.096709    10.063223    13.430246    14.590253    18.569884    19.923320    24.515424    26.062260    31.266776    33.006998    38.831348    40.764779    
0.109956    -0.713424    -0.169238    0.101697    0.944140    1.333211    2.845208    3.435881    5.561967    6.350920    9.086886    10.073536    13.418407    14.602581    18.556030    19.937663    24.499556    26.078618    31.248893    33.025369    38.811452    40.785163    
0.112200    -0.713382    -0.169984    0.103116    0.940434    1.337441    2.839432    3.442159    5.554166    6.359220    9.077068    10.083853    13.406573    14.614914    18.542182    19.952011    24.483692    26.094980    31.231015    33.043746    38.791562    40.805552    
0.114444    -0.713339    -0.170736    0.104555    0.936733    1.341677    2.833661    3.448442    5.546371    6.367526    9.067254    10.094175    13.394744    14.627251    18.528338    19.966363    24.467834    26.111347    31.213142    33.062127    38.771676    40.825946    
0.116688    -0.713296    -0.171493    0.106013    0.933038    1.345918    2.827896    3.454731    5.538580    6.375836    9.057446    10.104503    13.382920    14.639594    18.514499    19.980721    24.451980    26.127719    31.195274    33.080514    38.751796    40.846346    
0.118932    -0.713252    -0.172255    0.107490    0.929348    1.350165    2.822135    3.461025    5.530795    6.384152    9.047643    10.114835    13.371101    14.651942    18.500665    19.995084    24.436132    26.144096    31.177411    33.098906    38.731920    40.866750    
0.121176    -0.713208    -0.173021    0.108986    0.925663    1.354416    2.816379    3.467323    5.523014    6.392472    9.037845    10.125173    13.359287    14.664295    18.486836    20.009451    24.420288    26.160479    31.159553    33.117302    38.712050    40.887159    
0.123420    -0.713163    -0.173792    0.110499    0.921984    1.358673    2.810629    3.473627    5.515239    6.400798    9.028052    10.135515    13.347478    14.676653    18.473012    20.023824    24.404450    26.176866    31.141701    33.135704    38.692184    40.907574    
0.125664    -0.713117    -0.174567    0.112030    0.918311    1.362935    2.804883    3.479936    5.507468    6.409129    9.018263    10.145863    13.335675    14.689016    18.459193    20.038202    24.388616    26.193258    31.123853    33.154111    38.672324    40.927993    
0.127908    -0.713071    -0.175346    0.113579    0.914642    1.367202    2.799143    3.486250    5.499703    6.417464    9.008480    10.156215    13.323876    14.701384    18.445380    20.052585    24.372788    26.209656    31.106010    33.172523    38.652469    40.948418    
0.130152    -0.713024    -0.176128    0.115145    0.910980    1.371475    2.793408    3.492569    5.491943    6.425805    8.998702    10.166573    13.312082    14.713757    18.431571    20.066973    24.356965    26.226058    31.088172    33.190940    38.632618    40.968847    
0.132396    -0.712976    -0.176914    0.116728    0.907322    1.375753    2.787678    3.498893    5.484187    6.434151    8.988929    10.176936    13.300293    14.726135    18.417767    20.081366    24.341147    26.242466    31.070340    33.209362    38.612773    40.989282    
0.134640    -0.712928    -0.177702    0.118328    0.903670    1.380036    2.781953    3.505222    5.476437    6.442502    8.979161    10.187304    13.288510    14.738518    18.403969    20.095764    24.325333    26.258878    31.052512    33.227789    38.592933    41.009721    
0.136884    -0.712879    -0.178493    0.119944    0.900024    1.384324    2.776233    3.511556    5.468692    6.450858    8.969399    10.197676    13.276731    14.750907    18.390175    20.110167    24.309525    26.275296    31.034689    33.246221    38.573098    41.030166    
0.139128    -0.712830    -0.179287    0.121577    0.896383    1.388617    2.770518    3.517895    5.460952    6.459218    8.959641    10.208054    13.264957    14.763300    18.376387    20.124575    24.293722    26.291719    31.016872    33.264658    38.553268    41.050616    
0.141372    -0.712780    -0.180082    0.123225    0.892747    1.392915    2.764808    3.524239    5.453217    6.467584    8.949888    10.218437    13.253189    14.775698    18.362603    20.138988    24.277924    26.308146    30.999059    33.283100    38.533442    41.071070    
0.143616    -0.712729    -0.180879    0.124889    0.889117    1.397219    2.759103    3.530589    5.445487    6.475955    8.940140    10.228825    13.241425    14.788101    18.348825    20.153406    24.262131    26.324579    30.981252    33.301547    38.513622    41.091530    
0.145860    -0.712678    -0.181678    0.126568    0.885492    1.401528    2.753404    3.536943    5.437762    6.484332    8.930397    10.239218    13.229667    14.800510    18.335051    20.167829    24.246343    26.341017    30.963449    33.319999    38.493807    41.111995    
0.148104    -0.712627    -0.182478    0.128263    0.881873    1.405842    2.747709    3.543303    5.430042    6.492713    8.920660    10.249616    13.217914    14.812923    18.321283    20.182257    24.230560    26.357459    30.945652    33.338456    38.473997    41.132465    
0.150348    -0.712575    -0.183279    0.129972    0.878259    1.410162    2.742020    3.549667    5.422328    6.501099    8.910927    10.260019    13.206165    14.825342    18.307520    20.196691    24.214782    26.373907    30.927859    33.356918    38.454192    41.152939    
0.152592    -0.712522    -0.184081    0.131696    0.874651    1.414486    2.736335    3.556037    5.414618    6.509490    8.901199    10.270427    13.194422    14.837765    18.293761    20.211129    24.199009    26.390360    30.910072    33.375385    38.434392    41.173419    
0.154836    -0.712469    -0.184884    0.133435    0.871048    1.418816    2.730656    3.562412    5.406913    6.517886    8.891477    10.280840    13.182684    14.850193    18.280008    20.225572    24.183241    26.406818    30.892290    33.393858    38.414598    41.193904    
0.157080    -0.712416    -0.185687    0.135188    0.867450    1.423151    2.724982    3.568791    5.399213    6.526288    8.881759    10.291258    13.170950    14.862627    18.266260    20.240021    24.167478    26.423281    30.874512    33.412335    38.394808    41.214394    
0.159324    -0.712362    -0.186491    0.136955    0.863858    1.427491    2.719313    3.575176    5.391519    6.534694    8.872047    10.301681    13.159222    14.875066    18.252517    20.254474    24.151720    26.439749    30.856740    33.430817    38.375023    41.234889    
0.161568    -0.712307    -0.187294    0.138736    0.860272    1.431837    2.713649    3.581566    5.383829    6.543105    8.862339    10.312110    13.147499    14.887509    18.238778    20.268932    24.135968    26.456222    30.838973    33.449305    38.355243    41.255389    
0.163812    -0.712252    -0.188097    0.140531    0.856691    1.436187    2.707990    3.587961    5.376145    6.551522    8.852637    10.322543    13.135781    14.899958    18.225045    20.283396    24.120220    26.472700    30.821210    33.467797    38.335468    41.275894    
0.166056    -0.712197    -0.188899    0.142339    0.853115    1.440543    2.702336    3.594361    5.368465    6.559943    8.842940    10.332981    13.124068    14.912411    18.211317    20.297864    24.104477    26.489183    30.803453    33.486295    38.315699    41.296404    
0.168300    -0.712141    -0.189701    0.144161    0.849545    1.444904    2.696687    3.600766    5.360791    6.568370    8.833247    10.343424    13.112359    14.924870    18.197594    20.312338    24.088739    26.505671    30.785701    33.504797    38.295934    41.316919    
0.170544    -0.712085    -0.190502    0.145995    0.845981    1.449270    2.691044    3.607176    5.353121    6.576801    8.823560    10.353873    13.100656    14.937334    18.183876    20.326816    24.073007    26.522164    30.767954    33.523305    38.276174    41.337440    
0.172788    -0.712029    -0.191303    0.147843    0.842422    1.453642    2.685405    3.613592    5.345457    6.585238    8.813878    10.364326    13.088958    14.949803    18.170163    20.341300    24.057279    26.538662    30.750212    33.541817    38.256420    41.357965    
0.175032    -0.711972    -0.192101    0.149703    0.838868    1.458019    2.679772    3.620012    5.337798    6.593679    8.804201    10.374785    13.077265    14.962277    18.156455    20.355789    24.041557    26.555165    30.732475    33.560335    38.236670    41.378495    
0.177276    -0.711914    -0.192899    0.151576    0.835320    1.462400    2.674143    3.626437    5.330144    6.602126    8.794528    10.385248    13.065578    14.974755    18.142752    20.370282    24.025839    26.571673    30.714743    33.578857    38.216926    41.399030    
0.179520    -0.711857    -0.193695    0.153461    0.831778    1.466787    2.668520    3.632868    5.322494    6.610578    8.784861    10.395717    13.053895    14.987239    18.129055    20.384781    24.010127    26.588187    30.697016    33.597385    38.197186    41.419571    
0.181764    -0.711799    -0.194489    0.155359    0.828241    1.471180    2.662902    3.639303    5.314850    6.619035    8.775199    10.406190    13.042217    14.999728    18.115362    20.399285    23.994419    26.604705    30.679294    33.615918    38.177452    41.440116    
0.184008    -0.711741    -0.195281    0.157269    0.824709    1.475577    2.657288    3.645744    5.307211    6.627497    8.765542    10.416669    13.030544    15.012222    18.101674    20.413793    23.978717    26.621228    30.661577    33.634455    38.157722    41.460666    
0.186252    -0.711682    -0.196071    0.159190    0.821184    1.479980    2.651680    3.652189    5.299577    6.635963    8.755890    10.427153    13.018876    15.024721    18.087991    20.428307    23.963019    26.637757    30.643866    33.652998    38.137998    41.481222    
0.188496    -0.711623    -0.196859    0.161124    0.817663    1.484387    2.646077    3.658640    5.291948    6.644435    8.746243    10.437641    13.007213    15.037225    18.074313    20.442826    23.947327    26.654290    30.626159    33.671546    38.118279    41.501782    
0.190740    -0.711564    -0.197645    0.163069    0.814148    1.488800    2.640480    3.665096    5.284324    6.652912    8.736601    10.448135    12.995556    15.049734    18.060641    20.457350    23.931640    26.670828    30.608457    33.690099    38.098564    41.522348    
0.192984    -0.711505    -0.198428    0.165025    0.810639    1.493219    2.634887    3.671557    5.276705    6.661394    8.726964    10.458634    12.983903    15.062249    18.046973    20.471879    23.915957    26.687372    30.590760    33.708657    38.078855    41.542918    
0.195228    -0.711445    -0.199209    0.166993    0.807135    1.497642    2.629299    3.678023    5.269092    6.669881    8.717333    10.469138    12.972255    15.074768    18.033310    20.486413    23.900280    26.703920    30.573069    33.727220    38.059151    41.563494    
0.197472    -0.711385    -0.199986    0.168972    0.803637    1.502070    2.623717    3.684494    5.261483    6.678374    8.707706    10.479646    12.960613    15.087292    18.019653    20.500952    23.884608    26.720474    30.555382    33.745788    38.039452    41.584075    
0.199716    -0.711325    -0.200761    0.170963    0.800145    1.506504    2.618139    3.690970    5.253879    6.686871    8.698084    10.490160    12.948975    15.099821    18.006000    20.515496    23.868941    26.737033    30.537700    33.764361    38.019757    41.604660    
0.201960    -0.711265    -0.201532    0.172964    0.796658    1.510943    2.612567    3.697451    5.246280    6.695373    8.688467    10.500679    12.937343    15.112355    17.992353    20.530045    23.853279    26.753596    30.520024    33.782939    38.000068    41.625251    
0.204204    -0.711204    -0.202300    0.174976    0.793176    1.515387    2.606999    3.703937    5.238687    6.703880    8.678856    10.511203    12.925715    15.124895    17.978710    20.544599    23.837622    26.770165    30.502352    33.801522    37.980384    41.645847    
0.206448    -0.711143    -0.203065    0.176999    0.789700    1.519837    2.601437    3.710428    5.231098    6.712392    8.669249    10.521732    12.914093    15.137439    17.965073    20.559158    23.821969    26.786738    30.484686    33.820110    37.960705    41.666447    
0.208692    -0.711083    -0.203827    0.179032    0.786230    1.524291    2.595880    3.716924    5.223515    6.720910    8.659647    10.532266    12.902476    15.149988    17.951441    20.573723    23.806322    26.803317    30.467024    33.838703    37.941031    41.687053    
0.210936    -0.711022    -0.204584    0.181076    0.782765    1.528751    2.590328    3.723426    5.215936    6.729432    8.650051    10.542805    12.890863    15.162543    17.937813    20.588292    23.790680    26.819901    30.449368    33.857301    37.921362    41.707664    
0.213180    -0.710960    -0.205338    0.183130    0.779306    1.533216    2.584781    3.729932    5.208363    6.737960    8.640459    10.553349    12.879256    15.175102    17.924191    20.602866    23.775044    26.836490    30.431716    33.875904    37.901698    41.728280    
0.215423    -0.710899    -0.206089    0.185195    0.775853    1.537686    2.579239    3.736444    5.200795    6.746492    8.630873    10.563899    12.867654    15.187667    17.910574    20.617445    23.759412    26.853084    30.414070    33.894513    37.882039    41.748901    
0.217667    -0.710838    -0.206835    0.187269    0.772405    1.542161    2.573702    3.742960    5.193231    6.755030    8.621292    10.574453    12.856056    15.200236    17.896961    20.632030    23.743785    26.869682    30.396429    33.913126    37.862385    41.769527    
0.219911    -0.710776    -0.207577    0.189354    0.768963    1.546641    2.568171    3.749482    5.185673    6.763572    8.611715    10.585012    12.844464    15.212811    17.883354    20.646619    23.728163    26.886286    30.378792    33.931744    37.842737    41.790158    
0.222155    -0.710715    -0.208315    0.191449    0.765526    1.551127    2.562644    3.756008    5.178120    6.772120    8.602144    10.595576    12.832877    15.225391    17.869752    20.661213    23.712546    26.902895    30.361161    33.950367    37.823093    41.810794    
0.224399    -0.710653    -0.209048    0.193553    0.762095    1.555618    2.557123    3.762540    5.170572    6.780672    8.592578    10.606146    12.821295    15.237975    17.856155    20.675813    23.696934    26.919509    30.343535    33.968996    37.803454    41.831435    
0.226643    -0.710591    -0.209777    0.195667    0.758670    1.560114    2.551606    3.769077    5.163029    6.789230    8.583016    10.616720    12.809718    15.250565    17.842563    20.690417    23.681328    26.936128    30.325914    33.987629    37.783820    41.852081    
0.228887    -0.710530    -0.210502    0.197791    0.755250    1.564615    2.546095    3.775619    5.155490    6.797793    8.573460    10.627299    12.798146    15.263160    17.828976    20.705027    23.665726    26.952752    30.308297    34.006268    37.764192    41.872732    
0.231131    -0.710468    -0.211222    0.199925    0.751837    1.569121    2.540589    3.782166    5.147957    6.806361    8.563909    10.637884    12.786579    15.275759    17.815394    20.719641    23.650129    26.969381    30.290686    34.024911    37.744568    41.893388    
0.233375    -0.710406    -0.211937    0.202068    0.748428    1.573632    2.535088    3.788718    5.140430    6.814933    8.554363    10.648473    12.775017    15.288364    17.801817    20.734261    23.634538    26.986016    30.273080    34.043560    37.724949    41.914049    
0.235619    -0.710345    -0.212647    0.204220    0.745026    1.578149    2.529592    3.795275    5.132907    6.823511    8.544822    10.659068    12.763460    15.300974    17.788245    20.748886    23.618951    27.002655    30.255479    34.062213    37.705336    41.934715    
0.237863    -0.710283    -0.213352    0.206381    0.741629    1.582671    2.524101    3.801837    5.125389    6.832094    8.535286    10.669667    12.751908    15.313589    17.774678    20.763515    23.603369    27.019299    30.237883    34.080872    37.685727    41.955387    
0.240107    -0.710221    -0.214053    0.208552    0.738238    1.587198    2.518615    3.808404    5.117876    6.840682    8.525755    10.680272    12.740361    15.326209    17.761116    20.778150    23.587793    27.035948    30.220292    34.099536    37.666124    41.976063    
0.242351    -0.710160    -0.214748    0.210732    0.734852    1.591730    2.513134    3.814976    5.110368    6.849275    8.516229    10.690882    12.728819    15.338834    17.747559    20.792790    23.572221    27.052602    30.202706    34.118204    37.646525    41.996744    
0.244595    -0.710098    -0.215438    0.212920    0.731472    1.596267    2.507658    3.821554    5.102866    6.857873    8.506708    10.701496    12.717282    15.351464    17.734007    20.807434    23.556655    27.069262    30.185125    34.136878    37.626932    42.017431    
0.246839    -0.710037    -0.216123    0.215118    0.728098    1.600810    2.502188    3.828136    5.095368    6.866476    8.497192    10.712116    12.705751    15.364099    17.720461    20.822084    23.541094    27.085926    30.167550    34.155557    37.607344    42.038122    
0.249083    -0.709976    -0.216802    0.217325    0.724730    1.605358    2.496722    3.834723    5.087875    6.875084    8.487681    10.722741    12.694224    15.376739    17.706919    20.836739    23.525537    27.102595    30.149979    34.174240    37.587760    42.058819    
0.251327    -0.709914    -0.217476    0.219540    0.721367    1.609910    2.491262    3.841316    5.080388    6.883698    8.478175    10.733371    12.682702    15.389384    17.693382    20.851399    23.509986    27.119270    30.132413    34.192929    37.568182    42.079520    
0.253571    -0.709853    -0.218144    0.221764    0.718011    1.614469    2.485807    3.847913    5.072905    6.892316    8.468675    10.744005    12.671186    15.402034    17.679851    20.866064    23.494440    27.135949    30.114852    34.211623    37.548609    42.100227    
0.255815    -0.709792    -0.218807    0.223997    0.714660    1.619032    2.480357    3.854516    5.065428    6.900939    8.459179    10.754645    12.659674    15.414689    17.666324    20.880734    23.478898    27.152634    30.097296    34.230322    37.529040    42.120938    
0.258059    -0.709732    -0.219464    0.226238    0.711315    1.623600    2.474912    3.861124    5.057956    6.909567    8.449688    10.765290    12.648168    15.427350    17.652802    20.895409    23.463362    27.169323    30.079746    34.249026    37.509477    42.141655    
0.260303    -0.709671    -0.220115    0.228487    0.707975    1.628174    2.469472    3.867736    5.050488    6.918201    8.440203    10.775940    12.636666    15.440015    17.639286    20.910089    23.447831    27.186018    30.062200    34.267735    37.489919    42.162376    
0.262547    -0.709611    -0.220760    0.230745    0.704642    1.632752    2.464037    3.874354    5.043026    6.926839    8.430722    10.786595    12.625170    15.452685    17.625774    20.924774    23.432305    27.202717    30.044659    34.286449    37.470366    42.183103    
0.264791    -0.709551    -0.221400    0.233012    0.701314    1.637336    2.458607    3.880977    5.035569    6.935483    8.421246    10.797255    12.613678    15.465360    17.612268    20.939464    23.416784    27.219422    30.027124    34.305168    37.450818    42.203835    
0.267035    -0.709491    -0.222033    0.235286    0.697992    1.641925    2.453182    3.887605    5.028116    6.944131    8.411776    10.807920    12.602192    15.478041    17.598767    20.954159    23.401268    27.236132    30.009593    34.323892    37.431275    42.224571    
0.269279    -0.709431    -0.222660    0.237569    0.694676    1.646519    2.447763    3.894238    5.020669    6.952785    8.402310    10.818590    12.590710    15.490726    17.585270    20.968859    23.385757    27.252846    29.992068    34.342621    37.411737    42.245313    
0.271523    -0.709372    -0.223282    0.239860    0.691366    1.651119    2.442348    3.900876    5.013227    6.961443    8.392850    10.829266    12.579234    15.503417    17.571779    20.983565    23.370251    27.269566    29.974547    34.361355    37.392204    42.266060    
0.273767    -0.709313    -0.223896    0.242159    0.688061    1.655723    2.436939    3.907519    5.005790    6.970107    8.383395    10.839946    12.567763    15.516112    17.558293    20.998275    23.354750    27.286291    29.957032    34.380094    37.372676    42.286812    
0.276011    -0.709254    -0.224505    0.244466    0.684763    1.660333    2.431535    3.914167    4.998358    6.978776    8.373944    10.850631    12.556297    15.528813    17.544811    21.012990    23.339254    27.303021    29.939522    34.398839    37.353153    42.307569    
0.278255    -0.709195    -0.225107    0.246780    0.681471    1.664948    2.426136    3.920821    4.990931    6.987449    8.364499    10.861321    12.544835    15.541518    17.531335    21.027710    23.323763    27.319756    29.922016    34.417588    37.333635    42.328331    
0.280499    -0.709137    -0.225703    0.249103    0.678184    1.669568    2.420741    3.927479    4.983510    6.996128    8.355059    10.872017    12.533379    15.554229    17.517864    21.042436    23.308277    27.336495    29.904516    34.436342    37.314122    42.349098    
0.282743    -0.709079    -0.226293    0.251433    0.674904    1.674193    2.415352    3.934142    4.976093    7.004812    8.345624    10.882717    12.521928    15.566944    17.504398    21.057166    23.292796    27.353240    29.887021    34.455101    37.294614    42.369870    
0.284987    -0.709022    -0.226875    0.253772    0.671629    1.678823    2.409969    3.940811    4.968681    7.013501    8.336193    10.893422    12.510482    15.579665    17.490937    21.071902    23.277320    27.369990    29.869530    34.473866    37.275112    42.390647    
0.287231    -0.708965    -0.227452    0.256117    0.668360    1.683459    2.404590    3.947484    4.961274    7.022195    8.326768    10.904133    12.499041    15.592391    17.477480    21.086642    23.261850    27.386745    29.852045    34.492635    37.255614    42.411429    
0.289475    -0.708908    -0.228021    0.258471    0.665098    1.688100    2.399216    3.954163    4.953873    7.030893    8.317348    10.914848    12.487605    15.605121    17.464029    21.101387    23.246384    27.403505    29.834565    34.511410    37.236121    42.432216    
0.291719    -0.708852    -0.228584    0.260831    0.661841    1.692745    2.393848    3.960846    4.946476    7.039597    8.307933    10.925569    12.476174    15.617857    17.450583    21.116138    23.230923    27.420270    29.817090    34.530189    37.216634    42.453008    
0.293963    -0.708796    -0.229140    0.263200    0.658591    1.697396    2.388484    3.967535    4.939084    7.048307    8.298523    10.936294    12.464748    15.630598    17.437142    21.130894    23.215468    27.437040    29.799620    34.548974    37.197151    42.473805    
0.296207    -0.708740    -0.229689    0.265575    0.655346    1.702053    2.383126    3.974229    4.931698    7.057021    8.289118    10.947025    12.453327    15.643344    17.423706    21.145654    23.200017    27.453816    29.782155    34.567763    37.177673    42.494607    
0.298451    -0.708685    -0.230232    0.267958    0.652108    1.706714    2.377772    3.980928    4.924317    7.065740    8.279718    10.957761    12.441911    15.656095    17.410276    21.160420    23.184571    27.470596    29.764695    34.586558    37.158201    42.515415    
0.300695    -0.708630    -0.230767    0.270349    0.648876    1.711380    2.372424    3.987632    4.916940    7.074464    8.270323    10.968501    12.430500    15.668851    17.396850    21.175191    23.169131    27.487381    29.747240    34.605357    37.138733    42.536227    
0.302939    -0.708576    -0.231295    0.272746    0.645650    1.716052    2.367081    3.994340    4.909569    7.083193    8.260934    10.979247    12.419095    15.681612    17.383429    21.189966    23.153695    27.504171    29.729790    34.624162    37.119271    42.557044    
0.305183    -0.708523    -0.231817    0.275151    0.642430    1.720729    2.361743    4.001054    4.902203    7.091927    8.251549    10.989998    12.407694    15.694378    17.370013    21.204747    23.138265    27.520967    29.712345    34.642972    37.099813    42.577867    
0.307427    -0.708469    -0.232331    0.277562    0.639217    1.725411    2.356410    4.007773    4.894841    7.100667    8.242169    11.000753    12.396298    15.707149    17.356602    21.219533    23.122840    27.537767    29.694905    34.661786    37.080361    42.598694    
0.309671    -0.708417    -0.232838    0.279981    0.636010    1.730098    2.351083    4.014498    4.887485    7.109411    8.232794    11.011514    12.384907    15.719925    17.343197    21.234324    23.107419    27.554572    29.677470    34.680606    37.060914    42.619526    
0.311915    -0.708365    -0.233338    0.282406    0.632809    1.734790    2.345760    4.021227    4.880134    7.118160    8.223425    11.022280    12.373522    15.732706    17.329796    21.249119    23.092004    27.571383    29.660040    34.699431    37.041471    42.640364    
0.314159    -0.708313    -0.233831    0.284839    0.629614    1.739487    2.340442    4.027961    4.872788    7.126915    8.214060    11.033051    12.362141    15.745492    17.316400    21.263920    23.076593    27.588198    29.642615    34.718261    37.022034    42.661206    
0.316403    -0.708262    -0.234316    0.287278    0.626426    1.744190    2.335130    4.034700    4.865447    7.135674    8.204700    11.043827    12.350766    15.758283    17.303010    21.278726    23.061188    27.605018    29.625196    34.737095    37.002602    42.682054    
0.318647    -0.708211    -0.234794    0.289724    0.623244    1.748898    2.329823    4.041445    4.858111    7.144439    8.195346    11.054608    12.339395    15.771079    17.289624    21.293537    23.045788    27.621844    29.607781    34.755935    36.983175    42.702907    
0.320891    -0.708162    -0.235265    0.292176    0.620069    1.753610    2.324520    4.048194    4.850780    7.153208    8.185996    11.065394    12.328030    15.783881    17.276243    21.308353    23.030393    27.638674    29.590371    34.774780    36.963752    42.723764    
0.323135    -0.708112    -0.235728    0.294635    0.616900    1.758328    2.319223    4.054948    4.843454    7.161983    8.176652    11.076185    12.316669    15.796687    17.262868    21.323174    23.015003    27.655510    29.572967    34.793630    36.944335    42.744627    
0.325379    -0.708063    -0.236184    0.297101    0.613737    1.763052    2.313931    4.061708    4.836133    7.170763    8.167313    11.086981    12.305314    15.809498    17.249498    21.338000    22.999617    27.672351    29.555567    34.812485    36.924923    42.765495    
0.327623    -0.708015    -0.236633    0.299573    0.610582    1.767780    2.308644    4.068473    4.828818    7.179547    8.157978    11.097782    12.293964    15.822315    17.236132    21.352832    22.984237    27.689196    29.538172    34.831345    36.905516    42.786367    
0.329867    -0.707968    -0.237073    0.302051    0.607433    1.772513    2.303363    4.075242    4.821507    7.188337    8.148649    11.108588    12.282618    15.835136    17.222772    21.367668    22.968862    27.706047    29.520783    34.850210    36.886114    42.807245    
0.332111    -0.707921    -0.237507    0.304536    0.604290    1.777252    2.298086    4.082017    4.814201    7.197132    8.139325    11.119400    12.271278    15.847963    17.209416    21.382509    22.953492    27.722903    29.503398    34.869080    36.866717    42.828128    
0.334355    -0.707875    -0.237932    0.307026    0.601155    1.781996    2.292814    4.088797    4.806901    7.205932    8.130005    11.130216    12.259943    15.860794    17.196066    21.397355    22.938127    27.739763    29.486019    34.887956    36.847325    42.849016    
0.336599    -0.707830    -0.238350    0.309523    0.598026    1.786744    2.287548    4.095582    4.799605    7.214736    8.120691    11.141037    12.248612    15.873631    17.182721    21.412206    22.922767    27.756629    29.468644    34.906836    36.827938    42.869909    
0.338843    -0.707785    -0.238761    0.312025    0.594905    1.791498    2.282286    4.102371    4.792315    7.223546    8.111382    11.151863    12.237287    15.886472    17.169381    21.427063    22.907412    27.773500    29.451275    34.925721    36.808556    42.890806    
0.341087    -0.707741    -0.239163    0.314534    0.591790    1.796258    2.277030    4.109166    4.785029    7.232361    8.102078    11.162695    12.225967    15.899319    17.156045    21.441924    22.892063    27.790376    29.433911    34.944611    36.789180    42.911709    
0.343331    -0.707697    -0.239558    0.317048    0.588682    1.801022    2.271779    4.115966    4.777749    7.241181    8.092779    11.173531    12.214652    15.912170    17.142715    21.456790    22.876718    27.807257    29.416551    34.963506    36.769808    42.932617    
0.345575    -0.707655    -0.239945    0.319568    0.585582    1.805791    2.266533    4.122771    4.770474    7.250006    8.083485    11.184373    12.203342    15.925027    17.129390    21.471662    22.861378    27.824143    29.399197    34.982407    36.750441    42.953530    
0.347819    -0.707613    -0.240324    0.322093    0.582489    1.810566    2.261292    4.129582    4.763203    7.258836    8.074196    11.195219    12.192037    15.937889    17.116070    21.486538    22.846043    27.841034    29.381848    35.001312    36.731079    42.974448    
0.350063    -0.707571    -0.240695    0.324624    0.579403    1.815346    2.256056    4.136397    4.755938    7.267672    8.064912    11.206071    12.180737    15.950756    17.102755    21.501420    22.830713    27.857930    29.364504    35.020223    36.711723    42.995372    
0.352307    -0.707531    -0.241059    0.327160    0.576325    1.820131    2.250825    4.143217    4.748678    7.276512    8.055633    11.216927    12.169442    15.963627    17.089445    21.516306    22.815389    27.874831    29.347164    35.039138    36.692371    43.016300    
0.354551    -0.707491    -0.241414    0.329701    0.573254    1.824921    2.245600    4.150042    4.741423    7.285357    8.046359    11.227789    12.158152    15.976504    17.076140    21.531198    22.800069    27.891737    29.329830    35.058058    36.673024    43.037233    
0.356795    -0.707452    -0.241762    0.332247    0.570191    1.829716    2.240379    4.156873    4.734173    7.294207    8.037090    11.238655    12.146867    15.989386    17.062840    21.546094    22.784754    27.908648    29.312501    35.076984    36.653683    43.058171    
0.359039    -0.707414    -0.242101    0.334797    0.567136    1.834516    2.235164    4.163708    4.726928    7.303062    8.027826    11.249527    12.135587    16.002273    17.049545    21.560996    22.769445    27.925564    29.295177    35.095914    36.634346    43.079114    
0.361283    -0.707377    -0.242433    0.337353    0.564090    1.839322    2.229953    4.170549    4.719688    7.311923    8.018568    11.260404    12.124313    16.015165    17.036255    21.575903    22.754140    27.942485    29.277858    35.114850    36.615015    43.100063    
0.363527    -0.707340    -0.242756    0.339912    0.561051    1.844132    2.224748    4.177394    4.712453    7.320788    8.009314    11.271286    12.113043    16.028062    17.022970    21.590814    22.738841    27.959411    29.260544    35.133791    36.595688    43.121016    
0.365771    -0.707305    -0.243071    0.342476    0.558021    1.848948    2.219548    4.184245    4.705223    7.329659    8.000065    11.282172    12.101778    16.040964    17.009691    21.605731    22.723546    27.976343    29.243235    35.152736    36.576367    43.141974    
0.368015    -0.707270    -0.243379    0.345043    0.555000    1.853769    2.214353    4.191100    4.697998    7.338534    7.990822    11.293064    12.090519    16.053871    16.996416    21.620653    22.708257    27.993279    29.225931    35.171687    36.557050    43.162938    
0.370259    -0.707236    -0.243678    0.347615    0.551988    1.858595    2.209163    4.197961    4.690779    7.347415    7.981583    11.303961    12.079264    16.066783    16.983146    21.635580    22.692972    28.010220    29.208632    35.190643    36.537739    43.183906    
0.372503    -0.707203    -0.243969    0.350189    0.548984    1.863426    2.203978    4.204827    4.683564    7.356300    7.972350    11.314863    12.068014    16.079700    16.969881    21.650512    22.677693    28.027167    29.191339    35.209603    36.518433    43.204879    
0.374747    -0.707170    -0.244252    0.352767    0.545991    1.868262    2.198799    4.211698    4.676354    7.365191    7.963121    11.325770    12.056770    16.092622    16.956622    21.665449    22.662419    28.044118    29.174050    35.228569    36.499131    43.225858    
0.376991    -0.707139    -0.244526    0.355348    0.543007    1.873104    2.193624    4.218574    4.669150    7.374086    7.953898    11.336682    12.045530    16.105549    16.943367    21.680390    22.647149    28.061074    29.156766    35.247540    36.479835    43.246841    
0.379235    -0.707108    -0.244793    0.357930    0.540034    1.877951    2.188455    4.225455    4.661950    7.382987    7.944679    11.347599    12.034296    16.118482    16.930118    21.695337    22.631885    28.078036    29.139487    35.266516    36.460544    43.267830    
0.381479    -0.707079    -0.245051    0.360515    0.537071    1.882802    2.183291    4.232341    4.654756    7.391893    7.935466    11.358521    12.023066    16.131419    16.916873    21.710289    22.616626    28.095002    29.122214    35.285497    36.441258    43.288824    
0.383723    -0.707050    -0.245301    0.363101    0.534119    1.887659    2.178131    4.239232    4.647566    7.400804    7.926258    11.369448    12.011842    16.144361    16.903634    21.725246    22.601372    28.111974    29.104945    35.304483    36.421977    43.309822    
0.385967    -0.707022    -0.245543    0.365688    0.531179    1.892521    2.172977    4.246128    4.640382    7.409719    7.917054    11.380380    12.000623    16.157309    16.890399    21.740209    22.586123    28.128951    29.087681    35.323474    36.402700    43.330826    
0.388211    -0.706995    -0.245776    0.368275    0.528251    1.897388    2.167828    4.253029    4.633203    7.418640    7.907856    11.391318    11.989408    16.170261    16.877170    21.755176    22.570879    28.145932    29.070423    35.342470    36.383429    43.351835    
0.390455    -0.706969    -0.246001    0.370861    0.525337    1.902261    2.162685    4.259935    4.626028    7.427566    7.898663    11.402260    11.978199    16.183218    16.863945    21.770148    22.555639    28.162919    29.053169    35.361471    36.364163    43.372848    
0.392699    -0.706944    -0.246218    0.373446    0.522436    1.907138    2.157546    4.266847    4.618859    7.436497    7.889475    11.413207    11.966995    16.196181    16.850726    21.785125    22.540405    28.179911    29.035921    35.380477    36.344902    43.393867    
0.394943    -0.706919    -0.246426    0.376029    0.519550    1.912020    2.152412    4.273763    4.611695    7.445433    7.880292    11.424159    11.955796    16.209148    16.837512    21.800107    22.525176    28.196907    29.018677    35.399488    36.325646    43.414891    
0.397187    -0.706896    -0.246626    0.378609    0.516679    1.916908    2.147284    4.280684    4.604536    7.454374    7.871114    11.435117    11.944601    16.222121    16.824302    21.815094    22.509952    28.213909    29.001439    35.418504    36.306395    43.435920    
0.399431    -0.706874    -0.246817    0.381184    0.513825    1.921801    2.142160    4.287611    4.597382    7.463320    7.861941    11.446079    11.933412    16.235098    16.811098    21.830087    22.494734    28.230916    28.984205    35.437525    36.287150    43.456954    
0.401675    -0.706852    -0.247001    0.383753    0.510990    1.926699    2.137042    4.294542    4.590233    7.472271    7.852773    11.457046    11.922228    16.248081    16.797899    21.845084    22.479520    28.247928    28.966977    35.456552    36.267909    43.477993    
0.403919    -0.706832    -0.247175    0.386315    0.508175    1.931602    2.131929    4.301479    4.583089    7.481228    7.843610    11.468019    11.911049    16.261069    16.784705    21.860086    22.464311    28.264944    28.949754    35.475583    36.248673    43.499037    
0.406163    -0.706812    -0.247342    0.388867    0.505382    1.936510    2.126821    4.308421    4.575950    7.490189    7.834452    11.478996    11.899875    16.274061    16.771516    21.875094    22.449107    28.281966    28.932535    35.494619    36.229442    43.520086    
0.408407    -0.706794    -0.247499    0.391407    0.502613    1.941423    2.121718    4.315367    4.568817    7.499155    7.825299    11.489979    11.888706    16.287059    16.758331    21.890106    22.433908    28.298993    28.915322    35.513660    36.210216    43.541140    
0.410651    -0.706776    -0.247649    0.393933    0.499872    1.946342    2.116620    4.322319    4.561688    7.508126    7.816151    11.500967    11.877542    16.300062    16.745152    21.905124    22.418714    28.316025    28.898114    35.532707    36.190996    43.562199    
0.412895    -0.706760    -0.247790    0.396440    0.497160    1.951266    2.111527    4.329276    4.554564    7.517103    7.807008    11.511959    11.866383    16.313070    16.731978    21.920146    22.403526    28.333062    28.880911    35.551758    36.171780    43.583263    
0.415139    -0.706744    -0.247922    0.398925    0.494484    1.956194    2.106440    4.336238    4.547446    7.526084    7.797871    11.522957    11.855229    16.326082    16.718809    21.935174    22.388342    28.350104    28.863712    35.570815    36.152569    43.604332    
0.417383    -0.706730    -0.248046    0.401383    0.491846    1.961128    2.101357    4.343205    4.540332    7.535071    7.788738    11.533960    11.844081    16.339100    16.705645    21.950206    22.373163    28.367151    28.846519    35.589876    36.133364    43.625406    
0.419627    -0.706716    -0.248162    0.403809    0.489254    1.966067    2.096280    4.350177    4.533223    7.544062    7.779610    11.544967    11.832937    16.352123    16.692487    21.965244    22.357990    28.384204    28.829331    35.608943    36.114163    43.646485    
0.421871    -0.706703    -0.248268    0.406194    0.486715    1.971011    2.091208    4.357154    4.526120    7.553059    7.770488    11.555980    11.821798    16.365151    16.679333    21.980287    22.342821    28.401261    28.812148    35.628014    36.094968    43.667570    
0.424115    -0.706692    -0.248367    0.408530    0.484237    1.975960    2.086141    4.364136    4.519022    7.562060    7.761370    11.566998    11.810664    16.378184    16.666184    21.995334    22.327658    28.418323    28.794970    35.647091    36.075777    43.688659    
0.426359    -0.706681    -0.248457    0.410804    0.481832    1.980915    2.081079    4.371123    4.511928    7.571067    7.752258    11.578021    11.799536    16.391222    16.653040    22.010387    22.312499    28.435390    28.777797    35.666172    36.056592    43.709753    
0.428603    -0.706671    -0.248538    0.413004    0.479515    1.985874    2.076022    4.378115    4.504840    7.580078    7.743150    11.589049    11.788412    16.404265    16.639901    22.025445    22.297346    28.452462    28.760629    35.685259    36.037411    43.730853    
0.430847    -0.706663    -0.248611    0.415111    0.477303    1.990839    2.070970    4.385112    4.497757    7.589095    7.734048    11.600081    11.777294    16.417313    16.626768    22.040508    22.282197    28.469540    28.743466    35.704351    36.018236    43.751957    
0.433091    -0.706655    -0.248675    0.417104    0.475218    1.995809    2.065924    4.392115    4.490678    7.598117    7.724951    11.611119    11.766180    16.430366    16.613639    22.055575    22.267054    28.486622    28.726308    35.723447    35.999066    43.773067    
0.435335    -0.706649    -0.248731    0.418954    0.473288    2.000784    2.060882    4.399122    4.483605    7.607144    7.715858    11.622162    11.755072    16.443424    16.600515    22.070648    22.251916    28.503709    28.709156    35.742549    35.979900    43.794181    
0.437579    -0.706643    -0.248778    0.420629    0.471545    2.005764    2.055846    4.406135    4.476537    7.616175    7.706771    11.633210    11.743968    16.456488    16.587397    22.085726    22.236782    28.520802    28.692008    35.761656    35.960740    43.815301    
0.439823    -0.706638    -0.248816    0.422090    0.470028    2.010749    2.050814    4.413152    4.469474    7.625212    7.697689    11.644264    11.732870    16.469556    16.574283    22.100809    22.221654    28.537899    28.674865    35.780768    35.941585    43.836425    
0.442067    -0.706635    -0.248846    0.423294    0.468782    2.015739    2.045788    4.420175    4.462416    7.634254    7.688611    11.655322    11.721776    16.482629    16.561175    22.115897    22.206531    28.555002    28.657727    35.799885    35.922435    43.857555    
0.444311    -0.706632    -0.248868    0.424196    0.467849    2.020734    2.040767    4.427202    4.455363    7.643301    7.679539    11.666385    11.710688    16.495707    16.548071    22.130990    22.191413    28.572109    28.640595    35.819006    35.903290    43.878689    
0.446555    -0.706631    -0.248881    0.424756    0.467270    2.025735    2.035752    4.434235    4.448316    7.652353    7.670472    11.677453    11.699605    16.508791    16.534973    22.146088    22.176299    28.589222    28.623467    35.838133    35.884149    43.899829    
0.448799    -0.706630    -0.248885    0.424946    0.467074    2.030677    2.030804    4.441273    4.441273    7.661410    7.661410    11.688526    11.688526    16.521879    16.521879    22.161191    22.161191    28.606339    28.606344    35.857265    35.865014    43.920974    
