-2.094395
1.439734    -0.000000    -0.000000    -0.000000    -0.000047    -0.009931    -0.707037    -0.707037    -0.009931    -0.000047    -0.000000    -0.000000    
1.939632    -0.000000    -0.000000    -0.000000    -0.000049    -0.010218    -0.707033    0.707033    0.010218    0.000049    0.000000    0.000000    
19.240939    0.000000    0.000000    0.000014    0.005037    0.707019    -0.009931    -0.009931    0.707019    0.005037    0.000014    0.000000    
19.241041    -0.000000    -0.000000    -0.000014    -0.005037    -0.707015    0.010218    -0.010218    0.707015    0.005037    0.000014    0.000000    
54.331729    0.000000    0.000007    0.003358    0.707076    -0.005037    0.000024    0.000024    -0.005037    0.707085    0.003358    0.000007    
54.331729    -0.000000    -0.000007    -0.003358    -0.707085    0.005037    -0.000024    0.000024    -0.005037    0.707076    0.003358    0.000007    
106.969323    0.000006    0.003562    0.999982    -0.004749    0.000014    -0.000000    0.000000    0.000000    -0.000000    0.000000    0.000000    
106.969323    -0.000000    -0.000000    -0.000000    0.000000    -0.000000    0.000000    -0.000000    0.000014    -0.004749    0.999982    0.003562    
177.153057    0.002850    0.999990    -0.003562    0.000007    -0.000000    0.000000    -0.000000    0.000000    -0.000000    -0.000000    0.000000    
177.153770    -0.000000    -0.000000    0.000000    -0.000000    0.000000    -0.000000    0.000000    -0.000000    0.000007    -0.003562    0.999994    
264.883409    0.999996    -0.002850    0.000005    -0.000000    0.000000    -0.000000    0.000000    -0.000000    0.000000    -0.000000    0.000000    

-2.083923
1.438827    0.000000    0.000000    0.000000    0.000049    0.010394    0.737303    0.675416    0.009452    0.000045    0.000000    0.000000    
1.940648    0.000000    0.000000    0.000000    0.000047    0.009799    0.675411    -0.737300    -0.010616    -0.000051    -0.000000    -0.000000    
19.175254    0.000000    0.000000    0.000020    0.007133    0.999872    -0.014284    0.000199    0.000388    0.000003    0.000000    0.000000    
19.306836    -0.000000    -0.000000    -0.000000    -0.000003    -0.000383    0.000207    -0.014212    0.999874    0.007115    0.000020    0.000000    
54.222123    -0.000000    -0.000010    -0.004753    -0.999963    0.007133    -0.000034    0.000000    -0.000000    -0.000000    -0.000000    -0.000000    
54.441445    -0.000000    -0.000000    -0.000000    -0.000000    0.000000    -0.000000    0.000034    -0.007115    0.999963    0.004745    0.000010    
106.815851    -0.000006    -0.003564    -0.999982    0.004753    -0.000014    0.000000    -0.000000    0.000000    -0.000000    -0.000000    -0.000000    
107.122904    -0.000000    -0.000000    -0.000000    0.000000    -0.000000    0.000000    -0.000000    0.000014    -0.004745    0.999982    0.003560    
176.955720    0.002851    0.999990    -0.003564    0.000007    -0.000000    0.000000    -0.000000    0.000000    -0.000000    0.000000    0.000000    
177.351216    -0.000000    -0.000000    0.000000    -0.000000    0.000000    -0.000000    0.000000    -0.000000    0.000007    -0.003560    0.999994    
264.642207    -0.999996    0.002851    -0.000005    0.000000    -0.000000    0.000000    -0.000000    0.000000    -0.000000    0.000000    -0.000000    

-2.073451
1.436130    -0.000000    -0.000000    -0.000000    -0.000051    -0.010833    -0.765731    -0.643008    -0.008964    -0.000042    -0.000000    -0.000000    
1.943675    0.000000    0.000000    0.000000    0.000045    0.009366    0.643002    -0.765728    -0.010985    -0.000052    -0.000000    -0.000000    
19.109628    0.000000    0.000000    0.000020    0.007142    0.999872    -0.014319    0.000203    0.000196    0.000001    0.000000    0.000000    
19.372791    -0.000000    -0.000000    -0.000000    -0.000001    -0.000190    0.000203    -0.014177    0.999874    0.007106    0.000020    0.000000    
54.112627    0.000000    0.000010    0.004757    0.999963    -0.007142    0.000034    -0.000000    0.000000    0.000000    0.000000    0.000000    
54.551271    -0.000000    -0.000000    -0.000000    -0.000000    0.000000    -0.000000    0.000034    -0.007106    0.999964    0.004741    0.000010    
106.662488    -0.000006    -0.003567    -0.999982    0.004757    -0.000014    0.000000    -0.000000    0.000000    -0.000000    -0.000000    -0.000000    
107.276595    -0.000000    -0.000000    -0.000000    0.000000    -0.000000    0.000000    -0.000000    0.000013    -0.004741    0.999982    0.003558    
176.758493    0.002852    0.999990    -0.003567    0.000007    -0.000000    0.000000    -0.000000    0.000000    -0.000000    0.000000    0.000000    
177.548772    -0.000000    -0.000000    0.000000    -0.000000    0.000000    -0.000000    0.000000    -0.000000    0.000007    -0.003558    0.999994    
264.401115    -0.999996    0.002852    -0.000005    0.000000    -0.000000    0.000000    -0.000000    0.000000    -0.000000    0.000000    -0.000000    

-2.062979
1.431705    -0.000000    -0.000000    -0.000000    -0.000053    -0.011243    -0.791964    -0.610405    -0.008476    -0.000040    -0.000000    -0.000000    
1.948648    0.000000    0.000000    0.000000    0.000043    0.008928    0.610399    -0.791963    -0.011322    -0.000054    -0.000000    -0.000000    
19.044112    0.000000    0.000000    0.000020    0.007151    0.999871    -0.014356    0.000206    0.000131    0.000001    0.000000    0.000000    
19.438856    -0.000000    -0.000000    -0.000000    -0.000001    -0.000126    0.000200    -0.014142    0.999875    0.007097    0.000020    0.000000    
54.003240    -0.000000    -0.000010    -0.004761    -0.999963    0.007151    -0.000034    0.000000    -0.000000    -0.000000    -0.000000    -0.000000    
54.661206    -0.000000    -0.000000    -0.000000    -0.000000    0.000000    -0.000000    0.000034    -0.007097    0.999964    0.004738    0.000010    
106.509236    0.000006    0.003569    0.999982    -0.004761    0.000014    -0.000000    0.000000    -0.000000    0.000000    0.000000    0.000000    
107.430396    -0.000000    -0.000000    -0.000000    0.000000    -0.000000    0.000000    -0.000000    0.000013    -0.004738    0.999982    0.003555    
176.561375    0.002854    0.999990    -0.003569    0.000007    -0.000000    0.000000    -0.000000    0.000000    -0.000000    0.000000    0.000000    
177.746438    -0.000000    -0.000000    0.000000    -0.000000    0.000000    -0.000000    0.000000    -0.000000    0.000007    -0.003555    0.999994    
264.160132    -0.999996    0.002854    -0.000005    0.000000    -0.000000    0.000000    -0.000000    0.000000    -0.000000    0.000000    -0.000000    

-2.052507
1.425650    -0.000000    -0.000000    -0.000000    -0.000055    -0.011621    -0.815792    -0.578174    -0.007996    -0.000037    -0.000000    -0.000000    
1.955470    -0.000000    -0.000000    -0.000000    -0.000041    -0.008492    -0.578167    0.815792    0.011623    0.000055    0.000000    0.000000    
18.978705    0.000000    0.000000    0.000020    0.007160    0.999871    -0.014392    0.000208    0.000099    0.000001    0.000000    0.000000    
19.505030    -0.000000    -0.000000    -0.000000    -0.000001    -0.000094    0.000198    -0.014107    0.999875    0.007088    0.000020    0.000000    
53.893962    0.000000    0.000010    0.004765    0.999963    -0.007160    0.000034    -0.000000    0.000000    0.000000    0.000000    0.000000    
54.771251    -0.000000    -0.000000    -0.000000    -0.000000    0.000000    -0.000000    0.000033    -0.007089    0.999964    0.004734    0.000010    
106.356093    -0.000006    -0.003571    -0.999982    0.004765    -0.000014    0.000000    -0.000000    0.000000    -0.000000    -0.000000    -0.000000    
107.584307    -0.000000    -0.000000    -0.000000    0.000000    -0.000000    0.000000    -0.000000    0.000013    -0.004734    0.999982    0.003553    
176.364367    -0.002855    -0.999990    0.003571    -0.000007    0.000000    -0.000000    0.000000    -0.000000    0.000000    -0.000000    -0.000000    
177.944213    -0.000000    -0.000000    0.000000    -0.000000    0.000000    -0.000000    0.000000    -0.000000    0.000007    -0.003553    0.999994    
263.919259    -0.999996    0.002855    -0.000005    0.000000    -0.000000    0.000000    -0.000000    0.000000    -0.000000    0.000000    -0.000000    

-2.042035
1.418088    -0.000000    -0.000000    -0.000000    -0.000057    -0.011964    -0.837144    -0.546800    -0.007532    -0.000035    -0.000000    -0.000000    
1.964019    -0.000000    -0.000000    -0.000000    -0.000039    -0.008067    -0.546792    0.837145    0.011888    0.000056    0.000000    0.000000    
18.913408    0.000000    0.000000    0.000021    0.007169    0.999870    -0.014428    0.000210    0.000080    0.000001    0.000000    0.000000    
19.571315    -0.000000    -0.000000    -0.000000    -0.000001    -0.000074    0.000197    -0.014072    0.999876    0.007080    0.000020    0.000000    
53.784795    0.000000    0.000010    0.004769    0.999963    -0.007169    0.000034    -0.000000    0.000000    0.000000    0.000000    0.000000    
54.881405    -0.000000    -0.000000    -0.000000    -0.000000    0.000000    -0.000000    0.000033    -0.007080    0.999964    0.004730    0.000010    
106.203060    -0.000006    -0.003573    -0.999982    0.004769    -0.000014    0.000000    -0.000000    0.000000    -0.000000    -0.000000    -0.000000    
107.738327    -0.000000    -0.000000    -0.000000    0.000000    -0.000000    0.000000    -0.000000    0.000013    -0.004730    0.999983    0.003551    
176.167469    -0.002857    -0.999990    0.003573    -0.000007    0.000000    -0.000000    0.000000    -0.000000    0.000000    -0.000000    -0.000000    
178.142098    -0.000000    -0.000000    0.000000    -0.000000    0.000000    -0.000000    0.000000    -0.000000    0.000007    -0.003551    0.999994    
263.678496    -0.999996    0.002857    -0.000005    0.000000    -0.000000    0.000000    -0.000000    0.000000    -0.000000    0.000000    -0.000000    

-2.031563
1.409157    -0.000000    -0.000000    -0.000000    -0.000059    -0.012274    -0.856070    -0.516666    -0.007087    -0.000033    -0.000000    -0.000000    
1.974155    -0.000000    -0.000000    -0.000000    -0.000037    -0.007656    -0.516658    0.856072    0.012118    0.000057    0.000000    0.000000    
18.848221    0.000000    0.000000    0.000021    0.007178    0.999870    -0.014465    0.000211    0.000067    0.000000    0.000000    0.000000    
19.637709    -0.000000    -0.000000    -0.000000    -0.000000    -0.000061    0.000195    -0.014037    0.999876    0.007071    0.000020    0.000000    
53.675737    0.000000    0.000010    0.004773    0.999963    -0.007178    0.000034    -0.000000    0.000000    0.000000    0.000000    0.000000    
54.991669    -0.000000    -0.000000    -0.000000    -0.000000    0.000000    -0.000000    0.000033    -0.007071    0.999964    0.004726    0.000010    
106.050136    -0.000006    -0.003575    -0.999982    0.004773    -0.000014    0.000000    -0.000000    0.000000    -0.000000    -0.000000    -0.000000    
107.892457    -0.000000    -0.000000    -0.000000    0.000000    -0.000000    0.000000    -0.000000    0.000013    -0.004726    0.999983    0.003549    
175.970680    -0.002858    -0.999990    0.003575    -0.000007    0.000000    -0.000000    0.000000    -0.000000    0.000000    -0.000000    -0.000000    
178.340093    -0.000000    -0.000000    0.000000    -0.000000    0.000000    -0.000000    0.000000    -0.000000    0.000007    -0.003549    0.999994    
263.437843    -0.999996    0.002858    -0.000005    0.000000    -0.000000    0.000000    -0.000000    0.000000    -0.000000    0.000000    -0.000000    

-2.021091
1.399002    -0.000000    -0.000000    -0.000000    -0.000060    -0.012552    -0.872704    -0.488043    -0.006666    -0.000031    -0.000000    -0.000000    
1.985736    -0.000000    -0.000000    -0.000000    -0.000035    -0.007265    -0.488034    0.872707    0.012316    0.000058    0.000000    0.000000    
18.783143    0.000000    0.000000    0.000021    0.007187    0.999869    -0.014502    0.000213    0.000058    0.000000    0.000000    0.000000    
19.704213    -0.000000    -0.000000    -0.000000    -0.000000    -0.000052    0.000193    -0.014003    0.999877    0.007062    0.000020    0.000000    
53.566789    0.000000    0.000010    0.004777    0.999963    -0.007187    0.000035    -0.000000    0.000000    0.000000    0.000000    0.000000    
55.102043    -0.000000    -0.000000    -0.000000    -0.000000    0.000000    -0.000000    0.000033    -0.007062    0.999964    0.004722    0.000010    
105.897322    -0.000006    -0.003578    -0.999982    0.004777    -0.000014    0.000000    -0.000000    0.000000    -0.000000    -0.000000    -0.000000    
108.046697    -0.000000    -0.000000    -0.000000    0.000000    -0.000000    0.000000    -0.000000    0.000013    -0.004722    0.999983    0.003547    
175.774001    -0.002860    -0.999990    0.003578    -0.000007    0.000000    -0.000000    0.000000    -0.000000    0.000000    -0.000000    -0.000000    
178.538197    -0.000000    -0.000000    0.000000    -0.000000    0.000000    -0.000000    0.000000    -0.000000    0.000007    -0.003547    0.999994    
263.197299    -0.999996    0.002860    -0.000005    0.000000    -0.000000    0.000000    -0.000000    0.000000    -0.000000    0.000000    -0.000000    

-2.010619
1.387764    -0.000000    -0.000000    -0.000000    -0.000061    -0.012801    -0.887237    -0.461094    -0.006272    -0.000029    -0.000000    -0.000000    
1.998618    -0.000000    -0.000000    -0.000000    -0.000034    -0.006896    -0.461085    0.887241    0.012483    0.000059    0.000000    0.000000    
18.718175    0.000000    0.000000    0.000021    0.007196    0.999868    -0.014539    0.000215    0.000051    0.000000    0.000000    0.000000    
19.770826    -0.000000    -0.000000    -0.000000    -0.000000    -0.000045    0.000192    -0.013969    0.999878    0.007053    0.000020    0.000000    
53.457950    0.000000    0.000010    0.004781    0.999963    -0.007196    0.000035    -0.000000    0.000000    0.000000    0.000000    0.000000    
55.212527    -0.000000    -0.000000    -0.000000    -0.000000    0.000000    -0.000000    0.000033    -0.007053    0.999964    0.004718    0.000010    
105.744618    -0.000006    -0.003580    -0.999982    0.004781    -0.000014    0.000000    -0.000000    0.000000    -0.000000    -0.000000    -0.000000    
108.201046    -0.000000    -0.000000    -0.000000    0.000000    -0.000000    0.000000    -0.000000    0.000013    -0.004718    0.999983    0.003544    
175.577431    -0.002861    -0.999989    0.003580    -0.000007    0.000000    -0.000000    0.000000    -0.000000    0.000000    -0.000000    -0.000000    
178.736411    -0.000000    -0.000000    0.000000    -0.000000    0.000000    -0.000000    0.000000    -0.000000    0.000007    -0.003544    0.999994    
262.956865    -0.999996    0.002861    -0.000005    0.000000    -0.000000    0.000000    -0.000000    0.000000    -0.000000    0.000000    -0.000000    

-2.000147
1.375579    -0.000000    -0.000000    -0.000000    -0.000063    -0.013023    -0.899884    -0.435894    -0.005904    -0.000027    -0.000000    -0.000000    
2.012666    -0.000000    -0.000000    -0.000000    -0.000032    -0.006550    -0.435885    0.899890    0.012623    0.000059    0.000000    0.000000    
18.653317    0.000000    0.000000    0.000021    0.007205    0.999868    -0.014576    0.000217    0.000046    0.000000    0.000000    0.000000    
19.837549    -0.000000    -0.000000    -0.000000    -0.000000    -0.000040    0.000191    -0.013934    0.999878    0.007045    0.000020    0.000000    
53.349221    0.000000    0.000010    0.004785    0.999963    -0.007205    0.000035    -0.000000    0.000000    0.000000    0.000000    0.000000    
55.323120    -0.000000    -0.000000    -0.000000    -0.000000    0.000000    -0.000000    0.000033    -0.007045    0.999964    0.004714    0.000010    
105.592023    -0.000006    -0.003582    -0.999982    0.004785    -0.000014    0.000000    -0.000000    0.000000    -0.000000    -0.000000    -0.000000    
108.355505    -0.000000    -0.000000    -0.000000    0.000000    -0.000000    0.000000    -0.000000    0.000013    -0.004714    0.999983    0.003542    
175.380972    -0.002863    -0.999989    0.003582    -0.000007    0.000000    -0.000000    0.000000    -0.000000    0.000000    -0.000000    -0.000000    
178.934735    -0.000000    -0.000000    0.000000    -0.000000    0.000000    -0.000000    0.000000    -0.000000    0.000007    -0.003542    0.999994    
262.716540    -0.999996    0.002863    -0.000005    0.000000    -0.000000    0.000000    -0.000000    0.000000    -0.000000    0.000000    -0.000000    

-1.989675
1.362573    -0.000000    -0.000000    -0.000000    -0.000064    -0.013222    -0.910868    -0.412449    -0.005562    -0.000026    -0.000000    -0.000000    
2.027755    -0.000000    -0.000000    -0.000000    -0.000030    -0.006227    -0.412440    0.910875    0.012740    0.000060    0.000000    0.000000    
18.588568    0.000000    0.000000    0.000021    0.007214    0.999867    -0.014613    0.000219    0.000042    0.000000    0.000000    0.000000    
19.904382    -0.000000    -0.000000    -0.000000    -0.000000    -0.000036    0.000189    -0.013900    0.999879    0.007036    0.000020    0.000000    
53.240602    -0.000000    -0.000010    -0.004789    -0.999963    0.007214    -0.000035    0.000000    -0.000000    -0.000000    -0.000000    -0.000000    
55.433823    -0.000000    -0.000000    -0.000000    -0.000000    0.000000    -0.000000    0.000033    -0.007036    0.999964    0.004710    0.000010    
105.439538    0.000006    0.003584    0.999982    -0.004789    0.000014    -0.000000    0.000000    -0.000000    0.000000    0.000000    0.000000    
108.510073    -0.000000    -0.000000    -0.000000    0.000000    -0.000000    0.000000    -0.000000    0.000013    -0.004710    0.999983    0.003540    
175.184622    -0.002864    -0.999989    0.003584    -0.000007    0.000000    -0.000000    0.000000    -0.000000    0.000000    -0.000000    -0.000000    
179.133168    -0.000000    -0.000000    0.000000    -0.000000    0.000000    -0.000000    0.000000    -0.000000    0.000007    -0.003540    0.999994    
262.476325    -0.999996    0.002864    -0.000005    0.000000    -0.000000    0.000000    -0.000000    0.000000    -0.000000    0.000000    -0.000000    

-1.979203
1.348857    -0.000000    -0.000000    -0.000000    -0.000065    -0.013400    -0.920400    -0.390713    -0.005246    -0.000024    -0.000000    -0.000000    
2.043773    -0.000000    -0.000000    -0.000000    -0.000029    -0.005928    -0.390704    0.920408    0.012837    0.000060    0.000000    0.000000    
18.523930    0.000000    0.000000    0.000021    0.007223    0.999867    -0.014651    0.000220    0.000038    0.000000    0.000000    0.000000    
19.971324    -0.000000    -0.000000    -0.000000    -0.000000    -0.000032    0.000188    -0.013867    0.999879    0.007027    0.000020    0.000000    
53.132093    -0.000000    -0.000010    -0.004793    -0.999962    0.007223    -0.000035    0.000000    -0.000000    -0.000000    -0.000000    -0.000000    
55.544635    -0.000000    -0.000000    -0.000000    -0.000000    0.000000    -0.000000    0.000033    -0.007027    0.999964    0.004706    0.000010    
105.287163    0.000006    0.003587    0.999982    -0.004793    0.000014    -0.000000    0.000000    -0.000000    0.000000    0.000000    0.000000    
108.664751    -0.000000    -0.000000    -0.000000    0.000000    -0.000000    0.000000    -0.000000    0.000013    -0.004706    0.999983    0.003538    
174.988381    -0.002865    -0.999989    0.003587    -0.000007    0.000000    -0.000000    0.000000    -0.000000    0.000000    -0.000000    -0.000000    
179.331711    -0.000000    -0.000000    0.000000    -0.000000    0.000000    -0.000000    0.000000    -0.000000    0.000007    -0.003538    0.999994    
262.236220    -0.999996    0.002865    -0.000005    0.000000    -0.000000    0.000000    -0.000000    0.000000    -0.000000    0.000000    -0.000000    

-1.968731
1.334534    -0.000000    -0.000000    -0.000000    -0.000066    -0.013560    -0.928677    -0.370608    -0.004954    -0.000023    -0.000000    -0.000000    
2.060618    -0.000000    -0.000000    -0.000000    -0.000028    -0.005651    -0.370598    0.928686    0.012916    0.000060    0.000000    0.000000    
18.459400    0.000000    0.000000    0.000021    0.007232    0.999866    -0.014689    0.000222    0.000035    0.000000    0.000000    0.000000    
20.038377    -0.000000    -0.000000    -0.000000    -0.000000    -0.000029    0.000186    -0.013833    0.999880    0.007018    0.000020    0.000000    
53.023693    -0.000000    -0.000010    -0.004797    -0.999962    0.007232    -0.000035    0.000000    -0.000000    -0.000000    -0.000000    -0.000000    
55.655558    -0.000000    -0.000000    -0.000000    -0.000000    0.000000    -0.000000    0.000033    -0.007019    0.999964    0.004702    0.000009    
105.134897    0.000006    0.003589    0.999982    -0.004797    0.000014    -0.000000    0.000000    -0.000000    0.000000    0.000000    0.000000    
108.819539    -0.000000    -0.000000    -0.000000    0.000000    -0.000000    0.000000    -0.000000    0.000013    -0.004702    0.999983    0.003536    
174.792250    -0.002867    -0.999989    0.003589    -0.000007    0.000000    -0.000000    0.000000    -0.000000    0.000000    -0.000000    -0.000000    
179.530364    -0.000000    -0.000000    0.000000    -0.000000    0.000000    -0.000000    0.000000    -0.000000    0.000007    -0.003536    0.999994    
261.996225    -0.999996    0.002867    -0.000005    0.000000    -0.000000    0.000000    -0.000000    0.000000    -0.000000    0.000000    -0.000000    

-1.958259
1.319690    -0.000000    -0.000000    -0.000000    -0.000066    -0.013705    -0.935875    -0.352036    -0.004686    -0.000022    -0.000000    -0.000000    
2.078202    -0.000000    -0.000000    -0.000000    -0.000027    -0.005395    -0.352025    0.935885    0.012981    0.000060    0.000000    0.000000    
18.394981    0.000000    0.000000    0.000021    0.007241    0.999865    -0.014727    0.000224    0.000033    0.000000    0.000000    0.000000    
20.105539    -0.000000    -0.000000    -0.000000    -0.000000    -0.000027    0.000185    -0.013799    0.999880    0.007010    0.000020    0.000000    
52.915403    -0.000000    -0.000010    -0.004801    -0.999962    0.007242    -0.000035    0.000000    -0.000000    -0.000000    -0.000000    -0.000000    
55.766589    -0.000000    -0.000000    -0.000000    -0.000000    0.000000    -0.000000    0.000033    -0.007010    0.999964    0.004698    0.000009    
104.982741    0.000006    0.003591    0.999982    -0.004801    0.000014    -0.000000    0.000000    -0.000000    0.000000    0.000000    0.000000    
108.974437    -0.000000    -0.000000    -0.000000    0.000000    -0.000000    0.000000    -0.000000    0.000013    -0.004698    0.999983    0.003533    
174.596229    -0.002868    -0.999989    0.003591    -0.000007    0.000000    -0.000000    0.000000    -0.000000    0.000000    -0.000000    -0.000000    
179.729126    -0.000000    -0.000000    0.000000    -0.000000    0.000000    -0.000000    0.000000    -0.000000    0.000007    -0.003533    0.999994    
261.756339    -0.999996    0.002868    -0.000005    0.000000    -0.000000    0.000000    -0.000000    0.000000    -0.000000    0.000000    -0.000000    

-1.947787
1.304404    -0.000000    -0.000000    -0.000000    -0.000067    -0.013836    -0.942146    -0.334888    -0.004438    -0.000020    -0.000000    -0.000000    
2.096448    -0.000000    -0.000000    -0.000000    -0.000025    -0.005158    -0.334877    0.942158    0.013032    0.000061    0.000000    0.000000    
18.330671    0.000000    0.000000    0.000021    0.007251    0.999865    -0.014765    0.000226    0.000031    0.000000    0.000000    0.000000    
20.172810    -0.000000    -0.000000    -0.000000    -0.000000    -0.000025    0.000184    -0.013766    0.999881    0.007001    0.000020    0.000000    
52.807222    -0.000000    -0.000010    -0.004805    -0.999962    0.007251    -0.000035    0.000000    -0.000000    -0.000000    -0.000000    -0.000000    
55.877731    -0.000000    -0.000000    -0.000000    -0.000000    0.000000    -0.000000    0.000032    -0.007001    0.999964    0.004695    0.000009    
104.830695    0.000006    0.003593    0.999982    -0.004805    0.000014    -0.000000    0.000000    -0.000000    0.000000    0.000000    0.000000    
109.129444    -0.000000    -0.000000    -0.000000    0.000000    -0.000000    0.000000    -0.000000    0.000013    -0.004695    0.999983    0.003531    
174.400318    -0.002870    -0.999989    0.003593    -0.000007    0.000000    -0.000000    0.000000    -0.000000    0.000000    -0.000000    -0.000000    
179.927998    -0.000000    -0.000000    0.000000    -0.000000    0.000000    -0.000000    0.000000    -0.000000    0.000007    -0.003531    0.999994    
261.516563    -0.999996    0.002870    -0.000005    0.000000    -0.000000    0.000000    -0.000000    0.000000    -0.000000    0.000000    -0.000000    

-1.937315
1.288742    0.000000    0.000000    0.000000    0.000068    0.013956    0.947625    0.319053    0.004209    0.000019    0.000000    0.000000    
2.115288    -0.000000    -0.000000    -0.000000    -0.000024    -0.004939    -0.319043    0.947637    0.013073    0.000061    0.000000    0.000000    
18.266471    0.000000    0.000000    0.000021    0.007260    0.999864    -0.014803    0.000228    0.000029    0.000000    0.000000    0.000000    
20.240192    -0.000000    -0.000000    -0.000000    -0.000000    -0.000023    0.000182    -0.013733    0.999881    0.006993    0.000020    0.000000    
52.699151    0.000000    0.000010    0.004809    0.999962    -0.007260    0.000035    -0.000000    0.000000    0.000000    0.000000    0.000000    
55.988982    -0.000000    -0.000000    -0.000000    -0.000000    0.000000    -0.000000    0.000032    -0.006993    0.999965    0.004691    0.000009    
104.678758    0.000006    0.003596    0.999982    -0.004810    0.000014    -0.000000    0.000000    -0.000000    0.000000    0.000000    0.000000    
109.284561    -0.000000    -0.000000    -0.000000    0.000000    -0.000000    0.000000    -0.000000    0.000013    -0.004691    0.999983    0.003529    
174.204516    -0.002871    -0.999989    0.003596    -0.000007    0.000000    -0.000000    0.000000    -0.000000    0.000000    -0.000000    -0.000000    
180.126980    -0.000000    -0.000000    0.000000    -0.000000    0.000000    -0.000000    0.000000    -0.000000    0.000007    -0.003529    0.999994    
261.276896    -0.999996    0.002871    -0.000005    0.000000    -0.000000    0.000000    -0.000000    0.000000    -0.000000    0.000000    -0.000000    

-1.926843
1.272763    0.000000    0.000000    0.000000    0.000069    0.014067    0.952425    0.304423    0.003999    0.000018    0.000000    0.000000    
2.134665    -0.000000    -0.000000    -0.000000    -0.000023    -0.004737    -0.304413    0.952438    0.013104    0.000061    0.000000    0.000000    
18.202381    0.000000    0.000000    0.000021    0.007269    0.999863    -0.014842    0.000229    0.000027    0.000000    0.000000    0.000000    
20.307683    -0.000000    -0.000000    -0.000000    -0.000000    -0.000021    0.000181    -0.013700    0.999882    0.006984    0.000020    0.000000    
52.591190    0.000000    0.000010    0.004814    0.999962    -0.007269    0.000035    -0.000000    0.000000    0.000000    0.000000    0.000000    
56.100343    -0.000000    -0.000000    -0.000000    -0.000000    0.000000    -0.000000    0.000032    -0.006984    0.999965    0.004687    0.000009    
104.526931    0.000006    0.003598    0.999982    -0.004814    0.000014    -0.000000    0.000000    -0.000000    0.000000    0.000000    0.000000    
109.439787    -0.000000    -0.000000    -0.000000    0.000000    -0.000000    0.000000    -0.000000    0.000013    -0.004687    0.999983    0.003527    
174.008824    -0.002873    -0.999989    0.003598    -0.000007    0.000000    -0.000000    0.000000    -0.000000    0.000000    -0.000000    -0.000000    
180.326071    -0.000000    -0.000000    0.000000    -0.000000    0.000000    -0.000000    0.000000    -0.000000    0.000007    -0.003527    0.999994    
261.037339    -0.999996    0.002873    -0.000005    0.000000    -0.000000    0.000000    -0.000000    0.000000    -0.000000    0.000000    -0.000000    

-1.916372
1.256517    0.000000    0.000000    0.000000    0.000069    0.014169    0.956643    0.290894    0.003804    0.000017    0.000000    0.000000    
2.154528    -0.000000    -0.000000    -0.000000    -0.000023    -0.004551    -0.290884    0.956658    0.013128    0.000061    0.000000    0.000000    
18.138401    0.000000    0.000000    0.000021    0.007278    0.999863    -0.014880    0.000231    0.000026    0.000000    0.000000    0.000000    
20.375283    -0.000000    -0.000000    -0.000000    -0.000000    -0.000020    0.000180    -0.013667    0.999882    0.006976    0.000020    0.000000    
52.483338    0.000000    0.000010    0.004818    0.999962    -0.007279    0.000036    -0.000000    0.000000    0.000000    0.000000    0.000000    
56.211814    -0.000000    -0.000000    -0.000000    -0.000000    0.000000    -0.000000    0.000032    -0.006976    0.999965    0.004683    0.000009    
104.375214    0.000006    0.003600    0.999982    -0.004818    0.000014    -0.000000    0.000000    -0.000000    0.000000    0.000000    0.000000    
109.595124    -0.000000    -0.000000    -0.000000    0.000000    -0.000000    0.000000    -0.000000    0.000013    -0.004683    0.999983    0.003525    
173.813241    -0.002874    -0.999989    0.003600    -0.000007    0.000000    -0.000000    0.000000    -0.000000    0.000000    -0.000000    -0.000000    
180.525272    -0.000000    -0.000000    0.000000    -0.000000    0.000000    -0.000000    0.000000    -0.000000    0.000007    -0.003525    0.999994    
260.797892    -0.999996    0.002874    -0.000005    0.000000    -0.000000    0.000000    -0.000000    0.000000    -0.000000    0.000000    -0.000000    

-1.905900
1.240049    0.000000    0.000000    0.000000    0.000070    0.014264    0.960362    0.278369    0.003625    0.000016    0.000000    0.000000    
2.174834    -0.000000    -0.000000    -0.000000    -0.000022    -0.004378    -0.278358    0.960378    0.013145    0.000061    0.000000    0.000000    
18.074530    0.000000    0.000000    0.000021    0.007288    0.999862    -0.014919    0.000233    0.000025    0.000000    0.000000    0.000000    
20.442994    -0.000000    -0.000000    -0.000000    -0.000000    -0.000019    0.000178    -0.013634    0.999883    0.006967    0.000020    0.000000    
52.375597    0.000000    0.000010    0.004822    0.999962    -0.007288    0.000036    -0.000000    0.000000    0.000000    0.000000    0.000000    
56.323394    -0.000000    -0.000000    -0.000000    -0.000000    0.000000    -0.000000    0.000032    -0.006967    0.999965    0.004679    0.000009    
104.223607    0.000006    0.003603    0.999982    -0.004822    0.000014    -0.000000    0.000000    -0.000000    0.000000    0.000000    0.000000    
109.750569    -0.000000    -0.000000    -0.000000    0.000000    -0.000000    0.000000    -0.000000    0.000013    -0.004679    0.999983    0.003522    
173.617769    -0.002876    -0.999989    0.003603    -0.000007    0.000000    -0.000000    0.000000    -0.000000    0.000000    -0.000000    -0.000000    
180.724583    -0.000000    -0.000000    0.000000    -0.000000    0.000000    -0.000000    0.000000    -0.000000    0.000007    -0.003522    0.999994    
260.558554    -0.999996    0.002876    -0.000005    0.000000    -0.000000    0.000000    -0.000000    0.000000    -0.000000    0.000000    -0.000000    

-1.895428
1.223395    0.000000    0.000000    0.000000    0.000070    0.014354    0.963651    0.266756    0.003458    0.000016    0.000000    0.000000    
2.195544    -0.000000    -0.000000    -0.000000    -0.000021    -0.004217    -0.266745    0.963668    0.013156    0.000061    0.000000    0.000000    
18.010769    0.000000    0.000000    0.000021    0.007297    0.999861    -0.014959    0.000235    0.000024    0.000000    0.000000    0.000000    
20.510814    -0.000000    -0.000000    -0.000000    -0.000000    -0.000018    0.000177    -0.013602    0.999883    0.006959    0.000019    0.000000    
52.267964    0.000000    0.000010    0.004826    0.999962    -0.007297    0.000036    -0.000000    0.000000    0.000000    0.000000    0.000000    
56.435084    -0.000000    -0.000000    -0.000000    -0.000000    0.000000    -0.000000    0.000032    -0.006959    0.999965    0.004675    0.000009    
104.072109    0.000006    0.003605    0.999982    -0.004826    0.000014    -0.000000    0.000000    -0.000000    0.000000    0.000000    0.000000    
109.906125    -0.000000    -0.000000    -0.000000    0.000000    -0.000000    0.000000    -0.000000    0.000013    -0.004675    0.999983    0.003520    
173.422406    -0.002877    -0.999989    0.003605    -0.000007    0.000000    -0.000000    0.000000    -0.000000    0.000000    -0.000000    -0.000000    
180.924003    -0.000000    -0.000000    0.000000    -0.000000    0.000000    -0.000000    0.000000    -0.000000    0.000007    -0.003520    0.999994    
260.319326    -0.999996    0.002877    -0.000005    0.000000    -0.000000    0.000000    -0.000000    0.000000    -0.000000    0.000000    -0.000000    

-1.884956
1.206588    0.000000    0.000000    0.000000    0.000071    0.014437    0.966570    0.255974    0.003304    0.000015    0.000000    0.000000    
2.216625    -0.000000    -0.000000    -0.000000    -0.000020    -0.004069    -0.255963    0.966588    0.013162    0.000061    0.000000    0.000000    
17.947117    0.000000    0.000000    0.000021    0.007306    0.999861    -0.014998    0.000237    0.000023    0.000000    0.000000    0.000000    
20.578744    -0.000000    -0.000000    -0.000000    -0.000000    -0.000017    0.000176    -0.013569    0.999884    0.006950    0.000019    0.000000    
52.160442    0.000000    0.000010    0.004830    0.999962    -0.007307    0.000036    -0.000000    0.000000    0.000000    0.000000    0.000000    
56.546883    -0.000000    -0.000000    -0.000000    -0.000000    0.000000    -0.000000    0.000032    -0.006950    0.999965    0.004672    0.000009    
103.920720    0.000006    0.003607    0.999982    -0.004830    0.000014    -0.000000    0.000000    -0.000000    0.000000    0.000000    0.000000    
110.061790    -0.000000    -0.000000    -0.000000    0.000000    -0.000000    0.000000    -0.000000    0.000013    -0.004672    0.999983    0.003518    
173.227152    -0.002878    -0.999989    0.003607    -0.000007    0.000000    -0.000000    0.000000    -0.000000    0.000000    -0.000000    -0.000000    
181.123533    -0.000000    -0.000000    0.000000    -0.000000    0.000000    -0.000000    0.000000    -0.000000    0.000007    -0.003518    0.999994    
260.080208    -0.999996    0.002878    -0.000005    0.000000    -0.000000    0.000000    -0.000000    0.000000    -0.000000    0.000000    -0.000000    

-1.874484
1.189657    0.000000    0.000000    0.000000    0.000071    0.014517    0.969169    0.245948    0.003161    0.000014    0.000000    0.000000    
2.238051    -0.000000    -0.000000    -0.000000    -0.000020    -0.003931    -0.245937    0.969189    0.013164    0.000060    0.000000    0.000000    
17.883575    0.000000    0.000000    0.000021    0.007316    0.999860    -0.015038    0.000239    0.000022    0.000000    0.000000    0.000000    
20.646783    -0.000000    -0.000000    -0.000000    -0.000000    -0.000016    0.000175    -0.013537    0.999884    0.006942    0.000019    0.000000    
52.053029    0.000000    0.000010    0.004834    0.999962    -0.007316    0.000036    -0.000000    0.000000    0.000000    0.000000    0.000000    
56.658792    -0.000000    -0.000000    -0.000000    -0.000000    0.000000    -0.000000    0.000032    -0.006942    0.999965    0.004668    0.000009    
103.769442    0.000006    0.003609    0.999982    -0.004834    0.000014    -0.000000    0.000000    -0.000000    0.000000    0.000000    0.000000    
110.217565    -0.000000    -0.000000    -0.000000    0.000000    -0.000000    0.000000    -0.000000    0.000013    -0.004668    0.999983    0.003516    
173.032008    -0.002880    -0.999989    0.003609    -0.000007    0.000000    -0.000000    0.000000    -0.000000    0.000000    -0.000000    -0.000000    
181.323173    -0.000000    -0.000000    0.000000    -0.000000    0.000000    -0.000000    0.000000    -0.000000    0.000007    -0.003516    0.999994    
259.841200    -0.999996    0.002880    -0.000005    0.000000    -0.000000    0.000000    -0.000000    0.000000    -0.000000    0.000000    -0.000000    

-1.864012
1.172627    0.000000    0.000000    0.000000    0.000072    0.014592    0.971491    0.236609    0.003027    0.000014    0.000000    0.000000    
2.259795    -0.000000    -0.000000    -0.000000    -0.000019    -0.003802    -0.236598    0.971511    0.013162    0.000060    0.000000    0.000000    
17.820143    0.000000    0.000000    0.000021    0.007325    0.999859    -0.015077    0.000241    0.000021    0.000000    0.000000    0.000000    
20.714932    -0.000000    -0.000000    -0.000000    -0.000000    -0.000015    0.000174    -0.013505    0.999885    0.006933    0.000019    0.000000    
51.945726    0.000000    0.000010    0.004838    0.999961    -0.007325    0.000036    -0.000000    0.000000    0.000000    0.000000    0.000000    
56.770811    -0.000000    -0.000000    -0.000000    -0.000000    0.000000    -0.000000    0.000032    -0.006933    0.999965    0.004664    0.000009    
103.618273    0.000006    0.003612    0.999982    -0.004838    0.000014    -0.000000    0.000000    -0.000000    0.000000    0.000000    0.000000    
110.373449    -0.000000    -0.000000    -0.000000    0.000000    -0.000000    0.000000    -0.000000    0.000013    -0.004664    0.999983    0.003514    
172.836974    -0.002881    -0.999989    0.003612    -0.000007    0.000000    -0.000000    0.000000    -0.000000    0.000000    -0.000000    -0.000000    
181.522922    -0.000000    -0.000000    0.000000    -0.000000    0.000000    -0.000000    0.000000    -0.000000    0.000007    -0.003514    0.999994    
259.602301    -0.999996    0.002881    -0.000005    0.000000    -0.000000    0.000000    -0.000000    0.000000    -0.000000    0.000000    -0.000000    

-1.853540
1.155518    0.000000    0.000000    0.000000    0.000072    0.014664    0.973571    0.227897    0.002903    0.000013    0.000000    0.000000    
2.281836    -0.000000    -0.000000    -0.000000    -0.000019    -0.003682    -0.227886    0.973592    0.013158    0.000060    0.000000    0.000000    
17.756821    0.000000    0.000000    0.000021    0.007335    0.999859    -0.015117    0.000243    0.000020    0.000000    0.000000    0.000000    
20.783191    -0.000000    -0.000000    -0.000000    -0.000000    -0.000014    0.000172    -0.013473    0.999885    0.006925    0.000019    0.000000    
51.838532    0.000000    0.000010    0.004842    0.999961    -0.007335    0.000036    -0.000000    0.000000    0.000000    0.000000    0.000000    
56.882940    -0.000000    -0.000000    -0.000000    -0.000000    0.000000    -0.000000    0.000032    -0.006925    0.999965    0.004660    0.000009    
103.467213    0.000006    0.003614    0.999982    -0.004842    0.000014    -0.000000    0.000000    -0.000000    0.000000    0.000000    0.000000    
110.529444    -0.000000    -0.000000    -0.000000    0.000000    -0.000000    0.000000    -0.000000    0.000013    -0.004660    0.999983    0.003512    
172.642050    -0.002883    -0.999989    0.003614    -0.000007    0.000000    -0.000000    0.000000    -0.000000    0.000000    -0.000000    -0.000000    
181.722781    -0.000000    -0.000000    0.000000    -0.000000    0.000000    -0.000000    0.000000    -0.000000    0.000007    -0.003512    0.999994    
259.363512    -0.999996    0.002883    -0.000005    0.000000    -0.000000    0.000000    -0.000000    0.000000    -0.000000    0.000000    -0.000000    

-1.843068
1.138351    0.000000    0.000000    0.000000    0.000073    0.014733    0.975440    0.219756    0.002787    0.000012    0.000000    0.000000    
2.304155    -0.000000    -0.000000    -0.000000    -0.000018    -0.003570    -0.219745    0.975462    0.013150    0.000060    0.000000    0.000000    
17.693608    0.000000    0.000000    0.000021    0.007344    0.999858    -0.015158    0.000245    0.000019    0.000000    0.000000    0.000000    
20.851560    -0.000000    -0.000000    -0.000000    -0.000000    -0.000014    0.000171    -0.013441    0.999886    0.006916    0.000019    0.000000    
51.731448    0.000000    0.000010    0.004846    0.999961    -0.007344    0.000036    -0.000000    0.000000    0.000000    0.000000    0.000000    
56.995178    -0.000000    -0.000000    -0.000000    -0.000000    0.000000    -0.000000    0.000032    -0.006917    0.999965    0.004656    0.000009    
103.316264    0.000006    0.003616    0.999982    -0.004846    0.000014    -0.000000    0.000000    -0.000000    0.000000    0.000000    0.000000    
110.685547    -0.000000    -0.000000    -0.000000    0.000000    -0.000000    0.000000    -0.000000    0.000013    -0.004656    0.999983    0.003509    
172.447235    -0.002884    -0.999989    0.003616    -0.000007    0.000000    -0.000000    0.000000    -0.000000    0.000000    -0.000000    -0.000000    
181.922749    -0.000000    -0.000000    0.000000    -0.000000    0.000000    -0.000000    0.000000    -0.000000    0.000007    -0.003509    0.999994    
259.124832    -0.999996    0.002884    -0.000005    0.000000    -0.000000    0.000000    -0.000000    0.000000    -0.000000    0.000000    -0.000000    

-1.832596
1.121141    0.000000    0.000000    0.000000    0.000073    0.014799    0.977124    0.212137    0.002679    0.000012    0.000000    0.000000    
2.326736    -0.000000    -0.000000    -0.000000    -0.000018    -0.003466    -0.212125    0.977148    0.013140    0.000060    0.000000    0.000000    
17.630506    0.000000    0.000000    0.000021    0.007353    0.999857    -0.015198    0.000247    0.000019    0.000000    0.000000    0.000000    
20.920038    -0.000000    -0.000000    -0.000000    -0.000000    -0.000013    0.000170    -0.013410    0.999886    0.006908    0.000019    0.000000    
51.624474    0.000000    0.000010    0.004850    0.999961    -0.007354    0.000036    -0.000000    0.000000    0.000000    0.000000    0.000000    
57.107526    -0.000000    -0.000000    -0.000000    -0.000000    0.000000    -0.000000    0.000031    -0.006908    0.999965    0.004652    0.000009    
103.165424    0.000006    0.003619    0.999982    -0.004850    0.000014    -0.000000    0.000000    -0.000000    0.000000    0.000000    0.000000    
110.841761    -0.000000    -0.000000    -0.000000    0.000000    -0.000000    0.000000    -0.000000    0.000013    -0.004652    0.999983    0.003507    
172.252530    -0.002886    -0.999989    0.003619    -0.000007    0.000000    -0.000000    0.000000    -0.000000    0.000000    -0.000000    -0.000000    
182.122828    -0.000000    -0.000000    0.000000    -0.000000    0.000000    -0.000000    0.000000    -0.000000    0.000007    -0.003507    0.999994    
258.886262    -0.999996    0.002886    -0.000005    0.000000    -0.000000    0.000000    -0.000000    0.000000    -0.000000    0.000000    -0.000000    

-1.822124
1.103904    0.000000    0.000000    0.000000    0.000074    0.014864    0.978647    0.204994    0.002578    0.000011    0.000000    0.000000    
2.349564    -0.000000    -0.000000    -0.000000    -0.000017    -0.003368    -0.204982    0.978672    0.013129    0.000060    0.000000    0.000000    
17.567512    0.000000    0.000000    0.000022    0.007363    0.999857    -0.015239    0.000249    0.000018    0.000000    0.000000    0.000000    
20.988626    -0.000000    -0.000000    -0.000000    -0.000000    -0.000012    0.000169    -0.013378    0.999887    0.006900    0.000019    0.000000    
51.517610    0.000000    0.000010    0.004855    0.999961    -0.007363    0.000037    -0.000000    0.000000    0.000000    0.000000    0.000000    
57.219983    -0.000000    -0.000000    -0.000000    -0.000000    0.000000    -0.000000    0.000031    -0.006900    0.999965    0.004649    0.000009    
103.014693    0.000006    0.003621    0.999982    -0.004855    0.000014    -0.000000    0.000000    -0.000000    0.000000    0.000000    0.000000    
110.998084    -0.000000    -0.000000    -0.000000    0.000000    -0.000000    0.000000    -0.000000    0.000013    -0.004649    0.999983    0.003505    
172.057934    -0.002887    -0.999989    0.003621    -0.000008    0.000000    -0.000000    0.000000    -0.000000    0.000000    -0.000000    -0.000000    
182.323016    -0.000000    -0.000000    0.000000    -0.000000    0.000000    -0.000000    0.000000    -0.000000    0.000007    -0.003505    0.999994    
258.647802    -0.999996    0.002887    -0.000005    0.000000    -0.000000    0.000000    -0.000000    0.000000    -0.000000    0.000000    -0.000000    

-1.811652
1.086651    0.000000    0.000000    0.000000    0.000074    0.014926    0.980027    0.198288    0.002483    0.000011    0.000000    0.000000    
2.372626    -0.000000    -0.000000    -0.000000    -0.000017    -0.003276    -0.198276    0.980053    0.013115    0.000060    0.000000    0.000000    
17.504629    0.000000    0.000000    0.000022    0.007373    0.999856    -0.015279    0.000251    0.000018    0.000000    0.000000    0.000000    
21.057324    -0.000000    -0.000000    -0.000000    -0.000000    -0.000012    0.000168    -0.013347    0.999887    0.006891    0.000019    0.000000    
51.410855    0.000000    0.000010    0.004859    0.999961    -0.007373    0.000037    -0.000000    0.000000    0.000000    0.000000    0.000000    
57.332550    -0.000000    -0.000000    -0.000000    -0.000000    0.000000    -0.000000    0.000031    -0.006891    0.999965    0.004645    0.000009    
102.864073    0.000006    0.003623    0.999982    -0.004859    0.000014    -0.000000    0.000000    -0.000000    0.000000    0.000000    0.000000    
111.154517    -0.000000    -0.000000    -0.000000    0.000000    -0.000000    0.000000    -0.000000    0.000013    -0.004645    0.999983    0.003503    
171.863448    -0.002889    -0.999989    0.003623    -0.000008    0.000000    -0.000000    0.000000    -0.000000    0.000000    -0.000000    -0.000000    
182.523313    -0.000000    -0.000000    0.000000    -0.000000    0.000000    -0.000000    0.000000    -0.000000    0.000007    -0.003503    0.999994    
258.409451    -0.999996    0.002889    -0.000005    0.000000    -0.000000    0.000000    -0.000000    0.000000    -0.000000    0.000000    -0.000000    

-1.801180
1.069395    0.000000    0.000000    0.000000    0.000075    0.014987    0.981281    0.191982    0.002393    0.000011    0.000000    0.000000    
2.395911    -0.000000    -0.000000    -0.000000    -0.000016    -0.003190    -0.191970    0.981308    0.013100    0.000059    0.000000    0.000000    
17.441855    0.000000    0.000000    0.000022    0.007382    0.999855    -0.015321    0.000254    0.000017    0.000000    0.000000    0.000000    
21.126131    -0.000000    -0.000000    -0.000000    -0.000000    -0.000011    0.000167    -0.013316    0.999888    0.006883    0.000019    0.000000    
51.304209    0.000000    0.000010    0.004863    0.999961    -0.007382    0.000037    -0.000000    0.000000    0.000000    0.000000    0.000000    
57.445227    -0.000000    -0.000000    -0.000000    -0.000000    0.000000    -0.000000    0.000031    -0.006883    0.999966    0.004641    0.000009    
102.713562    0.000006    0.003625    0.999982    -0.004863    0.000014    -0.000000    0.000000    -0.000000    0.000000    0.000000    0.000000    
111.311059    -0.000000    -0.000000    -0.000000    0.000000    -0.000000    0.000000    -0.000000    0.000013    -0.004641    0.999983    0.003501    
171.669072    -0.002890    -0.999989    0.003625    -0.000008    0.000000    -0.000000    0.000000    -0.000000    0.000000    -0.000000    -0.000000    
182.723720    -0.000000    -0.000000    0.000000    -0.000000    0.000000    -0.000000    0.000000    -0.000000    0.000007    -0.003501    0.999994    
258.171210    -0.999996    0.002890    -0.000005    0.000000    -0.000000    0.000000    -0.000000    0.000000    -0.000000    0.000000    -0.000000    

-1.790708
1.052145    0.000000    0.000000    0.000000    0.000075    0.015046    0.982424    0.186044    0.002309    0.000010    0.000000    0.000000    
2.419409    -0.000000    -0.000000    -0.000000    -0.000016    -0.003110    -0.186032    0.982452    0.013083    0.000059    0.000000    0.000000    
17.379191    0.000000    0.000000    0.000022    0.007392    0.999855    -0.015362    0.000256    0.000017    0.000000    0.000000    0.000000    
21.195048    -0.000000    -0.000000    -0.000000    -0.000000    -0.000011    0.000165    -0.013285    0.999888    0.006875    0.000019    0.000000    
51.197674    0.000000    0.000010    0.004867    0.999961    -0.007392    0.000037    -0.000000    0.000000    0.000000    0.000000    0.000000    
57.558014    -0.000000    -0.000000    -0.000000    -0.000000    0.000000    -0.000000    0.000031    -0.006875    0.999966    0.004637    0.000009    
102.563160    0.000006    0.003628    0.999982    -0.004867    0.000014    -0.000000    0.000000    -0.000000    0.000000    0.000000    0.000000    
111.467712    -0.000000    -0.000000    -0.000000    0.000000    -0.000000    0.000000    -0.000000    0.000013    -0.004637    0.999983    0.003499    
171.474806    -0.002892    -0.999989    0.003628    -0.000008    0.000000    -0.000000    0.000000    -0.000000    0.000000    -0.000000    -0.000000    
182.924237    -0.000000    -0.000000    0.000000    -0.000000    0.000000    -0.000000    0.000000    -0.000000    0.000007    -0.003499    0.999994    
257.933079    -0.999996    0.002892    -0.000005    0.000000    -0.000000    0.000000    -0.000000    0.000000    -0.000000    0.000000    -0.000000    

-1.780236
1.034911    0.000000    0.000000    0.000000    0.000075    0.015104    0.983467    0.180444    0.002230    0.000010    0.000000    0.000000    
2.443111    -0.000000    -0.000000    -0.000000    -0.000016    -0.003033    -0.180432    0.983496    0.013066    0.000059    0.000000    0.000000    
17.316637    0.000000    0.000000    0.000022    0.007401    0.999854    -0.015403    0.000258    0.000016    0.000000    0.000000    0.000000    
21.264075    -0.000000    -0.000000    -0.000000    -0.000000    -0.000010    0.000164    -0.013254    0.999889    0.006866    0.000019    0.000000    
51.091248    0.000000    0.000010    0.004871    0.999961    -0.007402    0.000037    -0.000000    0.000000    0.000000    0.000000    0.000000    
57.670910    -0.000000    -0.000000    -0.000000    -0.000000    0.000000    -0.000000    0.000031    -0.006867    0.999966    0.004634    0.000009    
102.412869    0.000006    0.003630    0.999982    -0.004871    0.000014    -0.000000    0.000000    -0.000000    0.000000    0.000000    0.000000    
111.624473    -0.000000    -0.000000    -0.000000    0.000000    -0.000000    0.000000    -0.000000    0.000013    -0.004634    0.999983    0.003496    
171.280649    -0.002893    -0.999989    0.003630    -0.000008    0.000000    -0.000000    0.000000    -0.000000    0.000000    -0.000000    -0.000000    
183.124864    -0.000000    -0.000000    0.000000    -0.000000    0.000000    -0.000000    0.000000    -0.000000    0.000007    -0.003496    0.999994    
257.695058    -0.999996    0.002893    -0.000005    0.000000    -0.000000    0.000000    -0.000000    0.000000    -0.000000    0.000000    -0.000000    

-1.769764
1.017700    0.000000    0.000000    0.000000    0.000076    0.015161    0.984422    0.175156    0.002156    0.000009    0.000000    0.000000    
2.467008    -0.000000    -0.000000    -0.000000    -0.000015    -0.002962    -0.175144    0.984452    0.013047    0.000059    0.000000    0.000000    
17.254192    0.000000    0.000000    0.000022    0.007411    0.999853    -0.015445    0.000260    0.000016    0.000000    0.000000    0.000000    
21.333211    -0.000000    -0.000000    -0.000000    -0.000000    -0.000010    0.000163    -0.013223    0.999889    0.006858    0.000019    0.000000    
50.984932    0.000000    0.000010    0.004875    0.999961    -0.007411    0.000037    -0.000000    0.000000    0.000000    0.000000    0.000000    
57.783916    -0.000000    -0.000000    -0.000000    -0.000000    0.000000    -0.000000    0.000031    -0.006858    0.999966    0.004630    0.000009    
102.262687    0.000006    0.003632    0.999982    -0.004875    0.000014    -0.000000    0.000000    -0.000000    0.000000    0.000000    0.000000    
111.781345    -0.000000    -0.000000    -0.000000    0.000000    -0.000000    0.000000    -0.000000    0.000013    -0.004630    0.999983    0.003494    
171.086602    -0.002894    -0.999989    0.003632    -0.000008    0.000000    -0.000000    0.000000    -0.000000    0.000000    -0.000000    -0.000000    
183.325600    -0.000000    -0.000000    0.000000    -0.000000    0.000000    -0.000000    0.000000    -0.000000    0.000007    -0.003494    0.999994    
257.457146    -0.999996    0.002895    -0.000005    0.000000    -0.000000    0.000000    -0.000000    0.000000    -0.000000    0.000000    -0.000000    

-1.759292
1.000520    0.000000    0.000000    0.000000    0.000076    0.015216    0.985298    0.170155    0.002085    0.000009    0.000000    0.000000    
2.491095    -0.000000    -0.000000    -0.000000    -0.000015    -0.002894    -0.170143    0.985329    0.013027    0.000059    0.000000    0.000000    
17.191857    0.000000    0.000000    0.000022    0.007420    0.999852    -0.015487    0.000262    0.000016    0.000000    0.000000    0.000000    
21.402457    -0.000000    -0.000000    -0.000000    -0.000000    -0.000010    0.000162    -0.013192    0.999890    0.006850    0.000019    0.000000    
50.878725    0.000000    0.000010    0.004879    0.999961    -0.007421    0.000037    -0.000000    0.000000    0.000000    0.000000    0.000000    
57.897031    -0.000000    -0.000000    -0.000000    -0.000000    0.000000    -0.000000    0.000031    -0.006850    0.999966    0.004626    0.000009    
102.112614    0.000006    0.003635    0.999981    -0.004880    0.000014    -0.000000    0.000000    -0.000000    0.000000    0.000000    0.000000    
111.938326    -0.000000    -0.000000    -0.000000    0.000000    -0.000000    0.000000    -0.000000    0.000013    -0.004626    0.999983    0.003492    
170.892664    -0.002896    -0.999989    0.003635    -0.000008    0.000000    -0.000000    0.000000    -0.000000    0.000000    -0.000000    -0.000000    
183.526446    -0.000000    -0.000000    0.000000    -0.000000    0.000000    -0.000000    0.000000    -0.000000    0.000007    -0.003492    0.999994    
257.219343    -0.999996    0.002896    -0.000005    0.000000    -0.000000    0.000000    -0.000000    0.000000    -0.000000    0.000000    -0.000000    

-1.748820
0.983376    0.000000    0.000000    0.000000    0.000077    0.015271    0.986103    0.165420    0.002019    0.000009    0.000000    0.000000    
2.515364    -0.000000    -0.000000    -0.000000    -0.000015    -0.002830    -0.165408    0.986135    0.013007    0.000059    0.000000    0.000000    
17.129632    0.000000    0.000000    0.000022    0.007430    0.999852    -0.015529    0.000265    0.000015    0.000000    0.000000    0.000000    
21.471813    -0.000000    -0.000000    -0.000000    -0.000000    -0.000009    0.000161    -0.013162    0.999890    0.006842    0.000019    0.000000    
50.772628    0.000000    0.000010    0.004884    0.999960    -0.007431    0.000037    -0.000000    0.000000    0.000000    0.000000    0.000000    
58.010257    -0.000000    -0.000000    -0.000000    -0.000000    0.000000    -0.000000    0.000031    -0.006842    0.999966    0.004622    0.000009    
101.962652    0.000006    0.003637    0.999981    -0.004884    0.000014    -0.000000    0.000000    -0.000000    0.000000    0.000000    0.000000    
112.095417    -0.000000    -0.000000    -0.000000    0.000000    -0.000000    0.000000    -0.000000    0.000013    -0.004622    0.999983    0.003490    
170.698836    -0.002897    -0.999989    0.003637    -0.000008    0.000000    -0.000000    0.000000    -0.000000    0.000000    -0.000000    -0.000000    
183.727402    -0.000000    -0.000000    0.000000    -0.000000    0.000000    -0.000000    0.000000    -0.000000    0.000007    -0.003490    0.999994    
256.981651    -0.999996    0.002897    -0.000005    0.000000    -0.000000    0.000000    -0.000000    0.000000    -0.000000    0.000000    -0.000000    

-1.738348
0.966275    0.000000    0.000000    0.000000    0.000077    0.015326    0.986845    0.160931    0.001956    0.000009    0.000000    0.000000    
2.539809    -0.000000    -0.000000    -0.000000    -0.000014    -0.002770    -0.160920    0.986878    0.012986    0.000058    0.000000    0.000000    
17.067517    0.000000    0.000000    0.000022    0.007440    0.999851    -0.015572    0.000267    0.000015    0.000000    0.000000    0.000000    
21.541279    -0.000000    -0.000000    -0.000000    -0.000000    -0.000009    0.000160    -0.013132    0.999890    0.006833    0.000019    0.000000    
50.666641    0.000000    0.000010    0.004888    0.999960    -0.007440    0.000037    -0.000000    0.000000    0.000000    0.000000    0.000000    
58.123591    -0.000000    -0.000000    -0.000000    -0.000000    0.000000    -0.000000    0.000031    -0.006834    0.999966    0.004619    0.000009    
101.812799    0.000006    0.003639    0.999981    -0.004888    0.000014    -0.000000    0.000000    -0.000000    0.000000    0.000000    0.000000    
112.252617    -0.000000    -0.000000    -0.000000    0.000000    -0.000000    0.000000    -0.000000    0.000013    -0.004619    0.999983    0.003488    
170.505118    -0.002899    -0.999989    0.003639    -0.000008    0.000000    -0.000000    0.000000    -0.000000    0.000000    -0.000000    -0.000000    
183.928467    -0.000000    -0.000000    0.000000    -0.000000    0.000000    -0.000000    0.000000    -0.000000    0.000007    -0.003488    0.999994    
256.744068    -0.999996    0.002899    -0.000005    0.000000    -0.000000    0.000000    -0.000000    0.000000    -0.000000    0.000000    -0.000000    

-1.727876
0.949222    0.000000    0.000000    0.000000    0.000078    0.015379    0.987529    0.156671    0.001896    0.000008    0.000000    0.000000    
2.564425    -0.000000    -0.000000    -0.000000    -0.000014    -0.002713    -0.156659    0.987564    0.012964    0.000058    0.000000    0.000000    
17.005511    0.000000    0.000000    0.000022    0.007450    0.999850    -0.015614    0.000269    0.000015    0.000000    0.000000    0.000000    
21.610854    -0.000000    -0.000000    -0.000000    -0.000000    -0.000009    0.000159    -0.013101    0.999891    0.006825    0.000019    0.000000    
50.560764    0.000000    0.000010    0.004892    0.999960    -0.007450    0.000038    -0.000000    0.000000    0.000000    0.000000    0.000000    
58.237036    -0.000000    -0.000000    -0.000000    -0.000000    0.000000    -0.000000    0.000031    -0.006825    0.999966    0.004615    0.000009    
101.663055    0.000006    0.003642    0.999981    -0.004892    0.000014    -0.000000    0.000000    -0.000000    0.000000    0.000000    0.000000    
112.409927    -0.000000    -0.000000    -0.000000    0.000000    -0.000000    0.000000    -0.000000    0.000013    -0.004615    0.999983    0.003486    
170.311510    -0.002900    -0.999989    0.003642    -0.000008    0.000000    -0.000000    0.000000    -0.000000    0.000000    -0.000000    -0.000000    
184.129642    -0.000000    -0.000000    0.000000    -0.000000    0.000000    -0.000000    0.000000    -0.000000    0.000007    -0.003486    0.999994    
256.506594    -0.999996    0.002900    -0.000005    0.000000    -0.000000    0.000000    -0.000000    0.000000    -0.000000    0.000000    -0.000000    

-1.717404
0.932221    0.000000    0.000000    0.000000    0.000078    0.015432    0.988162    0.152622    0.001839    0.000008    0.000000    0.000000    
2.589209    -0.000000    -0.000000    -0.000000    -0.000014    -0.002659    -0.152610    0.988198    0.012942    0.000058    0.000000    0.000000    
16.943615    0.000000    0.000000    0.000022    0.007459    0.999850    -0.015657    0.000272    0.000014    0.000000    0.000000    0.000000    
21.680539    -0.000000    -0.000000    -0.000000    -0.000000    -0.000008    0.000158    -0.013071    0.999891    0.006817    0.000019    0.000000    
50.454996    0.000000    0.000010    0.004896    0.999960    -0.007460    0.000038    -0.000000    0.000000    0.000000    0.000000    0.000000    
58.350590    -0.000000    -0.000000    -0.000000    -0.000000    0.000000    -0.000000    0.000031    -0.006817    0.999966    0.004611    0.000009    
101.513421    0.000006    0.003644    0.999981    -0.004896    0.000014    -0.000000    0.000000    -0.000000    0.000000    0.000000    0.000000    
112.567347    -0.000000    -0.000000    -0.000000    0.000000    -0.000000    0.000000    -0.000000    0.000013    -0.004611    0.999983    0.003484    
170.118011    -0.002902    -0.999989    0.003644    -0.000008    0.000000    -0.000000    0.000000    -0.000000    0.000000    -0.000000    -0.000000    
184.330926    -0.000000    -0.000000    0.000000    -0.000000    0.000000    -0.000000    0.000000    -0.000000    0.000007    -0.003484    0.999994    
256.269231    -0.999996    0.002902    -0.000005    0.000000    -0.000000    0.000000    -0.000000    0.000000    -0.000000    0.000000    -0.000000    

-1.706932
0.915277    0.000000    0.000000    0.000000    0.000078    0.015485    0.988749    0.148771    0.001785    0.000008    0.000000    0.000000    
2.614155    -0.000000    -0.000000    -0.000000    -0.000014    -0.002607    -0.148759    0.988786    0.012920    0.000058    0.000000    0.000000    
16.881828    0.000000    0.000000    0.000022    0.007469    0.999849    -0.015700    0.000274    0.000014    0.000000    0.000000    0.000000    
21.750333    -0.000000    -0.000000    -0.000000    -0.000000    -0.000008    0.000157    -0.013041    0.999892    0.006809    0.000019    0.000000    
50.349338    0.000000    0.000010    0.004900    0.999960    -0.007469    0.000038    -0.000000    0.000000    0.000000    0.000000    0.000000    
58.464254    -0.000000    -0.000000    -0.000000    -0.000000    0.000000    -0.000000    0.000030    -0.006809    0.999966    0.004607    0.000009    
101.363897    0.000006    0.003646    0.999981    -0.004900    0.000015    -0.000000    0.000000    -0.000000    0.000000    0.000000    0.000000    
112.724877    -0.000000    -0.000000    -0.000000    0.000000    -0.000000    0.000000    -0.000000    0.000013    -0.004607    0.999983    0.003482    
169.924622    -0.002903    -0.999989    0.003646    -0.000008    0.000000    -0.000000    0.000000    -0.000000    0.000000    -0.000000    -0.000000    
184.532321    -0.000000    -0.000000    0.000000    -0.000000    0.000000    -0.000000    0.000000    -0.000000    0.000007    -0.003482    0.999994    
256.031977    -0.999996    0.002903    -0.000005    0.000000    -0.000000    0.000000    -0.000000    0.000000    -0.000000    0.000000    -0.000000    

-1.696460
0.898394    0.000000    0.000000    0.000000    0.000079    0.015537    0.989293    0.145102    0.001734    0.000008    0.000000    0.000000    
2.639260    -0.000000    -0.000000    -0.000000    -0.000013    -0.002558    -0.145090    0.989331    0.012896    0.000058    0.000000    0.000000    
16.820152    0.000000    0.000000    0.000022    0.007479    0.999848    -0.015744    0.000277    0.000014    0.000000    0.000000    0.000000    
21.820238    -0.000000    -0.000000    -0.000000    -0.000000    -0.000008    0.000156    -0.013012    0.999892    0.006801    0.000019    0.000000    
50.243789    0.000000    0.000010    0.004905    0.999960    -0.007479    0.000038    -0.000000    0.000000    0.000000    0.000000    0.000000    
58.578027    -0.000000    -0.000000    -0.000000    -0.000000    0.000000    -0.000000    0.000030    -0.006801    0.999966    0.004604    0.000009    
101.214483    0.000006    0.003649    0.999981    -0.004905    0.000015    -0.000000    0.000000    -0.000000    0.000000    0.000000    0.000000    
112.882516    -0.000000    -0.000000    -0.000000    0.000000    -0.000000    0.000000    -0.000000    0.000013    -0.004604    0.999983    0.003479    
169.731342    -0.002905    -0.999989    0.003649    -0.000008    0.000000    -0.000000    0.000000    -0.000000    0.000000    -0.000000    -0.000000    
184.733825    -0.000000    -0.000000    0.000000    -0.000000    0.000000    -0.000000    0.000000    -0.000000    0.000007    -0.003479    0.999994    
255.794833    -0.999996    0.002905    -0.000005    0.000000    -0.000000    0.000000    -0.000000    0.000000    -0.000000    0.000000    -0.000000    

-1.685988
0.881574    0.000000    0.000000    0.000000    0.000079    0.015589    0.989799    0.141605    0.001685    0.000007    0.000000    0.000000    
2.664520    -0.000000    -0.000000    -0.000000    -0.000013    -0.002512    -0.141593    0.989838    0.012873    0.000057    0.000000    0.000000    
16.758585    0.000000    0.000000    0.000022    0.007489    0.999847    -0.015788    0.000279    0.000014    0.000000    0.000000    0.000000    
21.890252    -0.000000    -0.000000    -0.000000    -0.000000    -0.000008    0.000155    -0.012982    0.999893    0.006793    0.000019    0.000000    
50.138350    0.000000    0.000010    0.004909    0.999960    -0.007489    0.000038    -0.000000    0.000000    0.000000    0.000000    0.000000    
58.691911    -0.000000    -0.000000    -0.000000    -0.000000    0.000000    -0.000000    0.000030    -0.006793    0.999966    0.004600    0.000009    
101.065178    0.000006    0.003651    0.999981    -0.004909    0.000015    -0.000000    0.000000    -0.000000    0.000000    0.000000    0.000000    
113.040265    -0.000000    -0.000000    -0.000000    0.000000    -0.000000    0.000000    -0.000000    0.000013    -0.004600    0.999983    0.003477    
169.538172    -0.002906    -0.999989    0.003651    -0.000008    0.000000    -0.000000    0.000000    -0.000000    0.000000    -0.000000    -0.000000    
184.935438    -0.000000    -0.000000    0.000000    -0.000000    0.000000    -0.000000    0.000000    -0.000000    0.000007    -0.003477    0.999994    
255.557798    -0.999996    0.002906    -0.000005    0.000000    -0.000000    0.000000    -0.000000    0.000000    -0.000000    0.000000    -0.000000    

-1.675516
0.864822    0.000000    0.000000    0.000000    0.000080    0.015640    0.990270    0.138268    0.001639    0.000007    0.000000    0.000000    
2.689932    -0.000000    -0.000000    -0.000000    -0.000013    -0.002468    -0.138256    0.990310    0.012849    0.000057    0.000000    0.000000    
16.697128    0.000000    0.000000    0.000022    0.007499    0.999847    -0.015831    0.000282    0.000013    0.000000    0.000000    0.000000    
21.960375    -0.000000    -0.000000    -0.000000    -0.000000    -0.000007    0.000154    -0.012953    0.999893    0.006785    0.000019    0.000000    
50.033021    0.000000    0.000010    0.004913    0.999960    -0.007499    0.000038    -0.000000    0.000000    0.000000    0.000000    0.000000    
58.805903    -0.000000    -0.000000    -0.000000    -0.000000    0.000000    -0.000000    0.000030    -0.006785    0.999966    0.004596    0.000009    
100.915983    0.000006    0.003653    0.999981    -0.004913    0.000015    -0.000000    0.000000    -0.000000    0.000000    0.000000    0.000000    
113.198123    -0.000000    -0.000000    -0.000000    0.000000    -0.000000    0.000000    -0.000000    0.000013    -0.004596    0.999983    0.003475    
169.345112    -0.002908    -0.999989    0.003653    -0.000008    0.000000    -0.000000    0.000000    -0.000000    0.000000    -0.000000    -0.000000    
185.137161    -0.000000    -0.000000    0.000000    -0.000000    0.000000    -0.000000    0.000000    -0.000000    0.000007    -0.003475    0.999994    
255.320873    -0.999996    0.002908    -0.000005    0.000000    -0.000000    0.000000    -0.000000    0.000000    -0.000000    0.000000    -0.000000    

-1.665044
0.848140    0.000000    0.000000    0.000000    0.000080    0.015691    0.990709    0.135080    0.001594    0.000007    0.000000    0.000000    
2.715493    -0.000000    -0.000000    -0.000000    -0.000013    -0.002426    -0.135068    0.990750    0.012825    0.000057    0.000000    0.000000    
16.635780    0.000000    0.000000    0.000022    0.007508    0.999846    -0.015875    0.000284    0.000013    0.000000    0.000000    0.000000    
22.030609    -0.000000    -0.000000    -0.000000    -0.000000    -0.000007    0.000153    -0.012923    0.999894    0.006777    0.000019    0.000000    
49.927801    0.000000    0.000010    0.004917    0.999960    -0.007509    0.000038    -0.000000    0.000000    0.000000    0.000000    0.000000    
58.920006    -0.000000    -0.000000    -0.000000    -0.000000    0.000000    -0.000000    0.000030    -0.006777    0.999966    0.004592    0.000009    
100.766898    0.000006    0.003656    0.999981    -0.004917    0.000015    -0.000000    0.000000    -0.000000    0.000000    0.000000    0.000000    
113.356091    -0.000000    -0.000000    -0.000000    0.000000    -0.000000    0.000000    -0.000000    0.000013    -0.004592    0.999983    0.003473    
169.152161    -0.002909    -0.999989    0.003656    -0.000008    0.000000    -0.000000    0.000000    -0.000000    0.000000    -0.000000    -0.000000    
185.338994    -0.000000    -0.000000    0.000000    -0.000000    0.000000    -0.000000    0.000000    -0.000000    0.000007    -0.003473    0.999994    
255.084058    -0.999996    0.002909    -0.000005    0.000000    -0.000000    0.000000    -0.000000    0.000000    -0.000000    0.000000    -0.000000    

-1.654572
0.831530    0.000000    0.000000    0.000000    0.000080    0.015742    0.991119    0.132032    0.001552    0.000007    0.000000    0.000000    
2.741201    -0.000000    -0.000000    -0.000000    -0.000013    -0.002386    -0.132020    0.991162    0.012801    0.000057    0.000000    0.000000    
16.574542    0.000000    0.000000    0.000022    0.007518    0.999845    -0.015920    0.000287    0.000013    0.000000    0.000000    0.000000    
22.100952    -0.000000    -0.000000    -0.000000    -0.000000    -0.000007    0.000152    -0.012894    0.999894    0.006768    0.000019    0.000000    
49.822692    0.000000    0.000010    0.004922    0.999960    -0.007519    0.000038    -0.000000    0.000000    0.000000    0.000000    0.000000    
59.034218    -0.000000    -0.000000    -0.000000    -0.000000    0.000000    -0.000000    0.000030    -0.006769    0.999967    0.004589    0.000009    
100.617922    0.000006    0.003658    0.999981    -0.004922    0.000015    -0.000000    0.000000    -0.000000    0.000000    0.000000    0.000000    
113.514169    -0.000000    -0.000000    -0.000000    0.000000    -0.000000    0.000000    -0.000000    0.000013    -0.004589    0.999983    0.003471    
168.959320    -0.002911    -0.999989    0.003658    -0.000008    0.000000    -0.000000    0.000000    -0.000000    0.000000    -0.000000    -0.000000    
185.540937    -0.000000    -0.000000    0.000000    -0.000000    0.000000    -0.000000    0.000000    -0.000000    0.000007    -0.003471    0.999994    
254.847352    -0.999996    0.002911    -0.000005    0.000000    -0.000000    0.000000    -0.000000    0.000000    -0.000000    0.000000    -0.000000    

-1.644100
0.814995    0.000000    0.000000    0.000000    0.000081    0.015793    0.991503    0.129115    0.001512    0.000006    0.000000    0.000000    
2.767053    -0.000000    -0.000000    -0.000000    -0.000013    -0.002349    -0.129103    0.991546    0.012777    0.000057    0.000000    0.000000    
16.513414    0.000000    0.000000    0.000022    0.007528    0.999844    -0.015964    0.000289    0.000013    0.000000    0.000000    0.000000    
22.171404    -0.000000    -0.000000    -0.000000    -0.000000    -0.000007    0.000151    -0.012865    0.999894    0.006760    0.000018    0.000000    
49.717691    0.000000    0.000010    0.004926    0.999960    -0.007529    0.000039    -0.000000    0.000000    0.000000    0.000000    0.000000    
59.148540    -0.000000    -0.000000    -0.000000    -0.000000    0.000000    -0.000000    0.000030    -0.006761    0.999967    0.004585    0.000009    
100.469056    0.000006    0.003660    0.999981    -0.004926    0.000015    -0.000000    0.000000    -0.000000    0.000000    0.000000    0.000000    
113.672356    -0.000000    -0.000000    -0.000000    0.000000    -0.000000    0.000000    -0.000000    0.000013    -0.004585    0.999983    0.003469    
168.766589    -0.002912    -0.999989    0.003660    -0.000008    0.000000    -0.000000    0.000000    -0.000000    0.000000    -0.000000    -0.000000    
185.742989    -0.000000    -0.000000    0.000000    -0.000000    0.000000    -0.000000    0.000000    -0.000000    0.000007    -0.003469    0.999994    
254.610756    -0.999996    0.002912    -0.000005    0.000000    -0.000000    0.000000    -0.000000    0.000000    -0.000000    0.000000    -0.000000    

-1.633628
0.798538    0.000000    0.000000    0.000000    0.000081    0.015844    0.991862    0.126321    0.001473    0.000006    0.000000    0.000000    
2.793047    -0.000000    -0.000000    -0.000000    -0.000012    -0.002312    -0.126309    0.991906    0.012752    0.000056    0.000000    0.000000    
16.452396    0.000000    0.000000    0.000022    0.007538    0.999843    -0.016009    0.000292    0.000013    0.000000    0.000000    0.000000    
22.241967    -0.000000    -0.000000    -0.000000    -0.000000    -0.000006    0.000150    -0.012836    0.999895    0.006752    0.000018    0.000000    
49.612801    0.000000    0.000010    0.004930    0.999959    -0.007539    0.000039    -0.000000    0.000000    0.000000    0.000000    0.000000    
59.262971    -0.000000    -0.000000    -0.000000    -0.000000    0.000000    -0.000000    0.000030    -0.006753    0.999967    0.004581    0.000009    
100.320300    0.000006    0.003663    0.999981    -0.004930    0.000015    -0.000000    0.000000    -0.000000    0.000000    0.000000    0.000000    
113.830653    -0.000000    -0.000000    -0.000000    0.000000    -0.000000    0.000000    -0.000000    0.000013    -0.004581    0.999983    0.003467    
168.573968    -0.002914    -0.999989    0.003663    -0.000008    0.000000    -0.000000    0.000000    -0.000000    0.000000    -0.000000    -0.000000    
185.945151    -0.000000    -0.000000    0.000000    -0.000000    0.000000    -0.000000    0.000000    -0.000000    0.000007    -0.003467    0.999994    
254.374270    -0.999996    0.002914    -0.000005    0.000000    -0.000000    0.000000    -0.000000    0.000000    -0.000000    0.000000    -0.000000    

-1.623156
0.782159    0.000000    0.000000    0.000000    0.000082    0.015895    0.992198    0.123643    0.001436    0.000006    0.000000    0.000000    
2.819182    -0.000000    -0.000000    -0.000000    -0.000012    -0.002278    -0.123631    0.992244    0.012727    0.000056    0.000000    0.000000    
16.391487    0.000000    0.000000    0.000023    0.007548    0.999843    -0.016054    0.000295    0.000012    0.000000    0.000000    0.000000    
22.312639    -0.000000    -0.000000    -0.000000    -0.000000    -0.000006    0.000149    -0.012807    0.999895    0.006744    0.000018    0.000000    
49.508020    0.000000    0.000010    0.004934    0.999959    -0.007549    0.000039    -0.000000    0.000000    0.000000    0.000000    0.000000    
59.377513    -0.000000    -0.000000    -0.000000    -0.000000    0.000000    -0.000000    0.000030    -0.006745    0.999967    0.004578    0.000009    
100.171653    0.000006    0.003665    0.999981    -0.004934    0.000015    -0.000000    0.000000    -0.000000    0.000000    0.000000    0.000000    
113.989060    -0.000000    -0.000000    -0.000000    0.000000    -0.000000    0.000000    -0.000000    0.000012    -0.004578    0.999984    0.003465    
168.381456    -0.002915    -0.999989    0.003665    -0.000008    0.000000    -0.000000    0.000000    -0.000000    0.000000    -0.000000    -0.000000    
186.147422    -0.000000    -0.000000    0.000000    -0.000000    0.000000    -0.000000    0.000000    -0.000000    0.000007    -0.003465    0.999994    
254.137893    -0.999996    0.002915    -0.000005    0.000000    -0.000000    0.000000    -0.000000    0.000000    -0.000000    0.000000    -0.000000    

-1.612684
0.765862    0.000000    0.000000    0.000000    0.000082    0.015945    0.992514    0.121073    0.001400    0.000006    0.000000    0.000000    
2.845454    -0.000000    -0.000000    -0.000000    -0.000012    -0.002245    -0.121061    0.992561    0.012702    0.000056    0.000000    0.000000    
16.330689    0.000000    0.000000    0.000023    0.007558    0.999842    -0.016100    0.000298    0.000012    0.000000    0.000000    0.000000    
22.383421    -0.000000    -0.000000    -0.000000    -0.000000    -0.000006    0.000148    -0.012778    0.999896    0.006736    0.000018    0.000000    
49.403349    0.000000    0.000010    0.004939    0.999959    -0.007559    0.000039    -0.000000    0.000000    0.000000    0.000000    0.000000    
59.492163    -0.000000    -0.000000    -0.000000    -0.000000    0.000000    -0.000000    0.000030    -0.006737    0.999967    0.004574    0.000009    
100.023116    0.000006    0.003667    0.999981    -0.004939    0.000015    -0.000000    0.000000    -0.000000    0.000000    0.000000    0.000000    
114.147577    -0.000000    -0.000000    -0.000000    0.000000    -0.000000    0.000000    -0.000000    0.000012    -0.004574    0.999984    0.003462    
168.189054    -0.002917    -0.999989    0.003667    -0.000008    0.000000    -0.000000    0.000000    -0.000000    0.000000    -0.000000    -0.000000    
186.349804    -0.000000    -0.000000    0.000000    -0.000000    0.000000    -0.000000    0.000000    -0.000000    0.000007    -0.003462    0.999994    
253.901626    -0.999996    0.002917    -0.000005    0.000000    -0.000000    0.000000    -0.000000    0.000000    -0.000000    0.000000    -0.000000    

-1.602212
0.749648    0.000000    0.000000    0.000000    0.000082    0.015996    0.992812    0.118606    0.001366    0.000006    0.000000    0.000000    
2.871862    -0.000000    -0.000000    -0.000000    -0.000012    -0.002213    -0.118594    0.992859    0.012677    0.000056    0.000000    0.000000    
16.269999    0.000000    0.000000    0.000023    0.007568    0.999841    -0.016145    0.000300    0.000012    0.000000    0.000000    0.000000    
22.454312    -0.000000    -0.000000    -0.000000    -0.000000    -0.000006    0.000147    -0.012750    0.999896    0.006729    0.000018    0.000000    
49.298787    0.000000    0.000010    0.004943    0.999959    -0.007569    0.000039    -0.000000    0.000000    0.000000    0.000000    0.000000    
59.606924    -0.000000    -0.000000    -0.000000    -0.000000    0.000000    -0.000000    0.000030    -0.006729    0.999967    0.004570    0.000009    
99.874689    0.000006    0.003670    0.999981    -0.004943    0.000015    -0.000000    0.000000    -0.000000    0.000000    0.000000    0.000000    
114.306203    -0.000000    -0.000000    -0.000000    0.000000    -0.000000    0.000000    -0.000000    0.000012    -0.004570    0.999984    0.003460    
167.996761    -0.002918    -0.999989    0.003670    -0.000008    0.000000    -0.000000    0.000000    -0.000000    0.000000    -0.000000    -0.000000    
186.552294    -0.000000    -0.000000    0.000000    -0.000000    0.000000    -0.000000    0.000000    -0.000000    0.000007    -0.003460    0.999994    
253.665469    -0.999996    0.002918    -0.000005    0.000000    -0.000000    0.000000    -0.000000    0.000000    -0.000000    0.000000    -0.000000    

-1.591740
0.733518    0.000000    0.000000    0.000000    0.000083    0.016046    0.993091    0.116235    0.001334    0.000006    0.000000    0.000000    
2.898406    -0.000000    -0.000000    -0.000000    -0.000012    -0.002183    -0.116223    0.993140    0.012652    0.000056    0.000000    0.000000    
16.209420    0.000000    0.000000    0.000023    0.007578    0.999840    -0.016191    0.000303    0.000012    0.000000    0.000000    0.000000    
22.525313    -0.000000    -0.000000    -0.000000    -0.000000    -0.000006    0.000146    -0.012721    0.999896    0.006721    0.000018    0.000000    
49.194335    0.000000    0.000010    0.004947    0.999959    -0.007579    0.000039    -0.000000    0.000000    0.000000    0.000000    0.000000    
59.721794    -0.000000    -0.000000    -0.000000    -0.000000    0.000000    -0.000000    0.000030    -0.006721    0.999967    0.004567    0.000009    
99.726371    0.000006    0.003672    0.999981    -0.004947    0.000015    -0.000000    0.000000    -0.000000    0.000000    0.000000    0.000000    
114.464938    -0.000000    -0.000000    -0.000000    0.000000    -0.000000    0.000000    -0.000000    0.000012    -0.004567    0.999984    0.003458    
167.804578    -0.002920    -0.999989    0.003672    -0.000008    0.000000    -0.000000    0.000000    -0.000000    0.000000    -0.000000    -0.000000    
186.754895    -0.000000    -0.000000    0.000000    -0.000000    0.000000    -0.000000    0.000000    -0.000000    0.000007    -0.003458    0.999994    
253.429421    -0.999996    0.002920    -0.000005    0.000000    -0.000000    0.000000    -0.000000    0.000000    -0.000000    0.000000    -0.000000    

-1.581268
0.717474    0.000000    0.000000    0.000000    0.000083    0.016097    0.993355    0.113956    0.001302    0.000006    0.000000    0.000000    
2.925083    -0.000000    -0.000000    -0.000000    -0.000012    -0.002155    -0.113943    0.993405    0.012627    0.000055    0.000000    0.000000    
16.148950    0.000000    0.000000    0.000023    0.007588    0.999839    -0.016237    0.000306    0.000012    0.000000    0.000000    0.000000    
22.596424    -0.000000    -0.000000    -0.000000    -0.000000    -0.000006    0.000145    -0.012693    0.999897    0.006713    0.000018    0.000000    
49.089993    0.000000    0.000010    0.004952    0.999959    -0.007589    0.000039    -0.000000    0.000000    0.000000    0.000000    0.000000    
59.836774    -0.000000    -0.000000    -0.000000    -0.000000    0.000000    -0.000000    0.000029    -0.006713    0.999967    0.004563    0.000009    
99.578163    0.000006    0.003675    0.999981    -0.004952    0.000015    -0.000000    0.000000    -0.000000    0.000000    0.000000    0.000000    
114.623784    -0.000000    -0.000000    -0.000000    0.000000    -0.000000    0.000000    -0.000000    0.000012    -0.004563    0.999984    0.003456    
167.612505    -0.002921    -0.999989    0.003675    -0.000008    0.000000    -0.000000    0.000000    -0.000000    0.000000    -0.000000    -0.000000    
186.957605    -0.000000    -0.000000    0.000000    -0.000000    0.000000    -0.000000    0.000000    -0.000000    0.000007    -0.003456    0.999994    
253.193483    -0.999996    0.002921    -0.000005    0.000000    -0.000000    0.000000    -0.000000    0.000000    -0.000000    0.000000    -0.000000    

-1.570796
0.701517    0.000000    0.000000    0.000000    0.000084    0.016147    0.993603    0.111762    0.001272    0.000005    0.000000    0.000000    
2.951891    -0.000000    -0.000000    -0.000000    -0.000012    -0.002127    -0.111750    0.993654    0.012601    0.000055    0.000000    0.000000    
16.088590    0.000000    0.000000    0.000023    0.007599    0.999838    -0.016284    0.000309    0.000012    0.000000    0.000000    0.000000    
22.667645    -0.000000    -0.000000    -0.000000    -0.000000    -0.000005    0.000144    -0.012665    0.999897    0.006705    0.000018    0.000000    
48.985761    0.000000    0.000010    0.004956    0.999959    -0.007599    0.000039    -0.000000    0.000000    0.000000    0.000000    0.000000    
59.951863    -0.000000    -0.000000    -0.000000    -0.000000    0.000000    -0.000000    0.000029    -0.006705    0.999967    0.004559    0.000009    
99.430064    0.000006    0.003677    0.999981    -0.004956    0.000015    -0.000000    0.000000    -0.000000    0.000000    0.000000    0.000000    
114.782739    -0.000000    -0.000000    -0.000000    0.000000    -0.000000    0.000000    -0.000000    0.000012    -0.004559    0.999984    0.003454    
167.420541    -0.002923    -0.999989    0.003677    -0.000008    0.000000    -0.000000    0.000000    -0.000000    0.000000    -0.000000    -0.000000    
187.160425    -0.000000    -0.000000    0.000000    -0.000000    0.000000    -0.000000    0.000000    -0.000000    0.000007    -0.003454    0.999994    
252.957655    -0.999996    0.002923    -0.000005    0.000000    -0.000000    0.000000    -0.000000    0.000000    -0.000000    0.000000    -0.000000    

-1.560324
0.685649    0.000000    0.000000    0.000000    0.000084    0.016198    0.993838    0.109650    0.001243    0.000005    0.000000    0.000000    
2.978831    -0.000000    -0.000000    -0.000000    -0.000011    -0.002101    -0.109637    0.993890    0.012576    0.000055    0.000000    0.000000    
16.028340    0.000000    0.000000    0.000023    0.007609    0.999838    -0.016331    0.000312    0.000012    0.000000    0.000000    0.000000    
22.738975    -0.000000    -0.000000    -0.000000    -0.000000    -0.000005    0.000144    -0.012637    0.999898    0.006697    0.000018    0.000000    
48.881638    0.000000    0.000010    0.004960    0.999959    -0.007609    0.000039    -0.000000    0.000000    0.000000    0.000000    0.000000    
60.067063    -0.000000    -0.000000    -0.000000    -0.000000    0.000000    -0.000000    0.000029    -0.006697    0.999967    0.004556    0.000009    
99.282076    0.000006    0.003679    0.999981    -0.004960    0.000015    -0.000000    0.000000    -0.000000    0.000000    0.000000    0.000000    
114.941804    -0.000000    -0.000000    -0.000000    0.000000    -0.000000    0.000000    -0.000000    0.000012    -0.004556    0.999984    0.003452    
167.228687    -0.002924    -0.999989    0.003679    -0.000008    0.000000    -0.000000    0.000000    -0.000000    0.000000    -0.000000    -0.000000    
187.363354    -0.000000    -0.000000    0.000000    -0.000000    0.000000    -0.000000    0.000000    -0.000000    0.000007    -0.003452    0.999994    
252.721936    -0.999996    0.002924    -0.000005    0.000000    -0.000000    0.000000    -0.000000    0.000000    -0.000000    0.000000    -0.000000    

-1.549852
0.669870    0.000000    0.000000    0.000000    0.000084    0.016248    0.994059    0.107615    0.001215    0.000005    0.000000    0.000000    
3.005900    -0.000000    -0.000000    -0.000000    -0.000011    -0.002076    -0.107602    0.994113    0.012551    0.000055    0.000000    0.000000    
15.968199    0.000000    0.000000    0.000023    0.007619    0.999837    -0.016377    0.000315    0.000012    0.000000    0.000000    0.000000    
22.810415    -0.000000    -0.000000    -0.000000    -0.000000    -0.000005    0.000143    -0.012609    0.999898    0.006689    0.000018    0.000000    
48.777625    0.000000    0.000010    0.004964    0.999959    -0.007619    0.000040    -0.000000    0.000000    0.000000    0.000000    0.000000    
60.182371    -0.000000    -0.000000    -0.000000    -0.000000    0.000000    -0.000000    0.000029    -0.006689    0.999967    0.004552    0.000009    
99.134196    0.000006    0.003682    0.999981    -0.004965    0.000015    -0.000000    0.000000    -0.000000    0.000000    0.000000    0.000000    
115.100978    -0.000000    -0.000000    -0.000000    0.000000    -0.000000    0.000000    -0.000000    0.000012    -0.004552    0.999984    0.003450    
167.036943    -0.002926    -0.999989    0.003682    -0.000008    0.000000    -0.000000    0.000000    -0.000000    0.000000    -0.000000    -0.000000    
187.566394    -0.000000    -0.000000    0.000000    -0.000000    0.000000    -0.000000    0.000000    -0.000000    0.000007    -0.003450    0.999994    
252.486327    -0.999996    0.002926    -0.000005    0.000000    -0.000000    0.000000    -0.000000    0.000000    -0.000000    0.000000    -0.000000    

-1.539380
0.654182    0.000000    0.000000    0.000000    0.000085    0.016299    0.994269    0.105652    0.001188    0.000005    0.000000    0.000000    
3.033098    -0.000000    -0.000000    -0.000000    -0.000011    -0.002052    -0.105639    0.994323    0.012525    0.000055    0.000000    0.000000    
15.908169    0.000000    0.000000    0.000023    0.007629    0.999836    -0.016425    0.000318    0.000011    0.000000    0.000000    0.000000    
22.881965    -0.000000    -0.000000    -0.000000    -0.000000    -0.000005    0.000142    -0.012581    0.999899    0.006681    0.000018    0.000000    
48.673721    0.000000    0.000011    0.004969    0.999959    -0.007629    0.000040    -0.000000    0.000000    0.000000    0.000000    0.000000    
60.297790    -0.000000    -0.000000    -0.000000    -0.000000    0.000000    -0.000000    0.000029    -0.006681    0.999967    0.004548    0.000009    
98.986427    0.000006    0.003684    0.999981    -0.004969    0.000015    -0.000000    0.000000    -0.000000    0.000000    0.000000    0.000000    
115.260262    -0.000000    -0.000000    -0.000000    0.000000    -0.000000    0.000000    -0.000000    0.000012    -0.004548    0.999984    0.003448    
166.845308    -0.002927    -0.999989    0.003684    -0.000008    0.000000    -0.000000    0.000000    -0.000000    0.000000    -0.000000    -0.000000    
187.769543    -0.000000    -0.000000    0.000000    -0.000000    0.000000    -0.000000    0.000000    -0.000000    0.000007    -0.003448    0.999994    
252.250828    -0.999996    0.002927    -0.000005    0.000000    -0.000000    0.000000    -0.000000    0.000000    -0.000000    0.000000    -0.000000    

-1.528908
0.638586    0.000000    0.000000    0.000000    0.000085    0.016350    0.994467    0.103759    0.001163    0.000005    0.000000    0.000000    
3.060423    -0.000000    -0.000000    -0.000000    -0.000011    -0.002029    -0.103746    0.994523    0.012500    0.000054    0.000000    0.000000    
15.848247    0.000000    0.000000    0.000023    0.007639    0.999835    -0.016472    0.000321    0.000011    0.000000    0.000000    0.000000    
22.953624    -0.000000    -0.000000    -0.000000    -0.000000    -0.000005    0.000141    -0.012553    0.999899    0.006673    0.000018    0.000000    
48.569927    0.000000    0.000011    0.004973    0.999958    -0.007640    0.000040    -0.000000    0.000000    0.000000    0.000000    0.000000    
60.413318    -0.000000    -0.000000    -0.000000    -0.000000    0.000000    -0.000000    0.000029    -0.006674    0.999967    0.004545    0.000009    
98.838767    0.000006    0.003686    0.999981    -0.004973    0.000015    -0.000000    0.000000    -0.000000    0.000000    0.000000    0.000000    
115.419656    -0.000000    -0.000000    -0.000000    0.000000    -0.000000    0.000000    -0.000000    0.000012    -0.004545    0.999984    0.003446    
166.653784    -0.002929    -0.999989    0.003686    -0.000008    0.000000    -0.000000    0.000000    -0.000000    0.000000    -0.000000    -0.000000    
187.972801    -0.000000    -0.000000    0.000000    -0.000000    0.000000    -0.000000    0.000000    -0.000000    0.000007    -0.003446    0.999994    
252.015438    -0.999996    0.002929    -0.000005    0.000000    -0.000000    0.000000    -0.000000    0.000000    -0.000000    0.000000    -0.000000    

-1.518436
0.623083    0.000000    0.000000    0.000000    0.000086    0.016401    0.994656    0.101931    0.001138    0.000005    0.000000    0.000000    
3.087874    -0.000000    -0.000000    -0.000000    -0.000011    -0.002007    -0.101918    0.994713    0.012474    0.000054    0.000000    0.000000    
15.788436    0.000000    0.000000    0.000023    0.007650    0.999834    -0.016520    0.000324    0.000011    0.000000    0.000000    0.000000    
23.025393    -0.000000    -0.000000    -0.000000    -0.000000    -0.000005    0.000140    -0.012526    0.999899    0.006666    0.000018    0.000000    
48.466243    0.000000    0.000011    0.004977    0.999958    -0.007650    0.000040    -0.000000    0.000000    0.000000    0.000000    0.000000    
60.528956    -0.000000    -0.000000    -0.000000    -0.000000    0.000000    -0.000000    0.000029    -0.006666    0.999967    0.004541    0.000009    
98.691217    0.000006    0.003689    0.999981    -0.004978    0.000015    -0.000000    0.000000    -0.000000    0.000000    0.000000    0.000000    
115.579159    -0.000000    -0.000000    -0.000000    0.000000    -0.000000    0.000000    -0.000000    0.000012    -0.004541    0.999984    0.003444    
166.462368    -0.002930    -0.999989    0.003689    -0.000008    0.000000    -0.000000    0.000000    -0.000000    0.000000    -0.000000    -0.000000    
188.176169    -0.000000    -0.000000    0.000000    -0.000000    0.000000    -0.000000    0.000000    -0.000000    0.000007    -0.003444    0.999994    
251.780158    -0.999996    0.002930    -0.000005    0.000000    -0.000000    0.000000    -0.000000    0.000000    -0.000000    0.000000    -0.000000    

-1.507964
0.607673    0.000000    0.000000    0.000000    0.000086    0.016452    0.994834    0.100166    0.001114    0.000005    0.000000    0.000000    
3.115452    -0.000000    -0.000000    -0.000000    -0.000011    -0.001986    -0.100153    0.994892    0.012449    0.000054    0.000000    0.000000    
15.728734    0.000000    0.000000    0.000023    0.007660    0.999833    -0.016568    0.000328    0.000011    0.000000    0.000000    0.000000    
23.097272    -0.000000    -0.000000    -0.000000    -0.000000    -0.000005    0.000139    -0.012498    0.999900    0.006658    0.000018    0.000000    
48.362668    0.000000    0.000011    0.004982    0.999958    -0.007660    0.000040    -0.000000    0.000000    0.000000    0.000000    0.000000    
60.644703    -0.000000    -0.000000    -0.000000    -0.000000    0.000000    -0.000000    0.000029    -0.006658    0.999968    0.004538    0.000009    
98.543777    0.000006    0.003691    0.999981    -0.004982    0.000015    -0.000000    0.000000    -0.000000    0.000000    0.000000    0.000000    
115.738772    -0.000000    -0.000000    -0.000000    0.000000    -0.000000    0.000000    -0.000000    0.000012    -0.004538    0.999984    0.003442    
166.271063    -0.002932    -0.999989    0.003691    -0.000008    0.000000    -0.000000    0.000000    -0.000000    0.000000    -0.000000    -0.000000    
188.379647    -0.000000    -0.000000    0.000000    -0.000000    0.000000    -0.000000    0.000000    -0.000000    0.000007    -0.003442    0.999994    
251.544988    -0.999996    0.002932    -0.000005    0.000000    -0.000000    0.000000    -0.000000    0.000000    -0.000000    0.000000    -0.000000    

-1.497492
0.592357    0.000000    0.000000    0.000000    0.000087    0.016503    0.995004    0.098460    0.001090    0.000005    0.000000    0.000000    
3.143154    -0.000000    -0.000000    -0.000000    -0.000011    -0.001965    -0.098447    0.995063    0.012424    0.000054    0.000000    0.000000    
15.669142    0.000000    0.000000    0.000023    0.007670    0.999832    -0.016616    0.000331    0.000011    0.000000    0.000000    0.000000    
23.169260    -0.000000    -0.000000    -0.000000    -0.000000    -0.000005    0.000138    -0.012471    0.999900    0.006650    0.000018    0.000000    
48.259204    0.000000    0.000011    0.004986    0.999958    -0.007671    0.000040    -0.000000    0.000000    0.000000    0.000000    0.000000    
60.760560    -0.000000    -0.000000    -0.000000    -0.000000    0.000000    -0.000000    0.000029    -0.006650    0.999968    0.004534    0.000009    
98.396446    0.000006    0.003694    0.999981    -0.004986    0.000015    -0.000000    0.000000    -0.000000    0.000000    0.000000    0.000000    
115.898495    -0.000000    -0.000000    -0.000000    0.000000    -0.000000    0.000000    -0.000000    0.000012    -0.004534    0.999984    0.003439    
166.079867    -0.002933    -0.999989    0.003694    -0.000008    0.000000    -0.000000    0.000000    -0.000000    0.000000    -0.000000    -0.000000    
188.583234    -0.000000    -0.000000    0.000000    -0.000000    0.000000    -0.000000    0.000000    -0.000000    0.000007    -0.003440    0.999994    
251.309927    -0.999996    0.002933    -0.000005    0.000000    -0.000000    0.000000    -0.000000    0.000000    -0.000000    0.000000    -0.000000    

-1.487021
0.577136    0.000000    0.000000    0.000000    0.000087    0.016554    0.995165    0.096810    0.001068    0.000004    0.000000    0.000000    
3.170981    -0.000000    -0.000000    -0.000000    -0.000011    -0.001946    -0.096797    0.995225    0.012398    0.000054    0.000000    0.000000    
15.609660    0.000000    0.000000    0.000023    0.007680    0.999832    -0.016665    0.000334    0.000011    0.000000    0.000000    0.000000    
23.241358    -0.000000    -0.000000    -0.000000    -0.000000    -0.000005    0.000137    -0.012443    0.999901    0.006642    0.000018    0.000000    
48.155848    0.000000    0.000011    0.004991    0.999958    -0.007681    0.000040    -0.000000    0.000000    0.000000    0.000000    0.000000    
60.876527    -0.000000    -0.000000    -0.000000    -0.000000    0.000000    -0.000000    0.000029    -0.006642    0.999968    0.004530    0.000009    
98.249225    0.000006    0.003696    0.999981    -0.004991    0.000015    -0.000000    0.000000    -0.000000    0.000000    0.000000    0.000000    
116.058327    -0.000000    -0.000000    -0.000000    0.000000    -0.000000    0.000000    -0.000000    0.000012    -0.004530    0.999984    0.003437    
165.888780    -0.002935    -0.999989    0.003696    -0.000008    0.000000    -0.000000    0.000000    -0.000000    0.000000    -0.000000    -0.000000    
188.786932    -0.000000    -0.000000    0.000000    -0.000000    0.000000    -0.000000    0.000000    -0.000000    0.000007    -0.003437    0.999994    
251.074976    -0.999996    0.002935    -0.000005    0.000000    -0.000000    0.000000    -0.000000    0.000000    -0.000000    0.000000    -0.000000    

-1.476549
0.562011    0.000000    0.000000    0.000000    0.000087    0.016606    0.995318    0.095214    0.001046    0.000004    0.000000    0.000000    
3.198931    -0.000000    -0.000000    -0.000000    -0.000011    -0.001927    -0.095201    0.995379    0.012373    0.000054    0.000000    0.000000    
15.550288    0.000000    0.000000    0.000023    0.007691    0.999831    -0.016714    0.000338    0.000011    0.000000    0.000000    0.000000    
23.313566    -0.000000    -0.000000    -0.000000    -0.000000    -0.000004    0.000137    -0.012416    0.999901    0.006635    0.000018    0.000000    
48.052603    0.000000    0.000011    0.004995    0.999958    -0.007691    0.000041    -0.000000    0.000000    0.000000    0.000000    0.000000    
60.992604    -0.000000    -0.000000    -0.000000    -0.000000    0.000000    -0.000000    0.000029    -0.006635    0.999968    0.004527    0.000009    
98.102113    0.000006    0.003698    0.999981    -0.004995    0.000015    -0.000000    0.000000    -0.000000    0.000000    0.000000    0.000000    
116.218269    -0.000000    -0.000000    -0.000000    0.000000    -0.000000    0.000000    -0.000000    0.000012    -0.004527    0.999984    0.003435    
165.697804    -0.002936    -0.999989    0.003698    -0.000008    0.000000    -0.000000    0.000000    -0.000000    0.000000    -0.000000    -0.000000    
188.990738    -0.000000    -0.000000    0.000000    -0.000000    0.000000    -0.000000    0.000000    -0.000000    0.000007    -0.003435    0.999994    
250.840135    -0.999996    0.002936    -0.000005    0.000000    -0.000000    0.000000    -0.000000    0.000000    -0.000000    0.000000    -0.000000    

-1.466077
0.546983    0.000000    0.000000    0.000000    0.000088    0.016657    0.995464    0.093669    0.001025    0.000004    0.000000    0.000000    
3.227003    -0.000000    -0.000000    -0.000000    -0.000011    -0.001910    -0.093656    0.995526    0.012348    0.000053    0.000000    0.000000    
15.491025    0.000000    0.000000    0.000023    0.007701    0.999830    -0.016763    0.000341    0.000011    0.000000    0.000000    0.000000    
23.385883    -0.000000    -0.000000    -0.000000    -0.000000    -0.000004    0.000136    -0.012389    0.999901    0.006627    0.000018    0.000000    
47.949467    0.000000    0.000011    0.004999    0.999958    -0.007702    0.000041    -0.000000    0.000000    0.000000    0.000000    0.000000    
61.108790    -0.000000    -0.000000    -0.000000    -0.000000    0.000000    -0.000000    0.000029    -0.006627    0.999968    0.004523    0.000009    
97.955112    0.000006    0.003701    0.999981    -0.004999    0.000015    -0.000000    0.000000    -0.000000    0.000000    0.000000    0.000000    
116.378321    -0.000000    -0.000000    -0.000000    0.000000    -0.000000    0.000000    -0.000000    0.000012    -0.004523    0.999984    0.003433    
165.506937    -0.002938    -0.999989    0.003701    -0.000008    0.000000    -0.000000    0.000000    -0.000000    0.000000    -0.000000    -0.000000    
189.194655    -0.000000    -0.000000    0.000000    -0.000000    0.000000    -0.000000    0.000000    -0.000000    0.000007    -0.003433    0.999994    
250.605403    -0.999996    0.002938    -0.000005    0.000000    -0.000000    0.000000    -0.000000    0.000000    -0.000000    0.000000    -0.000000    

-1.455605
0.532052    0.000000    0.000000    0.000000    0.000088    0.016709    0.995602    0.092173    0.001005    0.000004    0.000000    0.000000    
3.255198    -0.000000    -0.000000    -0.000000    -0.000011    -0.001893    -0.092159    0.995666    0.012322    0.000053    0.000000    0.000000    
15.431872    0.000000    0.000000    0.000023    0.007712    0.999829    -0.016812    0.000344    0.000011    0.000000    0.000000    0.000000    
23.458311    -0.000000    -0.000000    -0.000000    -0.000000    -0.000004    0.000135    -0.012363    0.999902    0.006619    0.000018    0.000000    
47.846441    0.000000    0.000011    0.005004    0.999958    -0.007712    0.000041    -0.000000    0.000000    0.000000    0.000000    0.000000    
61.225086    -0.000000    -0.000000    -0.000000    -0.000000    0.000000    -0.000000    0.000029    -0.006619    0.999968    0.004520    0.000009    
97.808220    0.000006    0.003703    0.999981    -0.005004    0.000015    -0.000000    0.000000    -0.000000    0.000000    0.000000    0.000000    
116.538482    -0.000000    -0.000000    -0.000000    0.000000    -0.000000    0.000000    -0.000000    0.000012    -0.004520    0.999984    0.003431    
165.316179    -0.002939    -0.999989    0.003703    -0.000008    0.000000    -0.000000    0.000000    -0.000000    0.000000    -0.000000    -0.000000    
189.398681    -0.000000    -0.000000    0.000000    -0.000000    0.000000    -0.000000    0.000000    -0.000000    0.000007    -0.003431    0.999994    
250.370781    -0.999996    0.002939    -0.000005    0.000000    -0.000000    0.000000    -0.000000    0.000000    -0.000000    0.000000    -0.000000    

-1.445133
0.517218    0.000000    0.000000    0.000000    0.000089    0.016761    0.995735    0.090723    0.000986    0.000004    0.000000    0.000000    
3.283514    -0.000000    -0.000000    -0.000000    -0.000011    -0.001876    -0.090709    0.995800    0.012297    0.000053    0.000000    0.000000    
15.372829    0.000000    0.000000    0.000023    0.007722    0.999828    -0.016862    0.000348    0.000011    0.000000    0.000000    0.000000    
23.530847    -0.000000    -0.000000    -0.000000    -0.000000    -0.000004    0.000134    -0.012336    0.999902    0.006611    0.000018    0.000000    
47.743524    0.000000    0.000011    0.005008    0.999958    -0.007722    0.000041    -0.000000    0.000000    0.000000    0.000000    0.000000    
61.341491    -0.000000    -0.000000    -0.000000    -0.000000    0.000000    -0.000000    0.000028    -0.006612    0.999968    0.004516    0.000009    
97.661437    0.000006    0.003706    0.999981    -0.005008    0.000015    -0.000000    0.000000    -0.000000    0.000000    0.000000    0.000000    
116.698753    -0.000000    -0.000000    -0.000000    0.000000    -0.000000    0.000000    -0.000000    0.000012    -0.004516    0.999984    0.003429    
165.125532    -0.002941    -0.999989    0.003706    -0.000008    0.000000    -0.000000    0.000000    -0.000000    0.000000    -0.000000    -0.000000    
189.602817    -0.000000    -0.000000    0.000000    -0.000000    0.000000    -0.000000    0.000000    -0.000000    0.000007    -0.003429    0.999994    
250.136268    -0.999996    0.002941    -0.000005    0.000000    -0.000000    0.000000    -0.000000    0.000000    -0.000000    0.000000    -0.000000    

-1.434661
0.502483    0.000000    0.000000    0.000000    0.000089    0.016813    0.995861    0.089317    0.000967    0.000004    0.000000    0.000000    
3.311952    -0.000000    -0.000000    -0.000000    -0.000010    -0.001861    -0.089304    0.995927    0.012272    0.000053    0.000000    0.000000    
15.313895    0.000000    0.000000    0.000024    0.007733    0.999827    -0.016912    0.000351    0.000011    0.000000    0.000000    0.000000    
23.603494    -0.000000    -0.000000    -0.000000    -0.000000    -0.000004    0.000133    -0.012309    0.999902    0.006604    0.000018    0.000000    
47.640717    0.000000    0.000011    0.005013    0.999958    -0.007733    0.000041    -0.000000    0.000000    0.000000    0.000000    0.000000    
61.458006    -0.000000    -0.000000    -0.000000    -0.000000    0.000000    -0.000000    0.000028    -0.006604    0.999968    0.004512    0.000009    
97.514764    0.000006    0.003708    0.999981    -0.005013    0.000015    -0.000000    0.000000    -0.000000    0.000000    0.000000    0.000000    
116.859134    -0.000000    -0.000000    -0.000000    0.000000    -0.000000    0.000000    -0.000000    0.000012    -0.004512    0.999984    0.003427    
164.934994    -0.002942    -0.999989    0.003708    -0.000008    0.000000    -0.000000    0.000000    -0.000000    0.000000    -0.000000    -0.000000    
189.807062    -0.000000    -0.000000    0.000000    -0.000000    0.000000    -0.000000    0.000000    -0.000000    0.000007    -0.003427    0.999994    
249.901866    -0.999996    0.002942    -0.000005    0.000000    -0.000000    0.000000    -0.000000    0.000000    -0.000000    0.000000    -0.000000    

-1.424189
0.487846    0.000000    0.000000    0.000000    0.000090    0.016865    0.995981    0.087954    0.000948    0.000004    0.000000    0.000000    
3.340509    -0.000000    -0.000000    -0.000000    -0.000010    -0.001846    -0.087940    0.996049    0.012247    0.000053    0.000000    0.000000    
15.255071    0.000000    0.000000    0.000024    0.007743    0.999826    -0.016963    0.000355    0.000011    0.000000    0.000000    0.000000    
23.676250    -0.000000    -0.000000    -0.000000    -0.000000    -0.000004    0.000133    -0.012283    0.999903    0.006596    0.000018    0.000000    
47.538020    0.000000    0.000011    0.005017    0.999957    -0.007743    0.000041    -0.000000    0.000000    0.000000    0.000000    0.000000    
61.574631    -0.000000    -0.000000    -0.000000    -0.000000    0.000000    -0.000000    0.000028    -0.006596    0.999968    0.004509    0.000009    
97.368201    0.000006    0.003710    0.999981    -0.005017    0.000015    -0.000000    0.000000    -0.000000    0.000000    0.000000    0.000000    
117.019625    -0.000000    -0.000000    -0.000000    0.000000    -0.000000    0.000000    -0.000000    0.000012    -0.004509    0.999984    0.003425    
164.744566    -0.002944    -0.999989    0.003710    -0.000008    0.000000    -0.000000    0.000000    -0.000000    0.000000    -0.000000    -0.000000    
190.011417    -0.000000    -0.000000    0.000000    -0.000000    0.000000    -0.000000    0.000000    -0.000000    0.000007    -0.003425    0.999994    
249.667573    -0.999996    0.002944    -0.000005    0.000000    -0.000000    0.000000    -0.000000    0.000000    -0.000000    0.000000    -0.000000    

-1.413717
0.473309    0.000000    0.000000    0.000000    0.000090    0.016918    0.996096    0.086631    0.000931    0.000004    0.000000    0.000000    
3.369187    -0.000000    -0.000000    -0.000000    -0.000010    -0.001831    -0.086618    0.996165    0.012221    0.000052    0.000000    0.000000    
15.196357    0.000000    0.000000    0.000024    0.007754    0.999825    -0.017013    0.000359    0.000010    0.000000    0.000000    0.000000    
23.749116    -0.000000    -0.000000    -0.000000    -0.000000    -0.000004    0.000132    -0.012256    0.999903    0.006589    0.000018    0.000000    
47.435433    0.000000    0.000011    0.005021    0.999957    -0.007754    0.000041    -0.000000    0.000000    0.000000    0.000000    0.000000    
61.691366    -0.000000    -0.000000    -0.000000    -0.000000    0.000000    -0.000000    0.000028    -0.006589    0.999968    0.004505    0.000009    
97.221748    0.000006    0.003713    0.999980    -0.005021    0.000015    -0.000000    0.000000    -0.000000    0.000000    0.000000    0.000000    
117.180225    -0.000000    -0.000000    -0.000000    0.000000    -0.000000    0.000000    -0.000000    0.000012    -0.004505    0.999984    0.003423    
164.554247    -0.002945    -0.999989    0.003713    -0.000008    0.000000    -0.000000    0.000000    -0.000000    0.000000    -0.000000    -0.000000    
190.215882    -0.000000    -0.000000    0.000000    -0.000000    0.000000    -0.000000    0.000000    -0.000000    0.000007    -0.003423    0.999994    
249.433389    -0.999996    0.002945    -0.000005    0.000000    -0.000000    0.000000    -0.000000    0.000000    -0.000000    0.000000    -0.000000    

-1.403245
0.458871    0.000000    0.000000    0.000000    0.000091    0.016971    0.996206    0.085348    0.000913    0.000004    0.000000    0.000000    
3.397985    -0.000000    -0.000000    -0.000000    -0.000010    -0.001818    -0.085334    0.996276    0.012196    0.000052    0.000000    0.000000    
15.137753    0.000000    0.000000    0.000024    0.007764    0.999824    -0.017064    0.000363    0.000010    0.000000    0.000000    0.000000    
23.822092    -0.000000    -0.000000    -0.000000    -0.000000    -0.000004    0.000131    -0.012230    0.999904    0.006581    0.000018    0.000000    
47.332955    0.000000    0.000011    0.005026    0.999957    -0.007765    0.000041    -0.000000    0.000000    0.000000    0.000000    0.000000    
61.808210    -0.000000    -0.000000    -0.000000    -0.000000    0.000000    -0.000000    0.000028    -0.006581    0.999968    0.004502    0.000009    
97.075404    0.000006    0.003715    0.999980    -0.005026    0.000015    -0.000000    0.000000    -0.000000    0.000000    0.000000    0.000000    
117.340934    -0.000000    -0.000000    -0.000000    0.000000    -0.000000    0.000000    -0.000000    0.000012    -0.004502    0.999984    0.003421    
164.364038    -0.002947    -0.999989    0.003715    -0.000008    0.000000    -0.000000    0.000000    -0.000000    0.000000    -0.000000    -0.000000    
190.420457    -0.000000    -0.000000    0.000000    -0.000000    0.000000    -0.000000    0.000000    -0.000000    0.000007    -0.003421    0.999994    
249.199316    -0.999996    0.002947    -0.000005    0.000000    -0.000000    0.000000    -0.000000    0.000000    -0.000000    0.000000    -0.000000    

-1.392773
0.444533    0.000000    0.000000    0.000000    0.000091    0.017024    0.996311    0.084101    0.000897    0.000004    0.000000    0.000000    
3.426901    -0.000000    -0.000000    -0.000000    -0.000010    -0.001805    -0.084087    0.996382    0.012171    0.000052    0.000000    0.000000    
15.079258    0.000000    0.000000    0.000024    0.007775    0.999823    -0.017116    0.000366    0.000010    0.000000    0.000000    0.000000    
23.895177    -0.000000    -0.000000    -0.000000    -0.000000    -0.000004    0.000130    -0.012204    0.999904    0.006573    0.000018    0.000000    
47.230587    0.000000    0.000011    0.005030    0.999957    -0.007775    0.000042    -0.000000    0.000000    0.000000    0.000000    0.000000    
61.925164    -0.000000    -0.000000    -0.000000    -0.000000    0.000000    -0.000000    0.000028    -0.006573    0.999968    0.004498    0.000009    
96.929170    0.000006    0.003718    0.999980    -0.005030    0.000015    -0.000000    0.000000    -0.000000    0.000000    0.000000    0.000000    
117.501754    -0.000000    -0.000000    -0.000000    0.000000    -0.000000    0.000000    -0.000000    0.000012    -0.004498    0.999984    0.003419    
164.173939    -0.002948    -0.999989    0.003718    -0.000008    0.000000    -0.000000    0.000000    -0.000000    0.000000    -0.000000    -0.000000    
190.625141    -0.000000    -0.000000    0.000000    -0.000000    0.000000    -0.000000    0.000000    -0.000000    0.000007    -0.003419    0.999994    
248.965351    -0.999996    0.002948    -0.000005    0.000000    -0.000000    0.000000    -0.000000    0.000000    -0.000000    0.000000    -0.000000    

-1.382301
0.430296    0.000000    0.000000    0.000000    0.000091    0.017077    0.996412    0.082890    0.000880    0.000004    0.000000    0.000000    
3.455936    -0.000000    -0.000000    -0.000000    -0.000010    -0.001792    -0.082876    0.996484    0.012146    0.000052    0.000000    0.000000    
15.020873    0.000000    0.000000    0.000024    0.007785    0.999822    -0.017167    0.000370    0.000010    0.000000    0.000000    0.000000    
23.968372    -0.000000    -0.000000    -0.000000    -0.000000    -0.000004    0.000130    -0.012178    0.999904    0.006566    0.000018    0.000000    
47.128328    0.000000    0.000011    0.005035    0.999957    -0.007786    0.000042    -0.000000    0.000000    0.000000    0.000000    0.000000    
62.042227    -0.000000    -0.000000    -0.000000    -0.000000    0.000000    -0.000000    0.000028    -0.006566    0.999968    0.004495    0.000009    
96.783045    0.000006    0.003720    0.999980    -0.005035    0.000015    -0.000000    0.000000    -0.000000    0.000000    0.000000    0.000000    
117.662683    -0.000000    -0.000000    -0.000000    0.000000    -0.000000    0.000000    -0.000000    0.000012    -0.004495    0.999984    0.003417    
163.983949    -0.002950    -0.999989    0.003720    -0.000008    0.000000    -0.000000    0.000000    -0.000000    0.000000    -0.000000    -0.000000    
190.829935    -0.000000    -0.000000    0.000000    -0.000000    0.000000    -0.000000    0.000000    -0.000000    0.000007    -0.003417    0.999994    
248.731497    -0.999996    0.002950    -0.000005    0.000000    -0.000000    0.000000    -0.000000    0.000000    -0.000000    0.000000    -0.000000    

-1.371829
0.416160    0.000000    0.000000    0.000000    0.000092    0.017131    0.996508    0.081712    0.000865    0.000004    0.000000    0.000000    
3.485090    -0.000000    -0.000000    -0.000000    -0.000010    -0.001780    -0.081698    0.996582    0.012121    0.000052    0.000000    0.000000    
14.962598    0.000000    0.000000    0.000024    0.007796    0.999821    -0.017219    0.000374    0.000010    0.000000    0.000000    0.000000    
24.041676    -0.000000    -0.000000    -0.000000    -0.000000    -0.000004    0.000129    -0.012152    0.999905    0.006558    0.000017    0.000000    
47.026179    0.000000    0.000011    0.005039    0.999957    -0.007796    0.000042    -0.000000    0.000000    0.000000    0.000000    0.000000    
62.159400    -0.000000    -0.000000    -0.000000    -0.000000    0.000000    -0.000000    0.000028    -0.006558    0.999968    0.004491    0.000009    
96.637030    0.000006    0.003723    0.999980    -0.005039    0.000015    -0.000000    0.000000    -0.000000    0.000000    0.000000    0.000000    
117.823721    -0.000000    -0.000000    -0.000000    0.000000    -0.000000    0.000000    -0.000000    0.000012    -0.004491    0.999984    0.003415    
163.794069    -0.002951    -0.999989    0.003723    -0.000008    0.000000    -0.000000    0.000000    -0.000000    0.000000    -0.000000    -0.000000    
191.034838    -0.000000    -0.000000    0.000000    -0.000000    0.000000    -0.000000    0.000000    -0.000000    0.000007    -0.003415    0.999994    
248.497752    -0.999996    0.002951    -0.000005    0.000000    -0.000000    0.000000    -0.000000    0.000000    -0.000000    0.000000    -0.000000    

-1.361357
0.402125    0.000000    0.000000    0.000000    0.000092    0.017184    0.996601    0.080568    0.000849    0.000003    0.000000    0.000000    
3.514361    -0.000000    -0.000000    -0.000000    -0.000010    -0.001769    -0.080554    0.996675    0.012097    0.000051    0.000000    0.000000    
14.904433    0.000000    0.000000    0.000024    0.007807    0.999820    -0.017271    0.000378    0.000010    0.000000    0.000000    0.000000    
24.115091    -0.000000    -0.000000    -0.000000    -0.000000    -0.000003    0.000128    -0.012126    0.999905    0.006551    0.000017    0.000000    
46.924140    0.000000    0.000011    0.005044    0.999957    -0.007807    0.000042    -0.000000    0.000000    0.000000    0.000000    0.000000    
62.276683    -0.000000    -0.000000    -0.000000    -0.000000    0.000000    -0.000000    0.000028    -0.006551    0.999968    0.004488    0.000009    
96.491125    0.000006    0.003725    0.999980    -0.005044    0.000015    -0.000000    0.000000    -0.000000    0.000000    0.000000    0.000000    
117.984870    -0.000000    -0.000000    -0.000000    0.000000    -0.000000    0.000000    -0.000000    0.000012    -0.004488    0.999984    0.003413    
163.604299    -0.002953    -0.999989    0.003725    -0.000008    0.000000    -0.000000    0.000000    -0.000000    0.000000    -0.000000    -0.000000    
191.239851    -0.000000    -0.000000    0.000000    -0.000000    0.000000    -0.000000    0.000000    -0.000000    0.000007    -0.003413    0.999994    
248.264117    -0.999996    0.002953    -0.000005    0.000000    -0.000000    0.000000    -0.000000    0.000000    -0.000000    0.000000    -0.000000    

-1.350885
0.388191    0.000000    0.000000    0.000000    0.000093    0.017238    0.996689    0.079455    0.000835    0.000003    0.000000    0.000000    
3.543750    -0.000000    -0.000000    -0.000000    -0.000010    -0.001758    -0.079440    0.996765    0.012072    0.000051    0.000000    0.000000    
14.846377    0.000000    0.000000    0.000024    0.007817    0.999819    -0.017324    0.000382    0.000010    0.000000    0.000000    0.000000    
24.188615    -0.000000    -0.000000    -0.000000    -0.000000    -0.000003    0.000127    -0.012100    0.999905    0.006543    0.000017    0.000000    
46.822211    0.000000    0.000011    0.005048    0.999957    -0.007818    0.000042    -0.000000    0.000000    0.000000    0.000000    0.000000    
62.394075    -0.000000    -0.000000    -0.000000    -0.000000    0.000000    -0.000000    0.000028    -0.006543    0.999969    0.004484    0.000009    
96.345330    0.000006    0.003727    0.999980    -0.005048    0.000015    -0.000000    0.000000    -0.000000    0.000000    0.000000    0.000000    
118.146128    -0.000000    -0.000000    -0.000000    0.000000    -0.000000    0.000000    -0.000000    0.000012    -0.004484    0.999984    0.003411    
163.414638    -0.002955    -0.999989    0.003727    -0.000008    0.000000    -0.000000    0.000000    -0.000000    0.000000    -0.000000    -0.000000    
191.444974    -0.000000    -0.000000    0.000000    -0.000000    0.000000    -0.000000    0.000000    -0.000000    0.000007    -0.003411    0.999994    
248.030592    -0.999996    0.002955    -0.000005    0.000000    -0.000000    0.000000    -0.000000    0.000000    -0.000000    0.000000    -0.000000    

-1.340413
0.374360    0.000000    0.000000    0.000000    0.000093    0.017293    0.996774    0.078371    0.000820    0.000003    0.000000    0.000000    
3.573257    -0.000000    -0.000000    -0.000000    -0.000010    -0.001747    -0.078357    0.996851    0.012047    0.000051    0.000000    0.000000    
14.788431    0.000000    0.000000    0.000024    0.007828    0.999818    -0.017377    0.000387    0.000010    0.000000    0.000000    0.000000    
24.262248    -0.000000    -0.000000    -0.000000    -0.000000    -0.000003    0.000127    -0.012074    0.999906    0.006536    0.000017    0.000000    
46.720391    0.000000    0.000011    0.005052    0.999957    -0.007829    0.000042    -0.000000    0.000000    0.000000    0.000000    0.000000    
62.511578    -0.000000    -0.000000    -0.000000    -0.000000    0.000000    -0.000000    0.000028    -0.006536    0.999969    0.004481    0.000009    
96.199644    0.000006    0.003730    0.999980    -0.005053    0.000016    -0.000000    0.000000    -0.000000    0.000000    0.000000    0.000000    
118.307495    -0.000000    -0.000000    -0.000000    0.000000    -0.000000    0.000000    -0.000000    0.000012    -0.004481    0.999984    0.003409    
163.225087    -0.002956    -0.999989    0.003730    -0.000008    0.000000    -0.000000    0.000000    -0.000000    0.000000    -0.000000    -0.000000    
191.650206    -0.000000    -0.000000    0.000000    -0.000000    0.000000    -0.000000    0.000000    -0.000000    0.000007    -0.003409    0.999994    
247.797176    -0.999996    0.002956    -0.000005    0.000000    -0.000000    0.000000    -0.000000    0.000000    -0.000000    0.000000    -0.000000    

-1.329941
0.360631    0.000000    0.000000    0.000000    0.000094    0.017347    0.996855    0.077317    0.000806    0.000003    0.000000    0.000000    
3.602880    -0.000000    -0.000000    -0.000000    -0.000010    -0.001737    -0.077303    0.996934    0.012022    0.000051    0.000000    0.000000    
14.730595    0.000000    0.000000    0.000024    0.007839    0.999817    -0.017430    0.000391    0.000010    0.000000    0.000000    0.000000    
24.335992    -0.000000    -0.000000    -0.000000    -0.000000    -0.000003    0.000126    -0.012049    0.999906    0.006528    0.000017    0.000000    
46.618681    0.000000    0.000011    0.005057    0.999956    -0.007839    0.000042    -0.000000    0.000000    0.000000    0.000000    0.000000    
62.629189    -0.000000    -0.000000    -0.000000    -0.000000    0.000000    -0.000000    0.000028    -0.006528    0.999969    0.004477    0.000009    
96.054068    0.000006    0.003732    0.999980    -0.005057    0.000016    -0.000000    0.000000    -0.000000    0.000000    0.000000    0.000000    
118.468973    -0.000000    -0.000000    -0.000000    0.000000    -0.000000    0.000000    -0.000000    0.000012    -0.004477    0.999984    0.003407    
163.035646    -0.002958    -0.999989    0.003732    -0.000008    0.000000    -0.000000    0.000000    -0.000000    0.000000    -0.000000    -0.000000    
191.855548    -0.000000    -0.000000    0.000000    -0.000000    0.000000    -0.000000    0.000000    -0.000000    0.000007    -0.003407    0.999994    
247.563870    -0.999996    0.002958    -0.000005    0.000000    -0.000000    0.000000    -0.000000    0.000000    -0.000000    0.000000    -0.000000    

-1.319469
0.347004    0.000000    0.000000    0.000000    0.000094    0.017402    0.996933    0.076290    0.000793    0.000003    0.000000    0.000000    
3.632620    -0.000000    -0.000000    -0.000000    -0.000010    -0.001728    -0.076276    0.997013    0.011998    0.000051    0.000000    0.000000    
14.672868    0.000000    0.000000    0.000024    0.007850    0.999816    -0.017483    0.000395    0.000010    0.000000    0.000000    0.000000    
24.409845    -0.000000    -0.000000    -0.000000    -0.000000    -0.000003    0.000125    -0.012023    0.999906    0.006521    0.000017    0.000000    
46.517080    0.000000    0.000011    0.005061    0.999956    -0.007850    0.000043    -0.000000    0.000000    0.000000    0.000000    0.000000    
62.746911    -0.000000    -0.000000    -0.000000    -0.000000    0.000000    -0.000000    0.000028    -0.006521    0.999969    0.004474    0.000009    
95.908601    0.000006    0.003735    0.999980    -0.005062    0.000016    -0.000000    0.000000    -0.000000    0.000000    0.000000    0.000000    
118.630560    -0.000000    -0.000000    -0.000000    0.000000    -0.000000    0.000000    -0.000000    0.000012    -0.004474    0.999984    0.003405    
162.846314    -0.002959    -0.999989    0.003735    -0.000008    0.000000    -0.000000    0.000000    -0.000000    0.000000    -0.000000    -0.000000    
192.061000    -0.000000    -0.000000    0.000000    -0.000000    0.000000    -0.000000    0.000000    -0.000000    0.000007    -0.003405    0.999994    
247.330673    -0.999996    0.002959    -0.000005    0.000000    -0.000000    0.000000    -0.000000    0.000000    -0.000000    0.000000    -0.000000    

-1.308997
0.333480    0.000000    0.000000    0.000000    0.000095    0.017457    0.997009    0.075291    0.000779    0.000003    0.000000    0.000000    
3.662476    -0.000000    -0.000000    -0.000000    -0.000010    -0.001719    -0.075276    0.997089    0.011973    0.000051    0.000000    0.000000    
14.615251    0.000000    0.000000    0.000024    0.007860    0.999815    -0.017537    0.000399    0.000010    0.000000    0.000000    0.000000    
24.483807    -0.000000    -0.000000    -0.000000    -0.000000    -0.000003    0.000124    -0.011998    0.999907    0.006513    0.000017    0.000000    
46.415589    0.000000    0.000011    0.005066    0.999956    -0.007861    0.000043    -0.000000    0.000000    0.000000    0.000000    0.000000    
62.864742    -0.000000    -0.000000    -0.000000    -0.000000    0.000000    -0.000000    0.000027    -0.006513    0.999969    0.004470    0.000009    
95.763245    0.000006    0.003737    0.999980    -0.005066    0.000016    -0.000000    0.000000    -0.000000    0.000000    0.000000    0.000000    
118.792256    -0.000000    -0.000000    -0.000000    0.000000    -0.000000    0.000000    -0.000000    0.000012    -0.004470    0.999984    0.003403    
162.657092    -0.002961    -0.999989    0.003737    -0.000008    0.000000    -0.000000    0.000000    -0.000000    0.000000    -0.000000    -0.000000    
192.266562    -0.000000    -0.000000    0.000000    -0.000000    0.000000    -0.000000    0.000000    -0.000000    0.000007    -0.003403    0.999994    
247.097587    -0.999996    0.002961    -0.000005    0.000000    -0.000000    0.000000    -0.000000    0.000000    -0.000000    0.000000    -0.000000    

-1.298525
0.320059    0.000000    0.000000    0.000000    0.000095    0.017512    0.997081    0.074316    0.000767    0.000003    0.000000    0.000000    
3.692449    -0.000000    -0.000000    -0.000000    -0.000010    -0.001710    -0.074302    0.997163    0.011949    0.000050    0.000000    0.000000    
14.557744    0.000000    0.000000    0.000024    0.007871    0.999814    -0.017591    0.000404    0.000010    0.000000    0.000000    0.000000    
24.557880    -0.000000    -0.000000    -0.000000    -0.000000    -0.000003    0.000124    -0.011973    0.999907    0.006506    0.000017    0.000000    
46.314208    0.000000    0.000011    0.005070    0.999956    -0.007872    0.000043    -0.000000    0.000000    0.000000    0.000000    0.000000    
62.982683    -0.000000    -0.000000    -0.000000    -0.000000    0.000000    -0.000000    0.000027    -0.006506    0.999969    0.004466    0.000009    
95.617997    0.000006    0.003740    0.999980    -0.005071    0.000016    -0.000000    0.000000    -0.000000    0.000000    0.000000    0.000000    
118.954062    -0.000000    -0.000000    -0.000000    0.000000    -0.000000    0.000000    -0.000000    0.000012    -0.004467    0.999984    0.003401    
162.467980    -0.002962    -0.999989    0.003740    -0.000008    0.000000    -0.000000    0.000000    -0.000000    0.000000    -0.000000    -0.000000    
192.472233    -0.000000    -0.000000    0.000000    -0.000000    0.000000    -0.000000    0.000000    -0.000000    0.000007    -0.003401    0.999994    
246.864610    -0.999996    0.002962    -0.000005    0.000000    -0.000000    0.000000    -0.000000    0.000000    -0.000000    0.000000    -0.000000    

-1.288053
0.306742    0.000000    0.000000    0.000000    0.000096    0.017568    0.997150    0.073367    0.000754    0.000003    0.000000    0.000000    
3.722538    -0.000000    -0.000000    -0.000000    -0.000010    -0.001702    -0.073352    0.997233    0.011925    0.000050    0.000000    0.000000    
14.500347    0.000000    0.000000    0.000024    0.007882    0.999813    -0.017646    0.000408    0.000010    0.000000    0.000000    0.000000    
24.632062    -0.000000    -0.000000    -0.000000    -0.000000    -0.000003    0.000123    -0.011948    0.999907    0.006498    0.000017    0.000000    
46.212936    0.000000    0.000011    0.005075    0.999956    -0.007883    0.000043    -0.000000    0.000000    0.000000    0.000000    0.000000    
63.100733    -0.000000    -0.000000    -0.000000    -0.000000    0.000000    -0.000000    0.000027    -0.006499    0.999969    0.004463    0.000009    
95.472860    0.000006    0.003742    0.999980    -0.005075    0.000016    -0.000000    0.000000    -0.000000    0.000000    0.000000    0.000000    
119.115978    -0.000000    -0.000000    -0.000000    0.000000    -0.000000    0.000000    -0.000000    0.000012    -0.004463    0.999984    0.003398    
162.278977    -0.002964    -0.999989    0.003742    -0.000008    0.000000    -0.000000    0.000000    -0.000000    0.000000    -0.000000    -0.000000    
192.678013    -0.000000    -0.000000    0.000000    -0.000000    0.000000    -0.000000    0.000000    -0.000000    0.000007    -0.003398    0.999994    
246.631742    -0.999996    0.002964    -0.000005    0.000000    -0.000000    0.000000    -0.000000    0.000000    -0.000000    0.000000    -0.000000    

-1.277581
0.293528    0.000000    0.000000    0.000000    0.000096    0.017624    0.997217    0.072441    0.000742    0.000003    0.000000    0.000000    
3.752742    -0.000000    -0.000000    -0.000000    -0.000010    -0.001694    -0.072426    0.997301    0.011900    0.000050    0.000000    0.000000    
14.443059    0.000000    0.000000    0.000024    0.007893    0.999812    -0.017701    0.000413    0.000010    0.000000    0.000000    0.000000    
24.706354    -0.000000    -0.000000    -0.000000    -0.000000    -0.000003    0.000122    -0.011923    0.999908    0.006491    0.000017    0.000000    
46.111775    0.000000    0.000011    0.005080    0.999956    -0.007894    0.000043    -0.000000    0.000000    0.000000    0.000000    0.000000    
63.218893    -0.000000    -0.000000    -0.000000    -0.000000    0.000000    -0.000000    0.000027    -0.006491    0.999969    0.004459    0.000009    
95.327832    0.000006    0.003745    0.999980    -0.005080    0.000016    -0.000000    0.000000    -0.000000    0.000000    0.000000    0.000000    
119.278004    -0.000000    -0.000000    -0.000000    0.000000    -0.000000    0.000000    -0.000000    0.000012    -0.004460    0.999984    0.003396    
162.090084    -0.002965    -0.999989    0.003745    -0.000008    0.000000    -0.000000    0.000000    -0.000000    0.000000    -0.000000    -0.000000    
192.883904    -0.000000    -0.000000    0.000000    -0.000000    0.000000    -0.000000    0.000000    -0.000000    0.000007    -0.003396    0.999994    
246.398984    -0.999996    0.002965    -0.000005    0.000000    -0.000000    0.000000    -0.000000    0.000000    -0.000000    0.000000    -0.000000    

-1.267109
0.280417    0.000000    0.000000    0.000000    0.000097    0.017680    0.997281    0.071538    0.000730    0.000003    0.000000    0.000000    
3.783062    -0.000000    -0.000000    -0.000000    -0.000010    -0.001687    -0.071523    0.997367    0.011876    0.000050    0.000000    0.000000    
14.385882    0.000000    0.000000    0.000024    0.007904    0.999811    -0.017756    0.000418    0.000010    0.000000    0.000000    0.000000    
24.780755    -0.000000    -0.000000    -0.000000    -0.000000    -0.000003    0.000122    -0.011898    0.999908    0.006484    0.000017    0.000000    
46.010722    0.000000    0.000011    0.005084    0.999956    -0.007905    0.000043    -0.000000    0.000000    0.000000    0.000000    0.000000    
63.337163    -0.000000    -0.000000    -0.000000    -0.000000    0.000000    -0.000000    0.000027    -0.006484    0.999969    0.004456    0.000009    
95.182914    0.000006    0.003747    0.999980    -0.005084    0.000016    -0.000000    0.000000    -0.000000    0.000000    0.000000    0.000000    
119.440139    -0.000000    -0.000000    -0.000000    0.000000    -0.000000    0.000000    -0.000000    0.000012    -0.004456    0.999984    0.003394    
161.901300    -0.002967    -0.999989    0.003747    -0.000008    0.000000    -0.000000    0.000000    -0.000000    0.000000    -0.000000    -0.000000    
193.089904    -0.000000    -0.000000    0.000000    -0.000000    0.000000    -0.000000    0.000000    -0.000000    0.000007    -0.003394    0.999994    
246.166336    -0.999996    0.002967    -0.000005    0.000000    -0.000000    0.000000    -0.000000    0.000000    -0.000000    0.000000    -0.000000    

-1.256637
0.267411    0.000000    0.000000    0.000000    0.000097    0.017737    0.997343    0.070657    0.000718    0.000003    0.000000    0.000000    
3.813496    -0.000000    -0.000000    -0.000000    -0.000010    -0.001680    -0.070642    0.997430    0.011852    0.000050    0.000000    0.000000    
14.328814    0.000000    0.000000    0.000025    0.007915    0.999810    -0.017811    0.000423    0.000010    0.000000    0.000000    0.000000    
24.855266    -0.000000    -0.000000    -0.000000    -0.000000    -0.000003    0.000121    -0.011873    0.999909    0.006476    0.000017    0.000000    
45.909780    0.000000    0.000011    0.005089    0.999956    -0.007916    0.000043    -0.000000    0.000000    0.000000    0.000000    0.000000    
63.455542    -0.000000    -0.000000    -0.000000    -0.000000    0.000000    -0.000000    0.000027    -0.006476    0.999969    0.004453    0.000009    
95.038105    0.000006    0.003750    0.999980    -0.005089    0.000016    -0.000000    0.000000    -0.000000    0.000000    0.000000    0.000000    
119.602384    -0.000000    -0.000000    -0.000000    0.000000    -0.000000    0.000000    -0.000000    0.000012    -0.004453    0.999984    0.003392    
161.712627    -0.002968    -0.999989    0.003750    -0.000008    0.000000    -0.000000    0.000000    -0.000000    0.000000    -0.000000    -0.000000    
193.296014    -0.000000    -0.000000    0.000000    -0.000000    0.000000    -0.000000    0.000000    -0.000000    0.000007    -0.003392    0.999994    
245.933798    -0.999996    0.002968    -0.000005    0.000000    -0.000000    0.000000    -0.000000    0.000000    -0.000000    0.000000    -0.000000    

-1.246165
0.254509    0.000000    0.000000    0.000000    0.000098    0.017794    0.997402    0.069798    0.000707    0.000003    0.000000    0.000000    
3.844046    -0.000000    -0.000000    -0.000000    -0.000010    -0.001674    -0.069782    0.997491    0.011828    0.000050    0.000000    0.000000    
14.271855    0.000000    0.000000    0.000025    0.007926    0.999809    -0.017867    0.000428    0.000010    0.000000    0.000000    0.000000    
24.929887    -0.000000    -0.000000    -0.000000    -0.000000    -0.000003    0.000120    -0.011848    0.999909    0.006469    0.000017    0.000000    
45.808947    0.000000    0.000011    0.005093    0.999956    -0.007927    0.000044    -0.000000    0.000000    0.000000    0.000000    0.000000    
63.574032    -0.000000    -0.000000    -0.000000    -0.000000    0.000000    -0.000000    0.000027    -0.006469    0.999969    0.004449    0.000009    
94.893407    0.000006    0.003752    0.999980    -0.005093    0.000016    -0.000000    0.000000    -0.000000    0.000000    0.000000    0.000000    
119.764739    -0.000000    -0.000000    -0.000000    0.000000    -0.000000    0.000000    -0.000000    0.000012    -0.004449    0.999984    0.003390    
161.524063    -0.002970    -0.999989    0.003752    -0.000008    0.000000    -0.000000    0.000000    -0.000000    0.000000    -0.000000    -0.000000    
193.502233    -0.000000    -0.000000    0.000000    -0.000000    0.000000    -0.000000    0.000000    -0.000000    0.000007    -0.003390    0.999994    
245.701369    -0.999996    0.002970    -0.000005    0.000000    -0.000000    0.000000    -0.000000    0.000000    -0.000000    0.000000    -0.000000    

-1.235693
0.241711    0.000000    0.000000    0.000000    0.000098    0.017851    0.997460    0.068959    0.000696    0.000003    0.000000    0.000000    
3.874711    -0.000000    -0.000000    -0.000000    -0.000010    -0.001668    -0.068943    0.997549    0.011804    0.000049    0.000000    0.000000    
14.215007    0.000000    0.000000    0.000025    0.007937    0.999808    -0.017923    0.000432    0.000010    0.000000    0.000000    0.000000    
25.004618    -0.000000    -0.000000    -0.000000    -0.000000    -0.000003    0.000120    -0.011824    0.999909    0.006462    0.000017    0.000000    
45.708224    0.000000    0.000011    0.005098    0.999956    -0.007938    0.000044    -0.000000    0.000000    0.000000    0.000000    0.000000    
63.692630    -0.000000    -0.000000    -0.000000    -0.000000    0.000000    -0.000000    0.000027    -0.006462    0.999969    0.004446    0.000009    
94.748817    0.000006    0.003754    0.999980    -0.005098    0.000016    -0.000000    0.000000    -0.000000    0.000000    0.000000    0.000000    
119.927203    -0.000000    -0.000000    -0.000000    0.000000    -0.000000    0.000000    -0.000000    0.000012    -0.004446    0.999984    0.003388    
161.335608    -0.002971    -0.999989    0.003754    -0.000008    0.000000    -0.000000    0.000000    -0.000000    0.000000    -0.000000    -0.000000    
193.708562    -0.000000    -0.000000    0.000000    -0.000000    0.000000    -0.000000    0.000000    -0.000000    0.000007    -0.003388    0.999994    
245.469050    -0.999996    0.002971    -0.000005    0.000000    -0.000000    0.000000    -0.000000    0.000000    -0.000000    0.000000    -0.000000    

-1.225221
0.229018    0.000000    0.000000    0.000000    0.000099    0.017908    0.997515    0.068139    0.000686    0.000003    0.000000    0.000000    
3.905491    -0.000000    -0.000000    -0.000000    -0.000010    -0.001662    -0.068124    0.997606    0.011780    0.000049    0.000000    0.000000    
14.158268    0.000000    0.000000    0.000025    0.007948    0.999807    -0.017980    0.000438    0.000010    0.000000    0.000000    0.000000    
25.079458    -0.000000    -0.000000    -0.000000    -0.000000    -0.000003    0.000119    -0.011799    0.999910    0.006454    0.000017    0.000000    
45.607610    0.000000    0.000011    0.005102    0.999955    -0.007949    0.000044    -0.000000    0.000000    0.000000    0.000000    0.000000    
63.811339    -0.000000    -0.000000    -0.000000    -0.000000    0.000000    -0.000000    0.000027    -0.006454    0.999969    0.004442    0.000009    
94.604338    0.000006    0.003757    0.999980    -0.005102    0.000016    -0.000000    0.000000    -0.000000    0.000000    0.000000    0.000000    
120.089777    -0.000000    -0.000000    -0.000000    0.000000    -0.000000    0.000000    -0.000000    0.000012    -0.004442    0.999984    0.003386    
161.147264    -0.002973    -0.999989    0.003757    -0.000008    0.000000    -0.000000    0.000000    -0.000000    0.000000    -0.000000    -0.000000    
193.915001    -0.000000    -0.000000    0.000000    -0.000000    0.000000    -0.000000    0.000000    -0.000000    0.000007    -0.003386    0.999994    
245.236840    -0.999996    0.002973    -0.000005    0.000000    -0.000000    0.000000    -0.000000    0.000000    -0.000000    0.000000    -0.000000    

-1.214749
0.216429    0.000000    0.000000    0.000000    0.000099    0.017966    0.997568    0.067339    0.000675    0.000003    0.000000    0.000000    
3.936384    -0.000000    -0.000000    -0.000000    -0.000010    -0.001656    -0.067323    0.997661    0.011756    0.000049    0.000000    0.000000    
14.101639    0.000000    0.000000    0.000025    0.007959    0.999806    -0.018037    0.000443    0.000010    0.000000    0.000000    0.000000    
25.154408    -0.000000    -0.000000    -0.000000    -0.000000    -0.000003    0.000118    -0.011775    0.999910    0.006447    0.000017    0.000000    
45.507107    0.000000    0.000011    0.005107    0.999955    -0.007960    0.000044    -0.000000    0.000000    0.000000    0.000000    0.000000    
63.930157    -0.000000    -0.000000    -0.000000    -0.000000    0.000000    -0.000000    0.000027    -0.006447    0.999969    0.004439    0.000009    
94.459968    0.000006    0.003759    0.999980    -0.005107    0.000016    -0.000000    0.000000    -0.000000    0.000000    0.000000    0.000000    
120.252461    -0.000000    -0.000000    -0.000000    0.000000    -0.000000    0.000000    -0.000000    0.000012    -0.004439    0.999984    0.003384    
160.959029    -0.002975    -0.999989    0.003759    -0.000008    0.000000    -0.000000    0.000000    -0.000000    0.000000    -0.000000    -0.000000    
194.121549    -0.000000    -0.000000    0.000000    -0.000000    0.000000    -0.000000    0.000000    -0.000000    0.000006    -0.003384    0.999994    
245.004741    -0.999996    0.002975    -0.000005    0.000000    -0.000000    0.000000    -0.000000    0.000000    -0.000000    0.000000    -0.000000    

-1.204277
0.203946    0.000000    0.000000    0.000000    0.000100    0.018024    0.997620    0.066557    0.000665    0.000003    0.000000    0.000000    
3.967393    -0.000000    -0.000000    -0.000000    -0.000010    -0.001651    -0.066542    0.997713    0.011732    0.000049    0.000000    0.000000    
14.045119    0.000000    0.000000    0.000025    0.007970    0.999804    -0.018094    0.000448    0.000010    0.000000    0.000000    0.000000    
25.229467    -0.000000    -0.000000    -0.000000    -0.000000    -0.000003    0.000118    -0.011751    0.999910    0.006440    0.000017    0.000000    
45.406712    0.000000    0.000011    0.005111    0.999955    -0.007971    0.000044    -0.000000    0.000000    0.000000    0.000000    0.000000    
64.049085    -0.000000    -0.000000    -0.000000    -0.000000    0.000000    -0.000000    0.000027    -0.006440    0.999969    0.004435    0.000009    
94.315708    0.000006    0.003762    0.999980    -0.005111    0.000016    -0.000000    0.000000    -0.000000    0.000000    0.000000    0.000000    
120.415254    -0.000000    -0.000000    -0.000000    0.000000    -0.000000    0.000000    -0.000000    0.000012    -0.004435    0.999984    0.003382    
160.770903    -0.002976    -0.999988    0.003762    -0.000008    0.000000    -0.000000    0.000000    -0.000000    0.000000    -0.000000    -0.000000    
194.328207    -0.000000    -0.000000    0.000000    -0.000000    0.000000    -0.000000    0.000000    -0.000000    0.000006    -0.003382    0.999994    
244.772750    -0.999996    0.002976    -0.000005    0.000000    -0.000000    0.000000    -0.000000    0.000000    -0.000000    0.000000    -0.000000    

-1.193805
0.191567    0.000000    0.000000    0.000000    0.000100    0.018083    0.997669    0.065793    0.000655    0.000003    0.000000    0.000000    
3.998515    -0.000000    -0.000000    -0.000000    -0.000010    -0.001647    -0.065778    0.997764    0.011709    0.000049    0.000000    0.000000    
13.988710    0.000000    0.000000    0.000025    0.007982    0.999803    -0.018152    0.000453    0.000010    0.000000    0.000000    0.000000    
25.304637    -0.000000    -0.000000    -0.000000    -0.000000    -0.000003    0.000117    -0.011727    0.999911    0.006432    0.000017    0.000000    
45.306428    0.000000    0.000011    0.005116    0.999955    -0.007982    0.000044    -0.000000    0.000000    0.000000    0.000000    0.000000    
64.168122    -0.000000    -0.000000    -0.000000    -0.000000    0.000000    -0.000000    0.000027    -0.006433    0.999969    0.004432    0.000008    
94.171557    0.000006    0.003764    0.999980    -0.005116    0.000016    -0.000000    0.000000    -0.000000    0.000000    0.000000    0.000000    
120.578157    -0.000000    -0.000000    -0.000000    0.000000    -0.000000    0.000000    -0.000000    0.000012    -0.004432    0.999984    0.003380    
160.582887    -0.002978    -0.999988    0.003764    -0.000008    0.000000    -0.000000    0.000000    -0.000000    0.000000    -0.000000    -0.000000    
194.534975    -0.000000    -0.000000    0.000000    -0.000000    0.000000    -0.000000    0.000000    -0.000000    0.000006    -0.003380    0.999994    
244.540870    -0.999996    0.002978    -0.000005    0.000000    -0.000000    0.000000    -0.000000    0.000000    -0.000000    0.000000    -0.000000    

-1.183333
0.179294    0.000000    0.000000    0.000000    0.000101    0.018141    0.997717    0.065047    0.000645    0.000003    0.000000    0.000000    
4.029751    -0.000000    -0.000000    -0.000000    -0.000010    -0.001642    -0.065031    0.997813    0.011685    0.000048    0.000000    0.000000    
13.932410    0.000000    0.000000    0.000025    0.007993    0.999802    -0.018210    0.000459    0.000010    0.000000    0.000000    0.000000    
25.379916    -0.000000    -0.000000    -0.000000    -0.000000    -0.000003    0.000116    -0.011703    0.999911    0.006425    0.000017    0.000000    
45.206253    0.000000    0.000011    0.005121    0.999955    -0.007993    0.000044    -0.000000    0.000000    0.000000    0.000000    0.000000    
64.287269    -0.000000    -0.000000    -0.000000    -0.000000    0.000000    -0.000000    0.000027    -0.006425    0.999970    0.004428    0.000008    
94.027516    0.000006    0.003767    0.999980    -0.005121    0.000016    -0.000000    0.000000    -0.000000    0.000000    0.000000    0.000000    
120.741170    -0.000000    -0.000000    -0.000000    0.000000    -0.000000    0.000000    -0.000000    0.000012    -0.004428    0.999984    0.003378    
160.394981    -0.002979    -0.999988    0.003767    -0.000008    0.000000    -0.000000    0.000000    -0.000000    0.000000    -0.000000    -0.000000    
194.741852    -0.000000    -0.000000    0.000000    -0.000000    0.000000    -0.000000    0.000000    -0.000000    0.000006    -0.003378    0.999994    
244.309099    -0.999996    0.002979    -0.000005    0.000000    -0.000000    0.000000    -0.000000    0.000000    -0.000000    0.000000    -0.000000    

-1.172861
0.167126    0.000000    0.000000    0.000000    0.000101    0.018201    0.997763    0.064317    0.000636    0.000002    0.000000    0.000000    
4.061102    -0.000000    -0.000000    -0.000000    -0.000010    -0.001638    -0.064301    0.997861    0.011662    0.000048    0.000000    0.000000    
13.876220    0.000000    0.000000    0.000025    0.008004    0.999801    -0.018268    0.000464    0.000010    0.000000    0.000000    0.000000    
25.455304    -0.000000    -0.000000    -0.000000    -0.000000    -0.000002    0.000116    -0.011679    0.999911    0.006418    0.000017    0.000000    
45.106188    0.000000    0.000011    0.005125    0.999955    -0.008004    0.000045    -0.000000    0.000000    0.000000    0.000000    0.000000    
64.406526    -0.000000    -0.000000    -0.000000    -0.000000    0.000000    -0.000000    0.000027    -0.006418    0.999970    0.004425    0.000008    
93.883585    0.000006    0.003769    0.999980    -0.005125    0.000016    -0.000000    0.000000    -0.000000    0.000000    0.000000    0.000000    
120.904292    -0.000000    -0.000000    -0.000000    0.000000    -0.000000    0.000000    -0.000000    0.000012    -0.004425    0.999985    0.003376    
160.207185    -0.002981    -0.999988    0.003769    -0.000008    0.000000    -0.000000    0.000000    -0.000000    0.000000    -0.000000    -0.000000    
194.948839    -0.000000    -0.000000    0.000000    -0.000000    0.000000    -0.000000    0.000000    -0.000000    0.000006    -0.003376    0.999994    
244.077438    -0.999996    0.002981    -0.000005    0.000000    -0.000000    0.000000    -0.000000    0.000000    -0.000000    0.000000    -0.000000    

-1.162389
0.155064    0.000000    0.000000    0.000000    0.000102    0.018260    0.997808    0.063603    0.000627    0.000002    0.000000    0.000000    
4.092566    -0.000000    -0.000000    -0.000000    -0.000010    -0.001635    -0.063587    0.997907    0.011638    0.000048    0.000000    0.000000    
13.820139    0.000000    0.000000    0.000025    0.008015    0.999800    -0.018327    0.000470    0.000010    0.000000    0.000000    0.000000    
25.530803    -0.000000    -0.000000    -0.000000    -0.000000    -0.000002    0.000115    -0.011655    0.999912    0.006411    0.000017    0.000000    
45.006232    0.000000    0.000011    0.005130    0.999955    -0.008016    0.000045    -0.000000    0.000000    0.000000    0.000000    0.000000    
64.525892    -0.000000    -0.000000    -0.000000    -0.000000    0.000000    -0.000000    0.000027    -0.006411    0.999970    0.004421    0.000008    
93.739764    0.000006    0.003772    0.999980    -0.005130    0.000016    -0.000000    0.000000    -0.000000    0.000000    0.000000    0.000000    
121.067524    -0.000000    -0.000000    -0.000000    0.000000    -0.000000    0.000000    -0.000000    0.000012    -0.004421    0.999985    0.003374    
160.019498    -0.002982    -0.999988    0.003772    -0.000008    0.000000    -0.000000    0.000000    -0.000000    0.000000    -0.000000    -0.000000    
195.155936    -0.000000    -0.000000    0.000000    -0.000000    0.000000    -0.000000    0.000000    -0.000000    0.000006    -0.003374    0.999994    
243.845886    -0.999996    0.002982    -0.000005    0.000000    -0.000000    0.000000    -0.000000    0.000000    -0.000000    0.000000    -0.000000    

-1.151917
0.143107    0.000000    0.000000    0.000000    0.000102    0.018320    0.997851    0.062905    0.000618    0.000002    0.000000    0.000000    
4.124143    -0.000000    -0.000000    -0.000000    -0.000010    -0.001632    -0.062888    0.997952    0.011615    0.000048    0.000000    0.000000    
13.764169    0.000000    0.000000    0.000025    0.008026    0.999799    -0.018386    0.000476    0.000010    0.000000    0.000000    0.000000    
25.606411    -0.000000    -0.000000    -0.000000    -0.000000    -0.000002    0.000114    -0.011631    0.999912    0.006403    0.000017    0.000000    
44.906387    0.000000    0.000011    0.005134    0.999955    -0.008027    0.000045    -0.000000    0.000000    0.000000    0.000000    0.000000    
64.645369    -0.000000    -0.000000    -0.000000    -0.000000    0.000000    -0.000000    0.000026    -0.006404    0.999970    0.004418    0.000008    
93.596052    0.000006    0.003774    0.999980    -0.005134    0.000016    -0.000000    0.000000    -0.000000    0.000000    0.000000    0.000000    
121.230865    -0.000000    -0.000000    -0.000000    0.000000    -0.000000    0.000000    -0.000000    0.000012    -0.004418    0.999985    0.003372    
159.831921    -0.002984    -0.999988    0.003774    -0.000008    0.000000    -0.000000    0.000000    -0.000000    0.000000    -0.000000    -0.000000    
195.363142    -0.000000    -0.000000    0.000000    -0.000000    0.000000    -0.000000    0.000000    -0.000000    0.000006    -0.003372    0.999994    
243.614445    -0.999996    0.002984    -0.000005    0.000000    -0.000000    0.000000    -0.000000    0.000000    -0.000000    0.000000    -0.000000    

-1.141445
0.131256    0.000000    0.000000    0.000000    0.000103    0.018380    0.997893    0.062221    0.000609    0.000002    0.000000    0.000000    
4.155834    -0.000000    -0.000000    -0.000000    -0.000010    -0.001629    -0.062205    0.997995    0.011592    0.000048    0.000000    0.000000    
13.708308    0.000000    0.000000    0.000025    0.008038    0.999797    -0.018446    0.000482    0.000010    0.000000    0.000000    0.000000    
25.682128    -0.000000    -0.000000    -0.000000    -0.000000    -0.000002    0.000114    -0.011607    0.999912    0.006396    0.000017    0.000000    
44.806650    0.000000    0.000011    0.005139    0.999954    -0.008038    0.000045    -0.000000    0.000000    0.000000    0.000000    0.000000    
64.764954    -0.000000    -0.000000    -0.000000    -0.000000    0.000000    -0.000000    0.000026    -0.006396    0.999970    0.004415    0.000008    
93.452450    0.000006    0.003777    0.999980    -0.005139    0.000016    -0.000000    0.000000    -0.000000    0.000000    0.000000    0.000000    
121.394317    -0.000000    -0.000000    -0.000000    0.000000    -0.000000    0.000000    -0.000000    0.000012    -0.004415    0.999985    0.003370    
159.644454    -0.002985    -0.999988    0.003777    -0.000008    0.000000    -0.000000    0.000000    -0.000000    0.000000    -0.000000    -0.000000    
195.570458    -0.000000    -0.000000    0.000000    -0.000000    0.000000    -0.000000    0.000000    -0.000000    0.000006    -0.003370    0.999994    
243.383112    -0.999996    0.002985    -0.000005    0.000000    -0.000000    0.000000    -0.000000    0.000000    -0.000000    0.000000    -0.000000    

-1.130973
0.119511    0.000000    0.000000    0.000000    0.000103    0.018441    0.997933    0.061553    0.000600    0.000002    0.000000    0.000000    
4.187638    -0.000000    -0.000000    -0.000000    -0.000010    -0.001626    -0.061536    0.998037    0.011568    0.000048    0.000000    0.000000    
13.652557    0.000000    0.000000    0.000025    0.008049    0.999796    -0.018506    0.000488    0.000010    0.000000    0.000000    0.000000    
25.757956    -0.000000    -0.000000    -0.000000    -0.000000    -0.000002    0.000113    -0.011584    0.999912    0.006389    0.000017    0.000000    
44.707024    0.000000    0.000011    0.005144    0.999954    -0.008050    0.000045    -0.000000    0.000000    0.000000    0.000000    0.000000    
64.884650    -0.000000    -0.000000    -0.000000    -0.000000    0.000000    -0.000000    0.000026    -0.006389    0.999970    0.004411    0.000008    
93.308957    0.000006    0.003779    0.999980    -0.005144    0.000016    -0.000000    0.000000    -0.000000    0.000000    0.000000    0.000000    
121.557878    -0.000000    -0.000000    -0.000000    0.000000    -0.000000    0.000000    -0.000000    0.000012    -0.004411    0.999985    0.003368    
159.457096    -0.002987    -0.999988    0.003779    -0.000008    0.000000    -0.000000    0.000000    -0.000000    0.000000    -0.000000    -0.000000    
195.777884    -0.000000    -0.000000    0.000000    -0.000000    0.000000    -0.000000    0.000000    -0.000000    0.000006    -0.003368    0.999994    
243.151890    -0.999996    0.002987    -0.000005    0.000000    -0.000000    0.000000    -0.000000    0.000000    -0.000000    0.000000    -0.000000    

-1.120501
0.107871    0.000000    0.000000    0.000000    0.000104    0.018502    0.997972    0.060898    0.000592    0.000002    0.000000    0.000000    
4.219556    -0.000000    -0.000000    -0.000000    -0.000010    -0.001624    -0.060881    0.998077    0.011545    0.000047    0.000000    0.000000    
13.596916    0.000000    0.000000    0.000025    0.008061    0.999795    -0.018566    0.000494    0.000010    0.000000    0.000000    0.000000    
25.833893    -0.000000    -0.000000    -0.000000    -0.000000    -0.000002    0.000112    -0.011560    0.999913    0.006382    0.000017    0.000000    
44.607507    0.000000    0.000011    0.005148    0.999954    -0.008061    0.000045    -0.000000    0.000000    0.000000    0.000000    0.000000    
65.004455    -0.000000    -0.000000    -0.000000    -0.000000    0.000000    -0.000000    0.000026    -0.006382    0.999970    0.004408    0.000008    
93.165574    0.000006    0.003782    0.999980    -0.005148    0.000016    -0.000000    0.000000    -0.000000    0.000000    0.000000    0.000000    
121.721548    -0.000000    -0.000000    -0.000000    0.000000    -0.000000    0.000000    -0.000000    0.000011    -0.004408    0.999985    0.003366    
159.269848    -0.002989    -0.999988    0.003782    -0.000008    0.000000    -0.000000    0.000000    -0.000000    0.000000    -0.000000    -0.000000    
195.985419    -0.000000    -0.000000    0.000000    -0.000000    0.000000    -0.000000    0.000000    -0.000000    0.000006    -0.003366    0.999994    
242.920777    -0.999996    0.002989    -0.000005    0.000000    -0.000000    0.000000    -0.000000    0.000000    -0.000000    0.000000    -0.000000    

-1.110029
0.096338    0.000000    0.000000    0.000000    0.000104    0.018563    0.998010    0.060257    0.000584    0.000002    0.000000    0.000000    
4.251586    -0.000000    -0.000000    -0.000000    -0.000010    -0.001622    -0.060240    0.998116    0.011522    0.000047    0.000000    0.000000    
13.541384    0.000000    0.000000    0.000025    0.008072    0.999794    -0.018627    0.000500    0.000010    0.000000    0.000000    0.000000    
25.909939    -0.000000    -0.000000    -0.000000    -0.000000    -0.000002    0.000112    -0.011537    0.999913    0.006375    0.000017    0.000000    
44.508100    0.000000    0.000011    0.005153    0.999954    -0.008072    0.000045    -0.000000    0.000000    0.000000    0.000000    0.000000    
65.124370    -0.000000    -0.000000    -0.000000    -0.000000    0.000000    -0.000000    0.000026    -0.006375    0.999970    0.004404    0.000008    
93.022301    0.000006    0.003784    0.999980    -0.005153    0.000016    -0.000000    0.000000    -0.000000    0.000000    0.000000    0.000000    
121.885329    -0.000000    -0.000000    -0.000000    0.000000    -0.000000    0.000000    -0.000000    0.000011    -0.004404    0.999985    0.003364    
159.082709    -0.002990    -0.999988    0.003784    -0.000008    0.000000    -0.000000    0.000000    -0.000000    0.000000    -0.000000    -0.000000    
196.193065    -0.000000    -0.000000    0.000000    -0.000000    0.000000    -0.000000    0.000000    -0.000000    0.000006    -0.003364    0.999994    
242.689774    -0.999996    0.002990    -0.000005    0.000000    -0.000000    0.000000    -0.000000    0.000000    -0.000000    0.000000    -0.000000    

-1.099557
0.084911    0.000000    0.000000    0.000000    0.000105    0.018624    0.998047    0.059630    0.000576    0.000002    0.000000    0.000000    
4.283730    -0.000000    -0.000000    -0.000000    -0.000010    -0.001620    -0.059612    0.998154    0.011499    0.000047    0.000000    0.000000    
13.485962    0.000000    0.000000    0.000025    0.008083    0.999793    -0.018688    0.000507    0.000010    0.000000    0.000000    0.000000    
25.986096    -0.000000    -0.000000    -0.000000    -0.000000    -0.000002    0.000111    -0.011513    0.999913    0.006368    0.000017    0.000000    
44.408802    0.000000    0.000011    0.005158    0.999954    -0.008084    0.000046    -0.000000    0.000000    0.000000    0.000000    0.000000    
65.244394    -0.000000    -0.000000    -0.000000    -0.000000    0.000000    -0.000000    0.000026    -0.006368    0.999970    0.004401    0.000008    
92.879137    0.000006    0.003787    0.999980    -0.005158    0.000016    -0.000000    0.000000    -0.000000    0.000000    0.000000    0.000000    
122.049218    -0.000000    -0.000000    -0.000000    0.000000    -0.000000    0.000000    -0.000000    0.000011    -0.004401    0.999985    0.003362    
158.895681    -0.002992    -0.999988    0.003787    -0.000008    0.000000    -0.000000    0.000000    -0.000000    0.000000    -0.000000    -0.000000    
196.400819    -0.000000    -0.000000    0.000000    -0.000000    0.000000    -0.000000    0.000000    -0.000000    0.000006    -0.003362    0.999994    
242.458880    -0.999996    0.002992    -0.000005    0.000000    -0.000000    0.000000    -0.000000    0.000000    -0.000000    0.000000    -0.000000    

-1.089085
0.073591    0.000000    0.000000    0.000000    0.000106    0.018687    0.998082    0.059015    0.000568    0.000002    0.000000    0.000000    
4.315987    -0.000000    -0.000000    -0.000000    -0.000010    -0.001619    -0.058998    0.998191    0.011477    0.000047    0.000000    0.000000    
13.430650    0.000000    0.000000    0.000026    0.008095    0.999791    -0.018750    0.000513    0.000010    0.000000    0.000000    0.000000    
26.062362    -0.000000    -0.000000    -0.000000    -0.000000    -0.000002    0.000111    -0.011490    0.999914    0.006361    0.000017    0.000000    
44.309615    0.000000    0.000011    0.005162    0.999954    -0.008095    0.000046    -0.000000    0.000000    0.000000    0.000000    0.000000    
65.364528    -0.000000    -0.000000    -0.000000    -0.000000    0.000000    -0.000000    0.000026    -0.006361    0.999970    0.004398    0.000008    
92.736083    0.000006    0.003789    0.999979    -0.005162    0.000016    -0.000000    0.000000    -0.000000    0.000000    0.000000    0.000000    
122.213218    -0.000000    -0.000000    -0.000000    0.000000    -0.000000    0.000000    -0.000000    0.000011    -0.004398    0.999985    0.003360    
158.708762    -0.002993    -0.999988    0.003789    -0.000008    0.000000    -0.000000    0.000000    -0.000000    0.000000    -0.000000    -0.000000    
196.608684    -0.000000    -0.000000    0.000000    -0.000000    0.000000    -0.000000    0.000000    -0.000000    0.000006    -0.003360    0.999994    
242.228097    -0.999996    0.002993    -0.000005    0.000000    -0.000000    0.000000    -0.000000    0.000000    -0.000000    0.000000    -0.000000    

-1.078613
0.062377    0.000000    0.000000    0.000000    0.000106    0.018749    0.998116    0.058413    0.000560    0.000002    0.000000    0.000000    
4.348356    -0.000000    -0.000000    -0.000000    -0.000010    -0.001618    -0.058395    0.998227    0.011454    0.000047    0.000000    0.000000    
13.375448    0.000000    0.000000    0.000026    0.008106    0.999790    -0.018812    0.000520    0.000010    0.000000    0.000000    0.000000    
26.138738    -0.000000    -0.000000    -0.000000    -0.000000    -0.000002    0.000110    -0.011467    0.999914    0.006354    0.000017    0.000000    
44.210536    0.000000    0.000011    0.005167    0.999954    -0.008107    0.000046    -0.000000    0.000000    0.000000    0.000000    0.000000    
65.484772    -0.000000    -0.000000    -0.000000    -0.000000    0.000000    -0.000000    0.000026    -0.006354    0.999970    0.004394    0.000008    
92.593139    0.000006    0.003792    0.999979    -0.005167    0.000016    -0.000000    0.000000    -0.000000    0.000000    0.000000    0.000000    
122.377327    -0.000000    -0.000000    -0.000000    0.000000    -0.000000    0.000000    -0.000000    0.000011    -0.004394    0.999985    0.003358    
158.521952    -0.002995    -0.999988    0.003792    -0.000008    0.000000    -0.000000    0.000000    -0.000000    0.000000    -0.000000    -0.000000    
196.816658    -0.000000    -0.000000    0.000000    -0.000000    0.000000    -0.000000    0.000000    -0.000000    0.000006    -0.003358    0.999994    
241.997422    -0.999996    0.002995    -0.000005    0.000000    -0.000000    0.000000    -0.000000    0.000000    -0.000000    0.000000    -0.000000    

-1.068142
0.051269    0.000000    0.000000    0.000000    0.000107    0.018812    0.998149    0.057823    0.000553    0.000002    0.000000    0.000000    
4.380838    -0.000000    -0.000000    -0.000000    -0.000010    -0.001617    -0.057805    0.998261    0.011431    0.000047    0.000000    0.000000    
13.320355    0.000000    0.000000    0.000026    0.008118    0.999789    -0.018874    0.000527    0.000010    0.000000    0.000000    0.000000    
26.215223    -0.000000    -0.000000    -0.000000    -0.000000    -0.000002    0.000109    -0.011444    0.999914    0.006346    0.000016    0.000000    
44.111568    0.000000    0.000011    0.005172    0.999954    -0.008118    0.000046    -0.000000    0.000000    0.000000    0.000000    0.000000    
65.605125    -0.000000    -0.000000    -0.000000    -0.000000    0.000000    -0.000000    0.000026    -0.006347    0.999970    0.004391    0.000008    
92.450305    0.000006    0.003794    0.999979    -0.005172    0.000016    -0.000000    0.000000    -0.000000    0.000000    0.000000    0.000000    
122.541546    -0.000000    -0.000000    -0.000000    0.000000    -0.000000    0.000000    -0.000000    0.000011    -0.004391    0.999985    0.003356    
158.335252    -0.002996    -0.999988    0.003794    -0.000008    0.000000    -0.000000    0.000000    -0.000000    0.000000    -0.000000    -0.000000    
197.024741    -0.000000    -0.000000    0.000000    -0.000000    0.000000    -0.000000    0.000000    -0.000000    0.000006    -0.003356    0.999994    
241.766858    -0.999996    0.002996    -0.000005    0.000000    -0.000000    0.000000    -0.000000    0.000000    -0.000000    0.000000    -0.000000    

-1.057670
0.040268    0.000000    0.000000    0.000000    0.000107    0.018875    0.998182    0.057244    0.000545    0.000002    0.000000    0.000000    
4.413432    -0.000000    -0.000000    -0.000000    -0.000010    -0.001617    -0.057226    0.998295    0.011409    0.000047    0.000000    0.000000    
13.265372    0.000000    0.000000    0.000026    0.008129    0.999787    -0.018937    0.000534    0.000010    0.000000    0.000000    0.000000    
26.291818    -0.000000    -0.000000    -0.000000    -0.000000    -0.000002    0.000109    -0.011421    0.999915    0.006339    0.000016    0.000000    
44.012709    0.000000    0.000011    0.005176    0.999954    -0.008130    0.000046    -0.000000    0.000000    0.000000    0.000000    0.000000    
65.725588    -0.000000    -0.000000    -0.000000    -0.000000    0.000000    -0.000000    0.000026    -0.006340    0.999970    0.004387    0.000008    
92.307580    0.000006    0.003797    0.999979    -0.005176    0.000016    -0.000000    0.000000    -0.000000    0.000000    0.000000    0.000000    
122.705875    -0.000000    -0.000000    -0.000000    0.000000    -0.000000    0.000000    -0.000000    0.000011    -0.004387    0.999985    0.003354    
158.148662    -0.002998    -0.999988    0.003797    -0.000008    0.000000    -0.000000    0.000000    -0.000000    0.000000    -0.000000    -0.000000    
197.232935    -0.000000    -0.000000    0.000000    -0.000000    0.000000    -0.000000    0.000000    -0.000000    0.000006    -0.003354    0.999994    
241.536403    -0.999996    0.002998    -0.000005    0.000000    -0.000000    0.000000    -0.000000    0.000000    -0.000000    0.000000    -0.000000    

-1.047198
0.029374    0.000000    0.000000    0.000000    0.000108    0.018939    0.998213    0.056677    0.000538    0.000002    0.000000    0.000000    
4.446139    -0.000000    -0.000000    -0.000000    -0.000010    -0.001617    -0.056659    0.998327    0.011386    0.000046    0.000000    0.000000    
13.210499    0.000000    0.000000    0.000026    0.008141    0.999786    -0.019000    0.000541    0.000010    0.000000    0.000000    0.000000    
26.368523    -0.000000    -0.000000    -0.000000    -0.000000    -0.000002    0.000108    -0.011398    0.999915    0.006332    0.000016    0.000000    
43.913960    0.000000    0.000011    0.005181    0.999953    -0.008142    0.000046    -0.000000    0.000000    0.000000    0.000000    0.000000    
65.846161    -0.000000    -0.000000    -0.000000    -0.000000    0.000000    -0.000000    0.000026    -0.006332    0.999970    0.004384    0.000008    
92.164965    0.000006    0.003800    0.999979    -0.005181    0.000016    -0.000000    0.000000    -0.000000    0.000000    0.000000    0.000000    
122.870313    -0.000000    -0.000000    -0.000000    0.000000    -0.000000    0.000000    -0.000000    0.000011    -0.004384    0.999985    0.003352    
157.962182    -0.003000    -0.999988    0.003800    -0.000008    0.000000    -0.000000    0.000000    -0.000000    0.000000    -0.000000    -0.000000    
197.441238    -0.000000    -0.000000    0.000000    -0.000000    0.000000    -0.000000    0.000000    -0.000000    0.000006    -0.003353    0.999994    
241.306058    -0.999996    0.003000    -0.000005    0.000000    -0.000000    0.000000    -0.000000    0.000000    -0.000000    0.000000    -0.000000    

-1.036726
0.018586    0.000000    0.000000    0.000000    0.000108    0.019003    0.998243    0.056121    0.000531    0.000002    0.000000    0.000000    
4.478959    -0.000000    -0.000000    -0.000000    -0.000010    -0.001617    -0.056103    0.998359    0.011364    0.000046    0.000000    0.000000    
13.155736    0.000000    0.000000    0.000026    0.008153    0.999785    -0.019064    0.000548    0.000010    0.000000    0.000000    0.000000    
26.445337    -0.000000    -0.000000    -0.000000    -0.000000    -0.000002    0.000108    -0.011375    0.999915    0.006325    0.000016    0.000000    
43.815321    0.000000    0.000011    0.005186    0.999953    -0.008153    0.000047    -0.000000    0.000000    0.000000    0.000000    0.000000    
65.966844    -0.000000    -0.000000    -0.000000    -0.000000    0.000000    -0.000000    0.000026    -0.006325    0.999970    0.004381    0.000008    
92.022459    0.000006    0.003802    0.999979    -0.005186    0.000016    -0.000000    0.000000    -0.000000    0.000000    0.000000    0.000000    
123.034861    -0.000000    -0.000000    -0.000000    0.000000    -0.000000    0.000000    -0.000000    0.000011    -0.004381    0.999985    0.003351    
157.775811    -0.003001    -0.999988    0.003802    -0.000008    0.000000    -0.000000    0.000000    -0.000000    0.000000    -0.000000    -0.000000    
197.649650    -0.000000    -0.000000    0.000000    -0.000000    0.000000    -0.000000    0.000000    -0.000000    0.000006    -0.003351    0.999994    
241.075822    -0.999995    0.003001    -0.000005    0.000000    -0.000000    0.000000    -0.000000    0.000000    -0.000000    0.000000    -0.000000    

-1.026254
0.007905    0.000000    0.000000    0.000000    0.000109    0.019067    0.998272    0.055576    0.000524    0.000002    0.000000    0.000000    
4.511891    -0.000000    -0.000000    -0.000000    -0.000010    -0.001618    -0.055558    0.998390    0.011341    0.000046    0.000000    0.000000    
13.101082    0.000000    0.000000    0.000026    0.008164    0.999784    -0.019128    0.000556    0.000010    0.000000    0.000000    0.000000    
26.522262    -0.000000    -0.000000    -0.000000    -0.000000    -0.000002    0.000107    -0.011353    0.999916    0.006318    0.000016    0.000000    
43.716791    0.000000    0.000011    0.005191    0.999953    -0.008165    0.000047    -0.000000    0.000000    0.000000    0.000000    0.000000    
66.087636    -0.000000    -0.000000    -0.000000    -0.000000    0.000000    -0.000000    0.000026    -0.006318    0.999970    0.004377    0.000008    
91.880063    0.000006    0.003805    0.999979    -0.005191    0.000016    -0.000000    0.000000    -0.000000    0.000000    0.000000    0.000000    
123.199518    -0.000000    -0.000000    -0.000000    0.000000    -0.000000    0.000000    -0.000000    0.000011    -0.004377    0.999985    0.003349    
157.589550    -0.003003    -0.999988    0.003805    -0.000008    0.000000    -0.000000    0.000000    -0.000000    0.000000    -0.000000    -0.000000    
197.858172    -0.000000    -0.000000    0.000000    -0.000000    0.000000    -0.000000    0.000000    -0.000000    0.000006    -0.003349    0.999994    
240.845696    -0.999995    0.003003    -0.000005    0.000000    -0.000000    0.000000    -0.000000    0.000000    -0.000000    0.000000    -0.000000    

-1.015782
-0.002669    0.000000    0.000000    0.000000    0.000110    0.019132    0.998301    0.055041    0.000517    0.000002    0.000000    0.000000    
4.544935    -0.000000    -0.000000    -0.000000    -0.000010    -0.001619    -0.055023    0.998420    0.011319    0.000046    0.000000    0.000000    
13.046539    0.000000    0.000000    0.000026    0.008176    0.999782    -0.019192    0.000563    0.000010    0.000000    0.000000    0.000000    
26.599296    -0.000000    -0.000000    -0.000000    -0.000000    -0.000002    0.000107    -0.011330    0.999916    0.006311    0.000016    0.000000    
43.618371    0.000000    0.000011    0.005195    0.999953    -0.008177    0.000047    -0.000000    0.000000    0.000000    0.000000    0.000000    
66.208537    -0.000000    -0.000000    -0.000000    -0.000000    0.000000    -0.000000    0.000026    -0.006311    0.999971    0.004374    0.000008    
91.737777    0.000006    0.003807    0.999979    -0.005195    0.000017    -0.000000    0.000000    -0.000000    0.000000    0.000000    0.000000    
123.364286    -0.000000    -0.000000    -0.000000    0.000000    -0.000000    0.000000    -0.000000    0.000011    -0.004374    0.999985    0.003347    
157.403398    -0.003004    -0.999988    0.003807    -0.000008    0.000000    -0.000000    0.000000    -0.000000    0.000000    -0.000000    -0.000000    
198.066804    -0.000000    -0.000000    0.000000    -0.000000    0.000000    -0.000000    0.000000    -0.000000    0.000006    -0.003347    0.999994    
240.615680    -0.999995    0.003004    -0.000005    0.000000    -0.000000    0.000000    -0.000000    0.000000    -0.000000    0.000000    -0.000000    

-1.005310
-0.013136    0.000000    0.000000    0.000000    0.000110    0.019197    0.998328    0.054517    0.000511    0.000002    0.000000    0.000000    
4.578091    -0.000000    -0.000000    -0.000000    -0.000010    -0.001620    -0.054498    0.998449    0.011297    0.000046    0.000000    0.000000    
12.992105    0.000000    0.000000    0.000026    0.008188    0.999781    -0.019257    0.000571    0.000010    0.000000    0.000000    0.000000    
26.676439    -0.000000    -0.000000    -0.000000    -0.000000    -0.000002    0.000106    -0.011308    0.999916    0.006304    0.000016    0.000000    
43.520060    0.000000    0.000011    0.005200    0.999953    -0.008188    0.000047    -0.000000    0.000000    0.000000    0.000000    0.000000    
66.329549    -0.000000    -0.000000    -0.000000    -0.000000    0.000000    -0.000000    0.000026    -0.006304    0.999971    0.004371    0.000008    
91.595600    0.000006    0.003810    0.999979    -0.005200    0.000017    -0.000000    0.000000    -0.000000    0.000000    0.000000    0.000000    
123.529162    -0.000000    -0.000000    -0.000000    0.000000    -0.000000    0.000000    -0.000000    0.000011    -0.004371    0.999985    0.003345    
157.217357    -0.003006    -0.999988    0.003810    -0.000008    0.000000    -0.000000    0.000000    -0.000000    0.000000    -0.000000    -0.000000    
198.275546    -0.000000    -0.000000    0.000000    -0.000000    0.000000    -0.000000    0.000000    -0.000000    0.000006    -0.003345    0.999994    
240.385774    -0.999995    0.003006    -0.000005    0.000000    -0.000000    0.000000    -0.000000    0.000000    -0.000000    0.000000    -0.000000    

-0.994838
-0.023495    0.000000    0.000000    0.000000    0.000111    0.019263    0.998355    0.054002    0.000504    0.000002    0.000000    0.000000    
4.611360    -0.000000    -0.000000    -0.000000    -0.000010    -0.001622    -0.053983    0.998477    0.011275    0.000046    0.000000    0.000000    
12.937780    0.000000    0.000000    0.000026    0.008200    0.999780    -0.019322    0.000579    0.000010    0.000000    0.000000    0.000000    
26.753692    -0.000000    -0.000000    -0.000000    -0.000000    -0.000002    0.000105    -0.011285    0.999916    0.006297    0.000016    0.000000    
43.421859    0.000000    0.000011    0.005205    0.999953    -0.008200    0.000047    -0.000000    0.000000    0.000000    0.000000    0.000000    
66.450670    -0.000000    -0.000000    -0.000000    -0.000000    0.000000    -0.000000    0.000025    -0.006297    0.999971    0.004367    0.000008    
91.453533    0.000006    0.003812    0.999979    -0.005205    0.000017    -0.000000    0.000000    -0.000000    0.000000    0.000000    0.000000    
123.694149    -0.000000    -0.000000    -0.000000    0.000000    -0.000000    0.000000    -0.000000    0.000011    -0.004367    0.999985    0.003343    
157.031424    -0.003008    -0.999988    0.003812    -0.000008    0.000000    -0.000000    0.000000    -0.000000    0.000000    -0.000000    -0.000000    
198.484397    -0.000000    -0.000000    0.000000    -0.000000    0.000000    -0.000000    0.000000    -0.000000    0.000006    -0.003343    0.999994    
240.155977    -0.999995    0.003008    -0.000005    0.000000    -0.000000    0.000000    -0.000000    0.000000    -0.000000    0.000000    -0.000000    

-0.984366
-0.033748    0.000000    0.000000    0.000000    0.000111    0.019329    0.998381    0.053497    0.000498    0.000002    0.000000    0.000000    
4.644740    -0.000000    -0.000000    -0.000000    -0.000010    -0.001624    -0.053478    0.998504    0.011252    0.000045    0.000000    0.000000    
12.883566    0.000000    0.000000    0.000026    0.008211    0.999778    -0.019388    0.000587    0.000011    0.000000    0.000000    0.000000    
26.831055    -0.000000    -0.000000    -0.000000    -0.000000    -0.000002    0.000105    -0.011263    0.999917    0.006290    0.000016    0.000000    
43.323768    0.000000    0.000011    0.005210    0.999953    -0.008212    0.000047    -0.000000    0.000000    0.000000    0.000000    0.000000    
66.571901    -0.000000    -0.000000    -0.000000    -0.000000    0.000000    -0.000000    0.000025    -0.006291    0.999971    0.004364    0.000008    
91.311576    0.000006    0.003815    0.999979    -0.005210    0.000017    -0.000000    0.000000    -0.000000    0.000000    0.000000    0.000000    
123.859245    -0.000000    -0.000000    -0.000000    0.000000    -0.000000    0.000000    -0.000000    0.000011    -0.004364    0.999985    0.003341    
156.845602    -0.003009    -0.999988    0.003815    -0.000008    0.000000    -0.000000    0.000000    -0.000000    0.000000    -0.000000    -0.000000    
198.693358    -0.000000    -0.000000    0.000000    -0.000000    0.000000    -0.000000    0.000000    -0.000000    0.000006    -0.003341    0.999994    
239.926289    -0.999995    0.003009    -0.000005    0.000000    -0.000000    0.000000    -0.000000    0.000000    -0.000000    0.000000    -0.000000    

-0.973894
-0.043894    0.000000    0.000000    0.000000    0.000112    0.019395    0.998406    0.053001    0.000492    0.000002    0.000000    0.000000    
4.678233    -0.000000    -0.000000    -0.000000    -0.000011    -0.001626    -0.052982    0.998531    0.011231    0.000045    0.000000    0.000000    
12.829461    0.000000    0.000000    0.000026    0.008223    0.999777    -0.019455    0.000596    0.000011    0.000000    0.000000    0.000000    
26.908528    -0.000000    -0.000000    -0.000000    -0.000000    -0.000002    0.000104    -0.011241    0.999917    0.006283    0.000016    0.000000    
43.225787    0.000000    0.000011    0.005214    0.999953    -0.008224    0.000048    -0.000000    0.000000    0.000000    0.000000    0.000000    
66.693241    -0.000000    -0.000000    -0.000000    -0.000000    0.000000    -0.000000    0.000025    -0.006284    0.999971    0.004361    0.000008    
91.169728    0.000006    0.003817    0.999979    -0.005214    0.000017    -0.000000    0.000000    -0.000000    0.000000    0.000000    0.000000    
124.024451    -0.000000    -0.000000    -0.000000    0.000000    -0.000000    0.000000    -0.000000    0.000011    -0.004361    0.999985    0.003339    
156.659889    -0.003011    -0.999988    0.003817    -0.000008    0.000000    -0.000000    0.000000    -0.000000    0.000000    -0.000000    -0.000000    
198.902429    -0.000000    -0.000000    0.000000    -0.000000    0.000000    -0.000000    0.000000    -0.000000    0.000006    -0.003339    0.999994    
239.696712    -0.999995    0.003011    -0.000005    0.000000    -0.000000    0.000000    -0.000000    0.000000    -0.000000    0.000000    -0.000000    

-0.963422
-0.053932    0.000000    0.000000    0.000000    0.000113    0.019462    0.998430    0.052514    0.000486    0.000002    0.000000    0.000000    
4.711837    -0.000000    -0.000000    -0.000000    -0.000011    -0.001628    -0.052495    0.998557    0.011209    0.000045    0.000000    0.000000    
12.775466    0.000000    0.000000    0.000026    0.008235    0.999775    -0.019521    0.000604    0.000011    0.000000    0.000000    0.000000    
26.986110    -0.000000    -0.000000    -0.000000    -0.000000    -0.000002    0.000104    -0.011219    0.999917    0.006277    0.000016    0.000000    
43.127915    0.000000    0.000012    0.005219    0.999952    -0.008236    0.000048    -0.000000    0.000000    0.000000    0.000000    0.000000    
66.814691    -0.000000    -0.000000    -0.000000    -0.000000    0.000000    -0.000000    0.000025    -0.006277    0.999971    0.004357    0.000008    
91.027990    0.000006    0.003820    0.999979    -0.005219    0.000017    -0.000000    0.000000    -0.000000    0.000000    0.000000    0.000000    
124.189767    -0.000000    -0.000000    -0.000000    0.000000    -0.000000    0.000000    -0.000000    0.000011    -0.004357    0.999985    0.003337    
156.474286    -0.003012    -0.999988    0.003820    -0.000008    0.000000    -0.000000    0.000000    -0.000000    0.000000    -0.000000    -0.000000    
199.111609    -0.000000    -0.000000    0.000000    -0.000000    0.000000    -0.000000    0.000000    -0.000000    0.000006    -0.003337    0.999994    
239.467244    -0.999995    0.003012    -0.000005    0.000000    -0.000000    0.000000    -0.000000    0.000000    -0.000000    0.000000    -0.000000    

-0.952950
-0.063863    0.000000    0.000000    0.000000    0.000113    0.019530    0.998454    0.052037    0.000480    0.000002    0.000000    0.000000    
4.745554    -0.000000    -0.000000    -0.000000    -0.000011    -0.001631    -0.052017    0.998582    0.011187    0.000045    0.000000    0.000000    
12.721581    0.000000    0.000000    0.000026    0.008247    0.999774    -0.019589    0.000613    0.000011    0.000000    0.000000    0.000000    
27.063802    -0.000000    -0.000000    -0.000000    -0.000000    -0.000002    0.000103    -0.011197    0.999918    0.006270    0.000016    0.000000    
43.030153    0.000000    0.000012    0.005224    0.999952    -0.008248    0.000048    -0.000000    0.000000    0.000000    0.000000    0.000000    
66.936251    -0.000000    -0.000000    -0.000000    -0.000000    0.000000    -0.000000    0.000025    -0.006270    0.999971    0.004354    0.000008    
90.886362    0.000006    0.003822    0.999979    -0.005224    0.000017    -0.000000    0.000000    -0.000000    0.000000    0.000000    0.000000    
124.355192    -0.000000    -0.000000    -0.000000    0.000000    -0.000000    0.000000    -0.000000    0.000011    -0.004354    0.999985    0.003335    
156.288792    -0.003014    -0.999988    0.003822    -0.000008    0.000000    -0.000000    0.000000    -0.000000    0.000000    -0.000000    -0.000000    
199.320899    -0.000000    -0.000000    0.000000    -0.000000    0.000000    -0.000000    0.000000    -0.000000    0.000006    -0.003335    0.999994    
239.237886    -0.999995    0.003014    -0.000005    0.000000    -0.000000    0.000000    -0.000000    0.000000    -0.000000    0.000000    -0.000000    

-0.942478
-0.073686    0.000000    0.000000    0.000000    0.000114    0.019598    0.998477    0.051567    0.000474    0.000002    0.000000    0.000000    
4.779382    -0.000000    -0.000000    -0.000000    -0.000011    -0.001635    -0.051547    0.998607    0.011165    0.000045    0.000000    0.000000    
12.667806    0.000000    0.000000    0.000026    0.008259    0.999772    -0.019656    0.000622    0.000011    0.000000    0.000000    0.000000    
27.141604    -0.000000    -0.000000    -0.000000    -0.000000    -0.000002    0.000103    -0.011175    0.999918    0.006263    0.000016    0.000000    
42.932500    0.000000    0.000012    0.005229    0.999952    -0.008260    0.000048    -0.000000    0.000000    0.000000    0.000000    0.000000    
67.057920    -0.000000    -0.000000    -0.000000    -0.000000    0.000000    -0.000000    0.000025    -0.006263    0.999971    0.004351    0.000008    
90.744844    0.000006    0.003825    0.999979    -0.005229    0.000017    -0.000000    0.000000    -0.000000    0.000000    0.000000    0.000000    
124.520727    -0.000000    -0.000000    -0.000000    0.000000    -0.000000    0.000000    -0.000000    0.000011    -0.004351    0.999985    0.003333    
156.103409    -0.003015    -0.999988    0.003825    -0.000008    0.000000    -0.000000    0.000000    -0.000000    0.000000    -0.000000    -0.000000    
199.530299    -0.000000    -0.000000    0.000000    -0.000000    0.000000    -0.000000    0.000000    -0.000000    0.000006    -0.003333    0.999994    
239.008637    -0.999995    0.003015    -0.000005    0.000000    -0.000000    0.000000    -0.000000    0.000000    -0.000000    0.000000    -0.000000    

-0.932006
-0.083402    0.000000    0.000000    0.000000    0.000115    0.019666    0.998499    0.051106    0.000468    0.000002    0.000000    0.000000    
4.813322    -0.000000    -0.000000    -0.000000    -0.000011    -0.001638    -0.051086    0.998631    0.011143    0.000045    0.000000    0.000000    
12.614140    0.000000    0.000000    0.000027    0.008271    0.999771    -0.019724    0.000631    0.000011    0.000000    0.000000    0.000000    
27.219515    -0.000000    -0.000000    -0.000000    -0.000000    -0.000002    0.000102    -0.011153    0.999918    0.006256    0.000016    0.000000    
42.834957    0.000000    0.000012    0.005233    0.999952    -0.008272    0.000048    -0.000000    0.000000    0.000000    0.000000    0.000000    
67.179699    -0.000000    -0.000000    -0.000000    -0.000000    0.000000    -0.000000    0.000025    -0.006256    0.999971    0.004347    0.000008    
90.603435    0.000006    0.003828    0.999979    -0.005233    0.000017    -0.000000    0.000000    -0.000000    0.000000    0.000000    0.000000    
124.686371    -0.000000    -0.000000    -0.000000    0.000000    -0.000000    0.000000    -0.000000    0.000011    -0.004347    0.999985    0.003331    
155.918135    -0.003017    -0.999988    0.003828    -0.000008    0.000000    -0.000000    0.000000    -0.000000    0.000000    -0.000000    -0.000000    
199.739808    -0.000000    -0.000000    0.000000    -0.000000    0.000000    -0.000000    0.000000    -0.000000    0.000006    -0.003331    0.999994    
238.779498    -0.999995    0.003017    -0.000005    0.000000    -0.000000    0.000000    -0.000000    0.000000    -0.000000    0.000000    -0.000000    

-0.921534
-0.093011    0.000000    0.000000    0.000000    0.000115    0.019735    0.998521    0.050653    0.000462    0.000002    0.000000    0.000000    
4.847373    -0.000000    -0.000000    -0.000000    -0.000011    -0.001642    -0.050633    0.998654    0.011122    0.000045    0.000000    0.000000    
12.560584    0.000000    0.000000    0.000027    0.008283    0.999770    -0.019793    0.000640    0.000011    0.000000    0.000000    0.000000    
27.297536    -0.000000    -0.000000    -0.000000    -0.000000    -0.000002    0.000102    -0.011131    0.999919    0.006249    0.000016    0.000000    
42.737524    0.000000    0.000012    0.005238    0.999952    -0.008284    0.000048    -0.000000    0.000000    0.000000    0.000000    0.000000    
67.301588    -0.000000    -0.000000    -0.000000    -0.000000    0.000000    -0.000000    0.000025    -0.006249    0.999971    0.004344    0.000008    
90.462135    0.000006    0.003830    0.999979    -0.005238    0.000017    -0.000000    0.000000    -0.000000    0.000000    0.000000    0.000000    
124.852125    -0.000000    -0.000000    -0.000000    0.000000    -0.000000    0.000000    -0.000000    0.000011    -0.004344    0.999985    0.003329    
155.732970    -0.003019    -0.999988    0.003830    -0.000008    0.000000    -0.000000    0.000000    -0.000000    0.000000    -0.000000    -0.000000    
199.949427    -0.000000    -0.000000    0.000000    -0.000000    0.000000    -0.000000    0.000000    -0.000000    0.000006    -0.003329    0.999994    
238.550469    -0.999995    0.003019    -0.000005    0.000000    -0.000000    0.000000    -0.000000    0.000000    -0.000000    0.000000    -0.000000    

-0.911062
-0.102512    0.000000    0.000000    0.000000    0.000116    0.019804    0.998542    0.050208    0.000457    0.000002    0.000000    0.000000    
4.881536    -0.000000    -0.000000    -0.000000    -0.000011    -0.001646    -0.050188    0.998677    0.011100    0.000044    0.000000    0.000000    
12.507138    0.000000    0.000000    0.000027    0.008295    0.999768    -0.019862    0.000650    0.000011    0.000000    0.000000    0.000000    
27.375666    -0.000000    -0.000000    -0.000000    -0.000000    -0.000002    0.000101    -0.011109    0.999919    0.006242    0.000016    0.000000    
42.640201    0.000000    0.000012    0.005243    0.999952    -0.008296    0.000049    -0.000000    0.000000    0.000000    0.000000    0.000000    
67.423586    -0.000000    -0.000000    -0.000000    -0.000000    0.000000    -0.000000    0.000025    -0.006242    0.999971    0.004341    0.000008    
90.320946    0.000006    0.003833    0.999979    -0.005243    0.000017    -0.000000    0.000000    -0.000000    0.000000    0.000000    0.000000    
125.017989    -0.000000    -0.000000    -0.000000    0.000000    -0.000000    0.000000    -0.000000    0.000011    -0.004341    0.999985    0.003327    
155.547915    -0.003020    -0.999988    0.003833    -0.000008    0.000000    -0.000000    0.000000    -0.000000    0.000000    -0.000000    -0.000000    
200.159156    -0.000000    -0.000000    0.000000    -0.000000    0.000000    -0.000000    0.000000    -0.000000    0.000006    -0.003327    0.999994    
238.321549    -0.999995    0.003020    -0.000005    0.000000    -0.000000    0.000000    -0.000000    0.000000    -0.000000    0.000000    -0.000000    

-0.900590
-0.111905    0.000000    0.000000    0.000000    0.000116    0.019874    0.998563    0.049771    0.000451    0.000002    0.000000    0.000000    
4.915811    -0.000000    -0.000000    -0.000000    -0.000011    -0.001651    -0.049750    0.998699    0.011079    0.000044    0.000000    0.000000    
12.453802    0.000000    0.000000    0.000027    0.008307    0.999767    -0.019932    0.000660    0.000011    0.000000    0.000000    0.000000    
27.453907    -0.000000    -0.000000    -0.000000    -0.000000    -0.000002    0.000101    -0.011088    0.999919    0.006235    0.000016    0.000000    
42.542987    0.000000    0.000012    0.005248    0.999952    -0.008308    0.000049    -0.000000    0.000000    0.000000    0.000000    0.000000    
67.545694    -0.000000    -0.000000    -0.000000    -0.000000    0.000000    -0.000000    0.000025    -0.006235    0.999971    0.004337    0.000008    
90.179866    0.000006    0.003835    0.999979    -0.005248    0.000017    -0.000000    0.000000    -0.000000    0.000000    0.000000    0.000000    
125.183963    -0.000000    -0.000000    -0.000000    0.000000    -0.000000    0.000000    -0.000000    0.000011    -0.004337    0.999985    0.003325    
155.362970    -0.003022    -0.999988    0.003835    -0.000008    0.000000    -0.000000    0.000000    -0.000000    0.000000    -0.000000    -0.000000    
200.368994    -0.000000    -0.000000    0.000000    -0.000000    0.000000    -0.000000    0.000000    -0.000000    0.000006    -0.003325    0.999994    
238.092739    -0.999995    0.003022    -0.000005    0.000000    -0.000000    0.000000    -0.000000    0.000000    -0.000000    0.000000    -0.000000    

-0.890118
-0.121191    0.000000    0.000000    0.000000    0.000117    0.019944    0.998583    0.049341    0.000446    0.000002    0.000000    0.000000    
4.950197    -0.000000    -0.000000    -0.000000    -0.000011    -0.001656    -0.049320    0.998720    0.011058    0.000044    0.000000    0.000000    
12.400575    0.000000    0.000000    0.000027    0.008319    0.999765    -0.020002    0.000670    0.000011    0.000000    0.000000    0.000000    
27.532257    -0.000000    -0.000000    -0.000000    -0.000000    -0.000002    0.000100    -0.011066    0.999919    0.006229    0.000016    0.000000    
42.445883    0.000000    0.000012    0.005253    0.999952    -0.008320    0.000049    -0.000000    0.000000    0.000000    0.000000    0.000000    
67.667912    -0.000000    -0.000000    -0.000000    -0.000000    0.000000    -0.000000    0.000025    -0.006229    0.999971    0.004334    0.000008    
90.038896    0.000006    0.003838    0.999979    -0.005253    0.000017    -0.000000    0.000000    -0.000000    0.000000    0.000000    0.000000    
125.350046    -0.000000    -0.000000    -0.000000    0.000000    -0.000000    0.000000    -0.000000    0.000011    -0.004334    0.999985    0.003323    
155.178134    -0.003023    -0.999988    0.003838    -0.000009    0.000000    -0.000000    0.000000    -0.000000    0.000000    -0.000000    -0.000000    
200.578942    -0.000000    -0.000000    0.000000    -0.000000    0.000000    -0.000000    0.000000    -0.000000    0.000006    -0.003323    0.999994    
237.864039    -0.999995    0.003023    -0.000005    0.000000    -0.000000    0.000000    -0.000000    0.000000    -0.000000    0.000000    -0.000000    

-0.879646
-0.130369    0.000000    0.000000    0.000000    0.000118    0.020015    0.998602    0.048919    0.000441    0.000002    0.000000    0.000000    
4.984695    -0.000000    -0.000000    -0.000000    -0.000011    -0.001661    -0.048898    0.998741    0.011036    0.000044    0.000000    0.000000    
12.347458    0.000000    0.000000    0.000027    0.008331    0.999764    -0.020072    0.000680    0.000011    0.000000    0.000000    0.000000    
27.610716    -0.000000    -0.000000    -0.000000    -0.000000    -0.000002    0.000100    -0.011045    0.999920    0.006222    0.000016    0.000000    
42.348889    0.000000    0.000012    0.005258    0.999951    -0.008332    0.000049    -0.000000    0.000000    0.000000    0.000000    0.000000    
67.790240    -0.000000    -0.000000    -0.000000    -0.000000    0.000000    -0.000000    0.000025    -0.006222    0.999971    0.004331    0.000008    
89.898035    0.000006    0.003840    0.999979    -0.005258    0.000017    -0.000000    0.000000    -0.000000    0.000000    0.000000    0.000000    
125.516239    -0.000000    -0.000000    -0.000000    0.000000    -0.000000    0.000000    -0.000000    0.000011    -0.004331    0.999985    0.003321    
154.993409    -0.003025    -0.999988    0.003840    -0.000009    0.000000    -0.000000    0.000000    -0.000000    0.000000    -0.000000    -0.000000    
200.789000    -0.000000    -0.000000    0.000000    -0.000000    0.000000    -0.000000    0.000000    -0.000000    0.000006    -0.003321    0.999994    
237.635449    -0.999995    0.003025    -0.000005    0.000000    -0.000000    0.000000    -0.000000    0.000000    -0.000000    0.000000    -0.000000    

-0.869174
-0.139439    0.000000    0.000000    0.000000    0.000118    0.020086    0.998621    0.048504    0.000436    0.000002    0.000000    0.000000    
5.019304    -0.000000    -0.000000    -0.000000    -0.000011    -0.001667    -0.048482    0.998762    0.011015    0.000044    0.000000    0.000000    
12.294451    0.000000    0.000000    0.000027    0.008344    0.999762    -0.020143    0.000691    0.000011    0.000000    0.000000    0.000000    
27.689286    -0.000000    -0.000000    -0.000000    -0.000000    -0.000002    0.000099    -0.011023    0.999920    0.006215    0.000016    0.000000    
42.252004    0.000000    0.000012    0.005262    0.999951    -0.008344    0.000049    -0.000000    0.000000    0.000000    0.000000    0.000000    
67.912677    -0.000000    -0.000000    -0.000000    -0.000000    0.000000    -0.000000    0.000025    -0.006215    0.999971    0.004327    0.000008    
89.757284    0.000007    0.003843    0.999979    -0.005262    0.000017    -0.000000    0.000000    -0.000000    0.000000    0.000000    0.000000    
125.682541    -0.000000    -0.000000    -0.000000    0.000000    -0.000000    0.000000    -0.000000    0.000011    -0.004327    0.999985    0.003319    
154.808792    -0.003027    -0.999988    0.003843    -0.000009    0.000000    -0.000000    0.000000    -0.000000    0.000000    -0.000000    -0.000000    
200.999167    -0.000000    -0.000000    0.000000    -0.000000    0.000000    -0.000000    0.000000    -0.000000    0.000006    -0.003319    0.999994    
237.406968    -0.999995    0.003027    -0.000005    0.000000    -0.000000    0.000000    -0.000000    0.000000    -0.000000    0.000000    -0.000000    

-0.858702
-0.148402    0.000000    0.000000    0.000000    0.000119    0.020157    0.998639    0.048096    0.000431    0.000002    0.000000    0.000000    
5.054025    -0.000000    -0.000000    -0.000000    -0.000011    -0.001673    -0.048073    0.998782    0.010994    0.000044    0.000000    0.000000    
12.241554    0.000000    0.000000    0.000027    0.008356    0.999760    -0.020215    0.000702    0.000011    0.000000    0.000000    0.000000    
27.767965    -0.000000    -0.000000    -0.000000    -0.000000    -0.000002    0.000099    -0.011002    0.999920    0.006208    0.000016    0.000000    
42.155229    0.000000    0.000012    0.005267    0.999951    -0.008357    0.000049    -0.000000    0.000000    0.000000    0.000000    0.000000    
68.035223    -0.000000    -0.000000    -0.000000    -0.000000    0.000000    -0.000000    0.000025    -0.006208    0.999971    0.004324    0.000008    
89.616643    0.000007    0.003846    0.999979    -0.005267    0.000017    -0.000000    0.000000    -0.000000    0.000000    0.000000    0.000000    
125.848953    -0.000000    -0.000000    -0.000000    0.000000    -0.000000    0.000000    -0.000000    0.000011    -0.004324    0.999985    0.003317    
154.624286    -0.003028    -0.999988    0.003846    -0.000009    0.000000    -0.000000    0.000000    -0.000000    0.000000    -0.000000    -0.000000    
201.209444    -0.000000    -0.000000    0.000000    -0.000000    0.000000    -0.000000    0.000000    -0.000000    0.000006    -0.003317    0.999994    
237.178596    -0.999995    0.003028    -0.000005    0.000000    -0.000000    0.000000    -0.000000    0.000000    -0.000000    0.000000    -0.000000    

-0.848230
-0.157257    0.000000    0.000000    0.000000    0.000120    0.020230    0.998657    0.047694    0.000426    0.000002    0.000000    0.000000    
5.088857    -0.000000    -0.000000    -0.000000    -0.000011    -0.001680    -0.047672    0.998801    0.010973    0.000043    0.000000    0.000000    
12.188767    0.000000    0.000000    0.000027    0.008368    0.999759    -0.020287    0.000713    0.000011    0.000000    0.000000    0.000000    
27.846754    -0.000000    -0.000000    -0.000000    -0.000000    -0.000002    0.000098    -0.010981    0.999920    0.006201    0.000016    0.000000    
42.058563    0.000000    0.000012    0.005272    0.999951    -0.008369    0.000050    -0.000000    0.000000    0.000000    0.000000    0.000000    
68.157880    -0.000000    -0.000000    -0.000000    -0.000000    0.000000    -0.000000    0.000025    -0.006202    0.999971    0.004321    0.000008    
89.476111    0.000007    0.003848    0.999979    -0.005272    0.000017    -0.000000    0.000000    -0.000000    0.000000    0.000000    0.000000    
126.015475    -0.000000    -0.000000    -0.000000    0.000000    -0.000000    0.000000    -0.000000    0.000011    -0.004321    0.999985    0.003315    
154.439889    -0.003030    -0.999988    0.003848    -0.000009    0.000000    -0.000000    0.000000    -0.000000    0.000000    -0.000000    -0.000000    
201.419830    -0.000000    -0.000000    0.000000    -0.000000    0.000000    -0.000000    0.000000    -0.000000    0.000006    -0.003315    0.999995    
236.950335    -0.999995    0.003030    -0.000005    0.000000    -0.000000    0.000000    -0.000000    0.000000    -0.000000    0.000000    -0.000000    

-0.837758
-0.166004    0.000000    0.000000    0.000000    0.000120    0.020302    0.998674    0.047299    0.000421    0.000002    0.000000    0.000000    
5.123800    -0.000000    -0.000000    -0.000000    -0.000011    -0.001687    -0.047277    0.998820    0.010952    0.000043    0.000000    0.000000    
12.136089    0.000000    0.000000    0.000027    0.008380    0.999757    -0.020360    0.000725    0.000011    0.000000    0.000000    0.000000    
27.925652    -0.000000    -0.000000    -0.000000    -0.000000    -0.000002    0.000098    -0.010960    0.999921    0.006195    0.000016    0.000000    
41.962007    0.000000    0.000012    0.005277    0.999951    -0.008381    0.000050    -0.000000    0.000000    0.000000    0.000000    0.000000    
68.280646    -0.000000    -0.000000    -0.000000    -0.000000    0.000000    -0.000000    0.000025    -0.006195    0.999971    0.004318    0.000008    
89.335689    0.000007    0.003851    0.999979    -0.005277    0.000017    -0.000000    0.000000    -0.000000    0.000000    0.000000    0.000000    
126.182107    -0.000000    -0.000000    -0.000000    0.000000    -0.000000    0.000000    -0.000000    0.000011    -0.004318    0.999985    0.003314    
154.255602    -0.003032    -0.999988    0.003851    -0.000009    0.000000    -0.000000    0.000000    -0.000000    0.000000    -0.000000    -0.000000    
201.630327    -0.000000    -0.000000    0.000000    -0.000000    0.000000    -0.000000    0.000000    -0.000000    0.000006    -0.003314    0.999995    
236.722183    -0.999995    0.003032    -0.000005    0.000000    -0.000000    0.000000    -0.000000    0.000000    -0.000000    0.000000    -0.000000    

-0.827286
-0.174642    0.000000    0.000000    0.000000    0.000121    0.020375    0.998691    0.046911    0.000416    0.000002    0.000000    0.000000    
5.158855    -0.000000    -0.000000    -0.000000    -0.000012    -0.001694    -0.046888    0.998839    0.010931    0.000043    0.000000    0.000000    
12.083521    0.000000    0.000000    0.000027    0.008393    0.999756    -0.020433    0.000736    0.000012    0.000000    0.000000    0.000000    
28.004660    -0.000000    -0.000000    -0.000000    -0.000000    -0.000002    0.000097    -0.010939    0.999921    0.006188    0.000016    0.000000    
41.865561    0.000000    0.000012    0.005282    0.999951    -0.008393    0.000050    -0.000000    0.000000    0.000000    0.000000    0.000000    
68.403521    -0.000000    -0.000000    -0.000000    -0.000000    0.000000    -0.000000    0.000024    -0.006188    0.999972    0.004314    0.000008    
89.195377    0.000007    0.003853    0.999979    -0.005282    0.000017    -0.000000    0.000000    -0.000000    0.000000    0.000000    0.000000    
126.348848    -0.000000    -0.000000    -0.000000    0.000000    -0.000000    0.000000    -0.000000    0.000011    -0.004314    0.999985    0.003312    
154.071424    -0.003033    -0.999988    0.003853    -0.000009    0.000000    -0.000000    0.000000    -0.000000    0.000000    -0.000000    -0.000000    
201.840932    -0.000000    -0.000000    0.000000    -0.000000    0.000000    -0.000000    0.000000    -0.000000    0.000006    -0.003312    0.999995    
236.494140    -0.999995    0.003033    -0.000005    0.000000    -0.000000    0.000000    -0.000000    0.000000    -0.000000    0.000000    -0.000000    

-0.816814
-0.183173    0.000000    0.000000    0.000000    0.000122    0.020449    0.998708    0.046529    0.000412    0.000001    0.000000    0.000000    
5.194020    -0.000000    -0.000000    -0.000000    -0.000012    -0.001702    -0.046505    0.998857    0.010910    0.000043    0.000000    0.000000    
12.031063    0.000000    0.000000    0.000027    0.008405    0.999754    -0.020506    0.000748    0.000012    0.000000    0.000000    0.000000    
28.083778    -0.000000    -0.000000    -0.000000    -0.000000    -0.000002    0.000097    -0.010918    0.999921    0.006181    0.000016    0.000000    
41.769225    0.000000    0.000012    0.005287    0.999951    -0.008406    0.000050    -0.000000    0.000000    0.000000    0.000000    0.000000    
68.526507    -0.000000    -0.000000    -0.000000    -0.000000    0.000000    -0.000000    0.000024    -0.006181    0.999972    0.004311    0.000008    
89.055174    0.000007    0.003856    0.999979    -0.005287    0.000017    -0.000000    0.000000    -0.000000    0.000000    0.000000    0.000000    
126.515699    -0.000000    -0.000000    -0.000000    0.000000    -0.000000    0.000000    -0.000000    0.000011    -0.004311    0.999985    0.003310    
153.887356    -0.003035    -0.999988    0.003856    -0.000009    0.000000    -0.000000    0.000000    -0.000000    0.000000    -0.000000    -0.000000    
202.051648    -0.000000    -0.000000    0.000000    -0.000000    0.000000    -0.000000    0.000000    -0.000000    0.000006    -0.003310    0.999995    
236.266208    -0.999995    0.003035    -0.000005    0.000000    -0.000000    0.000000    -0.000000    0.000000    -0.000000    0.000000    -0.000000    

-0.806342
-0.191597    0.000000    0.000000    0.000000    0.000123    0.020523    0.998723    0.046153    0.000407    0.000001    0.000000    0.000000    
5.229297    -0.000000    -0.000000    -0.000000    -0.000012    -0.001710    -0.046129    0.998875    0.010890    0.000043    0.000000    0.000000    
11.978715    0.000000    0.000000    0.000027    0.008417    0.999752    -0.020581    0.000761    0.000012    0.000000    0.000000    0.000000    
28.163005    -0.000000    -0.000000    -0.000000    -0.000000    -0.000001    0.000096    -0.010897    0.999922    0.006175    0.000016    0.000000    
41.672998    0.000000    0.000012    0.005292    0.999951    -0.008418    0.000050    -0.000000    0.000000    0.000000    0.000000    0.000000    
68.649602    -0.000000    -0.000000    -0.000000    -0.000000    0.000000    -0.000000    0.000024    -0.006175    0.999972    0.004308    0.000008    
88.915081    0.000007    0.003859    0.999979    -0.005292    0.000017    -0.000000    0.000000    -0.000000    0.000000    0.000000    0.000000    
126.682659    -0.000000    -0.000000    -0.000000    0.000000    -0.000000    0.000000    -0.000000    0.000011    -0.004308    0.999985    0.003308    
153.703398    -0.003036    -0.999988    0.003859    -0.000009    0.000000    -0.000000    0.000000    -0.000000    0.000000    -0.000000    -0.000000    
202.262473    -0.000000    -0.000000    0.000000    -0.000000    0.000000    -0.000000    0.000000    -0.000000    0.000006    -0.003308    0.999995    
236.038385    -0.999995    0.003036    -0.000005    0.000000    -0.000000    0.000000    -0.000000    0.000000    -0.000000    0.000000    -0.000000    

-0.795870
-0.199912    0.000000    0.000000    0.000000    0.000123    0.020598    0.998739    0.045783    0.000402    0.000001    0.000000    0.000000    
5.264685    -0.000000    -0.000000    -0.000000    -0.000012    -0.001718    -0.045759    0.998892    0.010869    0.000043    0.000000    0.000000    
11.926476    0.000000    0.000000    0.000027    0.008430    0.999751    -0.020655    0.000774    0.000012    0.000000    0.000000    0.000000    
28.242342    -0.000000    -0.000000    -0.000000    -0.000000    -0.000001    0.000096    -0.010876    0.999922    0.006168    0.000016    0.000000    
41.576881    0.000000    0.000012    0.005297    0.999950    -0.008431    0.000050    -0.000000    0.000000    0.000000    0.000000    0.000000    
68.772807    -0.000000    -0.000000    -0.000000    -0.000000    0.000000    -0.000000    0.000024    -0.006168    0.999972    0.004305    0.000008    
88.775098    0.000007    0.003861    0.999979    -0.005297    0.000017    -0.000000    0.000000    -0.000000    0.000000    0.000000    0.000000    
126.849729    -0.000000    -0.000000    -0.000000    0.000000    -0.000000    0.000000    -0.000000    0.000011    -0.004305    0.999985    0.003306    
153.519550    -0.003038    -0.999988    0.003861    -0.000009    0.000000    -0.000000    0.000000    -0.000000    0.000000    -0.000000    -0.000000    
202.473408    -0.000000    -0.000000    0.000000    -0.000000    0.000000    -0.000000    0.000000    -0.000000    0.000006    -0.003306    0.999995    
235.810672    -0.999995    0.003038    -0.000005    0.000000    -0.000000    0.000000    -0.000000    0.000000    -0.000000    0.000000    -0.000000    

-0.785398
-0.208118    0.000000    0.000000    0.000000    0.000124    0.020673    0.998754    0.045419    0.000398    0.000001    0.000000    0.000000    
5.300185    -0.000000    -0.000000    -0.000000    -0.000012    -0.001728    -0.045394    0.998909    0.010849    0.000043    0.000000    0.000000    
11.874348    0.000000    0.000000    0.000027    0.008442    0.999749    -0.020731    0.000787    0.000012    0.000000    0.000000    0.000000    
28.321789    -0.000000    -0.000000    -0.000000    -0.000000    -0.000001    0.000095    -0.010855    0.999922    0.006161    0.000016    0.000000    
41.480874    0.000000    0.000012    0.005302    0.999950    -0.008443    0.000051    -0.000000    0.000000    0.000000    0.000000    0.000000    
68.896121    -0.000000    -0.000000    -0.000000    -0.000000    0.000000    -0.000000    0.000024    -0.006161    0.999972    0.004301    0.000008    
88.635224    0.000007    0.003864    0.999978    -0.005302    0.000017    -0.000000    0.000000    -0.000000    0.000000    0.000000    0.000000    
127.016909    -0.000000    -0.000000    -0.000000    0.000000    -0.000000    0.000000    -0.000000    0.000011    -0.004301    0.999985    0.003304    
153.335811    -0.003040    -0.999988    0.003864    -0.000009    0.000000    -0.000000    0.000000    -0.000000    0.000000    -0.000000    -0.000000    
202.684453    -0.000000    -0.000000    0.000000    -0.000000    0.000000    -0.000000    0.000000    -0.000000    0.000006    -0.003304    0.999995    
235.583068    -0.999995    0.003040    -0.000005    0.000000    -0.000000    0.000000    -0.000000    0.000000    -0.000000    0.000000    -0.000000    

-0.774926
-0.216217    0.000000    0.000000    0.000000    0.000125    0.020749    0.998769    0.045060    0.000394    0.000001    0.000000    0.000000    
5.335795    -0.000000    -0.000000    -0.000000    -0.000012    -0.001737    -0.045036    0.998925    0.010828    0.000043    0.000000    0.000000    
11.822329    0.000000    0.000000    0.000028    0.008455    0.999747    -0.020806    0.000800    0.000012    0.000000    0.000000    0.000000    
28.401346    -0.000000    -0.000000    -0.000000    -0.000000    -0.000001    0.000095    -0.010835    0.999922    0.006155    0.000016    0.000000    
41.384976    0.000000    0.000012    0.005307    0.999950    -0.008456    0.000051    -0.000000    0.000000    0.000000    0.000000    0.000000    
69.019545    -0.000000    -0.000000    -0.000000    -0.000000    0.000000    -0.000000    0.000024    -0.006155    0.999972    0.004298    0.000008    
88.495460    0.000007    0.003867    0.999978    -0.005307    0.000017    -0.000000    0.000000    -0.000000    0.000000    0.000000    0.000000    
127.184198    -0.000000    -0.000000    -0.000000    0.000000    -0.000000    0.000000    -0.000000    0.000011    -0.004298    0.999985    0.003302    
153.152182    -0.003041    -0.999988    0.003867    -0.000009    0.000000    -0.000000    0.000000    -0.000000    0.000000    -0.000000    -0.000000    
202.895607    -0.000000    -0.000000    0.000000    -0.000000    0.000000    -0.000000    0.000000    -0.000000    0.000006    -0.003302    0.999995    
235.355574    -0.999995    0.003041    -0.000005    0.000000    -0.000000    0.000000    -0.000000    0.000000    -0.000000    0.000000    -0.000000    

-0.764454
-0.224208    0.000000    0.000000    0.000000    0.000125    0.020825    0.998783    0.044708    0.000389    0.000001    0.000000    0.000000    
5.371516    -0.000000    -0.000000    -0.000000    -0.000012    -0.001747    -0.044683    0.998941    0.010808    0.000042    0.000000    0.000000    
11.770420    0.000000    0.000000    0.000028    0.008467    0.999746    -0.020883    0.000814    0.000012    0.000000    0.000000    0.000000    
28.481012    -0.000000    -0.000000    -0.000000    -0.000000    -0.000001    0.000094    -0.010814    0.999923    0.006148    0.000016    0.000000    
41.289188    0.000000    0.000012    0.005311    0.999950    -0.008468    0.000051    -0.000000    0.000000    0.000000    0.000000    0.000000    
69.143079    -0.000000    -0.000000    -0.000000    -0.000000    0.000000    -0.000000    0.000024    -0.006148    0.999972    0.004295    0.000008    
88.355806    0.000007    0.003869    0.999978    -0.005312    0.000017    -0.000000    0.000000    -0.000000    0.000000    0.000000    0.000000    
127.351598    -0.000000    -0.000000    -0.000000    0.000000    -0.000000    0.000000    -0.000000    0.000011    -0.004295    0.999985    0.003300    
152.968662    -0.003043    -0.999988    0.003869    -0.000009    0.000000    -0.000000    0.000000    -0.000000    0.000000    -0.000000    -0.000000    
203.106871    -0.000000    -0.000000    0.000000    -0.000000    0.000000    -0.000000    0.000000    -0.000000    0.000006    -0.003300    0.999995    
235.128190    -0.999995    0.003043    -0.000005    0.000000    -0.000000    0.000000    -0.000000    0.000000    -0.000000    0.000000    -0.000000    

-0.753982
-0.232091    0.000000    0.000000    0.000000    0.000126    0.020902    0.998797    0.044360    0.000385    0.000001    0.000000    0.000000    
5.407349    -0.000000    -0.000000    -0.000000    -0.000012    -0.001758    -0.044335    0.998957    0.010787    0.000042    0.000000    0.000000    
11.718620    0.000000    0.000000    0.000028    0.008480    0.999744    -0.020960    0.000829    0.000012    0.000000    0.000000    0.000000    
28.560788    -0.000000    -0.000000    -0.000000    -0.000000    -0.000001    0.000094    -0.010794    0.999923    0.006141    0.000016    0.000000    
41.193509    0.000000    0.000012    0.005316    0.999950    -0.008481    0.000051    -0.000000    0.000000    0.000000    0.000000    0.000000    
69.266722    -0.000000    -0.000000    -0.000000    -0.000000    0.000000    -0.000000    0.000024    -0.006141    0.999972    0.004292    0.000008    
88.216261    0.000007    0.003872    0.999978    -0.005316    0.000017    -0.000000    0.000000    -0.000000    0.000000    0.000000    0.000000    
127.519106    -0.000000    -0.000000    -0.000000    0.000000    -0.000000    0.000000    -0.000000    0.000011    -0.004292    0.999985    0.003298    
152.785252    -0.003044    -0.999988    0.003872    -0.000009    0.000000    -0.000000    0.000000    -0.000000    0.000000    -0.000000    -0.000000    
203.318244    -0.000000    -0.000000    0.000000    -0.000000    0.000000    -0.000000    0.000000    -0.000000    0.000006    -0.003298    0.999995    
234.900915    -0.999995    0.003044    -0.000005    0.000000    -0.000000    0.000000    -0.000000    0.000000    -0.000000    0.000000    -0.000000    

-0.743510
-0.239865    0.000000    0.000000    0.000000    0.000127    0.020980    0.998810    0.044018    0.000381    0.000001    0.000000    0.000000    
5.443292    -0.000000    -0.000000    -0.000000    -0.000012    -0.001769    -0.043993    0.998972    0.010767    0.000042    0.000000    0.000000    
11.666931    0.000000    0.000000    0.000028    0.008493    0.999742    -0.021037    0.000843    0.000012    0.000000    0.000000    0.000000    
28.640673    -0.000000    -0.000000    -0.000000    -0.000000    -0.000001    0.000093    -0.010773    0.999923    0.006135    0.000015    0.000000    
41.097941    0.000000    0.000012    0.005321    0.999950    -0.008494    0.000051    -0.000000    0.000000    0.000000    0.000000    0.000000    
69.390475    -0.000000    -0.000000    -0.000000    -0.000000    0.000000    -0.000000    0.000024    -0.006135    0.999972    0.004288    0.000008    
88.076826    0.000007    0.003874    0.999978    -0.005321    0.000017    -0.000000    0.000000    -0.000000    0.000000    0.000000    0.000000    
127.686725    -0.000000    -0.000000    -0.000000    0.000000    -0.000000    0.000000    -0.000000    0.000011    -0.004288    0.999985    0.003296    
152.601952    -0.003046    -0.999988    0.003874    -0.000009    0.000000    -0.000000    0.000000    -0.000000    0.000000    -0.000000    -0.000000    
203.529728    -0.000000    -0.000000    0.000000    -0.000000    0.000000    -0.000000    0.000000    -0.000000    0.000006    -0.003296    0.999995    
234.673750    -0.999995    0.003046    -0.000005    0.000000    -0.000000    0.000000    -0.000000    0.000000    -0.000000    0.000000    -0.000000    

-0.733038
-0.247531    0.000000    0.000000    0.000000    0.000128    0.021058    0.998823    0.043682    0.000377    0.000001    0.000000    0.000000    
5.479346    -0.000000    -0.000000    -0.000000    -0.000013    -0.001780    -0.043655    0.998987    0.010747    0.000042    0.000000    0.000000    
11.615351    0.000000    0.000000    0.000028    0.008505    0.999740    -0.021116    0.000859    0.000013    0.000000    0.000000    0.000000    
28.720668    -0.000000    -0.000000    -0.000000    -0.000000    -0.000001    0.000093    -0.010753    0.999923    0.006128    0.000015    0.000000    
41.002482    0.000000    0.000012    0.005326    0.999950    -0.008506    0.000052    -0.000000    0.000000    0.000000    0.000000    0.000000    
69.514338    -0.000000    -0.000000    -0.000000    -0.000000    0.000000    -0.000000    0.000024    -0.006128    0.999972    0.004285    0.000008    
87.937501    0.000007    0.003877    0.999978    -0.005326    0.000017    -0.000000    0.000000    -0.000000    0.000000    0.000000    0.000000    
127.854453    -0.000000    -0.000000    -0.000000    0.000000    -0.000000    0.000000    -0.000000    0.000011    -0.004285    0.999985    0.003294    
152.418761    -0.003048    -0.999988    0.003877    -0.000009    0.000000    -0.000000    0.000000    -0.000000    0.000000    -0.000000    -0.000000    
203.741320    -0.000000    -0.000000    0.000000    -0.000000    0.000000    -0.000000    0.000000    -0.000000    0.000006    -0.003294    0.999995    
234.446695    -0.999995    0.003048    -0.000005    0.000000    -0.000000    0.000000    -0.000000    0.000000    -0.000000    0.000000    -0.000000    

-0.722566
-0.255089    0.000000    0.000000    0.000000    0.000128    0.021136    0.998836    0.043350    0.000373    0.000001    0.000000    0.000000    
5.515511    -0.000000    -0.000000    -0.000000    -0.000013    -0.001792    -0.043323    0.999002    0.010727    0.000042    0.000000    0.000000    
11.563881    0.000000    0.000000    0.000028    0.008518    0.999739    -0.021194    0.000874    0.000013    0.000000    0.000000    0.000000    
28.800773    -0.000000    -0.000000    -0.000000    -0.000000    -0.000001    0.000092    -0.010733    0.999924    0.006122    0.000015    0.000000    
40.907132    0.000000    0.000012    0.005331    0.999949    -0.008519    0.000052    -0.000000    0.000000    0.000000    0.000000    0.000000    
69.638310    -0.000000    -0.000000    -0.000000    -0.000000    0.000000    -0.000000    0.000024    -0.006122    0.999972    0.004282    0.000008    
87.798285    0.000007    0.003880    0.999978    -0.005331    0.000017    -0.000000    0.000000    -0.000000    0.000000    0.000000    0.000000    
128.022291    -0.000000    -0.000000    -0.000000    0.000000    -0.000000    0.000000    -0.000000    0.000011    -0.004282    0.999985    0.003292    
152.235680    -0.003049    -0.999988    0.003880    -0.000009    0.000000    -0.000000    0.000000    -0.000000    0.000000    -0.000000    -0.000000    
203.953023    -0.000000    -0.000000    0.000000    -0.000000    0.000000    -0.000000    0.000000    -0.000000    0.000006    -0.003292    0.999995    
234.219749    -0.999995    0.003049    -0.000005    0.000000    -0.000000    0.000000    -0.000000    0.000000    -0.000000    0.000000    -0.000000    

-0.712094
-0.262539    0.000000    0.000000    0.000000    0.000129    0.021215    0.998849    0.043023    0.000369    0.000001    0.000000    0.000000    
5.551787    -0.000000    -0.000000    -0.000000    -0.000013    -0.001805    -0.042996    0.999016    0.010707    0.000042    0.000000    0.000000    
11.512521    0.000000    0.000000    0.000028    0.008531    0.999737    -0.021274    0.000890    0.000013    0.000000    0.000000    0.000000    
28.880988    -0.000000    -0.000000    -0.000000    -0.000000    -0.000001    0.000092    -0.010713    0.999924    0.006115    0.000015    0.000000    
40.811892    0.000000    0.000012    0.005336    0.999949    -0.008532    0.000052    -0.000000    0.000000    0.000000    0.000000    0.000000    
69.762392    -0.000000    -0.000000    -0.000000    -0.000000    0.000000    -0.000000    0.000024    -0.006115    0.999972    0.004279    0.000008    
87.659179    0.000007    0.003882    0.999978    -0.005336    0.000018    -0.000000    0.000000    -0.000000    0.000000    0.000000    0.000000    
128.190238    -0.000000    -0.000000    -0.000000    0.000000    -0.000000    0.000000    -0.000000    0.000011    -0.004279    0.999985    0.003291    
152.052709    -0.003051    -0.999988    0.003882    -0.000009    0.000000    -0.000000    0.000000    -0.000000    0.000000    -0.000000    -0.000000    
204.164835    -0.000000    -0.000000    0.000000    -0.000000    0.000000    -0.000000    0.000000    -0.000000    0.000006    -0.003291    0.999995    
233.992913    -0.999995    0.003051    -0.000005    0.000000    -0.000000    0.000000    -0.000000    0.000000    -0.000000    0.000000    -0.000000    

-0.701622
-0.269880    0.000000    0.000000    0.000000    0.000130    0.021295    0.998861    0.042702    0.000365    0.000001    0.000000    0.000000    
5.588174    -0.000000    -0.000000    -0.000000    -0.000013    -0.001818    -0.042674    0.999030    0.010687    0.000042    0.000000    0.000000    
11.461271    0.000000    0.000000    0.000028    0.008544    0.999735    -0.021354    0.000907    0.000013    0.000000    0.000000    0.000000    
28.961312    -0.000000    -0.000000    -0.000000    -0.000000    -0.000001    0.000092    -0.010693    0.999924    0.006108    0.000015    0.000000    
40.716762    0.000000    0.000012    0.005341    0.999949    -0.008544    0.000052    -0.000000    0.000000    0.000000    0.000000    0.000000    
69.886584    -0.000000    -0.000000    -0.000000    -0.000000    0.000000    -0.000000    0.000024    -0.006108    0.999972    0.004276    0.000008    
87.520183    0.000007    0.003885    0.999978    -0.005341    0.000018    -0.000000    0.000000    -0.000000    0.000000    0.000000    0.000000    
128.358295    -0.000000    -0.000000    -0.000000    0.000000    -0.000000    0.000000    -0.000000    0.000011    -0.004276    0.999985    0.003289    
151.869848    -0.003053    -0.999988    0.003885    -0.000009    0.000000    -0.000000    0.000000    -0.000000    0.000000    -0.000000    -0.000000    
204.376757    -0.000000    -0.000000    0.000000    -0.000000    0.000000    -0.000000    0.000000    -0.000000    0.000006    -0.003289    0.999995    
233.766187    -0.999995    0.003053    -0.000005    0.000000    -0.000000    0.000000    -0.000000    0.000000    -0.000000    0.000000    -0.000000    

-0.691150
-0.277114    0.000000    0.000000    0.000000    0.000131    0.021375    0.998873    0.042385    0.000361    0.000001    0.000000    0.000000    
5.624672    -0.000000    -0.000000    -0.000000    -0.000013    -0.001832    -0.042356    0.999044    0.010667    0.000041    0.000000    0.000000    
11.410130    0.000000    0.000000    0.000028    0.008556    0.999733    -0.021434    0.000924    0.000013    0.000000    0.000000    0.000000    
29.041746    -0.000000    -0.000000    -0.000000    -0.000000    -0.000001    0.000091    -0.010673    0.999924    0.006102    0.000015    0.000000    
40.621742    0.000000    0.000012    0.005346    0.999949    -0.008557    0.000052    -0.000000    0.000000    0.000000    0.000000    0.000000    
70.010885    -0.000000    -0.000000    -0.000000    -0.000000    0.000000    -0.000000    0.000024    -0.006102    0.999972    0.004272    0.000008    
87.381296    0.000007    0.003888    0.999978    -0.005346    0.000018    -0.000000    0.000000    -0.000000    0.000000    0.000000    0.000000    
128.526462    -0.000000    -0.000000    -0.000000    0.000000    -0.000000    0.000000    -0.000000    0.000011    -0.004272    0.999985    0.003287    
151.687096    -0.003054    -0.999988    0.003888    -0.000009    0.000000    -0.000000    0.000000    -0.000000    0.000000    -0.000000    -0.000000    
204.588789    -0.000000    -0.000000    0.000000    -0.000000    0.000000    -0.000000    0.000000    -0.000000    0.000006    -0.003287    0.999995    
233.539570    -0.999995    0.003054    -0.000005    0.000000    -0.000000    0.000000    -0.000000    0.000000    -0.000000    0.000000    -0.000000    

-0.680678
-0.284238    0.000000    0.000000    0.000000    0.000131    0.021456    0.998884    0.042072    0.000358    0.000001    0.000000    0.000000    
5.661281    -0.000000    -0.000000    -0.000000    -0.000013    -0.001846    -0.042044    0.999057    0.010647    0.000041    0.000000    0.000000    
11.359100    0.000000    0.000000    0.000028    0.008569    0.999731    -0.021515    0.000942    0.000013    0.000000    0.000000    0.000000    
29.122290    -0.000000    -0.000000    -0.000000    -0.000000    -0.000001    0.000091    -0.010653    0.999925    0.006095    0.000015    0.000000    
40.526831    0.000000    0.000012    0.005351    0.999949    -0.008570    0.000053    -0.000000    0.000000    0.000000    0.000000    0.000000    
70.135296    -0.000000    -0.000000    -0.000000    -0.000000    0.000000    -0.000000    0.000024    -0.006095    0.999972    0.004269    0.000008    
87.242519    0.000007    0.003890    0.999978    -0.005351    0.000018    -0.000000    0.000000    -0.000000    0.000000    0.000000    0.000000    
128.694738    -0.000000    -0.000000    -0.000000    0.000000    -0.000000    0.000000    -0.000000    0.000011    -0.004269    0.999985    0.003285    
151.504453    -0.003056    -0.999988    0.003890    -0.000009    0.000000    -0.000000    0.000000    -0.000000    0.000000    -0.000000    -0.000000    
204.800930    -0.000000    -0.000000    0.000000    -0.000000    0.000000    -0.000000    0.000000    -0.000000    0.000006    -0.003285    0.999995    
233.313063    -0.999995    0.003056    -0.000005    0.000000    -0.000000    0.000000    -0.000000    0.000000    -0.000000    0.000000    -0.000000    

-0.670206
-0.291255    0.000000    0.000000    0.000000    0.000132    0.021538    0.998895    0.041764    0.000354    0.000001    0.000000    0.000000    
5.698000    -0.000000    -0.000000    -0.000000    -0.000013    -0.001861    -0.041735    0.999070    0.010627    0.000041    0.000000    0.000000    
11.308179    0.000000    0.000000    0.000028    0.008582    0.999729    -0.021597    0.000960    0.000013    0.000000    0.000000    0.000000    
29.202943    -0.000000    -0.000000    -0.000000    -0.000000    -0.000001    0.000090    -0.010633    0.999925    0.006089    0.000015    0.000000    
40.432030    0.000000    0.000012    0.005356    0.999949    -0.008583    0.000053    -0.000000    0.000000    0.000000    0.000000    0.000000    
70.259817    -0.000000    -0.000000    -0.000000    -0.000000    0.000000    -0.000000    0.000024    -0.006089    0.999972    0.004266    0.000008    
87.103852    0.000007    0.003893    0.999978    -0.005356    0.000018    -0.000000    0.000000    -0.000000    0.000000    0.000000    0.000000    
128.863125    -0.000000    -0.000000    -0.000000    0.000000    -0.000000    0.000000    -0.000000    0.000011    -0.004266    0.999986    0.003283    
151.321921    -0.003058    -0.999988    0.003893    -0.000009    0.000000    -0.000000    0.000000    -0.000000    0.000000    -0.000000    -0.000000    
205.013181    -0.000000    -0.000000    0.000000    -0.000000    0.000000    -0.000000    0.000000    -0.000000    0.000006    -0.003283    0.999995    
233.086666    -0.999995    0.003058    -0.000005    0.000000    -0.000000    0.000000    -0.000000    0.000000    -0.000000    0.000000    -0.000000    

-0.659734
-0.298163    0.000000    0.000000    0.000000    0.000133    0.021620    0.998906    0.041461    0.000350    0.000001    0.000000    0.000000    
5.734830    -0.000000    -0.000000    -0.000000    -0.000014    -0.001877    -0.041431    0.999083    0.010607    0.000041    0.000000    0.000000    
11.257368    0.000000    0.000000    0.000028    0.008595    0.999728    -0.021680    0.000979    0.000014    0.000000    0.000000    0.000000    
29.283706    -0.000000    -0.000000    -0.000000    -0.000000    -0.000001    0.000090    -0.010613    0.999925    0.006082    0.000015    0.000000    
40.337339    0.000000    0.000012    0.005361    0.999949    -0.008596    0.000053    -0.000000    0.000000    0.000000    0.000000    0.000000    
70.384447    -0.000000    -0.000000    -0.000000    -0.000000    0.000000    -0.000000    0.000024    -0.006082    0.999972    0.004263    0.000008    
86.965294    0.000007    0.003896    0.999978    -0.005361    0.000018    -0.000000    0.000000    -0.000000    0.000000    0.000000    0.000000    
129.031620    -0.000000    -0.000000    -0.000000    0.000000    -0.000000    0.000000    -0.000000    0.000011    -0.004263    0.999986    0.003281    
151.139498    -0.003059    -0.999988    0.003896    -0.000009    0.000000    -0.000000    0.000000    -0.000000    0.000000    -0.000000    -0.000000    
205.225541    -0.000000    -0.000000    0.000000    -0.000000    0.000000    -0.000000    0.000000    -0.000000    0.000006    -0.003281    0.999995    
232.860378    -0.999995    0.003059    -0.000005    0.000000    -0.000000    0.000000    -0.000000    0.000000    -0.000000    0.000000    -0.000000    

-0.649262
-0.304962    0.000000    0.000000    0.000000    0.000134    0.021703    0.998917    0.041162    0.000347    0.000001    0.000000    0.000000    
5.771771    -0.000000    -0.000000    -0.000000    -0.000014    -0.001894    -0.041132    0.999096    0.010588    0.000041    0.000000    0.000000    
11.206666    0.000000    0.000000    0.000028    0.008608    0.999726    -0.021763    0.000999    0.000014    0.000000    0.000000    0.000000    
29.364578    -0.000000    -0.000000    -0.000000    -0.000000    -0.000001    0.000089    -0.010593    0.999925    0.006076    0.000015    0.000000    
40.242757    0.000000    0.000012    0.005366    0.999949    -0.008609    0.000053    -0.000000    0.000000    0.000000    0.000000    0.000000    
70.509187    -0.000000    -0.000000    -0.000000    -0.000000    0.000000    -0.000000    0.000023    -0.006076    0.999972    0.004260    0.000008    
86.826846    0.000007    0.003898    0.999978    -0.005367    0.000018    -0.000000    0.000000    -0.000000    0.000000    0.000000    0.000000    
129.200226    -0.000000    -0.000000    -0.000000    0.000000    -0.000000    0.000000    -0.000000    0.000011    -0.004260    0.999986    0.003279    
150.957185    -0.003061    -0.999988    0.003898    -0.000009    0.000000    -0.000000    0.000000    -0.000000    0.000000    -0.000000    -0.000000    
205.438011    -0.000000    -0.000000    0.000000    -0.000000    0.000000    -0.000000    0.000000    -0.000000    0.000006    -0.003279    0.999995    
232.634200    -0.999995    0.003061    -0.000005    0.000000    -0.000000    0.000000    -0.000000    0.000000    -0.000000    0.000000    -0.000000    

-0.638791
-0.311654    0.000000    0.000000    0.000000    0.000135    0.021786    0.998927    0.040867    0.000343    0.000001    0.000000    0.000000    
5.808823    -0.000000    -0.000000    -0.000000    -0.000014    -0.001911    -0.040837    0.999108    0.010568    0.000041    0.000000    0.000000    
11.156075    0.000000    0.000000    0.000029    0.008621    0.999724    -0.021846    0.001019    0.000014    0.000000    0.000000    0.000000    
29.445561    -0.000000    -0.000000    -0.000000    -0.000000    -0.000001    0.000089    -0.010574    0.999926    0.006069    0.000015    0.000000    
40.148285    0.000000    0.000012    0.005372    0.999948    -0.008622    0.000053    -0.000000    0.000000    0.000000    0.000000    0.000000    
70.634037    -0.000000    -0.000000    -0.000000    -0.000000    0.000000    -0.000000    0.000023    -0.006069    0.999973    0.004256    0.000008    
86.688508    0.000007    0.003901    0.999978    -0.005372    0.000018    -0.000000    0.000000    -0.000000    0.000000    0.000000    0.000000    
129.368941    -0.000000    -0.000000    -0.000000    0.000000    -0.000000    0.000000    -0.000000    0.000011    -0.004256    0.999986    0.003277    
150.774981    -0.003062    -0.999988    0.003901    -0.000009    0.000000    -0.000000    0.000000    -0.000000    0.000000    -0.000000    -0.000000    
205.650591    -0.000000    -0.000000    0.000000    -0.000000    0.000000    -0.000000    0.000000    -0.000000    0.000006    -0.003277    0.999995    
232.408132    -0.999995    0.003062    -0.000005    0.000000    -0.000000    0.000000    -0.000000    0.000000    -0.000000    0.000000    -0.000000    

-0.628319
-0.318236    0.000000    0.000000    0.000000    0.000135    0.021870    0.998937    0.040577    0.000340    0.000001    0.000000    0.000000    
5.845985    -0.000000    -0.000000    -0.000000    -0.000014    -0.001929    -0.040545    0.999120    0.010549    0.000041    0.000000    0.000000    
11.105593    0.000000    0.000000    0.000029    0.008634    0.999722    -0.021931    0.001040    0.000014    0.000000    0.000000    0.000000    
29.526653    -0.000000    -0.000000    -0.000000    -0.000000    -0.000001    0.000088    -0.010554    0.999926    0.006063    0.000015    0.000000    
40.053923    0.000000    0.000012    0.005377    0.999948    -0.008635    0.000053    -0.000000    0.000000    0.000000    0.000000    0.000000    
70.758996    -0.000000    -0.000000    -0.000000    -0.000000    0.000000    -0.000000    0.000023    -0.006063    0.999973    0.004253    0.000008    
86.550279    0.000007    0.003904    0.999978    -0.005377    0.000018    -0.000000    0.000000    -0.000000    0.000000    0.000000    0.000000    
129.537766    -0.000000    -0.000000    -0.000000    0.000000    -0.000000    0.000000    -0.000000    0.000011    -0.004253    0.999986    0.003275    
150.592887    -0.003064    -0.999988    0.003904    -0.000009    0.000000    -0.000000    0.000000    -0.000000    0.000000    -0.000000    -0.000000    
205.863281    -0.000000    -0.000000    0.000000    -0.000000    0.000000    -0.000000    0.000000    -0.000000    0.000006    -0.003275    0.999995    
232.182173    -0.999995    0.003064    -0.000005    0.000000    -0.000000    0.000000    -0.000000    0.000000    -0.000000    0.000000    -0.000000    

-0.617847
-0.324710    0.000000    0.000000    0.000000    0.000136    0.021955    0.998947    0.040290    0.000337    0.000001    0.000000    0.000000    
5.883258    -0.000000    -0.000000    -0.000000    -0.000014    -0.001948    -0.040258    0.999132    0.010529    0.000040    0.000000    0.000000    
11.055222    0.000000    0.000000    0.000029    0.008647    0.999720    -0.022016    0.001062    0.000014    0.000000    0.000000    0.000000    
29.607854    -0.000000    -0.000000    -0.000000    -0.000000    -0.000001    0.000088    -0.010534    0.999926    0.006056    0.000015    0.000000    
39.959670    0.000000    0.000012    0.005382    0.999948    -0.008648    0.000054    -0.000000    0.000000    0.000000    0.000000    0.000000    
70.884065    -0.000000    -0.000000    -0.000000    -0.000000    0.000000    -0.000000    0.000023    -0.006057    0.999973    0.004250    0.000008    
86.412160    0.000007    0.003906    0.999978    -0.005382    0.000018    -0.000000    0.000000    -0.000000    0.000000    0.000000    0.000000    
129.706700    -0.000000    -0.000000    -0.000000    0.000000    -0.000000    0.000000    -0.000000    0.000011    -0.004250    0.999986    0.003274    
150.410903    -0.003066    -0.999988    0.003906    -0.000009    0.000000    -0.000000    0.000000    -0.000000    0.000000    -0.000000    -0.000000    
206.076080    -0.000000    -0.000000    0.000000    -0.000000    0.000000    -0.000000    0.000000    -0.000000    0.000006    -0.003274    0.999995    
231.956324    -0.999995    0.003066    -0.000005    0.000000    -0.000000    0.000000    -0.000000    0.000000    -0.000000    0.000000    -0.000000    

-0.607375
-0.331076    0.000000    0.000000    0.000000    0.000137    0.022040    0.998956    0.040008    0.000333    0.000001    0.000000    0.000000    
5.920642    -0.000000    -0.000000    -0.000000    -0.000014    -0.001968    -0.039975    0.999143    0.010510    0.000040    0.000000    0.000000    
11.004960    0.000000    0.000000    0.000029    0.008660    0.999718    -0.022102    0.001084    0.000015    0.000000    0.000000    0.000000    
29.689166    -0.000000    -0.000000    -0.000000    -0.000000    -0.000001    0.000088    -0.010515    0.999926    0.006050    0.000015    0.000000    
39.865527    0.000000    0.000012    0.005387    0.999948    -0.008661    0.000054    -0.000000    0.000000    0.000000    0.000000    0.000000    
71.009244    -0.000000    -0.000000    -0.000000    -0.000000    0.000000    -0.000000    0.000023    -0.006050    0.999973    0.004247    0.000008    
86.274151    0.000007    0.003909    0.999978    -0.005387    0.000018    -0.000000    0.000000    -0.000000    0.000000    0.000000    0.000000    
129.875744    -0.000000    -0.000000    -0.000000    0.000000    -0.000000    0.000000    -0.000000    0.000011    -0.004247    0.999986    0.003272    
150.229028    -0.003067    -0.999988    0.003909    -0.000009    0.000000    -0.000000    0.000000    -0.000000    0.000000    -0.000000    -0.000000    
206.288989    -0.000000    -0.000000    0.000000    -0.000000    0.000000    -0.000000    0.000000    -0.000000    0.000006    -0.003272    0.999995    
231.730584    -0.999995    0.003067    -0.000005    0.000000    -0.000000    0.000000    -0.000000    0.000000    -0.000000    0.000000    -0.000000    

-0.596903
-0.337333    0.000000    0.000000    0.000000    0.000138    0.022126    0.998965    0.039729    0.000330    0.000001    0.000000    0.000000    
5.958136    -0.000000    -0.000000    -0.000000    -0.000015    -0.001988    -0.039696    0.999155    0.010491    0.000040    0.000000    0.000000    
10.954807    0.000000    0.000000    0.000029    0.008674    0.999716    -0.022188    0.001108    0.000015    0.000000    0.000000    0.000000    
29.770587    -0.000000    -0.000000    -0.000000    -0.000000    -0.000001    0.000087    -0.010496    0.999927    0.006044    0.000015    0.000000    
39.771493    0.000000    0.000012    0.005392    0.999948    -0.008675    0.000054    -0.000000    0.000000    0.000000    0.000000    0.000000    
71.134532    -0.000000    -0.000000    -0.000000    -0.000000    0.000000    -0.000000    0.000023    -0.006044    0.999973    0.004244    0.000008    
86.136251    0.000007    0.003912    0.999978    -0.005392    0.000018    -0.000000    0.000000    -0.000000    0.000000    0.000000    0.000000    
130.044898    -0.000000    -0.000000    -0.000000    0.000000    -0.000000    0.000000    -0.000000    0.000011    -0.004244    0.999986    0.003270    
150.047263    -0.003069    -0.999988    0.003912    -0.000009    0.000000    -0.000000    0.000000    -0.000000    0.000000    -0.000000    -0.000000    
206.502007    -0.000000    -0.000000    0.000000    -0.000000    0.000000    -0.000000    0.000000    -0.000000    0.000006    -0.003270    0.999995    
231.504955    -0.999995    0.003069    -0.000005    0.000000    -0.000000    0.000000    -0.000000    0.000000    -0.000000    0.000000    -0.000000    

-0.586431
-0.343482    0.000000    0.000000    0.000000    0.000139    0.022213    0.998974    0.039455    0.000327    0.000001    0.000000    0.000000    
5.995741    -0.000000    -0.000000    -0.000000    -0.000015    -0.002010    -0.039421    0.999166    0.010472    0.000040    0.000000    0.000000    
10.904765    0.000000    0.000000    0.000029    0.008687    0.999713    -0.022275    0.001132    0.000015    0.000000    0.000000    0.000000    
29.852117    -0.000000    -0.000000    -0.000000    -0.000000    -0.000001    0.000087    -0.010476    0.999927    0.006037    0.000015    0.000000    
39.677570    0.000000    0.000012    0.005397    0.999948    -0.008688    0.000054    -0.000000    0.000000    0.000000    0.000000    0.000000    
71.259930    -0.000000    -0.000000    -0.000000    -0.000000    0.000000    -0.000000    0.000023    -0.006037    0.999973    0.004241    0.000008    
85.998461    0.000007    0.003914    0.999978    -0.005397    0.000018    -0.000000    0.000000    -0.000000    0.000000    0.000000    0.000000    
130.214161    -0.000000    -0.000000    -0.000000    0.000000    -0.000000    0.000000    -0.000000    0.000011    -0.004241    0.999986    0.003268    
149.865608    -0.003071    -0.999988    0.003914    -0.000009    0.000000    -0.000000    0.000000    -0.000000    0.000000    -0.000000    -0.000000    
206.715135    -0.000000    -0.000000    0.000000    -0.000000    0.000000    -0.000000    0.000000    -0.000000    0.000006    -0.003268    0.999995    
231.279435    -0.999995    0.003071    -0.000005    0.000000    -0.000000    0.000000    -0.000000    0.000000    -0.000000    0.000000    -0.000000    

-0.575959
-0.349522    0.000000    0.000000    0.000000    0.000140    0.022300    0.998983    0.039184    0.000323    0.000001    0.000000    0.000000    
6.033456    -0.000000    -0.000000    -0.000000    -0.000015    -0.002032    -0.039149    0.999177    0.010452    0.000040    0.000000    0.000000    
10.854833    0.000000    0.000000    0.000029    0.008700    0.999711    -0.022363    0.001157    0.000015    0.000000    0.000000    0.000000    
29.933758    -0.000000    -0.000000    -0.000000    -0.000000    -0.000001    0.000086    -0.010457    0.999927    0.006031    0.000015    0.000000    
39.583756    0.000000    0.000012    0.005402    0.999948    -0.008701    0.000054    -0.000000    0.000000    0.000000    0.000000    0.000000    
71.385438    -0.000000    -0.000000    -0.000000    -0.000000    0.000000    -0.000000    0.000023    -0.006031    0.999973    0.004237    0.000008    
85.860781    0.000007    0.003917    0.999978    -0.005402    0.000018    -0.000000    0.000000    -0.000000    0.000000    0.000000    0.000000    
130.383534    -0.000000    -0.000000    -0.000000    0.000000    -0.000000    0.000000    -0.000000    0.000011    -0.004237    0.999986    0.003266    
149.684062    -0.003072    -0.999988    0.003917    -0.000009    0.000000    -0.000000    0.000000    -0.000000    0.000000    -0.000000    -0.000000    
206.928373    -0.000000    -0.000000    0.000000    -0.000000    0.000000    -0.000000    0.000000    -0.000000    0.000006    -0.003266    0.999995    
231.054024    -0.999995    0.003072    -0.000005    0.000000    -0.000000    0.000000    -0.000000    0.000000    -0.000000    0.000000    -0.000000    

-0.565487
-0.355454    0.000000    0.000000    0.000000    0.000140    0.022388    0.998992    0.038916    0.000320    0.000001    0.000000    0.000000    
6.071282    -0.000000    -0.000000    -0.000000    -0.000015    -0.002056    -0.038881    0.999187    0.010433    0.000040    0.000000    0.000000    
10.805010    0.000000    0.000000    0.000029    0.008713    0.999709    -0.022451    0.001183    0.000015    0.000000    0.000000    0.000000    
30.015508    -0.000000    -0.000000    -0.000000    -0.000000    -0.000001    0.000086    -0.010438    0.999927    0.006024    0.000015    0.000000    
39.490051    0.000000    0.000012    0.005407    0.999947    -0.008714    0.000055    -0.000000    0.000000    0.000000    0.000000    0.000000    
71.511055    -0.000000    -0.000000    -0.000000    -0.000000    0.000000    -0.000000    0.000023    -0.006025    0.999973    0.004234    0.000008    
85.723210    0.000007    0.003920    0.999978    -0.005407    0.000018    -0.000000    0.000000    -0.000000    0.000000    0.000000    0.000000    
130.553017    -0.000000    -0.000000    -0.000000    0.000000    -0.000000    0.000000    -0.000000    0.000011    -0.004234    0.999986    0.003264    
149.502626    -0.003074    -0.999988    0.003920    -0.000009    0.000000    -0.000000    0.000000    -0.000000    0.000000    -0.000000    -0.000000    
207.141721    -0.000000    -0.000000    0.000000    -0.000000    0.000000    -0.000000    0.000000    -0.000000    0.000006    -0.003264    0.999995    
230.828724    -0.999995    0.003074    -0.000005    0.000000    -0.000000    0.000000    -0.000000    0.000000    -0.000000    0.000000    -0.000000    

-0.555015
-0.361277    0.000000    0.000000    0.000000    0.000141    0.022477    0.999000    0.038653    0.000317    0.000001    0.000000    0.000000    
6.109218    -0.000000    -0.000000    -0.000000    -0.000016    -0.002080    -0.038617    0.999198    0.010414    0.000040    0.000000    0.000000    
10.755297    0.000000    0.000000    0.000029    0.008727    0.999707    -0.022541    0.001210    0.000016    0.000000    0.000000    0.000000    
30.097367    -0.000000    -0.000000    -0.000000    -0.000000    -0.000001    0.000086    -0.010419    0.999928    0.006018    0.000015    0.000000    
39.396457    0.000000    0.000012    0.005412    0.999947    -0.008728    0.000055    -0.000000    0.000000    0.000000    0.000000    0.000000    
71.636782    -0.000000    -0.000000    -0.000000    -0.000000    0.000000    -0.000000    0.000023    -0.006018    0.999973    0.004231    0.000008    
85.585749    0.000007    0.003922    0.999978    -0.005412    0.000018    -0.000000    0.000000    -0.000000    0.000000    0.000000    0.000000    
130.722609    -0.000000    -0.000000    -0.000000    0.000000    -0.000000    0.000000    -0.000000    0.000011    -0.004231    0.999986    0.003262    
149.321300    -0.003076    -0.999988    0.003922    -0.000009    0.000000    -0.000000    0.000000    -0.000000    0.000000    -0.000000    -0.000000    
207.355178    -0.000000    -0.000000    0.000000    -0.000000    0.000000    -0.000000    0.000000    -0.000000    0.000006    -0.003262    0.999995    
230.603533    -0.999995    0.003076    -0.000005    0.000000    -0.000000    0.000000    -0.000000    0.000000    -0.000000    0.000000    -0.000000    

-0.544543
-0.366991    0.000000    0.000000    0.000000    0.000142    0.022566    0.999008    0.038393    0.000314    0.000001    0.000000    0.000000    
6.147266    -0.000000    -0.000000    -0.000000    -0.000016    -0.002106    -0.038356    0.999208    0.010395    0.000040    0.000000    0.000000    
10.705694    0.000000    0.000000    0.000029    0.008740    0.999705    -0.022631    0.001238    0.000016    0.000000    0.000000    0.000000    
30.179337    -0.000000    -0.000000    -0.000000    -0.000000    -0.000001    0.000085    -0.010400    0.999928    0.006012    0.000015    0.000000    
39.302972    0.000000    0.000012    0.005417    0.999947    -0.008741    0.000055    -0.000000    0.000000    0.000000    0.000000    0.000000    
71.762619    -0.000000    -0.000000    -0.000000    -0.000000    0.000000    -0.000000    0.000023    -0.006012    0.999973    0.004228    0.000008    
85.448397    0.000007    0.003925    0.999978    -0.005418    0.000018    -0.000000    0.000000    -0.000000    0.000000    0.000000    0.000000    
130.892311    -0.000000    -0.000000    -0.000000    0.000000    -0.000000    0.000000    -0.000000    0.000010    -0.004228    0.999986    0.003260    
149.140083    -0.003077    -0.999988    0.003925    -0.000009    0.000000    -0.000000    0.000000    -0.000000    0.000000    -0.000000    -0.000000    
207.568745    -0.000000    -0.000000    0.000000    -0.000000    0.000000    -0.000000    0.000000    -0.000000    0.000006    -0.003260    0.999995    
230.378451    -0.999995    0.003077    -0.000005    0.000000    -0.000000    0.000000    -0.000000    0.000000    -0.000000    0.000000    -0.000000    

-0.534071
-0.372597    0.000000    0.000000    0.000000    0.000143    0.022656    0.999016    0.038136    0.000311    0.000001    0.000000    0.000000    
6.185423    -0.000000    -0.000000    -0.000000    -0.000016    -0.002133    -0.038099    0.999218    0.010377    0.000039    0.000000    0.000000    
10.656201    0.000000    0.000000    0.000029    0.008753    0.999703    -0.022721    0.001268    0.000016    0.000000    0.000000    0.000000    
30.261416    -0.000000    -0.000000    -0.000000    -0.000000    -0.000001    0.000085    -0.010381    0.999928    0.006005    0.000015    0.000000    
39.209596    0.000000    0.000012    0.005423    0.999947    -0.008754    0.000055    -0.000000    0.000000    0.000000    0.000000    0.000000    
71.888565    -0.000000    -0.000000    -0.000000    -0.000000    0.000000    -0.000000    0.000023    -0.006006    0.999973    0.004225    0.000008    
85.311156    0.000007    0.003928    0.999978    -0.005423    0.000018    -0.000000    0.000000    -0.000000    0.000000    0.000000    0.000000    
131.062123    -0.000000    -0.000000    -0.000000    0.000000    -0.000000    0.000000    -0.000000    0.000010    -0.004225    0.999986    0.003259    
148.958976    -0.003079    -0.999988    0.003928    -0.000009    0.000000    -0.000000    0.000000    -0.000000    0.000000    -0.000000    -0.000000    
207.782421    -0.000000    -0.000000    0.000000    -0.000000    0.000000    -0.000000    0.000000    -0.000000    0.000006    -0.003259    0.999995    
230.153479    -0.999995    0.003079    -0.000005    0.000000    -0.000000    0.000000    -0.000000    0.000000    -0.000000    0.000000    -0.000000    

-0.523599
-0.378094    0.000000    0.000000    0.000000    0.000144    0.022747    0.999023    0.037883    0.000308    0.000001    0.000000    0.000000    
6.223691    -0.000000    -0.000000    -0.000000    -0.000016    -0.002161    -0.037844    0.999228    0.010358    0.000039    0.000000    0.000000    
10.606817    0.000000    0.000000    0.000029    0.008767    0.999700    -0.022813    0.001298    0.000016    0.000000    0.000000    0.000000    
30.343605    -0.000000    -0.000000    -0.000000    -0.000000    -0.000001    0.000084    -0.010362    0.999928    0.005999    0.000015    0.000000    
39.116331    0.000000    0.000012    0.005428    0.999947    -0.008768    0.000056    -0.000000    0.000000    0.000000    0.000000    0.000000    
72.014621    -0.000000    -0.000000    -0.000000    -0.000000    0.000000    -0.000000    0.000023    -0.005999    0.999973    0.004222    0.000008    
85.174024    0.000007    0.003931    0.999978    -0.005428    0.000018    -0.000000    0.000000    -0.000000    0.000000    0.000000    0.000000    
131.232044    -0.000000    -0.000000    -0.000000    0.000000    -0.000000    0.000000    -0.000000    0.000010    -0.004222    0.999986    0.003257    
148.777979    -0.003081    -0.999988    0.003931    -0.000009    0.000000    -0.000000    0.000000    -0.000000    0.000000    -0.000000    -0.000000    
207.996207    -0.000000    -0.000000    0.000000    -0.000000    0.000000    -0.000000    0.000000    -0.000000    0.000006    -0.003257    0.999995    
229.928617    -0.999995    0.003081    -0.000005    0.000000    -0.000000    0.000000    -0.000000    0.000000    -0.000000    0.000000    -0.000000    

-0.513127
-0.383483    0.000000    0.000000    0.000000    0.000145    0.022838    0.999031    0.037633    0.000305    0.000001    0.000000    0.000000    
6.262070    -0.000000    -0.000000    -0.000000    -0.000017    -0.002191    -0.037594    0.999237    0.010339    0.000039    0.000000    0.000000    
10.557544    0.000000    0.000000    0.000029    0.008780    0.999698    -0.022905    0.001330    0.000017    0.000000    0.000000    0.000000    
30.425903    -0.000000    -0.000000    -0.000000    -0.000000    -0.000001    0.000084    -0.010343    0.999929    0.005993    0.000015    0.000000    
39.023175    0.000000    0.000012    0.005433    0.999947    -0.008781    0.000056    -0.000000    0.000000    0.000000    0.000000    0.000000    
72.140787    -0.000000    -0.000000    -0.000000    -0.000000    0.000000    -0.000000    0.000023    -0.005993    0.999973    0.004219    0.000008    
85.037001    0.000007    0.003933    0.999978    -0.005433    0.000018    -0.000000    0.000000    -0.000000    0.000000    0.000000    0.000000    
131.402075    -0.000000    -0.000000    -0.000000    0.000000    -0.000000    0.000000    -0.000000    0.000010    -0.004219    0.999986    0.003255    
148.597091    -0.003082    -0.999988    0.003933    -0.000009    0.000000    -0.000000    0.000000    -0.000000    0.000000    -0.000000    -0.000000    
208.210103    -0.000000    -0.000000    0.000000    -0.000000    0.000000    -0.000000    0.000000    -0.000000    0.000006    -0.003255    0.999995    
229.703865    -0.999995    0.003082    -0.000005    0.000000    -0.000000    0.000000    -0.000000    0.000000    -0.000000    0.000000    -0.000000    

-0.502655
-0.388763    0.000000    0.000000    0.000000    0.000146    0.022931    0.999038    0.037386    0.000303    0.000001    0.000000    0.000000    
6.300559    -0.000000    -0.000000    -0.000000    -0.000017    -0.002222    -0.037346    0.999247    0.010320    0.000039    0.000000    0.000000    
10.508380    0.000000    0.000000    0.000030    0.008794    0.999696    -0.022998    0.001363    0.000017    0.000000    0.000000    0.000000    
30.508311    -0.000000    -0.000000    -0.000000    -0.000000    -0.000001    0.000084    -0.010325    0.999929    0.005986    0.000015    0.000000    
38.930128    0.000000    0.000012    0.005438    0.999947    -0.008795    0.000056    -0.000000    0.000000    0.000000    0.000000    0.000000    
72.267062    -0.000000    -0.000000    -0.000000    -0.000000    0.000000    -0.000000    0.000023    -0.005987    0.999973    0.004215    0.000008    
84.900089    0.000007    0.003936    0.999977    -0.005438    0.000018    -0.000000    0.000000    -0.000000    0.000000    0.000000    0.000000    
131.572216    -0.000000    -0.000000    -0.000000    0.000000    -0.000000    0.000000    -0.000000    0.000010    -0.004215    0.999986    0.003253    
148.416313    -0.003084    -0.999987    0.003936    -0.000009    0.000000    -0.000000    0.000000    -0.000000    0.000000    -0.000000    -0.000000    
208.424108    -0.000000    -0.000000    0.000000    -0.000000    0.000000    -0.000000    0.000000    -0.000000    0.000006    -0.003253    0.999995    
229.479222    -0.999995    0.003084    -0.000005    0.000000    -0.000000    0.000000    -0.000000    0.000000    -0.000000    0.000000    -0.000000    

-0.492183
-0.393934    0.000000    0.000000    0.000000    0.000147    0.023024    0.999045    0.037143    0.000300    0.000001    0.000000    0.000000    
6.339158    -0.000000    -0.000000    -0.000000    -0.000017    -0.002254    -0.037102    0.999256    0.010302    0.000039    0.000000    0.000000    
10.459327    0.000000    0.000000    0.000030    0.008808    0.999694    -0.023092    0.001398    0.000017    0.000000    0.000000    0.000000    
30.590829    -0.000000    -0.000000    -0.000000    -0.000000    -0.000001    0.000083    -0.010306    0.999929    0.005980    0.000015    0.000000    
38.837191    0.000000    0.000012    0.005443    0.999946    -0.008809    0.000056    -0.000000    0.000000    0.000000    0.000000    0.000000    
72.393447    -0.000000    -0.000000    -0.000000    -0.000000    0.000000    -0.000000    0.000023    -0.005980    0.999973    0.004212    0.000008    
84.763285    0.000007    0.003939    0.999977    -0.005443    0.000018    -0.000000    0.000000    -0.000000    0.000000    0.000000    0.000000    
131.742467    -0.000000    -0.000000    -0.000000    0.000000    -0.000000    0.000000    -0.000000    0.000010    -0.004212    0.999986    0.003251    
148.235645    -0.003086    -0.999987    0.003939    -0.000009    0.000000    -0.000000    0.000000    -0.000000    0.000000    -0.000000    -0.000000    
208.638224    -0.000000    -0.000000    0.000000    -0.000000    0.000000    -0.000000    0.000000    -0.000000    0.000006    -0.003251    0.999995    
229.254689    -0.999995    0.003086    -0.000005    0.000000    -0.000000    0.000000    -0.000000    0.000000    -0.000000    0.000000    -0.000000    

-0.481711
-0.398996    0.000000    0.000000    0.000000    0.000148    0.023117    0.999051    0.036902    0.000297    0.000001    0.000000    0.000000    
6.377868    -0.000000    -0.000000    -0.000000    -0.000018    -0.002288    -0.036860    0.999265    0.010283    0.000039    0.000000    0.000000    
10.410383    0.000000    0.000000    0.000030    0.008821    0.999691    -0.023186    0.001434    0.000018    0.000000    0.000000    0.000000    
30.673456    -0.000000    -0.000000    -0.000000    -0.000000    -0.000001    0.000083    -0.010287    0.999929    0.005974    0.000015    0.000000    
38.744364    0.000000    0.000012    0.005449    0.999946    -0.008822    0.000056    -0.000000    0.000000    0.000000    0.000000    0.000000    
72.519942    -0.000000    -0.000000    -0.000000    -0.000000    0.000000    -0.000000    0.000023    -0.005974    0.999973    0.004209    0.000008    
84.626592    0.000007    0.003941    0.999977    -0.005449    0.000018    -0.000000    0.000000    -0.000000    0.000000    0.000000    0.000000    
131.912827    -0.000000    -0.000000    -0.000000    0.000000    -0.000000    0.000000    -0.000000    0.000010    -0.004209    0.999986    0.003249    
148.055086    -0.003087    -0.999987    0.003941    -0.000009    0.000000    -0.000000    0.000000    -0.000000    0.000000    -0.000000    -0.000000    
208.852448    -0.000000    -0.000000    0.000000    -0.000000    0.000000    -0.000000    0.000000    -0.000000    0.000006    -0.003249    0.999995    
229.030266    -0.999995    0.003087    -0.000005    0.000000    -0.000000    0.000000    -0.000000    0.000000    -0.000000    0.000000    -0.000000    

-0.471239
-0.403950    0.000000    0.000000    0.000000    0.000149    0.023212    0.999058    0.036665    0.000294    0.000001    0.000000    0.000000    
6.416688    -0.000000    -0.000000    -0.000000    -0.000018    -0.002324    -0.036622    0.999274    0.010265    0.000039    0.000000    0.000000    
10.361548    0.000000    0.000000    0.000030    0.008835    0.999689    -0.023282    0.001472    0.000018    0.000000    0.000000    0.000000    
30.756193    -0.000000    -0.000000    -0.000000    -0.000000    -0.000001    0.000082    -0.010269    0.999929    0.005968    0.000015    0.000000    
38.651647    0.000000    0.000012    0.005454    0.999946    -0.008836    0.000057    -0.000000    0.000000    0.000000    0.000000    0.000000    
72.646546    -0.000000    -0.000000    -0.000000    -0.000000    0.000000    -0.000000    0.000023    -0.005968    0.999973    0.004206    0.000008    
84.490008    0.000007    0.003944    0.999977    -0.005454    0.000018    -0.000000    0.000000    -0.000000    0.000000    0.000000    0.000000    
132.083296    -0.000000    -0.000000    -0.000000    0.000000    -0.000000    0.000000    -0.000000    0.000010    -0.004206    0.999986    0.003247    
147.874637    -0.003089    -0.999987    0.003944    -0.000009    0.000000    -0.000000    0.000000    -0.000000    0.000000    -0.000000    -0.000000    
209.066783    -0.000000    -0.000000    0.000000    -0.000000    0.000000    -0.000000    0.000000    -0.000000    0.000006    -0.003247    0.999995    
228.805952    -0.999995    0.003089    -0.000005    0.000000    -0.000000    0.000000    -0.000000    0.000000    -0.000000    0.000000    -0.000000    

-0.460767
-0.408795    0.000000    0.000000    0.000000    0.000150    0.023307    0.999064    0.036431    0.000291    0.000001    0.000000    0.000000    
6.455619    -0.000000    -0.000000    -0.000000    -0.000018    -0.002362    -0.036387    0.999282    0.010246    0.000039    0.000000    0.000000    
10.312824    0.000000    0.000000    0.000030    0.008848    0.999686    -0.023378    0.001511    0.000018    0.000000    0.000000    0.000000    
30.839040    -0.000000    -0.000000    -0.000000    -0.000000    -0.000001    0.000082    -0.010250    0.999930    0.005961    0.000015    0.000000    
38.559039    0.000000    0.000013    0.005459    0.999946    -0.008850    0.000057    -0.000000    0.000000    0.000000    0.000000    0.000000    
72.773260    -0.000000    -0.000000    -0.000000    -0.000000    0.000000    -0.000000    0.000022    -0.005962    0.999973    0.004203    0.000008    
84.353534    0.000007    0.003947    0.999977    -0.005459    0.000018    -0.000000    0.000000    -0.000000    0.000000    0.000000    0.000000    
132.253876    -0.000000    -0.000000    -0.000000    0.000000    -0.000000    0.000000    -0.000000    0.000010    -0.004203    0.999986    0.003246    
147.694298    -0.003091    -0.999987    0.003947    -0.000009    0.000000    -0.000000    0.000000    -0.000000    0.000000    -0.000000    -0.000000    
209.281227    -0.000000    -0.000000    0.000000    -0.000000    0.000000    -0.000000    0.000000    -0.000000    0.000006    -0.003246    0.999995    
228.581748    -0.999995    0.003091    -0.000005    0.000000    -0.000000    0.000000    -0.000000    0.000000    -0.000000    0.000000    -0.000000    

-0.450295
-0.413532    0.000000    0.000000    0.000000    0.000150    0.023403    0.999070    0.036200    0.000289    0.000001    0.000000    0.000000    
6.494660    -0.000000    -0.000000    -0.000000    -0.000019    -0.002401    -0.036154    0.999291    0.010228    0.000039    0.000000    0.000000    
10.264210    0.000000    0.000000    0.000030    0.008862    0.999684    -0.023475    0.001553    0.000019    0.000000    0.000000    0.000000    
30.921997    -0.000000    -0.000000    -0.000000    -0.000000    -0.000001    0.000082    -0.010232    0.999930    0.005955    0.000015    0.000000    
38.466541    0.000000    0.000013    0.005464    0.999946    -0.008863    0.000057    -0.000000    0.000000    0.000000    0.000000    0.000000    
72.900084    -0.000000    -0.000000    -0.000000    -0.000000    0.000000    -0.000000    0.000022    -0.005955    0.999973    0.004200    0.000008    
84.217170    0.000007    0.003950    0.999977    -0.005464    0.000018    -0.000000    0.000000    -0.000000    0.000000    0.000000    0.000000    
132.424565    -0.000000    -0.000000    -0.000000    0.000000    -0.000000    0.000000    -0.000000    0.000010    -0.004200    0.999986    0.003244    
147.514068    -0.003092    -0.999987    0.003950    -0.000009    0.000000    -0.000000    0.000000    -0.000000    0.000000    -0.000000    -0.000000    
209.495781    -0.000000    -0.000000    0.000000    -0.000000    0.000000    -0.000000    0.000000    -0.000000    0.000006    -0.003244    0.999995    
228.357653    -0.999995    0.003092    -0.000005    0.000000    -0.000000    0.000000    -0.000000    0.000000    -0.000000    0.000000    -0.000000    

-0.439823
-0.418159    0.000000    0.000000    0.000000    0.000151    0.023500    0.999076    0.035971    0.000286    0.000001    0.000000    0.000000    
6.533811    -0.000000    -0.000000    -0.000000    -0.000019    -0.002443    -0.035925    0.999299    0.010210    0.000038    0.000000    0.000000    
10.215705    0.000000    0.000000    0.000030    0.008876    0.999681    -0.023573    0.001596    0.000019    0.000000    0.000000    0.000000    
31.005063    -0.000000    -0.000000    -0.000000    -0.000000    -0.000001    0.000081    -0.010214    0.999930    0.005949    0.000015    0.000000    
38.374153    0.000000    0.000013    0.005469    0.999946    -0.008877    0.000057    -0.000000    0.000000    0.000000    0.000000    0.000000    
73.027017    -0.000000    -0.000000    -0.000000    -0.000000    0.000000    -0.000000    0.000022    -0.005949    0.999973    0.004197    0.000008    
84.080915    0.000007    0.003952    0.999977    -0.005470    0.000019    -0.000000    0.000000    -0.000000    0.000000    0.000000    0.000000    
132.595363    -0.000000    -0.000000    -0.000000    0.000000    -0.000000    0.000000    -0.000000    0.000010    -0.004197    0.999986    0.003242    
147.333948    -0.003094    -0.999987    0.003952    -0.000009    0.000000    -0.000000    0.000000    -0.000000    0.000000    -0.000000    -0.000000    
209.710444    -0.000000    -0.000000    0.000000    -0.000000    0.000000    -0.000000    0.000000    -0.000000    0.000006    -0.003242    0.999995    
228.133669    -0.999995    0.003094    -0.000005    0.000000    -0.000000    0.000000    -0.000000    0.000000    -0.000000    0.000000    -0.000000    

-0.429351
-0.422678    0.000000    0.000000    0.000000    0.000152    0.023597    0.999082    0.035746    0.000284    0.000001    0.000000    0.000000    
6.573073    -0.000000    -0.000000    -0.000000    -0.000020    -0.002487    -0.035698    0.999308    0.010192    0.000038    0.000000    0.000000    
10.167311    0.000000    0.000000    0.000030    0.008890    0.999679    -0.023672    0.001642    0.000020    0.000000    0.000000    0.000000    
31.088239    -0.000000    -0.000000    -0.000000    -0.000000    -0.000001    0.000081    -0.010195    0.999930    0.005943    0.000015    0.000000    
38.281875    0.000000    0.000013    0.005475    0.999945    -0.008891    0.000057    -0.000000    0.000000    0.000000    0.000000    0.000000    
73.154060    -0.000000    -0.000000    -0.000000    -0.000000    0.000000    -0.000000    0.000022    -0.005943    0.999974    0.004194    0.000008    
83.944770    0.000007    0.003955    0.999977    -0.005475    0.000019    -0.000000    0.000000    -0.000000    0.000000    0.000000    0.000000    
132.766272    -0.000000    -0.000000    -0.000000    0.000000    -0.000000    0.000000    -0.000000    0.000010    -0.004194    0.999986    0.003240    
147.153938    -0.003096    -0.999987    0.003955    -0.000009    0.000000    -0.000000    0.000000    -0.000000    0.000000    -0.000000    -0.000000    
209.925217    -0.000000    -0.000000    0.000000    -0.000000    0.000000    -0.000000    0.000000    -0.000000    0.000006    -0.003240    0.999995    
227.909794    -0.999995    0.003096    -0.000005    0.000000    -0.000000    0.000000    -0.000000    0.000000    -0.000000    0.000000    -0.000000    

-0.418879
-0.427088    0.000000    0.000000    0.000000    0.000153    0.023696    0.999088    0.035523    0.000281    0.000001    0.000000    0.000000    
6.612445    -0.000000    -0.000000    -0.000000    -0.000020    -0.002533    -0.035474    0.999316    0.010173    0.000038    0.000000    0.000000    
10.119026    0.000000    0.000000    0.000030    0.008904    0.999676    -0.023771    0.001690    0.000020    0.000000    0.000000    0.000000    
31.171524    -0.000000    -0.000000    -0.000000    -0.000000    -0.000001    0.000081    -0.010177    0.999931    0.005937    0.000015    0.000000    
38.189706    0.000000    0.000013    0.005480    0.999945    -0.008905    0.000058    -0.000000    0.000000    0.000000    0.000000    0.000000    
73.281213    -0.000000    -0.000000    -0.000000    -0.000000    0.000000    -0.000000    0.000022    -0.005937    0.999974    0.004191    0.000008    
83.808735    0.000007    0.003958    0.999977    -0.005480    0.000019    -0.000000    0.000000    -0.000000    0.000000    0.000000    0.000000    
132.937290    -0.000000    -0.000000    -0.000000    0.000000    -0.000000    0.000000    -0.000000    0.000010    -0.004191    0.999986    0.003238    
146.974037    -0.003097    -0.999987    0.003958    -0.000009    0.000000    -0.000000    0.000000    -0.000000    0.000000    -0.000000    -0.000000    
210.140100    -0.000000    -0.000000    0.000000    -0.000000    0.000000    -0.000000    0.000000    -0.000000    0.000006    -0.003238    0.999995    
227.686028    -0.999995    0.003097    -0.000005    0.000000    -0.000000    0.000000    -0.000000    0.000000    -0.000000    0.000000    -0.000000    

-0.408407
-0.431390    0.000000    0.000000    0.000000    0.000154    0.023795    0.999093    0.035303    0.000279    0.000001    0.000000    0.000000    
6.651927    -0.000000    -0.000000    -0.000000    -0.000021    -0.002582    -0.035253    0.999323    0.010155    0.000038    0.000000    0.000000    
10.070851    0.000000    0.000000    0.000030    0.008918    0.999674    -0.023872    0.001741    0.000021    0.000000    0.000000    0.000000    
31.254919    -0.000000    -0.000000    -0.000000    -0.000000    -0.000001    0.000080    -0.010159    0.999931    0.005930    0.000015    0.000000    
38.097646    0.000000    0.000013    0.005485    0.999945    -0.008919    0.000058    -0.000000    0.000000    0.000000    0.000000    0.000000    
73.408475    -0.000000    -0.000000    -0.000000    -0.000000    0.000000    -0.000000    0.000022    -0.005931    0.999974    0.004188    0.000008    
83.672809    0.000007    0.003961    0.999977    -0.005485    0.000019    -0.000000    0.000000    -0.000000    0.000000    0.000000    0.000000    
133.108417    -0.000000    -0.000000    -0.000000    0.000000    -0.000000    0.000000    -0.000000    0.000010    -0.004188    0.999986    0.003236    
146.794246    -0.003099    -0.999987    0.003961    -0.000009    0.000000    -0.000000    0.000000    -0.000000    0.000000    -0.000000    -0.000000    
210.355092    -0.000000    -0.000000    0.000000    -0.000000    0.000000    -0.000000    0.000000    -0.000000    0.000006    -0.003236    0.999995    
227.462372    -0.999995    0.003099    -0.000005    0.000000    -0.000000    0.000000    -0.000000    0.000000    -0.000000    0.000000    -0.000000    

-0.397935
-0.435582    0.000000    0.000000    0.000000    0.000155    0.023895    0.999099    0.035086    0.000276    0.000001    0.000000    0.000000    
6.691520    -0.000000    -0.000000    -0.000000    -0.000021    -0.002634    -0.035034    0.999331    0.010137    0.000038    0.000000    0.000000    
10.022786    0.000000    0.000000    0.000030    0.008932    0.999671    -0.023973    0.001794    0.000021    0.000000    0.000000    0.000000    
31.338424    -0.000000    -0.000000    -0.000000    -0.000000    -0.000001    0.000080    -0.010141    0.999931    0.005924    0.000015    0.000000    
38.005697    0.000000    0.000013    0.005491    0.999945    -0.008933    0.000058    -0.000000    0.000000    0.000000    0.000000    0.000000    
73.535847    -0.000000    -0.000000    -0.000000    -0.000000    0.000000    -0.000000    0.000022    -0.005924    0.999974    0.004184    0.000008    
83.536993    0.000007    0.003963    0.999977    -0.005491    0.000019    -0.000000    0.000000    -0.000000    0.000000    0.000000    0.000000    
133.279655    -0.000000    -0.000000    -0.000000    0.000000    -0.000000    0.000000    -0.000000    0.000010    -0.004184    0.999986    0.003235    
146.614565    -0.003101    -0.999987    0.003963    -0.000009    0.000000    -0.000000    0.000000    -0.000000    0.000000    -0.000000    -0.000000    
210.570194    -0.000000    -0.000000    0.000000    -0.000000    0.000000    -0.000000    0.000000    -0.000000    0.000006    -0.003235    0.999995    
227.238826    -0.999995    0.003101    -0.000005    0.000000    -0.000000    0.000000    -0.000000    0.000000    -0.000000    0.000000    -0.000000    

-0.387463
-0.439666    0.000000    0.000000    0.000000    0.000156    0.023996    0.999104    0.034872    0.000274    0.000001    0.000000    0.000000    
6.731223    -0.000000    -0.000000    -0.000000    -0.000022    -0.002688    -0.034818    0.999339    0.010119    0.000038    0.000000    0.000000    
9.974831    0.000000    0.000000    0.000030    0.008946    0.999668    -0.024076    0.001850    0.000022    0.000000    0.000000    0.000000    
31.422039    -0.000000    -0.000000    -0.000000    -0.000000    -0.000001    0.000079    -0.010123    0.999931    0.005918    0.000015    0.000000    
37.913857    0.000000    0.000013    0.005496    0.999945    -0.008947    0.000058    -0.000000    0.000000    0.000000    0.000000    0.000000    
73.663328    -0.000000    -0.000000    -0.000000    -0.000000    0.000000    -0.000000    0.000022    -0.005918    0.999974    0.004181    0.000008    
83.401286    0.000007    0.003966    0.999977    -0.005496    0.000019    -0.000000    0.000000    -0.000000    0.000000    0.000000    0.000000    
133.451002    -0.000000    -0.000000    -0.000000    0.000000    -0.000000    0.000000    -0.000000    0.000010    -0.004181    0.999986    0.003233    
146.434993    -0.003102    -0.999987    0.003966    -0.000009    0.000000    -0.000000    0.000000    -0.000000    0.000000    -0.000000    -0.000000    
210.785406    -0.000000    -0.000000    0.000000    -0.000000    0.000000    -0.000000    0.000000    -0.000000    0.000006    -0.003233    0.999995    
227.015390    -0.999995    0.003102    -0.000005    0.000000    -0.000000    0.000000    -0.000000    0.000000    -0.000000    0.000000    -0.000000    

-0.376991
-0.443641    0.000000    0.000000    0.000000    0.000157    0.024098    0.999109    0.034660    0.000271    0.000001    0.000000    0.000000    
6.771036    -0.000000    -0.000000    -0.000000    -0.000022    -0.002746    -0.034604    0.999346    0.010101    0.000038    0.000000    0.000000    
9.926986    0.000000    0.000000    0.000031    0.008960    0.999666    -0.024179    0.001910    0.000022    0.000000    0.000000    0.000000    
31.505763    -0.000000    -0.000000    -0.000000    -0.000000    -0.000001    0.000079    -0.010105    0.999931    0.005912    0.000014    0.000000    
37.822126    0.000000    0.000013    0.005501    0.999945    -0.008961    0.000059    -0.000000    0.000000    0.000000    0.000000    0.000000    
73.790920    -0.000000    -0.000000    -0.000000    -0.000000    0.000000    -0.000000    0.000022    -0.005912    0.999974    0.004178    0.000008    
83.265690    0.000007    0.003969    0.999977    -0.005501    0.000019    -0.000000    0.000000    -0.000000    0.000000    0.000000    0.000000    
133.622458    -0.000000    -0.000000    -0.000000    0.000000    -0.000000    0.000000    -0.000000    0.000010    -0.004178    0.999986    0.003231    
146.255531    -0.003104    -0.999987    0.003969    -0.000009    0.000000    -0.000000    0.000000    -0.000000    0.000000    -0.000000    -0.000000    
211.000728    -0.000000    -0.000000    0.000000    -0.000000    0.000000    -0.000000    0.000000    -0.000000    0.000006    -0.003231    0.999995    
226.792063    -0.999995    0.003104    -0.000005    0.000000    -0.000000    0.000000    -0.000000    0.000000    -0.000000    0.000000    -0.000000    

-0.366519
-0.447507    0.000000    0.000000    0.000000    0.000158    0.024200    0.999113    0.034450    0.000269    0.000001    0.000000    0.000000    
6.810959    -0.000000    -0.000000    -0.000000    -0.000023    -0.002808    -0.034393    0.999354    0.010084    0.000038    0.000000    0.000000    
9.879250    0.000000    0.000000    0.000031    0.008974    0.999663    -0.024283    0.001973    0.000023    0.000000    0.000000    0.000000    
31.589597    -0.000000    -0.000000    -0.000000    -0.000000    -0.000001    0.000079    -0.010087    0.999932    0.005906    0.000014    0.000000    
37.730506    0.000000    0.000013    0.005506    0.999945    -0.008975    0.000059    -0.000000    0.000000    0.000000    0.000000    0.000000    
73.918621    -0.000000    -0.000000    -0.000000    -0.000000    0.000000    -0.000000    0.000022    -0.005906    0.999974    0.004175    0.000008    
83.130202    0.000007    0.003972    0.999977    -0.005507    0.000019    -0.000000    0.000000    -0.000000    0.000000    0.000000    0.000000    
133.794025    -0.000000    -0.000000    -0.000000    0.000000    -0.000000    0.000000    -0.000000    0.000010    -0.004175    0.999986    0.003229    
146.076179    -0.003106    -0.999987    0.003972    -0.000009    0.000000    -0.000000    0.000000    -0.000000    0.000000    -0.000000    -0.000000    
211.216159    -0.000000    -0.000000    0.000000    -0.000000    0.000000    -0.000000    0.000000    -0.000000    0.000006    -0.003229    0.999995    
226.568846    -0.999995    0.003106    -0.000005    0.000000    -0.000000    0.000000    -0.000000    0.000000    -0.000000    0.000000    -0.000000    

-0.356047
-0.451265    0.000000    0.000000    0.000000    0.000160    0.024304    0.999118    0.034243    0.000267    0.000001    0.000000    0.000000    
6.850993    -0.000000    -0.000000    -0.000000    -0.000023    -0.002873    -0.034184    0.999361    0.010066    0.000037    0.000000    0.000000    
9.831625    0.000000    0.000000    0.000031    0.008988    0.999660    -0.024388    0.002039    0.000023    0.000000    0.000000    0.000000    
31.673540    -0.000000    -0.000000    -0.000000    -0.000000    -0.000001    0.000078    -0.010069    0.999932    0.005900    0.000014    0.000000    
37.638995    0.000000    0.000013    0.005512    0.999944    -0.008989    0.000059    -0.000000    0.000000    0.000000    0.000000    0.000000    
74.046431    -0.000000    -0.000000    -0.000000    -0.000000    0.000000    -0.000000    0.000022    -0.005900    0.999974    0.004172    0.000008    
82.994825    0.000007    0.003974    0.999977    -0.005512    0.000019    -0.000000    0.000000    -0.000000    0.000000    0.000000    0.000000    
133.965701    -0.000000    -0.000000    -0.000000    0.000000    -0.000000    0.000000    -0.000000    0.000010    -0.004172    0.999986    0.003227    
145.896936    -0.003108    -0.999987    0.003974    -0.000009    0.000000    -0.000000    0.000000    -0.000000    0.000000    -0.000000    -0.000000    
211.431699    -0.000000    -0.000000    0.000000    -0.000000    0.000000    -0.000000    0.000000    -0.000000    0.000006    -0.003227    0.999995    
226.345738    -0.999995    0.003108    -0.000005    0.000000    -0.000000    0.000000    -0.000000    0.000000    -0.000000    0.000000    -0.000000    

-0.345575
-0.454913    0.000000    0.000000    0.000000    0.000161    0.024408    0.999122    0.034039    0.000264    0.000001    0.000000    0.000000    
6.891137    -0.000000    -0.000000    -0.000000    -0.000024    -0.002942    -0.033978    0.999368    0.010048    0.000037    0.000000    0.000000    
9.784109    0.000000    0.000000    0.000031    0.009002    0.999657    -0.024495    0.002110    0.000024    0.000000    0.000000    0.000000    
31.757593    -0.000000    -0.000000    -0.000000    -0.000000    -0.000001    0.000078    -0.010051    0.999932    0.005894    0.000014    0.000000    
37.547593    0.000000    0.000013    0.005517    0.999944    -0.009003    0.000059    -0.000000    0.000000    0.000000    0.000000    0.000000    
74.174352    -0.000000    -0.000000    -0.000000    -0.000000    0.000000    -0.000000    0.000022    -0.005894    0.999974    0.004169    0.000008    
82.859557    0.000007    0.003977    0.999977    -0.005517    0.000019    -0.000000    0.000000    -0.000000    0.000000    0.000000    0.000000    
134.137486    -0.000000    -0.000000    -0.000000    0.000000    -0.000000    0.000000    -0.000000    0.000010    -0.004169    0.999986    0.003225    
145.717803    -0.003109    -0.999987    0.003977    -0.000009    0.000000    -0.000000    0.000000    -0.000000    0.000000    -0.000000    -0.000000    
211.647350    -0.000000    -0.000000    0.000000    -0.000000    0.000000    -0.000000    0.000000    -0.000000    0.000006    -0.003225    0.999995    
226.122741    -0.999995    0.003109    -0.000005    0.000000    -0.000000    0.000000    -0.000000    0.000000    -0.000000    0.000000    -0.000000    

-0.335103
-0.458453    0.000000    0.000000    0.000000    0.000162    0.024513    0.999127    0.033837    0.000262    0.000001    0.000000    0.000000    
6.931391    -0.000000    -0.000000    -0.000000    -0.000025    -0.003016    -0.033774    0.999375    0.010030    0.000037    0.000000    0.000000    
9.736704    0.000000    0.000000    0.000031    0.009016    0.999654    -0.024602    0.002186    0.000025    0.000000    0.000000    0.000000    
31.841756    -0.000000    -0.000000    -0.000000    -0.000000    -0.000001    0.000078    -0.010034    0.999932    0.005888    0.000014    0.000000    
37.456302    0.000000    0.000013    0.005522    0.999944    -0.009018    0.000059    -0.000000    0.000000    0.000000    0.000000    0.000000    
74.302381    -0.000000    -0.000000    -0.000000    -0.000000    0.000000    -0.000000    0.000022    -0.005888    0.999974    0.004166    0.000008    
82.724399    0.000007    0.003980    0.999977    -0.005523    0.000019    -0.000000    0.000000    -0.000000    0.000000    0.000000    0.000000    
134.309381    -0.000000    -0.000000    -0.000000    0.000000    -0.000000    0.000000    -0.000000    0.000010    -0.004166    0.999986    0.003224    
145.538780    -0.003111    -0.999987    0.003980    -0.000009    0.000000    -0.000000    0.000000    -0.000000    0.000000    -0.000000    -0.000000    
211.863110    -0.000000    -0.000000    0.000000    -0.000000    0.000000    -0.000000    0.000000    -0.000000    0.000006    -0.003224    0.999995    
225.899852    -0.999995    0.003111    -0.000005    0.000000    -0.000000    0.000000    -0.000000    0.000000    -0.000000    0.000000    -0.000000    

-0.324631
-0.461884    0.000000    0.000000    0.000000    0.000163    0.024620    0.999131    0.033637    0.000260    0.000001    0.000000    0.000000    
6.971756    -0.000000    -0.000000    -0.000000    -0.000025    -0.003095    -0.033572    0.999381    0.010013    0.000037    0.000000    0.000000    
9.689408    0.000000    0.000000    0.000031    0.009031    0.999651    -0.024710    0.002266    0.000025    0.000000    0.000000    0.000000    
31.926029    -0.000000    -0.000000    -0.000000    -0.000000    -0.000001    0.000077    -0.010016    0.999933    0.005881    0.000014    0.000000    
37.365120    0.000000    0.000013    0.005528    0.999944    -0.009032    0.000060    -0.000000    0.000000    0.000000    0.000000    0.000000    
74.430521    -0.000000    -0.000000    -0.000000    -0.000000    0.000000    -0.000000    0.000022    -0.005882    0.999974    0.004163    0.000008    
82.589351    0.000007    0.003983    0.999977    -0.005528    0.000019    -0.000000    0.000000    -0.000000    0.000000    0.000000    0.000000    
134.481386    -0.000000    -0.000000    -0.000000    0.000000    -0.000000    0.000000    -0.000000    0.000010    -0.004163    0.999986    0.003222    
145.359866    -0.003113    -0.999987    0.003983    -0.000009    0.000000    -0.000000    0.000000    -0.000000    0.000000    -0.000000    -0.000000    
212.078980    -0.000000    -0.000000    0.000000    -0.000000    0.000000    -0.000000    0.000000    -0.000000    0.000006    -0.003222    0.999995    
225.677074    -0.999995    0.003113    -0.000005    0.000000    -0.000000    0.000000    -0.000000    0.000000    -0.000000    0.000000    -0.000000    

-0.314159
-0.465206    0.000000    0.000000    0.000000    0.000164    0.024727    0.999135    0.033440    0.000257    0.000001    0.000000    0.000000    
7.012230    -0.000000    -0.000000    -0.000000    -0.000026    -0.003180    -0.033372    0.999388    0.009995    0.000037    0.000000    0.000000    
9.642222    0.000000    0.000000    0.000031    0.009045    0.999648    -0.024819    0.002352    0.000026    0.000000    0.000000    0.000000    
32.010411    -0.000000    -0.000000    -0.000000    -0.000000    -0.000001    0.000077    -0.009998    0.999933    0.005875    0.000014    0.000000    
37.274048    0.000000    0.000013    0.005533    0.999944    -0.009046    0.000060    -0.000000    0.000000    0.000000    0.000000    0.000000    
74.558770    -0.000000    -0.000000    -0.000000    -0.000000    0.000000    -0.000000    0.000022    -0.005876    0.999974    0.004160    0.000008    
82.454412    0.000007    0.003985    0.999977    -0.005533    0.000019    -0.000000    0.000000    -0.000000    0.000000    0.000000    0.000000    
134.653501    -0.000000    -0.000000    -0.000000    0.000000    -0.000000    0.000000    -0.000000    0.000010    -0.004160    0.999986    0.003220    
145.181062    -0.003114    -0.999987    0.003986    -0.000009    0.000000    -0.000000    0.000000    -0.000000    0.000000    -0.000000    -0.000000    
212.294959    -0.000000    -0.000000    0.000000    -0.000000    0.000000    -0.000000    0.000000    -0.000000    0.000006    -0.003220    0.999995    
225.454405    -0.999995    0.003114    -0.000005    0.000000    -0.000000    0.000000    -0.000000    0.000000    -0.000000    0.000000    -0.000000    

-0.303687
-0.468419    0.000000    0.000000    0.000000    0.000165    0.024835    0.999139    0.033245    0.000255    0.000001    0.000000    0.000000    
7.052815    -0.000000    -0.000000    -0.000000    -0.000027    -0.003270    -0.033175    0.999394    0.009978    0.000037    0.000000    0.000000    
9.595146    0.000000    0.000000    0.000031    0.009059    0.999645    -0.024930    0.002443    0.000027    0.000000    0.000000    0.000000    
32.094903    -0.000000    -0.000000    -0.000000    -0.000000    -0.000001    0.000077    -0.009981    0.999933    0.005869    0.000014    0.000000    
37.183085    0.000000    0.000013    0.005539    0.999944    -0.009061    0.000060    -0.000000    0.000000    0.000000    0.000000    0.000000    
74.687129    -0.000000    -0.000000    -0.000000    -0.000000    0.000000    -0.000000    0.000022    -0.005869    0.999974    0.004157    0.000008    
82.319583    0.000007    0.003988    0.999977    -0.005539    0.000019    -0.000000    0.000000    -0.000000    0.000000    0.000000    0.000000    
134.825725    -0.000000    -0.000000    -0.000000    0.000000    -0.000000    0.000000    -0.000000    0.000010    -0.004157    0.999986    0.003218    
145.002367    -0.003116    -0.999987    0.003988    -0.000009    0.000000    -0.000000    0.000000    -0.000000    0.000000    -0.000000    -0.000000    
212.511048    -0.000000    -0.000000    0.000000    -0.000000    0.000000    -0.000000    0.000000    -0.000000    0.000006    -0.003218    0.999995    
225.231846    -0.999995    0.003116    -0.000005    0.000000    -0.000000    0.000000    -0.000000    0.000000    -0.000000    0.000000    -0.000000    

-0.293215
-0.471524    0.000000    0.000000    0.000001    0.000166    0.024944    0.999142    0.033052    0.000253    0.000001    0.000000    0.000000    
7.093510    -0.000000    -0.000000    -0.000000    -0.000028    -0.003367    -0.032979    0.999401    0.009961    0.000037    0.000000    0.000000    
9.548180    0.000000    0.000000    0.000031    0.009074    0.999642    -0.025042    0.002542    0.000028    0.000000    0.000000    0.000000    
32.179505    -0.000000    -0.000000    -0.000000    -0.000000    -0.000001    0.000076    -0.009964    0.999933    0.005863    0.000014    0.000000    
37.092232    0.000000    0.000013    0.005544    0.999943    -0.009075    0.000060    -0.000001    0.000000    0.000000    0.000000    0.000000    
74.815598    -0.000000    -0.000000    -0.000000    -0.000000    0.000000    -0.000000    0.000022    -0.005863    0.999974    0.004154    0.000008    
82.184863    0.000007    0.003991    0.999977    -0.005544    0.000019    -0.000000    0.000000    -0.000000    0.000000    0.000000    0.000000    
134.998059    -0.000000    -0.000000    -0.000000    0.000000    -0.000000    0.000000    -0.000000    0.000010    -0.004154    0.999986    0.003216    
144.823783    -0.003118    -0.999987    0.003991    -0.000009    0.000000    -0.000000    0.000000    -0.000000    0.000000    -0.000000    -0.000000    
212.727247    -0.000000    -0.000000    0.000000    -0.000000    0.000000    -0.000000    0.000000    -0.000000    0.000006    -0.003216    0.999995    
225.009396    -0.999995    0.003118    -0.000005    0.000000    -0.000000    0.000000    -0.000000    0.000000    -0.000000    0.000000    -0.000000    

-0.282743
-0.474519    0.000000    0.000000    0.000001    0.000167    0.025053    0.999146    0.032861    0.000251    0.000001    0.000000    0.000000    
7.134315    -0.000000    -0.000000    -0.000000    -0.000029    -0.003472    -0.032785    0.999407    0.009943    0.000037    0.000000    0.000000    
9.501324    0.000000    0.000000    0.000031    0.009088    0.999639    -0.025154    0.002647    0.000029    0.000000    0.000000    0.000000    
32.264216    -0.000000    -0.000000    -0.000000    -0.000000    -0.000001    0.000076    -0.009946    0.999933    0.005857    0.000014    0.000000    
37.001489    0.000000    0.000013    0.005549    0.999943    -0.009090    0.000061    -0.000001    0.000000    0.000000    0.000000    0.000000    
74.944176    -0.000000    -0.000000    -0.000000    -0.000000    0.000000    -0.000000    0.000022    -0.005857    0.999974    0.004151    0.000008    
82.050254    0.000007    0.003994    0.999977    -0.005549    0.000019    -0.000000    0.000000    -0.000000    0.000000    0.000000    0.000000    
135.170503    -0.000000    -0.000000    -0.000000    0.000000    -0.000000    0.000000    -0.000000    0.000010    -0.004151    0.999986    0.003214    
144.645308    -0.003119    -0.999987    0.003994    -0.000009    0.000000    -0.000000    0.000000    -0.000000    0.000000    -0.000000    -0.000000    
212.943555    -0.000000    -0.000000    0.000000    -0.000000    0.000000    -0.000000    0.000000    -0.000000    0.000006    -0.003214    0.999995    
224.787057    -0.999995    0.003119    -0.000005    0.000000    -0.000000    0.000000    -0.000000    0.000000    -0.000000    0.000000    -0.000000    

-0.272271
-0.477406    0.000000    0.000000    0.000001    0.000168    0.025164    0.999149    0.032673    0.000249    0.000001    0.000000    0.000000    
7.175230    -0.000000    -0.000000    -0.000000    -0.000030    -0.003585    -0.032594    0.999413    0.009926    0.000037    0.000000    0.000000    
9.454578    0.000000    0.000000    0.000031    0.009103    0.999635    -0.025268    0.002761    0.000030    0.000000    0.000000    0.000000    
32.349037    -0.000000    -0.000000    -0.000000    -0.000000    -0.000001    0.000076    -0.009929    0.999934    0.005851    0.000014    0.000000    
36.910855    0.000000    0.000013    0.005555    0.999943    -0.009104    0.000061    -0.000001    0.000000    0.000000    0.000000    0.000000    
75.072864    -0.000000    -0.000000    -0.000000    -0.000000    0.000000    -0.000000    0.000022    -0.005851    0.999974    0.004148    0.000008    
81.915753    0.000007    0.003997    0.999977    -0.005555    0.000019    -0.000000    0.000000    -0.000000    0.000000    0.000000    0.000000    
135.343056    -0.000000    -0.000000    -0.000000    0.000000    -0.000000    0.000000    -0.000000    0.000010    -0.004148    0.999986    0.003213    
144.466942    -0.003121    -0.999987    0.003997    -0.000009    0.000000    -0.000000    0.000000    -0.000000    0.000000    -0.000000    -0.000000    
213.159973    -0.000000    -0.000000    0.000000    -0.000000    0.000000    -0.000000    0.000000    -0.000000    0.000006    -0.003213    0.999995    
224.564826    -0.999995    0.003121    -0.000005    0.000000    -0.000000    0.000000    -0.000000    0.000000    -0.000000    0.000000    -0.000000    

-0.261799
-0.480184    0.000000    0.000000    0.000001    0.000169    0.025276    0.999152    0.032487    0.000247    0.000001    0.000000    0.000000    
7.216256    -0.000000    -0.000000    -0.000000    -0.000031    -0.003707    -0.032404    0.999419    0.009909    0.000036    0.000000    0.000000    
9.407942    -0.000000    -0.000000    -0.000031    -0.009117    -0.999632    0.025384    -0.002884    -0.000031    -0.000000    -0.000000    -0.000000    
32.433967    -0.000000    -0.000000    -0.000000    -0.000000    -0.000001    0.000075    -0.009912    0.999934    0.005845    0.000014    0.000000    
36.820331    0.000000    0.000013    0.005560    0.999943    -0.009119    0.000061    -0.000001    0.000000    0.000000    0.000000    0.000000    
75.201662    -0.000000    -0.000000    -0.000000    -0.000000    0.000000    -0.000000    0.000021    -0.005845    0.999974    0.004145    0.000007    
81.781363    0.000007    0.003999    0.999977    -0.005560    0.000019    -0.000000    0.000000    -0.000000    0.000000    0.000000    0.000000    
135.515719    -0.000000    -0.000000    -0.000000    0.000000    -0.000000    0.000000    -0.000000    0.000010    -0.004145    0.999986    0.003211    
144.288686    -0.003123    -0.999987    0.003999    -0.000009    0.000000    -0.000000    0.000000    -0.000000    0.000000    -0.000000    -0.000000    
213.376501    -0.000000    -0.000000    0.000000    -0.000000    0.000000    -0.000000    0.000000    -0.000000    0.000006    -0.003211    0.999995    
224.342706    -0.999995    0.003123    -0.000005    0.000000    -0.000000    0.000000    -0.000000    0.000000    -0.000000    0.000000    -0.000000    

-0.251327
-0.482852    0.000000    0.000000    0.000001    0.000171    0.025389    0.999156    0.032303    0.000245    0.000001    0.000000    0.000000    
7.257391    -0.000000    -0.000000    -0.000000    -0.000033    -0.003839    -0.032216    0.999425    0.009891    0.000036    0.000000    0.000000    
9.361416    -0.000000    -0.000000    -0.000032    -0.009132    -0.999629    0.025500    -0.003018    -0.000033    -0.000000    -0.000000    -0.000000    
32.519008    -0.000000    -0.000000    -0.000000    -0.000000    -0.000001    0.000075    -0.009894    0.999934    0.005839    0.000014    0.000000    
36.729917    0.000000    0.000013    0.005566    0.999943    -0.009133    0.000061    -0.000001    0.000000    0.000000    0.000000    0.000000    
75.330569    -0.000000    -0.000000    -0.000000    -0.000000    0.000000    -0.000000    0.000021    -0.005839    0.999974    0.004142    0.000007    
81.647082    0.000007    0.004002    0.999977    -0.005566    0.000019    -0.000000    0.000000    -0.000000    0.000000    0.000000    0.000000    
135.688492    -0.000000    -0.000000    -0.000000    0.000000    -0.000000    0.000000    -0.000000    0.000010    -0.004142    0.999986    0.003209    
144.110540    -0.003125    -0.999987    0.004002    -0.000009    0.000000    -0.000000    0.000000    -0.000000    0.000000    -0.000000    -0.000000    
213.593138    -0.000000    -0.000000    0.000000    -0.000000    0.000000    -0.000000    0.000000    -0.000000    0.000006    -0.003209    0.999995    
224.120695    -0.999995    0.003125    -0.000005    0.000000    -0.000000    0.000000    -0.000000    0.000000    -0.000000    0.000000    -0.000000    

-0.240855
-0.485412    0.000000    0.000000    0.000001    0.000172    0.025503    0.999159    0.032121    0.000243    0.000001    0.000000    0.000000    
7.298637    -0.000000    -0.000000    -0.000000    -0.000034    -0.003984    -0.032030    0.999430    0.009874    0.000036    0.000000    0.000000    
9.315000    -0.000000    -0.000000    -0.000032    -0.009146    -0.999625    0.025618    -0.003163    -0.000034    -0.000000    -0.000000    -0.000000    
32.604158    -0.000000    -0.000000    -0.000000    -0.000000    -0.000001    0.000075    -0.009877    0.999934    0.005833    0.000014    0.000000    
36.639612    0.000000    0.000013    0.005571    0.999943    -0.009148    0.000062    -0.000001    0.000000    0.000000    0.000000    0.000000    
75.459586    -0.000000    -0.000000    -0.000000    -0.000000    0.000000    -0.000000    0.000021    -0.005833    0.999974    0.004139    0.000007    
81.512911    0.000007    0.004005    0.999976    -0.005571    0.000019    -0.000000    0.000000    -0.000000    0.000000    0.000000    0.000000    
135.861374    -0.000000    -0.000000    -0.000000    0.000000    -0.000000    0.000000    -0.000000    0.000010    -0.004139    0.999986    0.003207    
143.932504    -0.003126    -0.999987    0.004005    -0.000009    0.000000    -0.000000    0.000000    -0.000000    0.000000    -0.000000    -0.000000    
213.809885    -0.000000    -0.000000    0.000000    -0.000000    0.000000    -0.000000    0.000000    -0.000000    0.000006    -0.003207    0.999995    
223.898794    -0.999995    0.003126    -0.000005    0.000000    -0.000000    0.000000    -0.000000    0.000000    -0.000000    0.000000    -0.000000    

-0.230383
-0.487863    0.000000    0.000000    0.000001    0.000173    0.025618    0.999161    0.031941    0.000241    0.000001    0.000000    0.000000    
7.339992    -0.000000    -0.000000    -0.000000    -0.000035    -0.004141    -0.031846    0.999436    0.009857    0.000036    0.000000    0.000000    
9.268694    -0.000000    -0.000000    -0.000032    -0.009161    -0.999621    0.025737    -0.003322    -0.000035    -0.000000    -0.000000    -0.000000    
32.689417    -0.000000    -0.000000    -0.000000    -0.000000    -0.000001    0.000074    -0.009860    0.999934    0.005827    0.000014    0.000000    
36.549418    0.000000    0.000013    0.005576    0.999942    -0.009163    0.000062    -0.000001    0.000000    0.000000    0.000000    0.000000    
75.588712    -0.000000    -0.000000    -0.000000    -0.000000    0.000000    -0.000000    0.000021    -0.005827    0.999974    0.004136    0.000007    
81.378850    0.000007    0.004008    0.999976    -0.005577    0.000019    -0.000000    0.000000    -0.000000    0.000000    0.000000    0.000000    
136.034366    -0.000000    -0.000000    -0.000000    0.000000    -0.000000    0.000000    -0.000000    0.000010    -0.004136    0.999986    0.003205    
143.754577    -0.003128    -0.999987    0.004008    -0.000009    0.000000    -0.000000    0.000000    -0.000000    0.000000    -0.000000    -0.000000    
214.026742    -0.000000    -0.000000    0.000000    -0.000000    0.000000    -0.000000    0.000000    -0.000000    0.000006    -0.003205    0.999995    
223.677002    -0.999995    0.003128    -0.000005    0.000000    -0.000000    0.000000    -0.000000    0.000000    -0.000000    0.000000    -0.000000    

-0.219911
-0.490206    0.000000    0.000000    0.000001    0.000174    0.025734    0.999164    0.031763    0.000239    0.000001    0.000000    0.000000    
7.381458    -0.000000    -0.000000    -0.000000    -0.000037    -0.004314    -0.031663    0.999441    0.009840    0.000036    0.000000    0.000000    
9.222497    -0.000000    -0.000000    -0.000032    -0.009176    -0.999617    0.025858    -0.003496    -0.000037    -0.000000    -0.000000    -0.000000    
32.774787    -0.000000    -0.000000    -0.000000    -0.000000    -0.000001    0.000074    -0.009843    0.999935    0.005821    0.000014    0.000000    
36.459332    0.000000    0.000013    0.005582    0.999942    -0.009177    0.000062    -0.000001    0.000000    0.000000    0.000000    0.000000    
75.717949    -0.000000    -0.000000    -0.000000    -0.000000    0.000000    -0.000000    0.000021    -0.005821    0.999975    0.004133    0.000007    
81.244898    0.000007    0.004011    0.999976    -0.005582    0.000019    -0.000000    0.000000    -0.000000    0.000000    0.000000    0.000000    
136.207468    -0.000000    -0.000000    -0.000000    0.000000    -0.000000    0.000000    -0.000000    0.000010    -0.004133    0.999986    0.003204    
143.576760    -0.003130    -0.999987    0.004011    -0.000009    0.000000    -0.000000    0.000000    -0.000000    0.000000    -0.000000    -0.000000    
214.243708    -0.000000    -0.000000    0.000000    -0.000000    0.000000    -0.000000    0.000000    -0.000000    0.000006    -0.003204    0.999995    
223.455321    -0.999995    0.003130    -0.000006    0.000000    -0.000000    0.000000    -0.000000    0.000000    -0.000000    0.000000    -0.000000    

-0.209440
-0.492439    0.000000    0.000000    0.000001    0.000175    0.025850    0.999167    0.031586    0.000237    0.000001    0.000000    0.000000    
7.423033    -0.000000    -0.000000    -0.000000    -0.000039    -0.004505    -0.031481    0.999446    0.009823    0.000036    0.000000    0.000000    
9.176411    -0.000000    -0.000000    -0.000032    -0.009191    -0.999613    0.025980    -0.003687    -0.000039    -0.000000    -0.000000    -0.000000    
32.860266    -0.000000    -0.000000    -0.000000    -0.000000    -0.000001    0.000074    -0.009826    0.999935    0.005815    0.000014    0.000000    
36.369357    0.000000    0.000013    0.005587    0.999942    -0.009192    0.000062    -0.000001    0.000000    0.000000    0.000000    0.000000    
75.847295    -0.000000    -0.000000    -0.000000    -0.000000    0.000000    -0.000000    0.000021    -0.005816    0.999975    0.004130    0.000007    
81.111056    0.000007    0.004014    0.999976    -0.005587    0.000019    -0.000000    0.000000    -0.000000    0.000000    0.000000    0.000000    
136.380679    -0.000000    -0.000000    -0.000000    0.000000    -0.000000    0.000000    -0.000000    0.000010    -0.004130    0.999986    0.003202    
143.399053    -0.003131    -0.999987    0.004014    -0.000009    0.000000    -0.000000    0.000000    -0.000000    0.000000    -0.000000    -0.000000    
214.460784    -0.000000    -0.000000    0.000000    -0.000000    0.000000    -0.000000    0.000000    -0.000000    0.000006    -0.003202    0.999995    
223.233748    -0.999995    0.003131    -0.000006    0.000000    -0.000000    0.000000    -0.000000    0.000000    -0.000000    0.000000    -0.000000    

-0.198968
-0.494563    -0.000000    -0.000000    -0.000001    -0.000177    -0.025968    -0.999169    -0.031412    -0.000235    -0.000001    -0.000000    -0.000000    
7.464719    -0.000000    -0.000000    -0.000000    -0.000041    -0.004716    -0.031301    0.999451    0.009807    0.000036    0.000000    0.000000    
9.130435    -0.000000    -0.000000    -0.000032    -0.009205    -0.999609    0.026104    -0.003899    -0.000041    -0.000000    -0.000000    -0.000000    
32.945854    -0.000000    -0.000000    -0.000000    -0.000000    -0.000001    0.000073    -0.009809    0.999935    0.005810    0.000014    0.000000    
36.279491    -0.000000    -0.000013    -0.005593    -0.999942    0.009207    -0.000063    0.000001    -0.000000    -0.000000    -0.000000    -0.000000    
75.976750    -0.000000    -0.000000    -0.000000    -0.000000    0.000000    -0.000000    0.000021    -0.005810    0.999975    0.004127    0.000007    
80.977323    0.000007    0.004016    0.999976    -0.005593    0.000019    -0.000000    0.000000    -0.000000    0.000000    0.000000    0.000000    
136.554000    -0.000000    -0.000000    -0.000000    0.000000    -0.000000    0.000000    -0.000000    0.000010    -0.004127    0.999986    0.003200    
143.221455    -0.003133    -0.999987    0.004016    -0.000009    0.000000    -0.000000    0.000000    -0.000000    0.000000    -0.000000    -0.000000    
214.677970    -0.000000    -0.000000    0.000000    -0.000000    0.000000    -0.000000    0.000000    -0.000000    0.000006    -0.003200    0.999995    
223.012286    -0.999995    0.003133    -0.000006    0.000000    -0.000000    0.000000    -0.000000    0.000000    -0.000000    0.000000    -0.000000    

-0.188496
-0.496579    -0.000000    -0.000000    -0.000001    -0.000178    -0.026088    -0.999171    -0.031240    -0.000233    -0.000001    -0.000000    -0.000000    
7.506515    -0.000000    -0.000000    -0.000000    -0.000043    -0.004951    -0.031122    0.999455    0.009790    0.000036    0.000000    0.000000    
9.084569    -0.000000    -0.000000    -0.000032    -0.009220    -0.999605    0.026230    -0.004135    -0.000043    -0.000000    -0.000000    -0.000000    
33.031553    -0.000000    -0.000000    -0.000000    -0.000000    -0.000001    0.000073    -0.009792    0.999935    0.005804    0.000014    0.000000    
36.189735    -0.000000    -0.000013    -0.005598    -0.999942    0.009222    -0.000063    0.000001    -0.000000    -0.000000    -0.000000    -0.000000    
76.106315    -0.000000    -0.000000    -0.000000    -0.000000    0.000000    -0.000000    0.000021    -0.005804    0.999975    0.004124    0.000007    
80.843700    0.000007    0.004019    0.999976    -0.005598    0.000020    -0.000000    0.000000    -0.000000    0.000000    0.000000    0.000000    
136.727430    -0.000000    -0.000000    -0.000000    0.000000    -0.000000    0.000000    -0.000000    0.000010    -0.004124    0.999986    0.003198    
143.043967    -0.003135    -0.999987    0.004019    -0.000009    0.000000    -0.000000    0.000000    -0.000000    0.000000    -0.000000    -0.000000    
214.895265    -0.000000    -0.000000    0.000000    -0.000000    0.000000    -0.000000    0.000000    -0.000000    0.000006    -0.003198    0.999995    
222.790933    -0.999995    0.003135    -0.000006    0.000000    -0.000000    0.000000    -0.000000    0.000000    -0.000000    0.000000    -0.000000    

-0.178024
-0.498485    0.000000    0.000000    0.000001    0.000179    0.026208    0.999174    0.031070    0.000231    0.000001    0.000000    0.000000    
7.548420    -0.000000    -0.000000    -0.000000    -0.000046    -0.005213    -0.030944    0.999460    0.009773    0.000036    0.000000    0.000000    
9.038814    0.000000    0.000000    0.000032    0.009235    0.999600    -0.026357    0.004398    0.000046    0.000000    0.000000    0.000000    
33.117361    -0.000000    -0.000000    -0.000000    -0.000000    -0.000001    0.000073    -0.009776    0.999935    0.005798    0.000014    0.000000    
36.100088    -0.000000    -0.000013    -0.005604    -0.999942    0.009237    -0.000063    0.000001    -0.000000    -0.000000    -0.000000    -0.000000    
76.235990    -0.000000    -0.000000    -0.000000    -0.000000    0.000000    -0.000000    0.000021    -0.005798    0.999975    0.004121    0.000007    
80.710187    0.000007    0.004022    0.999976    -0.005604    0.000020    -0.000000    0.000000    -0.000000    0.000000    0.000000    0.000000    
136.900971    -0.000000    -0.000000    -0.000000    0.000000    -0.000000    0.000000    -0.000000    0.000010    -0.004121    0.999986    0.003196    
142.866588    -0.003137    -0.999987    0.004022    -0.000009    0.000000    -0.000000    0.000000    -0.000000    0.000000    -0.000000    -0.000000    
215.112670    -0.000000    -0.000000    0.000000    -0.000000    0.000000    -0.000000    0.000000    -0.000000    0.000006    -0.003196    0.999995    
222.569690    -0.999995    0.003137    -0.000006    0.000000    -0.000000    0.000000    -0.000000    0.000000    -0.000000    0.000000    -0.000000    

-0.167552
-0.500283    0.000000    0.000000    0.000001    0.000180    0.026329    0.999176    0.030901    0.000229    0.000001    0.000000    0.000000    
7.590436    -0.000000    -0.000000    -0.000000    -0.000048    -0.005509    -0.030767    0.999464    0.009756    0.000035    0.000000    0.000000    
8.993168    0.000000    0.000000    0.000032    0.009250    0.999595    -0.026487    0.004694    0.000048    0.000000    0.000000    0.000000    
33.203278    -0.000000    -0.000000    -0.000000    -0.000000    -0.000001    0.000072    -0.009759    0.999936    0.005792    0.000014    0.000000    
36.010551    -0.000000    -0.000013    -0.005609    -0.999941    0.009252    -0.000063    0.000001    -0.000000    -0.000000    -0.000000    -0.000000    
76.365775    -0.000000    -0.000000    -0.000000    -0.000000    0.000000    -0.000000    0.000021    -0.005792    0.999975    0.004118    0.000007    
80.576784    0.000007    0.004025    0.999976    -0.005609    0.000020    -0.000000    0.000000    -0.000000    0.000000    0.000000    0.000000    
137.074621    -0.000000    -0.000000    -0.000000    0.000000    -0.000000    0.000000    -0.000000    0.000010    -0.004118    0.999986    0.003195    
142.689320    -0.003138    -0.999987    0.004025    -0.000009    0.000000    -0.000000    0.000000    -0.000000    0.000000    -0.000000    -0.000000    
215.330185    -0.000000    -0.000000    0.000000    -0.000000    0.000000    -0.000000    0.000000    -0.000000    0.000006    -0.003195    0.999995    
222.348556    -0.999995    0.003138    -0.000006    0.000000    -0.000000    0.000000    -0.000000    0.000000    -0.000000    0.000000    -0.000000    

-0.157080
-0.501971    0.000000    0.000000    0.000001    0.000182    0.026451    0.999177    0.030735    0.000227    0.000001    0.000000    0.000000    
7.632561    -0.000000    -0.000000    -0.000000    -0.000052    -0.005845    -0.030591    0.999467    0.009740    0.000035    0.000000    0.000000    
8.947632    0.000000    0.000000    0.000032    0.009265    0.999590    -0.026619    0.005031    0.000052    0.000000    0.000000    0.000000    
33.289306    -0.000000    -0.000000    -0.000000    -0.000000    -0.000001    0.000072    -0.009742    0.999936    0.005786    0.000014    0.000000    
35.921124    0.000000    0.000013    0.005615    0.999941    -0.009267    0.000064    -0.000001    0.000000    0.000000    0.000000    0.000000    
76.495669    -0.000000    -0.000000    -0.000000    -0.000000    0.000000    -0.000000    0.000021    -0.005786    0.999975    0.004115    0.000007    
80.443490    -0.000007    -0.004028    -0.999976    0.005615    -0.000020    0.000000    -0.000000    0.000000    -0.000000    -0.000000    -0.000000    
137.248380    -0.000000    -0.000000    -0.000000    0.000000    -0.000000    0.000000    -0.000000    0.000010    -0.004115    0.999986    0.003193    
142.512160    -0.003140    -0.999987    0.004028    -0.000009    0.000000    -0.000000    0.000000    -0.000000    0.000000    -0.000000    -0.000000    
215.547809    -0.000000    -0.000000    0.000000    -0.000000    0.000000    -0.000000    0.000000    -0.000000    0.000006    -0.003193    0.999995    
222.127532    -0.999995    0.003140    -0.000006    0.000000    -0.000000    0.000000    -0.000000    0.000000    -0.000000    0.000000    -0.000000    

-0.146608
-0.503551    0.000000    0.000000    0.000001    0.000183    0.026575    0.999179    0.030570    0.000226    0.000001    0.000000    0.000000    
7.674796    -0.000000    -0.000000    -0.000000    -0.000055    -0.006228    -0.030415    0.999471    0.009723    0.000035    0.000000    0.000000    
8.902207    0.000000    0.000000    0.000032    0.009280    0.999584    -0.026753    0.005415    0.000055    0.000000    0.000000    0.000000    
33.375443    -0.000000    -0.000000    -0.000000    -0.000000    -0.000001    0.000072    -0.009725    0.999936    0.005780    0.000014    0.000000    
35.831807    0.000000    0.000013    0.005620    0.999941    -0.009282    0.000064    -0.000001    0.000000    0.000000    0.000000    0.000000    
76.625673    -0.000000    -0.000000    -0.000000    -0.000000    0.000000    -0.000000    0.000021    -0.005780    0.999975    0.004112    0.000007    
80.310306    -0.000007    -0.004031    -0.999976    0.005621    -0.000020    0.000000    -0.000000    0.000000    -0.000000    -0.000000    -0.000000    
137.422249    -0.000000    -0.000000    -0.000000    0.000000    -0.000000    0.000000    -0.000000    0.000010    -0.004112    0.999986    0.003191    
142.335111    -0.003142    -0.999987    0.004031    -0.000009    0.000000    -0.000000    0.000000    -0.000000    0.000000    -0.000000    -0.000000    
215.765543    -0.000000    -0.000000    0.000000    -0.000000    0.000000    -0.000000    0.000000    -0.000000    0.000006    -0.003191    0.999995    
221.906618    -0.999995    0.003142    -0.000006    0.000000    -0.000000    0.000000    -0.000000    0.000000    -0.000000    0.000000    -0.000000    

-0.136136
-0.505022    0.000000    0.000000    0.000001    0.000184    0.026700    0.999181    0.030407    0.000224    0.000001    0.000000    0.000000    
7.717140    -0.000000    -0.000000    -0.000000    -0.000060    -0.006672    -0.030239    0.999473    0.009706    0.000035    0.000000    0.000000    
8.856893    0.000000    0.000000    0.000033    0.009295    0.999578    -0.026890    0.005859    0.000060    0.000000    0.000000    0.000000    
33.461689    -0.000000    -0.000000    -0.000000    -0.000000    -0.000001    0.000071    -0.009709    0.999936    0.005774    0.000014    0.000000    
35.742599    0.000000    0.000013    0.005626    0.999941    -0.009297    0.000064    -0.000001    0.000000    0.000000    0.000000    0.000000    
76.755787    -0.000000    -0.000000    -0.000000    -0.000000    0.000000    -0.000000    0.000021    -0.005774    0.999975    0.004109    0.000007    
80.177231    -0.000007    -0.004033    -0.999976    0.005626    -0.000020    0.000000    -0.000000    0.000000    -0.000000    -0.000000    -0.000000    
137.596228    -0.000000    -0.000000    -0.000000    0.000000    -0.000000    0.000000    -0.000000    0.000010    -0.004109    0.999986    0.003189    
142.158171    -0.003144    -0.999987    0.004033    -0.000009    0.000000    -0.000000    0.000000    -0.000000    0.000000    -0.000000    -0.000000    
215.983387    -0.000000    -0.000000    0.000000    -0.000000    0.000000    -0.000000    0.000000    -0.000000    0.000006    -0.003189    0.999995    
221.685814    -0.999995    0.003144    -0.000006    0.000000    -0.000000    0.000000    -0.000000    0.000000    -0.000000    0.000000    -0.000000    

-0.125664
-0.506384    0.000000    0.000000    0.000001    0.000185    0.026825    0.999182    0.030245    0.000222    0.000001    0.000000    0.000000    
7.759594    -0.000000    -0.000000    -0.000000    -0.000064    -0.007189    -0.030063    0.999475    0.009690    0.000035    0.000000    0.000000    
8.811688    0.000000    0.000000    0.000033    0.009310    0.999571    -0.027031    0.006377    0.000064    0.000000    0.000000    0.000000    
33.548046    -0.000000    -0.000000    -0.000000    -0.000000    -0.000001    0.000071    -0.009692    0.999936    0.005768    0.000014    0.000000    
35.653500    0.000000    0.000013    0.005632    0.999941    -0.009312    0.000064    -0.000001    0.000000    0.000000    0.000000    0.000000    
76.886010    -0.000000    -0.000000    -0.000000    -0.000000    0.000000    -0.000000    0.000021    -0.005768    0.999975    0.004106    0.000007    
80.044266    -0.000007    -0.004036    -0.999976    0.005632    -0.000020    0.000000    -0.000000    0.000000    -0.000000    -0.000000    -0.000000    
137.770317    -0.000000    -0.000000    -0.000000    0.000000    -0.000000    0.000000    -0.000000    0.000010    -0.004106    0.999986    0.003188    
141.981341    -0.003145    -0.999987    0.004036    -0.000009    0.000000    -0.000000    0.000000    -0.000000    0.000000    -0.000000    -0.000000    
216.201340    -0.000000    -0.000000    0.000000    -0.000000    0.000000    -0.000000    0.000000    -0.000000    0.000006    -0.003188    0.999995    
221.465119    -0.999995    0.003145    -0.000006    0.000000    -0.000000    0.000000    -0.000000    0.000000    -0.000000    0.000000    -0.000000    

-0.115192
-0.507637    0.000000    0.000000    0.000001    0.000187    0.026952    0.999184    0.030085    0.000220    0.000001    0.000000    0.000000    
7.802158    -0.000000    -0.000000    -0.000000    -0.000070    -0.007801    -0.029886    0.999476    0.009673    0.000035    0.000000    0.000000    
8.766595    0.000000    0.000000    0.000033    0.009326    0.999563    -0.027175    0.006989    0.000070    0.000000    0.000000    0.000000    
33.634512    -0.000000    -0.000000    -0.000000    -0.000000    -0.000001    0.000071    -0.009676    0.999937    0.005763    0.000014    0.000000    
35.564512    0.000000    0.000013    0.005637    0.999941    -0.009328    0.000065    -0.000001    0.000000    0.000000    0.000000    0.000000    
77.016343    -0.000000    -0.000000    -0.000000    -0.000000    0.000000    -0.000000    0.000021    -0.005763    0.999975    0.004103    0.000007    
79.911411    -0.000007    -0.004039    -0.999976    0.005637    -0.000020    0.000000    -0.000000    0.000000    -0.000000    -0.000000    -0.000000    
137.944515    -0.000000    -0.000000    -0.000000    0.000000    -0.000000    0.000000    -0.000000    0.000010    -0.004103    0.999987    0.003186    
141.804621    -0.003147    -0.999987    0.004039    -0.000010    0.000000    -0.000000    0.000000    -0.000000    0.000000    -0.000000    -0.000000    
216.419403    -0.000000    -0.000000    0.000000    -0.000000    0.000000    -0.000000    0.000000    -0.000000    0.000006    -0.003186    0.999995    
221.244534    -0.999995    0.003147    -0.000006    0.000000    -0.000000    0.000000    -0.000000    0.000000    -0.000000    0.000000    -0.000000    

-0.104720
-0.508780    0.000000    0.000000    0.000001    0.000188    0.027081    0.999185    0.029927    0.000219    0.000001    0.000000    0.000000    
7.844831    -0.000000    -0.000000    -0.000000    -0.000077    -0.008536    -0.029707    0.999476    0.009657    0.000035    0.000000    0.000000    
8.721612    0.000000    0.000000    0.000033    0.009341    0.999553    -0.027324    0.007725    0.000077    0.000000    0.000000    0.000000    
33.721087    -0.000000    -0.000000    -0.000000    -0.000000    -0.000001    0.000071    -0.009660    0.999937    0.005757    0.000014    0.000000    
35.475633    0.000000    0.000013    0.005643    0.999940    -0.009343    0.000065    -0.000001    0.000000    0.000000    0.000000    0.000000    
77.146785    -0.000000    -0.000000    -0.000000    -0.000000    0.000000    -0.000000    0.000021    -0.005757    0.999975    0.004100    0.000007    
79.778666    -0.000007    -0.004042    -0.999976    0.005643    -0.000020    0.000000    -0.000000    0.000000    -0.000000    -0.000000    -0.000000    
138.118823    -0.000000    -0.000000    -0.000000    0.000000    -0.000000    0.000000    -0.000000    0.000010    -0.004100    0.999987    0.003184    
141.628010    -0.003149    -0.999987    0.004042    -0.000010    0.000000    -0.000000    0.000000    -0.000000    0.000000    -0.000000    -0.000000    
216.637576    -0.000000    -0.000000    0.000000    -0.000000    0.000000    -0.000000    0.000000    -0.000000    0.000006    -0.003184    0.999995    
221.024058    -0.999995    0.003149    -0.000006    0.000000    -0.000000    0.000000    -0.000000    0.000000    -0.000000    0.000000    -0.000000    

-0.094248
-0.509816    0.000000    0.000000    0.000001    0.000190    0.027210    0.999186    0.029771    0.000217    0.000001    0.000000    0.000000    
7.887612    -0.000000    -0.000000    -0.000000    -0.000086    -0.009435    -0.029525    0.999473    0.009641    0.000035    0.000000    0.000000    
8.676740    0.000000    0.000000    0.000033    0.009356    0.999541    -0.027479    0.008624    0.000086    0.000000    0.000000    0.000000    
33.807773    -0.000000    -0.000000    -0.000000    -0.000000    -0.000001    0.000070    -0.009643    0.999937    0.005751    0.000014    0.000000    
35.386864    0.000000    0.000013    0.005648    0.999940    -0.009358    0.000065    -0.000001    0.000000    0.000000    0.000000    0.000000    
77.277337    -0.000000    -0.000000    -0.000000    -0.000000    0.000000    -0.000000    0.000021    -0.005751    0.999975    0.004097    0.000007    
79.646030    0.000007    0.004045    0.999976    -0.005648    0.000020    -0.000000    0.000000    -0.000000    0.000000    0.000000    0.000000    
138.293240    -0.000000    -0.000000    -0.000000    0.000000    -0.000000    0.000000    -0.000000    0.000010    -0.004097    0.999987    0.003182    
141.451509    0.003151    0.999987    -0.004045    0.000010    -0.000000    0.000000    -0.000000    0.000000    -0.000000    0.000000    0.000000    
216.855858    -0.000000    -0.000000    0.000000    -0.000000    0.000000    -0.000000    0.000000    -0.000000    0.000006    -0.003182    0.999995    
220.803692    -0.999995    0.003151    -0.000006    0.000000    -0.000000    0.000000    -0.000000    0.000000    -0.000000    0.000000    -0.000000    

-0.083776
-0.510742    0.000000    0.000000    0.000001    0.000191    0.027341    0.999187    0.029616    0.000215    0.000001    0.000000    0.000000    
7.930503    -0.000000    -0.000000    -0.000000    -0.000096    -0.010559    -0.029338    0.999467    0.009624    0.000035    0.000000    0.000000    
8.631980    0.000000    0.000000    0.000033    0.009371    0.999526    -0.027641    0.009748    0.000096    0.000000    0.000000    0.000000    
33.894568    -0.000000    -0.000000    -0.000000    -0.000000    -0.000001    0.000070    -0.009627    0.999937    0.005745    0.000014    0.000000    
35.298204    0.000000    0.000013    0.005654    0.999940    -0.009374    0.000065    -0.000001    0.000000    0.000000    0.000000    0.000000    
77.407999    -0.000000    -0.000000    -0.000000    -0.000000    0.000000    -0.000000    0.000021    -0.005745    0.999975    0.004094    0.000007    
79.513504    0.000007    0.004048    0.999976    -0.005654    0.000020    -0.000000    0.000000    -0.000000    0.000000    0.000000    0.000000    
138.467768    -0.000000    -0.000000    -0.000000    0.000000    -0.000000    0.000000    -0.000000    0.000010    -0.004094    0.999987    0.003180    
141.275117    0.003152    0.999987    -0.004048    0.000010    -0.000000    0.000000    -0.000000    0.000000    -0.000000    0.000000    0.000000    
217.074250    -0.000000    -0.000000    0.000000    -0.000000    0.000000    -0.000000    0.000000    -0.000000    0.000006    -0.003180    0.999995    
220.583436    -0.999995    0.003152    -0.000006    0.000000    -0.000000    0.000000    -0.000000    0.000000    -0.000000    0.000000    -0.000000    

-0.073304
-0.511559    0.000000    0.000000    0.000001    0.000192    0.027473    0.999188    0.029463    0.000214    0.000001    0.000000    0.000000    
7.973500    -0.000000    -0.000000    -0.000000    -0.000110    -0.012004    -0.029143    0.999457    0.009608    0.000035    0.000000    0.000000    
8.587332    0.000000    0.000000    0.000033    0.009387    0.999506    -0.027813    0.011194    0.000110    0.000000    0.000000    0.000000    
33.981473    -0.000000    -0.000000    -0.000000    -0.000000    -0.000001    0.000070    -0.009611    0.999937    0.005739    0.000014    0.000000    
35.209655    0.000000    0.000013    0.005660    0.999940    -0.009389    0.000066    -0.000001    0.000000    0.000000    0.000000    0.000000    
77.538771    -0.000000    -0.000000    -0.000000    -0.000000    0.000000    -0.000000    0.000021    -0.005739    0.999975    0.004091    0.000007    
79.381087    0.000007    0.004051    0.999976    -0.005660    0.000020    -0.000000    0.000000    -0.000000    0.000000    0.000000    0.000000    
138.642405    -0.000000    -0.000000    -0.000000    0.000000    -0.000000    0.000000    -0.000000    0.000010    -0.004091    0.999987    0.003179    
141.098835    0.003154    0.999987    -0.004051    0.000010    -0.000000    0.000000    -0.000000    0.000000    -0.000000    0.000000    0.000000    
217.292752    -0.000000    -0.000000    0.000000    -0.000000    0.000000    -0.000000    0.000000    -0.000000    0.000006    -0.003179    0.999995    
220.363289    -0.999995    0.003154    -0.000006    0.000000    -0.000000    0.000000    -0.000000    0.000000    -0.000000    0.000000    -0.000000    

-0.062832
-0.512267    0.000000    0.000000    0.000001    0.000194    0.027606    0.999189    0.029311    0.000212    0.000001    0.000000    0.000000    
8.016605    -0.000000    -0.000000    -0.000000    -0.000129    -0.013932    -0.028936    0.999438    0.009592    0.000034    0.000000    0.000000    
8.542797    0.000000    0.000000    0.000033    0.009402    0.999478    -0.028001    0.013122    0.000129    0.000000    0.000000    0.000000    
34.068487    -0.000000    -0.000000    -0.000000    -0.000000    -0.000001    0.000069    -0.009595    0.999938    0.005734    0.000014    0.000000    
35.121214    0.000000    0.000013    0.005665    0.999940    -0.009405    0.000066    -0.000001    0.000000    0.000000    0.000000    0.000000    
77.669652    -0.000000    -0.000000    -0.000000    -0.000000    0.000000    -0.000000    0.000021    -0.005734    0.999975    0.004088    0.000007    
79.248780    0.000007    0.004054    0.999976    -0.005665    0.000020    -0.000000    0.000000    -0.000000    0.000000    0.000000    0.000000    
138.817151    -0.000000    -0.000000    -0.000000    0.000000    -0.000000    0.000000    -0.000000    0.000010    -0.004088    0.999987    0.003177    
140.922663    0.003156    0.999987    -0.004054    0.000010    -0.000000    0.000000    -0.000000    0.000000    -0.000000    0.000000    0.000000    
217.511363    -0.000000    -0.000000    0.000000    -0.000000    0.000000    -0.000000    0.000000    -0.000000    0.000006    -0.003177    0.999995    
220.143252    -0.999995    0.003156    -0.000006    0.000000    -0.000000    0.000000    -0.000000    0.000000    -0.000000    0.000000    -0.000000    

-0.052360
-0.512866    0.000000    0.000000    0.000001    0.000195    0.027741    0.999190    0.029161    0.000210    0.000001    0.000000    0.000000    
8.059814    -0.000000    -0.000000    -0.000001    -0.000154    -0.016631    -0.028708    0.999404    0.009575    0.000034    0.000000    0.000000    
8.498378    0.000000    0.000000    0.000033    0.009417    0.999432    -0.028211    0.015821    0.000154    0.000001    0.000000    0.000000    
34.155611    -0.000000    -0.000000    -0.000000    -0.000000    -0.000001    0.000069    -0.009578    0.999938    0.005728    0.000014    0.000000    
35.032884    0.000000    0.000013    0.005671    0.999940    -0.009420    0.000066    -0.000001    0.000000    0.000000    0.000000    0.000000    
77.800643    -0.000000    -0.000000    -0.000000    -0.000000    0.000000    -0.000000    0.000021    -0.005728    0.999975    0.004085    0.000007    
79.116583    0.000007    0.004056    0.999976    -0.005671    0.000020    -0.000000    0.000000    -0.000000    0.000000    0.000000    0.000000    
138.992007    -0.000000    -0.000000    -0.000000    0.000000    -0.000000    0.000000    -0.000000    0.000010    -0.004086    0.999987    0.003175    
140.746601    0.003157    0.999987    -0.004056    0.000010    -0.000000    0.000000    -0.000000    0.000000    -0.000000    0.000000    0.000000    
217.730084    -0.000000    -0.000000    0.000000    -0.000000    0.000000    -0.000000    0.000000    -0.000000    0.000006    -0.003175    0.999995    
219.923325    -0.999995    0.003157    -0.000006    0.000000    -0.000000    0.000000    -0.000000    0.000000    -0.000000    0.000000    -0.000000    

-0.041888
-0.513356    0.000000    0.000000    0.000001    0.000197    0.027876    0.999190    0.029013    0.000209    0.000001    0.000000    0.000000    
8.103123    -0.000000    -0.000000    -0.000001    -0.000193    -0.020678    -0.028442    0.999336    0.009558    0.000034    0.000000    0.000000    
8.454079    0.000000    0.000000    0.000033    0.009432    0.999353    -0.028460    0.019868    0.000193    0.000001    0.000000    0.000000    
34.242845    -0.000000    -0.000000    -0.000000    -0.000000    -0.000001    0.000069    -0.009562    0.999938    0.005722    0.000014    0.000000    
34.944663    0.000000    0.000013    0.005676    0.999939    -0.009436    0.000067    -0.000001    0.000000    0.000000    0.000000    0.000000    
77.931744    -0.000000    -0.000000    -0.000000    -0.000000    0.000000    -0.000000    0.000020    -0.005722    0.999975    0.004083    0.000007    
78.984496    0.000007    0.004059    0.999976    -0.005677    0.000020    -0.000000    0.000000    -0.000000    0.000000    0.000000    0.000000    
139.166973    -0.000000    -0.000000    -0.000000    0.000000    -0.000000    0.000000    -0.000000    0.000010    -0.004083    0.999987    0.003173    
140.570648    0.003159    0.999987    -0.004059    0.000010    -0.000000    0.000000    -0.000000    0.000000    -0.000000    0.000000    0.000000    
217.948915    -0.000000    -0.000000    0.000000    -0.000000    0.000000    -0.000000    0.000000    -0.000000    0.000006    -0.003173    0.999995    
219.703508    -0.999995    0.003159    -0.000006    0.000000    -0.000000    0.000000    -0.000000    0.000000    -0.000000    0.000000    -0.000000    

-0.031416
-0.513738    -0.000000    -0.000000    -0.000001    -0.000198    -0.028014    -0.999191    -0.028866    -0.000207    -0.000001    -0.000000    -0.000000    
8.146524    -0.000000    -0.000000    -0.000001    -0.000257    -0.027418    -0.028099    0.999183    0.009541    0.000034    0.000000    0.000000    
8.409908    -0.000000    -0.000000    -0.000034    -0.009446    -0.999187    0.028784    -0.026609    -0.000257    -0.000001    -0.000000    -0.000000    
34.330188    -0.000000    -0.000000    -0.000000    -0.000000    -0.000001    0.000069    -0.009546    0.999938    0.005716    0.000014    0.000000    
34.856552    -0.000000    -0.000013    -0.005682    -0.999939    0.009451    -0.000067    0.000001    -0.000000    -0.000000    -0.000000    -0.000000    
78.062954    -0.000000    -0.000000    -0.000000    -0.000000    0.000000    -0.000000    0.000020    -0.005716    0.999975    0.004080    0.000007    
78.852518    -0.000007    -0.004062    -0.999976    0.005682    -0.000020    0.000000    -0.000000    0.000000    -0.000000    -0.000000    -0.000000    
139.342049    -0.000000    -0.000000    -0.000000    0.000000    -0.000000    0.000000    -0.000000    0.000010    -0.004080    0.999987    0.003172    
140.394805    -0.003161    -0.999987    0.004062    -0.000010    0.000000    -0.000000    0.000000    -0.000000    0.000000    -0.000000    -0.000000    
218.167855    -0.000000    -0.000000    0.000000    -0.000000    0.000000    -0.000000    0.000000    -0.000000    0.000006    -0.003172    0.999995    
219.483800    0.999995    -0.003161    0.000006    -0.000000    0.000000    -0.000000    0.000000    -0.000000    0.000000    -0.000000    0.000000    

-0.020944
-0.514010    0.000000    0.000000    0.000001    0.000199    0.028152    0.999191    0.028720    0.000206    0.000001    0.000000    0.000000    
8.189986    -0.000000    -0.000000    -0.000001    -0.000384    -0.040864    -0.027558    0.998739    0.009521    0.000034    0.000000    0.000000    
8.365896    -0.000000    -0.000000    -0.000034    -0.009457    -0.998723    0.029292    -0.040055    -0.000384    -0.000001    -0.000000    -0.000000    
34.417641    -0.000000    -0.000000    -0.000000    -0.000000    -0.000001    0.000068    -0.009530    0.999938    0.005711    0.000014    0.000000    
34.768551    -0.000000    -0.000013    -0.005688    -0.999939    0.009467    -0.000067    0.000001    -0.000000    -0.000000    -0.000000    -0.000000    
78.194274    -0.000000    -0.000000    -0.000000    -0.000000    0.000000    -0.000000    0.000020    -0.005711    0.999975    0.004077    0.000007    
78.720650    0.000007    0.004065    0.999976    -0.005688    0.000020    -0.000000    0.000000    -0.000000    0.000000    0.000000    0.000000    
139.517234    -0.000000    -0.000000    -0.000000    0.000000    -0.000000    0.000000    -0.000000    0.000010    -0.004077    0.999987    0.003170    
140.219071    -0.003163    -0.999987    0.004065    -0.000010    0.000000    -0.000000    0.000000    -0.000000    0.000000    -0.000000    -0.000000    
218.386905    -0.000000    -0.000000    0.000000    -0.000000    0.000000    -0.000000    0.000000    -0.000000    0.000006    -0.003170    0.999995    
219.264201    0.999995    -0.003163    0.000006    -0.000000    0.000000    -0.000000    0.000000    -0.000000    0.000000    -0.000000    0.000000    

-0.010472
-0.514174    0.000000    0.000000    0.000001    0.000201    0.028292    0.999191    0.028576    0.000204    0.000001    0.000000    0.000000    
8.233369    -0.000000    -0.000000    -0.000003    -0.000763    -0.080728    -0.026210    0.996346    0.009482    0.000034    0.000000    0.000000    
8.322183    0.000000    0.000000    0.000034    0.009450    0.996289    -0.030497    0.079921    0.000763    0.000003    0.000000    0.000000    
34.505204    -0.000000    -0.000000    -0.000000    -0.000001    -0.000001    0.000068    -0.009514    0.999938    0.005705    0.000014    0.000000    
34.680659    0.000000    0.000014    0.005693    0.999939    -0.009483    0.000067    -0.000001    0.000001    0.000000    0.000000    0.000000    
78.325703    -0.000000    -0.000000    -0.000000    -0.000000    0.000000    -0.000000    0.000020    -0.005705    0.999975    0.004074    0.000007    
78.588891    -0.000007    -0.004068    -0.999976    0.005694    -0.000020    0.000000    -0.000000    0.000000    -0.000000    -0.000000    -0.000000    
139.692529    -0.000000    -0.000000    -0.000000    0.000000    -0.000000    0.000000    -0.000000    0.000010    -0.004074    0.999987    0.003168    
140.043447    0.003164    0.999987    -0.004068    0.000010    -0.000000    0.000000    -0.000000    0.000000    -0.000000    0.000000    0.000000    
218.606065    -0.000000    -0.000000    0.000000    -0.000000    0.000000    -0.000000    0.000000    -0.000000    0.000006    -0.003168    0.999995    
219.044713    0.999995    -0.003164    0.000006    -0.000000    0.000000    -0.000000    0.000000    -0.000000    0.000000    -0.000000    0.000000    

0.000000
-0.514228    -0.000000    -0.000000    -0.000001    -0.000202    -0.028433    -0.999191    -0.028433    -0.000202    -0.000001    -0.000000    -0.000000    
8.270607    -0.000000    -0.000000    -0.000024    -0.006716    -0.707075    -0.000000    0.707075    0.006716    0.000024    0.000000    0.000000    
8.284835    -0.000000    -0.000000    -0.000024    -0.006714    -0.706503    0.040212    -0.706503    -0.006714    -0.000024    -0.000000    -0.000000    
34.592877    -0.000000    -0.000010    -0.004030    -0.707063    0.006716    -0.000000    -0.006716    0.707063    0.004030    0.000010    0.000000    
34.592877    -0.000000    -0.000010    -0.004030    -0.707063    0.006717    -0.000096    0.006717    -0.707063    -0.004030    -0.000010    -0.000000    
78.457242    0.000005    0.002757    0.677124    -0.003859    0.000014    0.000000    -0.000015    0.004194    -0.735835    -0.002996    -0.000005    
78.457242    -0.000005    -0.002996    -0.735835    0.004194    -0.000015    0.000000    -0.000014    0.003859    -0.677124    -0.002757    -0.000005    
139.867933    0.000000    0.000001    -0.000000    0.000000    -0.000000    0.000000    -0.000000    0.000010    -0.004071    0.999987    0.003166    
139.867933    0.003166    0.999987    -0.004071    0.000010    -0.000000    0.000000    -0.000000    -0.000000    0.000000    -0.000001    -0.000000    
218.825334    -0.000000    0.000000    -0.000000    -0.000000    0.000000    -0.000000    0.000000    -0.000000    0.000006    -0.003166    0.999995    
218.825334    0.999995    -0.003166    0.000006    -0.000000    0.000000    -0.000000    0.000000    -0.000000    0.000000    -0.000000    0.000000    

0.010472
-0.514174    0.000000    0.000000    0.000001    0.000204    0.028576    0.999191    0.028292    0.000201    0.000001    0.000000    0.000000    
8.233369    0.000000    0.000000    0.000034    0.009482    0.996346    -0.026210    -0.080728    -0.000763    -0.000003    -0.000000    -0.000000    
8.322183    0.000000    0.000000    0.000003    0.000763    0.079921    -0.030497    0.996289    0.009450    0.000034    0.000000    0.000000    
34.505204    0.000000    0.000014    0.005705    0.999938    -0.009514    0.000068    -0.000001    -0.000001    -0.000000    -0.000000    -0.000000    
34.680659    0.000000    0.000000    0.000000    0.000001    -0.000001    0.000067    -0.009483    0.999939    0.005693    0.000014    0.000000    
78.325703    0.000007    0.004074    0.999975    -0.005705    0.000020    -0.000000    0.000000    -0.000000    -0.000000    -0.000000    -0.000000    
78.588891    -0.000000    -0.000000    -0.000000    0.000000    -0.000000    0.000000    -0.000020    0.005694    -0.999976    -0.004068    -0.000007    
139.692529    0.003168    0.999987    -0.004074    0.000010    -0.000000    0.000000    -0.000000    0.000000    -0.000000    -0.000000    -0.000000    
140.043447    0.000000    0.000000    -0.000000    0.000000    -0.000000    0.000000    -0.000000    0.000010    -0.004068    0.999987    0.003164    
218.606065    0.999995    -0.003168    0.000006    -0.000000    0.000000    -0.000000    0.000000    -0.000000    0.000000    -0.000000    -0.000000    
219.044713    -0.000000    0.000000    -0.000000    0.000000    -0.000000    0.000000    -0.000000    0.000000    -0.000006    0.003164    -0.999995    

0.020944
-0.514010    0.000000    0.000000    0.000001    0.000206    0.028720    0.999191    0.028152    0.000199    0.000001    0.000000    0.000000    
8.189986    0.000000    0.000000    0.000034    0.009521    0.998739    -0.027558    -0.040864    -0.000384    -0.000001    -0.000000    -0.000000    
8.365896    -0.000000    -0.000000    -0.000001    -0.000384    -0.040055    0.029292    -0.998723    -0.009457    -0.000034    -0.000000    -0.000000    
34.417641    0.000000    0.000014    0.005711    0.999938    -0.009530    0.000068    -0.000001    -0.000000    -0.000000    -0.000000    -0.000000    
34.768551    -0.000000    -0.000000    -0.000000    -0.000000    0.000001    -0.000067    0.009467    -0.999939    -0.005688    -0.000013    -0.000000    
78.194274    0.000007    0.004077    0.999975    -0.005711    0.000020    -0.000000    0.000000    -0.000000    -0.000000    -0.000000    -0.000000    
78.720650    0.000000    0.000000    0.000000    -0.000000    0.000000    -0.000000    0.000020    -0.005688    0.999976    0.004065    0.000007    
139.517234    0.003170    0.999987    -0.004077    0.000010    -0.000000    0.000000    -0.000000    0.000000    -0.000000    -0.000000    -0.000000    
140.219071    -0.000000    -0.000000    0.000000    -0.000000    0.000000    -0.000000    0.000000    -0.000010    0.004065    -0.999987    -0.003163    
218.386905    0.999995    -0.003170    0.000006    -0.000000    0.000000    -0.000000    0.000000    -0.000000    0.000000    -0.000000    -0.000000    
219.264201    -0.000000    0.000000    -0.000000    0.000000    -0.000000    0.000000    -0.000000    0.000000    -0.000006    0.003163    -0.999995    

0.031416
-0.513738    -0.000000    -0.000000    -0.000001    -0.000207    -0.028866    -0.999191    -0.028014    -0.000198    -0.000001    -0.000000    -0.000000    
8.146524    0.000000    0.000000    0.000034    0.009541    0.999183    -0.028099    -0.027418    -0.000257    -0.000001    -0.000000    -0.000000    
8.409908    -0.000000    -0.000000    -0.000001    -0.000257    -0.026609    0.028784    -0.999187    -0.009446    -0.000034    -0.000000    -0.000000    
34.330188    0.000000    0.000014    0.005716    0.999938    -0.009546    0.000069    -0.000001    -0.000000    -0.000000    -0.000000    -0.000000    
34.856552    -0.000000    -0.000000    -0.000000    -0.000000    0.000001    -0.000067    0.009451    -0.999939    -0.005682    -0.000013    -0.000000    
78.062954    0.000007    0.004080    0.999975    -0.005716    0.000020    -0.000000    0.000000    -0.000000    -0.000000    -0.000000    -0.000000    
78.852518    -0.000000    -0.000000    -0.000000    0.000000    -0.000000    0.000000    -0.000020    0.005682    -0.999976    -0.004062    -0.000007    
139.342049    0.003172    0.999987    -0.004080    0.000010    -0.000000    0.000000    -0.000000    0.000000    -0.000000    -0.000000    -0.000000    
140.394805    -0.000000    -0.000000    0.000000    -0.000000    0.000000    -0.000000    0.000000    -0.000010    0.004062    -0.999987    -0.003161    
218.167855    0.999995    -0.003172    0.000006    -0.000000    0.000000    -0.000000    0.000000    -0.000000    0.000000    -0.000000    -0.000000    
219.483800    -0.000000    0.000000    -0.000000    0.000000    -0.000000    0.000000    -0.000000    0.000000    -0.000006    0.003161    -0.999995    

0.041888
-0.513356    0.000000    0.000000    0.000001    0.000209    0.029013    0.999190    0.027876    0.000197    0.000001    0.000000    0.000000    
8.103123    0.000000    0.000000    0.000034    0.009558    0.999336    -0.028442    -0.020678    -0.000193    -0.000001    -0.000000    -0.000000    
8.454079    0.000000    0.000000    0.000001    0.000193    0.019868    -0.028460    0.999353    0.009432    0.000033    0.000000    0.000000    
34.242845    0.000000    0.000014    0.005722    0.999938    -0.009562    0.000069    -0.000001    -0.000000    -0.000000    -0.000000    -0.000000    
34.944663    0.000000    0.000000    0.000000    0.000000    -0.000001    0.000067    -0.009436    0.999939    0.005676    0.000013    0.000000    
77.931744    0.000007    0.004083    0.999975    -0.005722    0.000020    -0.000000    0.000000    -0.000000    -0.000000    -0.000000    -0.000000    
78.984496    0.000000    0.000000    0.000000    -0.000000    0.000000    -0.000000    0.000020    -0.005677    0.999976    0.004059    0.000007    
139.166973    0.003173    0.999987    -0.004083    0.000010    -0.000000    0.000000    -0.000000    0.000000    -0.000000    -0.000000    -0.000000    
140.570648    0.000000    0.000000    -0.000000    0.000000    -0.000000    0.000000    -0.000000    0.000010    -0.004059    0.999987    0.003159    
217.948915    0.999995    -0.003173    0.000006    -0.000000    0.000000    -0.000000    0.000000    -0.000000    0.000000    -0.000000    -0.000000    
219.703508    0.000000    -0.000000    0.000000    -0.000000    0.000000    -0.000000    0.000000    -0.000000    0.000006    -0.003159    0.999995    

0.052360
-0.512866    0.000000    0.000000    0.000001    0.000210    0.029161    0.999190    0.027741    0.000195    0.000001    0.000000    0.000000    
8.059814    0.000000    0.000000    0.000034    0.009575    0.999404    -0.028708    -0.016631    -0.000154    -0.000001    -0.000000    -0.000000    
8.498378    0.000000    0.000000    0.000001    0.000154    0.015821    -0.028211    0.999432    0.009417    0.000033    0.000000    0.000000    
34.155611    0.000000    0.000014    0.005728    0.999938    -0.009578    0.000069    -0.000001    -0.000000    -0.000000    -0.000000    -0.000000    
35.032884    0.000000    0.000000    0.000000    0.000000    -0.000001    0.000066    -0.009420    0.999940    0.005671    0.000013    0.000000    
77.800643    0.000007    0.004085    0.999975    -0.005728    0.000021    -0.000000    0.000000    -0.000000    -0.000000    -0.000000    -0.000000    
79.116583    0.000000    0.000000    0.000000    -0.000000    0.000000    -0.000000    0.000020    -0.005671    0.999976    0.004056    0.000007    
138.992007    0.003175    0.999987    -0.004086    0.000010    -0.000000    0.000000    -0.000000    0.000000    -0.000000    -0.000000    -0.000000    
140.746601    0.000000    0.000000    -0.000000    0.000000    -0.000000    0.000000    -0.000000    0.000010    -0.004056    0.999987    0.003157    
217.730084    0.999995    -0.003175    0.000006    -0.000000    0.000000    -0.000000    0.000000    -0.000000    0.000000    -0.000000    -0.000000    
219.923325    0.000000    -0.000000    0.000000    -0.000000    0.000000    -0.000000    0.000000    -0.000000    0.000006    -0.003157    0.999995    

0.062832
-0.512267    0.000000    0.000000    0.000001    0.000212    0.029311    0.999189    0.027606    0.000194    0.000001    0.000000    0.000000    
8.016605    0.000000    0.000000    0.000034    0.009592    0.999438    -0.028936    -0.013932    -0.000129    -0.000000    -0.000000    -0.000000    
8.542797    0.000000    0.000000    0.000000    0.000129    0.013122    -0.028001    0.999478    0.009402    0.000033    0.000000    0.000000    
34.068487    0.000000    0.000014    0.005734    0.999938    -0.009595    0.000069    -0.000001    -0.000000    -0.000000    -0.000000    -0.000000    
35.121214    0.000000    0.000000    0.000000    0.000000    -0.000001    0.000066    -0.009405    0.999940    0.005665    0.000013    0.000000    
77.669652    0.000007    0.004088    0.999975    -0.005734    0.000021    -0.000000    0.000000    -0.000000    -0.000000    -0.000000    -0.000000    
79.248780    0.000000    0.000000    0.000000    -0.000000    0.000000    -0.000000    0.000020    -0.005665    0.999976    0.004054    0.000007    
138.817151    0.003177    0.999987    -0.004088    0.000010    -0.000000    0.000000    -0.000000    0.000000    -0.000000    -0.000000    -0.000000    
140.922663    0.000000    0.000000    -0.000000    0.000000    -0.000000    0.000000    -0.000000    0.000010    -0.004054    0.999987    0.003156    
217.511363    0.999995    -0.003177    0.000006    -0.000000    0.000000    -0.000000    0.000000    -0.000000    0.000000    -0.000000    -0.000000    
220.143252    0.000000    -0.000000    0.000000    -0.000000    0.000000    -0.000000    0.000000    -0.000000    0.000006    -0.003156    0.999995    

0.073304
-0.511559    0.000000    0.000000    0.000001    0.000214    0.029463    0.999188    0.027473    0.000192    0.000001    0.000000    0.000000    
7.973500    0.000000    0.000000    0.000035    0.009608    0.999457    -0.029143    -0.012004    -0.000110    -0.000000    -0.000000    -0.000000    
8.587332    0.000000    0.000000    0.000000    0.000110    0.011194    -0.027813    0.999506    0.009387    0.000033    0.000000    0.000000    
33.981473    0.000000    0.000014    0.005739    0.999937    -0.009611    0.000070    -0.000001    -0.000000    -0.000000    -0.000000    -0.000000    
35.209655    0.000000    0.000000    0.000000    0.000000    -0.000001    0.000066    -0.009389    0.999940    0.005660    0.000013    0.000000    
77.538771    0.000007    0.004091    0.999975    -0.005739    0.000021    -0.000000    0.000000    -0.000000    -0.000000    -0.000000    -0.000000    
79.381087    0.000000    0.000000    0.000000    -0.000000    0.000000    -0.000000    0.000020    -0.005660    0.999976    0.004051    0.000007    
138.642405    0.003179    0.999987    -0.004091    0.000010    -0.000000    0.000000    -0.000000    0.000000    -0.000000    -0.000000    -0.000000    
141.098835    0.000000    0.000000    -0.000000    0.000000    -0.000000    0.000000    -0.000000    0.000010    -0.004051    0.999987    0.003154    
217.292752    0.999995    -0.003179    0.000006    -0.000000    0.000000    -0.000000    0.000000    -0.000000    0.000000    -0.000000    -0.000000    
220.363289    0.000000    -0.000000    0.000000    -0.000000    0.000000    -0.000000    0.000000    -0.000000    0.000006    -0.003154    0.999995    

0.083776
-0.510742    0.000000    0.000000    0.000001    0.000215    0.029616    0.999187    0.027341    0.000191    0.000001    0.000000    0.000000    
7.930503    0.000000    0.000000    0.000035    0.009624    0.999467    -0.029338    -0.010559    -0.000096    -0.000000    -0.000000    -0.000000    
8.631980    0.000000    0.000000    0.000000    0.000096    0.009748    -0.027641    0.999526    0.009371    0.000033    0.000000    0.000000    
33.894568    0.000000    0.000014    0.005745    0.999937    -0.009627    0.000070    -0.000001    -0.000000    -0.000000    -0.000000    -0.000000    
35.298204    0.000000    0.000000    0.000000    0.000000    -0.000001    0.000065    -0.009374    0.999940    0.005654    0.000013    0.000000    
77.407999    0.000007    0.004094    0.999975    -0.005745    0.000021    -0.000000    0.000000    -0.000000    -0.000000    -0.000000    -0.000000    
79.513504    0.000000    0.000000    0.000000    -0.000000    0.000000    -0.000000    0.000020    -0.005654    0.999976    0.004048    0.000007    
138.467768    0.003180    0.999987    -0.004094    0.000010    -0.000000    0.000000    -0.000000    0.000000    -0.000000    -0.000000    -0.000000    
141.275117    0.000000    0.000000    -0.000000    0.000000    -0.000000    0.000000    -0.000000    0.000010    -0.004048    0.999987    0.003152    
217.074250    0.999995    -0.003180    0.000006    -0.000000    0.000000    -0.000000    0.000000    -0.000000    0.000000    -0.000000    -0.000000    
220.583436    0.000000    -0.000000    0.000000    -0.000000    0.000000    -0.000000    0.000000    -0.000000    0.000006    -0.003152    0.999995    

0.094248
-0.509816    0.000000    0.000000    0.000001    0.000217    0.029771    0.999186    0.027210    0.000190    0.000001    0.000000    0.000000    
7.887612    0.000000    0.000000    0.000035    0.009641    0.999473    -0.029525    -0.009435    -0.000086    -0.000000    -0.000000    -0.000000    
8.676740    0.000000    0.000000    0.000000    0.000086    0.008624    -0.027479    0.999541    0.009356    0.000033    0.000000    0.000000    
33.807773    0.000000    0.000014    0.005751    0.999937    -0.009643    0.000070    -0.000001    -0.000000    -0.000000    -0.000000    -0.000000    
35.386864    0.000000    0.000000    0.000000    0.000000    -0.000001    0.000065    -0.009358    0.999940    0.005648    0.000013    0.000000    
77.277337    0.000007    0.004097    0.999975    -0.005751    0.000021    -0.000000    0.000000    -0.000000    -0.000000    -0.000000    -0.000000    
79.646030    0.000000    0.000000    0.000000    -0.000000    0.000000    -0.000000    0.000020    -0.005648    0.999976    0.004045    0.000007    
138.293240    0.003182    0.999987    -0.004097    0.000010    -0.000000    0.000000    -0.000000    0.000000    -0.000000    -0.000000    -0.000000    
141.451509    0.000000    0.000000    -0.000000    0.000000    -0.000000    0.000000    -0.000000    0.000010    -0.004045    0.999987    0.003151    
216.855858    0.999995    -0.003182    0.000006    -0.000000    0.000000    -0.000000    0.000000    -0.000000    0.000000    -0.000000    -0.000000    
220.803692    0.000000    -0.000000    0.000000    -0.000000    0.000000    -0.000000    0.000000    -0.000000    0.000006    -0.003151    0.999995    

0.104720
-0.508780    0.000000    0.000000    0.000001    0.000219    0.029927    0.999185    0.027081    0.000188    0.000001    0.000000    0.000000    
7.844831    0.000000    0.000000    0.000035    0.009657    0.999476    -0.029707    -0.008536    -0.000077    -0.000000    -0.000000    -0.000000    
8.721612    0.000000    0.000000    0.000000    0.000077    0.007725    -0.027324    0.999553    0.009341    0.000033    0.000000    0.000000    
33.721087    0.000000    0.000014    0.005757    0.999937    -0.009660    0.000071    -0.000001    -0.000000    -0.000000    -0.000000    -0.000000    
35.475633    0.000000    0.000000    0.000000    0.000000    -0.000001    0.000065    -0.009343    0.999940    0.005643    0.000013    0.000000    
77.146785    0.000007    0.004100    0.999975    -0.005757    0.000021    -0.000000    0.000000    -0.000000    -0.000000    -0.000000    -0.000000    
79.778666    -0.000000    -0.000000    -0.000000    0.000000    -0.000000    0.000000    -0.000020    0.005643    -0.999976    -0.004042    -0.000007    
138.118823    0.003184    0.999987    -0.004100    0.000010    -0.000000    0.000000    -0.000000    0.000000    -0.000000    -0.000000    -0.000000    
141.628010    -0.000000    -0.000000    0.000000    -0.000000    0.000000    -0.000000    0.000000    -0.000010    0.004042    -0.999987    -0.003149    
216.637576    0.999995    -0.003184    0.000006    -0.000000    0.000000    -0.000000    0.000000    -0.000000    0.000000    -0.000000    -0.000000    
221.024058    0.000000    -0.000000    0.000000    -0.000000    0.000000    -0.000000    0.000000    -0.000000    0.000006    -0.003149    0.999995    

0.115192
-0.507637    0.000000    0.000000    0.000001    0.000220    0.030085    0.999184    0.026952    0.000187    0.000001    0.000000    0.000000    
7.802158    0.000000    0.000000    0.000035    0.009673    0.999476    -0.029886    -0.007801    -0.000070    -0.000000    -0.000000    -0.000000    
8.766595    0.000000    0.000000    0.000000    0.000070    0.006989    -0.027175    0.999563    0.009326    0.000033    0.000000    0.000000    
33.634512    0.000000    0.000014    0.005763    0.999937    -0.009676    0.000071    -0.000001    -0.000000    -0.000000    -0.000000    -0.000000    
35.564512    0.000000    0.000000    0.000000    0.000000    -0.000001    0.000065    -0.009328    0.999941    0.005637    0.000013    0.000000    
77.016343    0.000007    0.004103    0.999975    -0.005763    0.000021    -0.000000    0.000000    -0.000000    -0.000000    -0.000000    -0.000000    
79.911411    -0.000000    -0.000000    -0.000000    0.000000    -0.000000    0.000000    -0.000020    0.005637    -0.999976    -0.004039    -0.000007    
137.944515    0.003186    0.999987    -0.004103    0.000010    -0.000000    0.000000    -0.000000    0.000000    -0.000000    -0.000000    -0.000000    
141.804621    -0.000000    -0.000000    0.000000    -0.000000    0.000000    -0.000000    0.000000    -0.000010    0.004039    -0.999987    -0.003147    
216.419403    0.999995    -0.003186    0.000006    -0.000000    0.000000    -0.000000    0.000000    -0.000000    0.000000    -0.000000    -0.000000    
221.244534    0.000000    -0.000000    0.000000    -0.000000    0.000000    -0.000000    0.000000    -0.000000    0.000006    -0.003147    0.999995    

0.125664
-0.506384    0.000000    0.000000    0.000001    0.000222    0.030245    0.999182    0.026825    0.000185    0.000001    0.000000    0.000000    
7.759594    0.000000    0.000000    0.000035    0.009690    0.999475    -0.030063    -0.007189    -0.000064    -0.000000    -0.000000    -0.000000    
8.811688    0.000000    0.000000    0.000000    0.000064    0.006377    -0.027031    0.999571    0.009310    0.000033    0.000000    0.000000    
33.548046    0.000000    0.000014    0.005768    0.999936    -0.009692    0.000071    -0.000001    -0.000000    -0.000000    -0.000000    -0.000000    
35.653500    0.000000    0.000000    0.000000    0.000000    -0.000001    0.000064    -0.009312    0.999941    0.005632    0.000013    0.000000    
76.886010    0.000007    0.004106    0.999975    -0.005768    0.000021    -0.000000    0.000000    -0.000000    -0.000000    -0.000000    -0.000000    
80.044266    -0.000000    -0.000000    -0.000000    0.000000    -0.000000    0.000000    -0.000020    0.005632    -0.999976    -0.004036    -0.000007    
137.770317    0.003188    0.999986    -0.004106    0.000010    -0.000000    0.000000    -0.000000    0.000000    -0.000000    -0.000000    -0.000000    
141.981341    -0.000000    -0.000000    0.000000    -0.000000    0.000000    -0.000000    0.000000    -0.000009    0.004036    -0.999987    -0.003145    
216.201340    0.999995    -0.003188    0.000006    -0.000000    0.000000    -0.000000    0.000000    -0.000000    0.000000    -0.000000    -0.000000    
221.465119    0.000000    -0.000000    0.000000    -0.000000    0.000000    -0.000000    0.000000    -0.000000    0.000006    -0.003145    0.999995    

0.136136
-0.505022    0.000000    0.000000    0.000001    0.000224    0.030407    0.999181    0.026700    0.000184    0.000001    0.000000    0.000000    
7.717140    0.000000    0.000000    0.000035    0.009706    0.999473    -0.030239    -0.006672    -0.000060    -0.000000    -0.000000    -0.000000    
8.856893    0.000000    0.000000    0.000000    0.000060    0.005859    -0.026890    0.999578    0.009295    0.000033    0.000000    0.000000    
33.461689    0.000000    0.000014    0.005774    0.999936    -0.009709    0.000071    -0.000001    -0.000000    -0.000000    -0.000000    -0.000000    
35.742599    0.000000    0.000000    0.000000    0.000000    -0.000001    0.000064    -0.009297    0.999941    0.005626    0.000013    0.000000    
76.755787    0.000007    0.004109    0.999975    -0.005774    0.000021    -0.000000    0.000000    -0.000000    -0.000000    -0.000000    -0.000000    
80.177231    -0.000000    -0.000000    -0.000000    0.000000    -0.000000    0.000000    -0.000020    0.005626    -0.999976    -0.004033    -0.000007    
137.596228    0.003189    0.999986    -0.004109    0.000010    -0.000000    0.000000    -0.000000    0.000000    -0.000000    -0.000000    -0.000000    
142.158171    -0.000000    -0.000000    0.000000    -0.000000    0.000000    -0.000000    0.000000    -0.000009    0.004033    -0.999987    -0.003144    
215.983387    0.999995    -0.003189    0.000006    -0.000000    0.000000    -0.000000    0.000000    -0.000000    0.000000    -0.000000    -0.000000    
221.685814    0.000000    -0.000000    0.000000    -0.000000    0.000000    -0.000000    0.000000    -0.000000    0.000006    -0.003144    0.999995    

0.146608
-0.503551    0.000000    0.000000    0.000001    0.000226    0.030570    0.999179    0.026575    0.000183    0.000001    0.000000    0.000000    
7.674796    0.000000    0.000000    0.000035    0.009723    0.999471    -0.030415    -0.006228    -0.000055    -0.000000    -0.000000    -0.000000    
8.902207    0.000000    0.000000    0.000000    0.000055    0.005415    -0.026753    0.999584    0.009280    0.000032    0.000000    0.000000    
33.375443    0.000000    0.000014    0.005780    0.999936    -0.009725    0.000072    -0.000001    -0.000000    -0.000000    -0.000000    -0.000000    
35.831807    0.000000    0.000000    0.000000    0.000000    -0.000001    0.000064    -0.009282    0.999941    0.005620    0.000013    0.000000    
76.625673    0.000007    0.004112    0.999975    -0.005780    0.000021    -0.000000    0.000000    -0.000000    -0.000000    -0.000000    -0.000000    
80.310306    -0.000000    -0.000000    -0.000000    0.000000    -0.000000    0.000000    -0.000020    0.005621    -0.999976    -0.004031    -0.000007    
137.422249    0.003191    0.999986    -0.004112    0.000010    -0.000000    0.000000    -0.000000    0.000000    -0.000000    -0.000000    -0.000000    
142.335111    -0.000000    -0.000000    0.000000    -0.000000    0.000000    -0.000000    0.000000    -0.000009    0.004031    -0.999987    -0.003142    
215.765543    0.999995    -0.003191    0.000006    -0.000000    0.000000    -0.000000    0.000000    -0.000000    0.000000    -0.000000    -0.000000    
221.906618    0.000000    -0.000000    0.000000    -0.000000    0.000000    -0.000000    0.000000    -0.000000    0.000006    -0.003142    0.999995    

0.157080
-0.501971    0.000000    0.000000    0.000001    0.000227    0.030735    0.999177    0.026451    0.000182    0.000001    0.000000    0.000000    
7.632561    0.000000    0.000000    0.000035    0.009740    0.999467    -0.030591    -0.005845    -0.000052    -0.000000    -0.000000    -0.000000    
8.947632    0.000000    0.000000    0.000000    0.000052    0.005031    -0.026619    0.999590    0.009265    0.000032    0.000000    0.000000    
33.289306    0.000000    0.000014    0.005786    0.999936    -0.009742    0.000072    -0.000001    -0.000000    -0.000000    -0.000000    -0.000000    
35.921124    0.000000    0.000000    0.000000    0.000000    -0.000001    0.000064    -0.009267    0.999941    0.005615    0.000013    0.000000    
76.495669    0.000007    0.004115    0.999975    -0.005786    0.000021    -0.000000    0.000000    -0.000000    -0.000000    -0.000000    -0.000000    
80.443490    -0.000000    -0.000000    -0.000000    0.000000    -0.000000    0.000000    -0.000020    0.005615    -0.999976    -0.004028    -0.000007    
137.248380    0.003193    0.999986    -0.004115    0.000010    -0.000000    0.000000    -0.000000    0.000000    -0.000000    -0.000000    -0.000000    
142.512160    -0.000000    -0.000000    0.000000    -0.000000    0.000000    -0.000000    0.000000    -0.000009    0.004028    -0.999987    -0.003140    
215.547809    0.999995    -0.003193    0.000006    -0.000000    0.000000    -0.000000    0.000000    -0.000000    0.000000    -0.000000    -0.000000    
222.127532    0.000000    -0.000000    0.000000    -0.000000    0.000000    -0.000000    0.000000    -0.000000    0.000006    -0.003140    0.999995    

0.167552
-0.500283    0.000000    0.000000    0.000001    0.000229    0.030901    0.999176    0.026329    0.000180    0.000001    0.000000    0.000000    
7.590436    0.000000    0.000000    0.000035    0.009756    0.999464    -0.030767    -0.005509    -0.000048    -0.000000    -0.000000    -0.000000    
8.993168    0.000000    0.000000    0.000000    0.000048    0.004694    -0.026487    0.999595    0.009250    0.000032    0.000000    0.000000    
33.203278    0.000000    0.000014    0.005792    0.999936    -0.009759    0.000072    -0.000001    -0.000000    -0.000000    -0.000000    -0.000000    
36.010551    -0.000000    -0.000000    -0.000000    -0.000000    0.000001    -0.000063    0.009252    -0.999941    -0.005609    -0.000013    -0.000000    
76.365775    0.000007    0.004118    0.999975    -0.005792    0.000021    -0.000000    0.000000    -0.000000    -0.000000    -0.000000    -0.000000    
80.576784    0.000000    0.000000    0.000000    -0.000000    0.000000    -0.000000    0.000020    -0.005609    0.999976    0.004025    0.000007    
137.074621    0.003195    0.999986    -0.004118    0.000010    -0.000000    0.000000    -0.000000    0.000000    -0.000000    -0.000000    -0.000000    
142.689320    -0.000000    -0.000000    0.000000    -0.000000    0.000000    -0.000000    0.000000    -0.000009    0.004025    -0.999987    -0.003138    
215.330185    0.999995    -0.003195    0.000006    -0.000000    0.000000    -0.000000    0.000000    -0.000000    0.000000    -0.000000    -0.000000    
222.348556    0.000000    -0.000000    0.000000    -0.000000    0.000000    -0.000000    0.000000    -0.000000    0.000006    -0.003138    0.999995    

0.178024
-0.498485    0.000000    0.000000    0.000001    0.000231    0.031070    0.999174    0.026208    0.000179    0.000001    0.000000    0.000000    
7.548420    0.000000    0.000000    0.000036    0.009773    0.999460    -0.030944    -0.005213    -0.000046    -0.000000    -0.000000    -0.000000    
9.038814    0.000000    0.000000    0.000000    0.000046    0.004398    -0.026357    0.999600    0.009235    0.000032    0.000000    0.000000    
33.117361    0.000000    0.000014    0.005798    0.999935    -0.009776    0.000073    -0.000001    -0.000000    -0.000000    -0.000000    -0.000000    
36.100088    -0.000000    -0.000000    -0.000000    -0.000000    0.000001    -0.000063    0.009237    -0.999942    -0.005604    -0.000013    -0.000000    
76.235990    0.000007    0.004121    0.999975    -0.005798    0.000021    -0.000000    0.000000    -0.000000    -0.000000    -0.000000    -0.000000    
80.710187    0.000000    0.000000    0.000000    -0.000000    0.000000    -0.000000    0.000020    -0.005604    0.999976    0.004022    0.000007    
136.900971    0.003196    0.999986    -0.004121    0.000010    -0.000000    0.000000    -0.000000    0.000000    -0.000000    -0.000000    -0.000000    
142.866588    -0.000000    -0.000000    0.000000    -0.000000    0.000000    -0.000000    0.000000    -0.000009    0.004022    -0.999987    -0.003137    
215.112670    0.999995    -0.003196    0.000006    -0.000000    0.000000    -0.000000    0.000000    -0.000000    0.000000    -0.000000    -0.000000    
222.569690    0.000000    -0.000000    0.000000    -0.000000    0.000000    -0.000000    0.000000    -0.000000    0.000006    -0.003137    0.999995    

0.188496
-0.496579    -0.000000    -0.000000    -0.000001    -0.000233    -0.031240    -0.999171    -0.026088    -0.000178    -0.000001    -0.000000    -0.000000    
7.506515    0.000000    0.000000    0.000036    0.009790    0.999455    -0.031122    -0.004951    -0.000043    -0.000000    -0.000000    -0.000000    
9.084569    -0.000000    -0.000000    -0.000000    -0.000043    -0.004135    0.026230    -0.999605    -0.009220    -0.000032    -0.000000    -0.000000    
33.031553    0.000000    0.000014    0.005804    0.999935    -0.009792    0.000073    -0.000001    -0.000000    -0.000000    -0.000000    -0.000000    
36.189735    -0.000000    -0.000000    -0.000000    -0.000000    0.000001    -0.000063    0.009222    -0.999942    -0.005598    -0.000013    -0.000000    
76.106315    0.000007    0.004124    0.999975    -0.005804    0.000021    -0.000000    0.000000    -0.000000    -0.000000    -0.000000    -0.000000    
80.843700    0.000000    0.000000    0.000000    -0.000000    0.000000    -0.000000    0.000020    -0.005598    0.999976    0.004019    0.000007    
136.727430    0.003198    0.999986    -0.004124    0.000010    -0.000000    0.000000    -0.000000    0.000000    -0.000000    -0.000000    -0.000000    
143.043967    -0.000000    -0.000000    0.000000    -0.000000    0.000000    -0.000000    0.000000    -0.000009    0.004019    -0.999987    -0.003135    
214.895265    0.999995    -0.003198    0.000006    -0.000000    0.000000    -0.000000    0.000000    -0.000000    0.000000    -0.000000    -0.000000    
222.790933    0.000000    -0.000000    0.000000    -0.000000    0.000000    -0.000000    0.000000    -0.000000    0.000006    -0.003135    0.999995    

0.198968
-0.494563    -0.000000    -0.000000    -0.000001    -0.000235    -0.031412    -0.999169    -0.025968    -0.000177    -0.000001    -0.000000    -0.000000    
7.464719    0.000000    0.000000    0.000036    0.009807    0.999451    -0.031301    -0.004716    -0.000041    -0.000000    -0.000000    -0.000000    
9.130435    -0.000000    -0.000000    -0.000000    -0.000041    -0.003899    0.026104    -0.999609    -0.009205    -0.000032    -0.000000    -0.000000    
32.945854    0.000000    0.000014    0.005810    0.999935    -0.009809    0.000073    -0.000001    -0.000000    -0.000000    -0.000000    -0.000000    
36.279491    -0.000000    -0.000000    -0.000000    -0.000000    0.000001    -0.000063    0.009207    -0.999942    -0.005593    -0.000013    -0.000000    
75.976750    0.000007    0.004127    0.999975    -0.005810    0.000021    -0.000000    0.000000    -0.000000    -0.000000    -0.000000    -0.000000    
80.977323    0.000000    0.000000    0.000000    -0.000000    0.000000    -0.000000    0.000019    -0.005593    0.999976    0.004016    0.000007    
136.554000    0.003200    0.999986    -0.004127    0.000010    -0.000000    0.000000    -0.000000    0.000000    -0.000000    -0.000000    -0.000000    
143.221455    -0.000000    -0.000000    0.000000    -0.000000    0.000000    -0.000000    0.000000    -0.000009    0.004016    -0.999987    -0.003133    
214.677970    0.999995    -0.003200    0.000006    -0.000000    0.000000    -0.000000    0.000000    -0.000000    0.000000    -0.000000    -0.000000    
223.012286    0.000000    -0.000000    0.000000    -0.000000    0.000000    -0.000000    0.000000    -0.000000    0.000006    -0.003133    0.999995    

0.209440
-0.492439    0.000000    0.000000    0.000001    0.000237    0.031586    0.999167    0.025850    0.000175    0.000001    0.000000    0.000000    
7.423033    0.000000    0.000000    0.000036    0.009823    0.999446    -0.031481    -0.004505    -0.000039    -0.000000    -0.000000    -0.000000    
9.176411    -0.000000    -0.000000    -0.000000    -0.000039    -0.003687    0.025980    -0.999613    -0.009191    -0.000032    -0.000000    -0.000000    
32.860266    0.000000    0.000014    0.005815    0.999935    -0.009826    0.000074    -0.000001    -0.000000    -0.000000    -0.000000    -0.000000    
36.369357    0.000000    0.000000    0.000000    0.000000    -0.000001    0.000062    -0.009192    0.999942    0.005587    0.000013    0.000000    
75.847295    0.000007    0.004130    0.999975    -0.005816    0.000021    -0.000000    0.000000    -0.000000    -0.000000    -0.000000    -0.000000    
81.111056    0.000000    0.000000    0.000000    -0.000000    0.000000    -0.000000    0.000019    -0.005587    0.999976    0.004014    0.000007    
136.380679    0.003202    0.999986    -0.004130    0.000010    -0.000000    0.000000    -0.000000    0.000000    -0.000000    -0.000000    -0.000000    
143.399053    -0.000000    -0.000000    0.000000    -0.000000    0.000000    -0.000000    0.000000    -0.000009    0.004014    -0.999987    -0.003131    
214.460784    0.999995    -0.003202    0.000006    -0.000000    0.000000    -0.000000    0.000000    -0.000000    0.000000    -0.000000    -0.000000    
223.233748    0.000000    -0.000000    0.000000    -0.000000    0.000000    -0.000000    0.000000    -0.000000    0.000006    -0.003131    0.999995    

0.219911
-0.490206    0.000000    0.000000    0.000001    0.000239    0.031763    0.999164    0.025734    0.000174    0.000001    0.000000    0.000000    
7.381458    0.000000    0.000000    0.000036    0.009840    0.999441    -0.031663    -0.004314    -0.000037    -0.000000    -0.000000    -0.000000    
9.222497    -0.000000    -0.000000    -0.000000    -0.000037    -0.003496    0.025858    -0.999617    -0.009176    -0.000032    -0.000000    -0.000000    
32.774787    0.000000    0.000014    0.005821    0.999935    -0.009843    0.000074    -0.000001    -0.000000    -0.000000    -0.000000    -0.000000    
36.459332    0.000000    0.000000    0.000000    0.000000    -0.000001    0.000062    -0.009177    0.999942    0.005582    0.000013    0.000000    
75.717949    0.000007    0.004133    0.999975    -0.005821    0.000021    -0.000000    0.000000    -0.000000    -0.000000    -0.000000    -0.000000    
81.244898    0.000000    0.000000    0.000000    -0.000000    0.000000    -0.000000    0.000019    -0.005582    0.999976    0.004011    0.000007    
136.207468    0.003204    0.999986    -0.004133    0.000010    -0.000000    0.000000    -0.000000    0.000000    -0.000000    -0.000000    -0.000000    
143.576760    -0.000000    -0.000000    0.000000    -0.000000    0.000000    -0.000000    0.000000    -0.000009    0.004011    -0.999987    -0.003130    
214.243708    0.999995    -0.003204    0.000006    -0.000000    0.000000    -0.000000    0.000000    -0.000000    0.000000    -0.000000    -0.000000    
223.455321    0.000000    -0.000000    0.000000    -0.000000    0.000000    -0.000000    0.000000    -0.000000    0.000006    -0.003130    0.999995    

0.230383
-0.487863    0.000000    0.000000    0.000001    0.000241    0.031941    0.999161    0.025618    0.000173    0.000001    0.000000    0.000000    
7.339992    0.000000    0.000000    0.000036    0.009857    0.999436    -0.031846    -0.004141    -0.000035    -0.000000    -0.000000    -0.000000    
9.268694    -0.000000    -0.000000    -0.000000    -0.000035    -0.003322    0.025737    -0.999621    -0.009161    -0.000032    -0.000000    -0.000000    
32.689417    0.000000    0.000014    0.005827    0.999934    -0.009860    0.000074    -0.000001    -0.000000    -0.000000    -0.000000    -0.000000    
36.549418    0.000000    0.000000    0.000000    0.000000    -0.000001    0.000062    -0.009163    0.999942    0.005576    0.000013    0.000000    
75.588712    0.000007    0.004136    0.999974    -0.005827    0.000021    -0.000000    0.000000    -0.000000    -0.000000    -0.000000    -0.000000    
81.378850    0.000000    0.000000    0.000000    -0.000000    0.000000    -0.000000    0.000019    -0.005577    0.999976    0.004008    0.000007    
136.034366    0.003205    0.999986    -0.004136    0.000010    -0.000000    0.000000    -0.000000    0.000000    -0.000000    -0.000000    -0.000000    
143.754577    -0.000000    -0.000000    0.000000    -0.000000    0.000000    -0.000000    0.000000    -0.000009    0.004008    -0.999987    -0.003128    
214.026742    0.999995    -0.003205    0.000006    -0.000000    0.000000    -0.000000    0.000000    -0.000000    0.000000    -0.000000    -0.000000    
223.677002    0.000000    -0.000000    0.000000    -0.000000    0.000000    -0.000000    0.000000    -0.000000    0.000005    -0.003128    0.999995    

0.240855
-0.485412    0.000000    0.000000    0.000001    0.000243    0.032121    0.999159    0.025503    0.000172    0.000001    0.000000    0.000000    
7.298637    0.000000    0.000000    0.000036    0.009874    0.999430    -0.032030    -0.003984    -0.000034    -0.000000    -0.000000    -0.000000    
9.315000    -0.000000    -0.000000    -0.000000    -0.000034    -0.003163    0.025618    -0.999625    -0.009146    -0.000032    -0.000000    -0.000000    
32.604158    0.000000    0.000014    0.005833    0.999934    -0.009877    0.000075    -0.000001    -0.000000    -0.000000    -0.000000    -0.000000    
36.639612    0.000000    0.000000    0.000000    0.000000    -0.000001    0.000062    -0.009148    0.999943    0.005571    0.000013    0.000000    
75.459586    0.000007    0.004139    0.999974    -0.005833    0.000021    -0.000000    0.000000    -0.000000    -0.000000    -0.000000    -0.000000    
81.512911    0.000000    0.000000    0.000000    -0.000000    0.000000    -0.000000    0.000019    -0.005571    0.999976    0.004005    0.000007    
135.861374    0.003207    0.999986    -0.004139    0.000010    -0.000000    0.000000    -0.000000    0.000000    -0.000000    -0.000000    -0.000000    
143.932504    -0.000000    -0.000000    0.000000    -0.000000    0.000000    -0.000000    0.000000    -0.000009    0.004005    -0.999987    -0.003126    
213.809885    0.999995    -0.003207    0.000006    -0.000000    0.000000    -0.000000    0.000000    -0.000000    0.000000    -0.000000    -0.000000    
223.898794    0.000000    -0.000000    0.000000    -0.000000    0.000000    -0.000000    0.000000    -0.000000    0.000005    -0.003126    0.999995    

0.251327
-0.482852    0.000000    0.000000    0.000001    0.000245    0.032303    0.999156    0.025389    0.000171    0.000001    0.000000    0.000000    
7.257391    0.000000    0.000000    0.000036    0.009891    0.999425    -0.032216    -0.003839    -0.000033    -0.000000    -0.000000    -0.000000    
9.361416    -0.000000    -0.000000    -0.000000    -0.000033    -0.003018    0.025500    -0.999629    -0.009132    -0.000032    -0.000000    -0.000000    
32.519008    0.000000    0.000014    0.005839    0.999934    -0.009894    0.000075    -0.000001    -0.000000    -0.000000    -0.000000    -0.000000    
36.729917    0.000000    0.000000    0.000000    0.000000    -0.000001    0.000061    -0.009133    0.999943    0.005566    0.000013    0.000000    
75.330569    0.000007    0.004142    0.999974    -0.005839    0.000021    -0.000000    0.000000    -0.000000    -0.000000    -0.000000    -0.000000    
81.647082    0.000000    0.000000    0.000000    -0.000000    0.000000    -0.000000    0.000019    -0.005566    0.999977    0.004002    0.000007    
135.688492    0.003209    0.999986    -0.004142    0.000010    -0.000000    0.000000    -0.000000    0.000000    -0.000000    -0.000000    -0.000000    
144.110540    -0.000000    -0.000000    0.000000    -0.000000    0.000000    -0.000000    0.000000    -0.000009    0.004002    -0.999987    -0.003125    
213.593138    0.999995    -0.003209    0.000006    -0.000000    0.000000    -0.000000    0.000000    -0.000000    0.000000    -0.000000    -0.000000    
224.120695    0.000000    -0.000000    0.000000    -0.000000    0.000000    -0.000000    0.000000    -0.000000    0.000005    -0.003125    0.999995    

0.261799
-0.480184    0.000000    0.000000    0.000001    0.000247    0.032487    0.999152    0.025276    0.000169    0.000001    0.000000    0.000000    
7.216256    0.000000    0.000000    0.000036    0.009909    0.999419    -0.032404    -0.003707    -0.000031    -0.000000    -0.000000    -0.000000    
9.407942    -0.000000    -0.000000    -0.000000    -0.000031    -0.002884    0.025384    -0.999632    -0.009117    -0.000031    -0.000000    -0.000000    
32.433967    0.000000    0.000014    0.005845    0.999934    -0.009912    0.000075    -0.000001    -0.000000    -0.000000    -0.000000    -0.000000    
36.820331    0.000000    0.000000    0.000000    0.000000    -0.000001    0.000061    -0.009119    0.999943    0.005560    0.000013    0.000000    
75.201662    0.000007    0.004145    0.999974    -0.005845    0.000021    -0.000000    0.000000    -0.000000    -0.000000    -0.000000    -0.000000    
81.781363    0.000000    0.000000    0.000000    -0.000000    0.000000    -0.000000    0.000019    -0.005560    0.999977    0.003999    0.000007    
135.515719    0.003211    0.999986    -0.004145    0.000010    -0.000000    0.000000    -0.000000    0.000000    -0.000000    -0.000000    -0.000000    
144.288686    -0.000000    -0.000000    0.000000    -0.000000    0.000000    -0.000000    0.000000    -0.000009    0.003999    -0.999987    -0.003123    
213.376501    0.999995    -0.003211    0.000006    -0.000000    0.000000    -0.000000    0.000000    -0.000000    0.000000    -0.000000    -0.000000    
224.342706    0.000000    -0.000000    0.000000    -0.000000    0.000000    -0.000000    0.000000    -0.000000    0.000005    -0.003123    0.999995    

0.272271
-0.477406    0.000000    0.000000    0.000001    0.000249    0.032673    0.999149    0.025164    0.000168    0.000001    0.000000    0.000000    
7.175230    0.000000    0.000000    0.000037    0.009926    0.999413    -0.032594    -0.003585    -0.000030    -0.000000    -0.000000    -0.000000    
9.454578    0.000000    0.000000    0.000000    0.000030    0.002761    -0.025268    0.999635    0.009103    0.000031    0.000000    0.000000    
32.349037    0.000000    0.000014    0.005851    0.999934    -0.009929    0.000076    -0.000001    -0.000000    -0.000000    -0.000000    -0.000000    
36.910855    0.000000    0.000000    0.000000    0.000000    -0.000001    0.000061    -0.009104    0.999943    0.005555    0.000013    0.000000    
75.072864    0.000008    0.004148    0.999974    -0.005851    0.000022    -0.000000    0.000000    -0.000000    -0.000000    -0.000000    -0.000000    
81.915753    0.000000    0.000000    0.000000    -0.000000    0.000000    -0.000000    0.000019    -0.005555    0.999977    0.003997    0.000007    
135.343056    0.003213    0.999986    -0.004148    0.000010    -0.000000    0.000000    -0.000000    0.000000    -0.000000    -0.000000    -0.000000    
144.466942    -0.000000    -0.000000    0.000000    -0.000000    0.000000    -0.000000    0.000000    -0.000009    0.003997    -0.999987    -0.003121    
213.159973    0.999995    -0.003213    0.000006    -0.000000    0.000000    -0.000000    0.000000    -0.000000    0.000000    -0.000000    -0.000000    
224.564826    0.000000    -0.000000    0.000000    -0.000000    0.000000    -0.000000    0.000000    -0.000000    0.000005    -0.003121    0.999995    

0.282743
-0.474519    0.000000    0.000000    0.000001    0.000251    0.032861    0.999146    0.025053    0.000167    0.000001    0.000000    0.000000    
7.134315    0.000000    0.000000    0.000037    0.009943    0.999407    -0.032785    -0.003472    -0.000029    -0.000000    -0.000000    -0.000000    
9.501324    0.000000    0.000000    0.000000    0.000029    0.002647    -0.025154    0.999639    0.009088    0.000031    0.000000    0.000000    
32.264216    0.000000    0.000014    0.005857    0.999933    -0.009946    0.000076    -0.000001    -0.000000    -0.000000    -0.000000    -0.000000    
37.001489    0.000000    0.000000    0.000000    0.000000    -0.000001    0.000061    -0.009090    0.999943    0.005549    0.000013    0.000000    
74.944176    0.000008    0.004151    0.999974    -0.005857    0.000022    -0.000000    0.000000    -0.000000    -0.000000    -0.000000    -0.000000    
82.050254    0.000000    0.000000    0.000000    -0.000000    0.000000    -0.000000    0.000019    -0.005549    0.999977    0.003994    0.000007    
135.170503    0.003214    0.999986    -0.004151    0.000010    -0.000000    0.000000    -0.000000    0.000000    -0.000000    -0.000000    -0.000000    
144.645308    -0.000000    -0.000000    0.000000    -0.000000    0.000000    -0.000000    0.000000    -0.000009    0.003994    -0.999987    -0.003119    
212.943555    0.999995    -0.003214    0.000006    -0.000000    0.000000    -0.000000    0.000000    -0.000000    0.000000    -0.000000    -0.000000    
224.787057    0.000000    -0.000000    0.000000    -0.000000    0.000000    -0.000000    0.000000    -0.000000    0.000005    -0.003119    0.999995    

0.293215
-0.471524    0.000000    0.000000    0.000001    0.000253    0.033052    0.999142    0.024944    0.000166    0.000001    0.000000    0.000000    
7.093510    0.000000    0.000000    0.000037    0.009961    0.999401    -0.032979    -0.003367    -0.000028    -0.000000    -0.000000    -0.000000    
9.548180    0.000000    0.000000    0.000000    0.000028    0.002542    -0.025042    0.999642    0.009074    0.000031    0.000000    0.000000    
32.179505    0.000000    0.000014    0.005863    0.999933    -0.009964    0.000076    -0.000001    -0.000000    -0.000000    -0.000000    -0.000000    
37.092232    0.000000    0.000000    0.000000    0.000000    -0.000001    0.000060    -0.009075    0.999943    0.005544    0.000013    0.000000    
74.815598    0.000008    0.004154    0.999974    -0.005863    0.000022    -0.000000    0.000000    -0.000000    -0.000000    -0.000000    -0.000000    
82.184863    0.000000    0.000000    0.000000    -0.000000    0.000000    -0.000000    0.000019    -0.005544    0.999977    0.003991    0.000007    
134.998059    0.003216    0.999986    -0.004154    0.000010    -0.000000    0.000000    -0.000000    0.000000    -0.000000    -0.000000    -0.000000    
144.823783    -0.000000    -0.000000    0.000000    -0.000000    0.000000    -0.000000    0.000000    -0.000009    0.003991    -0.999987    -0.003118    
212.727247    0.999995    -0.003216    0.000006    -0.000000    0.000000    -0.000000    0.000000    -0.000000    0.000000    -0.000000    -0.000000    
225.009396    0.000000    -0.000000    0.000000    -0.000000    0.000000    -0.000000    0.000000    -0.000000    0.000005    -0.003118    0.999995    

0.303687
-0.468419    0.000000    0.000000    0.000001    0.000255    0.033245    0.999139    0.024835    0.000165    0.000000    0.000000    0.000000    
7.052815    0.000000    0.000000    0.000037    0.009978    0.999394    -0.033175    -0.003270    -0.000027    -0.000000    -0.000000    -0.000000    
9.595146    0.000000    0.000000    0.000000    0.000027    0.002443    -0.024930    0.999645    0.009059    0.000031    0.000000    0.000000    
32.094903    0.000000    0.000014    0.005869    0.999933    -0.009981    0.000077    -0.000001    -0.000000    -0.000000    -0.000000    -0.000000    
37.183085    0.000000    0.000000    0.000000    0.000000    -0.000000    0.000060    -0.009061    0.999944    0.005539    0.000013    0.000000    
74.687129    0.000008    0.004157    0.999974    -0.005869    0.000022    -0.000000    0.000000    -0.000000    -0.000000    -0.000000    -0.000000    
82.319583    0.000000    0.000000    0.000000    -0.000000    0.000000    -0.000000    0.000019    -0.005539    0.999977    0.003988    0.000007    
134.825725    0.003218    0.999986    -0.004157    0.000010    -0.000000    0.000000    -0.000000    0.000000    -0.000000    -0.000000    -0.000000    
145.002367    -0.000000    -0.000000    0.000000    -0.000000    0.000000    -0.000000    0.000000    -0.000009    0.003988    -0.999987    -0.003116    
212.511048    0.999995    -0.003218    0.000006    -0.000000    0.000000    -0.000000    0.000000    -0.000000    0.000000    -0.000000    -0.000000    
225.231846    0.000000    -0.000000    0.000000    -0.000000    0.000000    -0.000000    0.000000    -0.000000    0.000005    -0.003116    0.999995    

0.314159
-0.465206    0.000000    0.000000    0.000001    0.000257    0.033440    0.999135    0.024727    0.000164    0.000000    0.000000    0.000000    
7.012230    0.000000    0.000000    0.000037    0.009995    0.999388    -0.033372    -0.003180    -0.000026    -0.000000    -0.000000    -0.000000    
9.642222    0.000000    0.000000    0.000000    0.000026    0.002352    -0.024819    0.999648    0.009045    0.000031    0.000000    0.000000    
32.010411    0.000000    0.000014    0.005875    0.999933    -0.009998    0.000077    -0.000001    -0.000000    -0.000000    -0.000000    -0.000000    
37.274048    0.000000    0.000000    0.000000    0.000000    -0.000000    0.000060    -0.009046    0.999944    0.005533    0.000013    0.000000    
74.558770    0.000008    0.004160    0.999974    -0.005876    0.000022    -0.000000    0.000000    -0.000000    -0.000000    -0.000000    -0.000000    
82.454412    0.000000    0.000000    0.000000    -0.000000    0.000000    -0.000000    0.000019    -0.005533    0.999977    0.003985    0.000007    
134.653501    0.003220    0.999986    -0.004160    0.000010    -0.000000    0.000000    -0.000000    0.000000    -0.000000    -0.000000    -0.000000    
145.181062    -0.000000    -0.000000    0.000000    -0.000000    0.000000    -0.000000    0.000000    -0.000009    0.003986    -0.999987    -0.003114    
212.294959    0.999995    -0.003220    0.000006    -0.000000    0.000000    -0.000000    0.000000    -0.000000    0.000000    -0.000000    -0.000000    
225.454405    0.000000    -0.000000    0.000000    -0.000000    0.000000    -0.000000    0.000000    -0.000000    0.000005    -0.003114    0.999995    

0.324631
-0.461884    0.000000    0.000000    0.000001    0.000260    0.033637    0.999131    0.024620    0.000163    0.000000    0.000000    0.000000    
6.971756    0.000000    0.000000    0.000037    0.010013    0.999381    -0.033572    -0.003095    -0.000025    -0.000000    -0.000000    -0.000000    
9.689408    0.000000    0.000000    0.000000    0.000025    0.002266    -0.024710    0.999651    0.009031    0.000031    0.000000    0.000000    
31.926029    0.000000    0.000014    0.005881    0.999933    -0.010016    0.000077    -0.000001    -0.000000    -0.000000    -0.000000    -0.000000    
37.365120    0.000000    0.000000    0.000000    0.000000    -0.000000    0.000060    -0.009032    0.999944    0.005528    0.000013    0.000000    
74.430521    0.000008    0.004163    0.999974    -0.005882    0.000022    -0.000000    0.000000    -0.000000    -0.000000    -0.000000    -0.000000    
82.589351    0.000000    0.000000    0.000000    -0.000000    0.000000    -0.000000    0.000019    -0.005528    0.999977    0.003983    0.000007    
134.481386    0.003222    0.999986    -0.004163    0.000010    -0.000000    0.000000    -0.000000    0.000000    -0.000000    -0.000000    -0.000000    
145.359866    -0.000000    -0.000000    0.000000    -0.000000    0.000000    -0.000000    0.000000    -0.000009    0.003983    -0.999987    -0.003113    
212.078980    0.999995    -0.003222    0.000006    -0.000000    0.000000    -0.000000    0.000000    -0.000000    0.000000    -0.000000    -0.000000    
225.677074    0.000000    -0.000000    0.000000    -0.000000    0.000000    -0.000000    0.000000    -0.000000    0.000005    -0.003113    0.999995    

0.335103
-0.458453    0.000000    0.000000    0.000001    0.000262    0.033837    0.999127    0.024513    0.000162    0.000000    0.000000    0.000000    
6.931391    0.000000    0.000000    0.000037    0.010030    0.999375    -0.033774    -0.003016    -0.000025    -0.000000    -0.000000    -0.000000    
9.736704    0.000000    0.000000    0.000000    0.000025    0.002186    -0.024602    0.999654    0.009016    0.000031    0.000000    0.000000    
31.841756    0.000000    0.000014    0.005888    0.999932    -0.010034    0.000078    -0.000001    -0.000000    -0.000000    -0.000000    -0.000000    
37.456302    0.000000    0.000000    0.000000    0.000000    -0.000000    0.000059    -0.009018    0.999944    0.005522    0.000013    0.000000    
74.302381    0.000008    0.004166    0.999974    -0.005888    0.000022    -0.000000    0.000000    -0.000000    -0.000000    -0.000000    -0.000000    
82.724399    0.000000    0.000000    0.000000    -0.000000    0.000000    -0.000000    0.000019    -0.005523    0.999977    0.003980    0.000007    
134.309381    0.003224    0.999986    -0.004166    0.000010    -0.000000    0.000000    -0.000000    0.000000    -0.000000    -0.000000    -0.000000    
145.538780    -0.000000    -0.000000    0.000000    -0.000000    0.000000    -0.000000    0.000000    -0.000009    0.003980    -0.999987    -0.003111    
211.863110    0.999995    -0.003224    0.000006    -0.000000    0.000000    -0.000000    0.000000    -0.000000    0.000000    -0.000000    -0.000000    
225.899852    0.000000    -0.000000    0.000000    -0.000000    0.000000    -0.000000    0.000000    -0.000000    0.000005    -0.003111    0.999995    

0.345575
-0.454913    0.000000    0.000000    0.000001    0.000264    0.034039    0.999122    0.024408    0.000161    0.000000    0.000000    0.000000    
6.891137    0.000000    0.000000    0.000037    0.010048    0.999368    -0.033978    -0.002942    -0.000024    -0.000000    -0.000000    -0.000000    
9.784109    0.000000    0.000000    0.000000    0.000024    0.002110    -0.024495    0.999657    0.009002    0.000031    0.000000    0.000000    
31.757593    0.000000    0.000014    0.005894    0.999932    -0.010051    0.000078    -0.000001    -0.000000    -0.000000    -0.000000    -0.000000    
37.547593    0.000000    0.000000    0.000000    0.000000    -0.000000    0.000059    -0.009003    0.999944    0.005517    0.000013    0.000000    
74.174352    0.000008    0.004169    0.999974    -0.005894    0.000022    -0.000000    0.000000    -0.000000    -0.000000    -0.000000    -0.000000    
82.859557    0.000000    0.000000    0.000000    -0.000000    0.000000    -0.000000    0.000019    -0.005517    0.999977    0.003977    0.000007    
134.137486    0.003225    0.999986    -0.004169    0.000010    -0.000000    0.000000    -0.000000    0.000000    -0.000000    -0.000000    -0.000000    
145.717803    -0.000000    -0.000000    0.000000    -0.000000    0.000000    -0.000000    0.000000    -0.000009    0.003977    -0.999987    -0.003109    
211.647350    0.999995    -0.003225    0.000006    -0.000000    0.000000    -0.000000    0.000000    -0.000000    0.000000    -0.000000    -0.000000    
226.122741    0.000000    -0.000000    0.000000    -0.000000    0.000000    -0.000000    0.000000    -0.000000    0.000005    -0.003109    0.999995    

0.356047
-0.451265    0.000000    0.000000    0.000001    0.000267    0.034243    0.999118    0.024304    0.000160    0.000000    0.000000    0.000000    
6.850993    0.000000    0.000000    0.000037    0.010066    0.999361    -0.034184    -0.002873    -0.000023    -0.000000    -0.000000    -0.000000    
9.831625    0.000000    0.000000    0.000000    0.000023    0.002039    -0.024388    0.999660    0.008988    0.000031    0.000000    0.000000    
31.673540    0.000000    0.000014    0.005900    0.999932    -0.010069    0.000078    -0.000001    -0.000000    -0.000000    -0.000000    -0.000000    
37.638995    0.000000    0.000000    0.000000    0.000000    -0.000000    0.000059    -0.008989    0.999944    0.005512    0.000013    0.000000    
74.046431    0.000008    0.004172    0.999974    -0.005900    0.000022    -0.000000    0.000000    -0.000000    -0.000000    -0.000000    -0.000000    
82.994825    0.000000    0.000000    0.000000    -0.000000    0.000000    -0.000000    0.000019    -0.005512    0.999977    0.003974    0.000007    
133.965701    0.003227    0.999986    -0.004172    0.000010    -0.000000    0.000000    -0.000000    0.000000    -0.000000    -0.000000    -0.000000    
145.896936    -0.000000    -0.000000    0.000000    -0.000000    0.000000    -0.000000    0.000000    -0.000009    0.003974    -0.999987    -0.003108    
211.431699    0.999995    -0.003227    0.000006    -0.000000    0.000000    -0.000000    0.000000    -0.000000    0.000000    -0.000000    -0.000000    
226.345738    0.000000    -0.000000    0.000000    -0.000000    0.000000    -0.000000    0.000000    -0.000000    0.000005    -0.003108    0.999995    

0.366519
-0.447507    0.000000    0.000000    0.000001    0.000269    0.034450    0.999113    0.024200    0.000158    0.000000    0.000000    0.000000    
6.810959    0.000000    0.000000    0.000038    0.010084    0.999354    -0.034393    -0.002808    -0.000023    -0.000000    -0.000000    -0.000000    
9.879250    0.000000    0.000000    0.000000    0.000023    0.001973    -0.024283    0.999663    0.008974    0.000031    0.000000    0.000000    
31.589597    0.000000    0.000014    0.005906    0.999932    -0.010087    0.000079    -0.000001    -0.000000    -0.000000    -0.000000    -0.000000    
37.730506    0.000000    0.000000    0.000000    0.000000    -0.000000    0.000059    -0.008975    0.999945    0.005506    0.000013    0.000000    
73.918621    0.000008    0.004175    0.999974    -0.005906    0.000022    -0.000000    0.000000    -0.000000    -0.000000    -0.000000    -0.000000    
83.130202    0.000000    0.000000    0.000000    -0.000000    0.000000    -0.000000    0.000019    -0.005507    0.999977    0.003972    0.000007    
133.794025    0.003229    0.999986    -0.004175    0.000010    -0.000000    0.000000    -0.000000    0.000000    -0.000000    -0.000000    -0.000000    
146.076179    -0.000000    -0.000000    0.000000    -0.000000    0.000000    -0.000000    0.000000    -0.000009    0.003972    -0.999987    -0.003106    
211.216159    0.999995    -0.003229    0.000006    -0.000000    0.000000    -0.000000    0.000000    -0.000000    0.000000    -0.000000    -0.000000    
226.568846    0.000000    -0.000000    0.000000    -0.000000    0.000000    -0.000000    0.000000    -0.000000    0.000005    -0.003106    0.999995    

0.376991
-0.443641    0.000000    0.000000    0.000001    0.000271    0.034660    0.999109    0.024098    0.000157    0.000000    0.000000    0.000000    
6.771036    0.000000    0.000000    0.000038    0.010101    0.999346    -0.034604    -0.002746    -0.000022    -0.000000    -0.000000    -0.000000    
9.926986    0.000000    0.000000    0.000000    0.000022    0.001910    -0.024179    0.999666    0.008960    0.000031    0.000000    0.000000    
31.505763    0.000000    0.000014    0.005912    0.999931    -0.010105    0.000079    -0.000001    -0.000000    -0.000000    -0.000000    -0.000000    
37.822126    0.000000    0.000000    0.000000    0.000000    -0.000000    0.000059    -0.008961    0.999945    0.005501    0.000013    0.000000    
73.790920    0.000008    0.004178    0.999974    -0.005912    0.000022    -0.000000    0.000000    -0.000000    -0.000000    -0.000000    -0.000000    
83.265690    0.000000    0.000000    0.000000    -0.000000    0.000000    -0.000000    0.000019    -0.005501    0.999977    0.003969    0.000007    
133.622458    0.003231    0.999986    -0.004178    0.000010    -0.000000    0.000000    -0.000000    0.000000    -0.000000    -0.000000    -0.000000    
146.255531    -0.000000    -0.000000    0.000000    -0.000000    0.000000    -0.000000    0.000000    -0.000009    0.003969    -0.999987    -0.003104    
211.000728    0.999995    -0.003231    0.000006    -0.000000    0.000000    -0.000000    0.000000    -0.000000    0.000000    -0.000000    -0.000000    
226.792063    0.000000    -0.000000    0.000000    -0.000000    0.000000    -0.000000    0.000000    -0.000000    0.000005    -0.003104    0.999995    

0.387463
-0.439666    0.000000    0.000000    0.000001    0.000274    0.034872    0.999104    0.023996    0.000156    0.000000    0.000000    0.000000    
6.731223    0.000000    0.000000    0.000038    0.010119    0.999339    -0.034818    -0.002688    -0.000022    -0.000000    -0.000000    -0.000000    
9.974831    0.000000    0.000000    0.000000    0.000022    0.001850    -0.024076    0.999668    0.008946    0.000030    0.000000    0.000000    
31.422039    0.000000    0.000015    0.005918    0.999931    -0.010123    0.000079    -0.000001    -0.000000    -0.000000    -0.000000    -0.000000    
37.913857    0.000000    0.000000    0.000000    0.000000    -0.000000    0.000058    -0.008947    0.999945    0.005496    0.000013    0.000000    
73.663328    0.000008    0.004181    0.999974    -0.005918    0.000022    -0.000000    0.000000    -0.000000    -0.000000    -0.000000    -0.000000    
83.401286    0.000000    0.000000    0.000000    -0.000000    0.000000    -0.000000    0.000019    -0.005496    0.999977    0.003966    0.000007    
133.451002    0.003233    0.999986    -0.004181    0.000010    -0.000000    0.000000    -0.000000    0.000000    -0.000000    -0.000000    -0.000000    
146.434993    -0.000000    -0.000000    0.000000    -0.000000    0.000000    -0.000000    0.000000    -0.000009    0.003966    -0.999987    -0.003102    
210.785406    0.999995    -0.003233    0.000006    -0.000000    0.000000    -0.000000    0.000000    -0.000000    0.000000    -0.000000    -0.000000    
227.015390    0.000000    -0.000000    0.000000    -0.000000    0.000000    -0.000000    0.000000    -0.000000    0.000005    -0.003102    0.999995    

0.397935
-0.435582    0.000000    0.000000    0.000001    0.000276    0.035086    0.999099    0.023895    0.000155    0.000000    0.000000    0.000000    
6.691520    0.000000    0.000000    0.000038    0.010137    0.999331    -0.035034    -0.002634    -0.000021    -0.000000    -0.000000    -0.000000    
10.022786    0.000000    0.000000    0.000000    0.000021    0.001794    -0.023973    0.999671    0.008932    0.000030    0.000000    0.000000    
31.338424    0.000000    0.000015    0.005924    0.999931    -0.010141    0.000080    -0.000001    -0.000000    -0.000000    -0.000000    -0.000000    
38.005697    0.000000    0.000000    0.000000    0.000000    -0.000000    0.000058    -0.008933    0.999945    0.005491    0.000013    0.000000    
73.535847    0.000008    0.004184    0.999974    -0.005924    0.000022    -0.000000    0.000000    -0.000000    -0.000000    -0.000000    -0.000000    
83.536993    0.000000    0.000000    0.000000    -0.000000    0.000000    -0.000000    0.000019    -0.005491    0.999977    0.003963    0.000007    
133.279655    0.003235    0.999986    -0.004184    0.000010    -0.000000    0.000000    -0.000000    0.000000    -0.000000    -0.000000    -0.000000    
146.614565    -0.000000    -0.000000    0.000000    -0.000000    0.000000    -0.000000    0.000000    -0.000009    0.003963    -0.999987    -0.003101    
210.570194    0.999995    -0.003235    0.000006    -0.000000    0.000000    -0.000000    0.000000    -0.000000    0.000000    -0.000000    -0.000000    
227.238826    0.000000    -0.000000    0.000000    -0.000000    0.000000    -0.000000    0.000000    -0.000000    0.000005    -0.003101    0.999995    

0.408407
-0.431390    0.000000    0.000000    0.000001    0.000279    0.035303    0.999093    0.023795    0.000154    0.000000    0.000000    0.000000    
6.651927    0.000000    0.000000    0.000038    0.010155    0.999323    -0.035253    -0.002582    -0.000021    -0.000000    -0.000000    -0.000000    
10.070851    0.000000    0.000000    0.000000    0.000021    0.001741    -0.023872    0.999674    0.008918    0.000030    0.000000    0.000000    
31.254919    0.000000    0.000015    0.005930    0.999931    -0.010159    0.000080    -0.000001    -0.000000    -0.000000    -0.000000    -0.000000    
38.097646    0.000000    0.000000    0.000000    0.000000    -0.000000    0.000058    -0.008919    0.999945    0.005485    0.000013    0.000000    
73.408475    0.000008    0.004188    0.999974    -0.005931    0.000022    -0.000000    0.000000    -0.000000    -0.000000    -0.000000    -0.000000    
83.672809    0.000000    0.000000    0.000000    -0.000000    0.000000    -0.000000    0.000019    -0.005485    0.999977    0.003961    0.000007    
133.108417    0.003236    0.999986    -0.004188    0.000010    -0.000000    0.000000    -0.000000    0.000000    -0.000000    -0.000000    -0.000000    
146.794246    -0.000000    -0.000000    0.000000    -0.000000    0.000000    -0.000000    0.000000    -0.000009    0.003961    -0.999987    -0.003099    
210.355092    0.999995    -0.003236    0.000006    -0.000000    0.000000    -0.000000    0.000000    -0.000000    0.000000    -0.000000    -0.000000    
227.462372    0.000000    -0.000000    0.000000    -0.000000    0.000000    -0.000000    0.000000    -0.000000    0.000005    -0.003099    0.999995    

0.418879
-0.427088    0.000000    0.000000    0.000001    0.000281    0.035523    0.999088    0.023696    0.000153    0.000000    0.000000    0.000000    
6.612445    0.000000    0.000000    0.000038    0.010173    0.999316    -0.035474    -0.002533    -0.000020    -0.000000    -0.000000    -0.000000    
10.119026    0.000000    0.000000    0.000000    0.000020    0.001690    -0.023771    0.999676    0.008904    0.000030    0.000000    0.000000    
31.171524    0.000000    0.000015    0.005937    0.999931    -0.010177    0.000081    -0.000001    -0.000000    -0.000000    -0.000000    -0.000000    
38.189706    0.000000    0.000000    0.000000    0.000000    -0.000000    0.000058    -0.008905    0.999945    0.005480    0.000013    0.000000    
73.281213    0.000008    0.004191    0.999974    -0.005937    0.000022    -0.000000    0.000000    -0.000000    -0.000000    -0.000000    -0.000000    
83.808735    0.000000    0.000000    0.000000    -0.000000    0.000000    -0.000000    0.000019    -0.005480    0.999977    0.003958    0.000007    
132.937290    0.003238    0.999986    -0.004191    0.000010    -0.000000    0.000000    -0.000000    0.000000    -0.000000    -0.000000    -0.000000    
146.974037    -0.000000    -0.000000    0.000000    -0.000000    0.000000    -0.000000    0.000000    -0.000009    0.003958    -0.999987    -0.003097    
210.140100    0.999995    -0.003238    0.000006    -0.000000    0.000000    -0.000000    0.000000    -0.000000    0.000000    -0.000000    -0.000000    
227.686028    0.000000    -0.000000    0.000000    -0.000000    0.000000    -0.000000    0.000000    -0.000000    0.000005    -0.003097    0.999995    

0.429351
-0.422678    0.000000    0.000000    0.000001    0.000284    0.035746    0.999082    0.023597    0.000152    0.000000    0.000000    0.000000    
6.573073    0.000000    0.000000    0.000038    0.010192    0.999308    -0.035698    -0.002487    -0.000020    -0.000000    -0.000000    -0.000000    
10.167311    0.000000    0.000000    0.000000    0.000020    0.001642    -0.023672    0.999679    0.008890    0.000030    0.000000    0.000000    
31.088239    0.000000    0.000015    0.005943    0.999930    -0.010195    0.000081    -0.000001    -0.000000    -0.000000    -0.000000    -0.000000    
38.281875    0.000000    0.000000    0.000000    0.000000    -0.000000    0.000057    -0.008891    0.999945    0.005475    0.000013    0.000000    
73.154060    0.000008    0.004194    0.999974    -0.005943    0.000022    -0.000000    0.000000    -0.000000    -0.000000    -0.000000    -0.000000    
83.944770    0.000000    0.000000    0.000000    -0.000000    0.000000    -0.000000    0.000019    -0.005475    0.999977    0.003955    0.000007    
132.766272    0.003240    0.999986    -0.004194    0.000010    -0.000000    0.000000    -0.000000    0.000000    -0.000000    -0.000000    -0.000000    
147.153938    -0.000000    -0.000000    0.000000    -0.000000    0.000000    -0.000000    0.000000    -0.000009    0.003955    -0.999987    -0.003096    
209.925217    0.999995    -0.003240    0.000006    -0.000000    0.000000    -0.000000    0.000000    -0.000000    0.000000    -0.000000    -0.000000    
227.909794    0.000000    -0.000000    0.000000    -0.000000    0.000000    -0.000000    0.000000    -0.000000    0.000005    -0.003096    0.999995    

0.439823
-0.418159    0.000000    0.000000    0.000001    0.000286    0.035971    0.999076    0.023500    0.000151    0.000000    0.000000    0.000000    
6.533811    0.000000    0.000000    0.000038    0.010210    0.999299    -0.035925    -0.002443    -0.000019    -0.000000    -0.000000    -0.000000    
10.215705    0.000000    0.000000    0.000000    0.000019    0.001596    -0.023573    0.999681    0.008876    0.000030    0.000000    0.000000    
31.005063    0.000000    0.000015    0.005949    0.999930    -0.010214    0.000081    -0.000001    -0.000000    -0.000000    -0.000000    -0.000000    
38.374153    0.000000    0.000000    0.000000    0.000000    -0.000000    0.000057    -0.008877    0.999946    0.005469    0.000013    0.000000    
73.027017    0.000008    0.004197    0.999973    -0.005949    0.000022    -0.000000    0.000000    -0.000000    -0.000000    -0.000000    -0.000000    
84.080915    0.000000    0.000000    0.000000    -0.000000    0.000000    -0.000000    0.000019    -0.005470    0.999977    0.003952    0.000007    
132.595363    0.003242    0.999986    -0.004197    0.000010    -0.000000    0.000000    -0.000000    0.000000    -0.000000    -0.000000    -0.000000    
147.333948    -0.000000    -0.000000    0.000000    -0.000000    0.000000    -0.000000    0.000000    -0.000009    0.003952    -0.999987    -0.003094    
209.710444    0.999995    -0.003242    0.000006    -0.000000    0.000000    -0.000000    0.000000    -0.000000    0.000000    -0.000000    -0.000000    
228.133669    0.000000    -0.000000    0.000000    -0.000000    0.000000    -0.000000    0.000000    -0.000000    0.000005    -0.003094    0.999995    

0.450295
-0.413532    0.000000    0.000000    0.000001    0.000289    0.036200    0.999070    0.023403    0.000150    0.000000    0.000000    0.000000    
6.494660    0.000000    0.000000    0.000039    0.010228    0.999291    -0.036154    -0.002401    -0.000019    -0.000000    -0.000000    -0.000000    
10.264210    0.000000    0.000000    0.000000    0.000019    0.001553    -0.023475    0.999684    0.008862    0.000030    0.000000    0.000000    
30.921997    0.000000    0.000015    0.005955    0.999930    -0.010232    0.000082    -0.000001    -0.000000    -0.000000    -0.000000    -0.000000    
38.466541    0.000000    0.000000    0.000000    0.000000    -0.000000    0.000057    -0.008863    0.999946    0.005464    0.000013    0.000000    
72.900084    0.000008    0.004200    0.999973    -0.005955    0.000022    -0.000000    0.000000    -0.000000    -0.000000    -0.000000    -0.000000    
84.217170    0.000000    0.000000    0.000000    -0.000000    0.000000    -0.000000    0.000018    -0.005464    0.999977    0.003950    0.000007    
132.424565    0.003244    0.999986    -0.004200    0.000010    -0.000000    0.000000    -0.000000    0.000000    -0.000000    -0.000000    -0.000000    
147.514068    -0.000000    -0.000000    0.000000    -0.000000    0.000000    -0.000000    0.000000    -0.000009    0.003950    -0.999987    -0.003092    
209.495781    0.999995    -0.003244    0.000006    -0.000000    0.000000    -0.000000    0.000000    -0.000000    0.000000    -0.000000    -0.000000    
228.357653    0.000000    -0.000000    0.000000    -0.000000    0.000000    -0.000000    0.000000    -0.000000    0.000005    -0.003092    0.999995    

0.460767
-0.408795    0.000000    0.000000    0.000001    0.000291    0.036431    0.999064    0.023307    0.000150    0.000000    0.000000    0.000000    
6.455619    0.000000    0.000000    0.000039    0.010246    0.999282    -0.036387    -0.002362    -0.000018    -0.000000    -0.000000    -0.000000    
10.312824    0.000000    0.000000    0.000000    0.000018    0.001511    -0.023378    0.999686    0.008848    0.000030    0.000000    0.000000    
30.839040    0.000000    0.000015    0.005961    0.999930    -0.010250    0.000082    -0.000001    -0.000000    -0.000000    -0.000000    -0.000000    
38.559039    0.000000    0.000000    0.000000    0.000000    -0.000000    0.000057    -0.008850    0.999946    0.005459    0.000013    0.000000    
72.773260    0.000008    0.004203    0.999973    -0.005962    0.000022    -0.000000    0.000000    -0.000000    -0.000000    -0.000000    -0.000000    
84.353534    0.000000    0.000000    0.000000    -0.000000    0.000000    -0.000000    0.000018    -0.005459    0.999977    0.003947    0.000007    
132.253876    0.003246    0.999986    -0.004203    0.000010    -0.000000    0.000000    -0.000000    0.000000    -0.000000    -0.000000    -0.000000    
147.694298    -0.000000    -0.000000    0.000000    -0.000000    0.000000    -0.000000    0.000000    -0.000009    0.003947    -0.999987    -0.003091    
209.281227    0.999995    -0.003246    0.000006    -0.000000    0.000000    -0.000000    0.000000    -0.000000    0.000000    -0.000000    -0.000000    
228.581748    0.000000    -0.000000    0.000000    -0.000000    0.000000    -0.000000    0.000000    -0.000000    0.000005    -0.003091    0.999995    

0.471239
-0.403950    0.000000    0.000000    0.000001    0.000294    0.036665    0.999058    0.023212    0.000149    0.000000    0.000000    0.000000    
6.416688    0.000000    0.000000    0.000039    0.010265    0.999274    -0.036622    -0.002324    -0.000018    -0.000000    -0.000000    -0.000000    
10.361548    0.000000    0.000000    0.000000    0.000018    0.001472    -0.023282    0.999689    0.008835    0.000030    0.000000    0.000000    
30.756193    0.000000    0.000015    0.005968    0.999929    -0.010269    0.000082    -0.000001    -0.000000    -0.000000    -0.000000    -0.000000    
38.651647    0.000000    0.000000    0.000000    0.000000    -0.000000    0.000057    -0.008836    0.999946    0.005454    0.000012    0.000000    
72.646546    0.000008    0.004206    0.999973    -0.005968    0.000023    -0.000000    0.000000    -0.000000    -0.000000    -0.000000    -0.000000    
84.490008    0.000000    0.000000    0.000000    -0.000000    0.000000    -0.000000    0.000018    -0.005454    0.999977    0.003944    0.000007    
132.083296    0.003247    0.999986    -0.004206    0.000010    -0.000000    0.000000    -0.000000    0.000000    -0.000000    -0.000000    -0.000000    
147.874637    -0.000000    -0.000000    0.000000    -0.000000    0.000000    -0.000000    0.000000    -0.000009    0.003944    -0.999987    -0.003089    
209.066783    0.999995    -0.003247    0.000006    -0.000000    0.000000    -0.000000    0.000000    -0.000000    0.000000    -0.000000    -0.000000    
228.805952    0.000000    -0.000000    0.000000    -0.000000    0.000000    -0.000000    0.000000    -0.000000    0.000005    -0.003089    0.999995    

0.481711
-0.398996    0.000000    0.000000    0.000001    0.000297    0.036902    0.999051    0.023117    0.000148    0.000000    0.000000    0.000000    
6.377868    0.000000    0.000000    0.000039    0.010283    0.999265    -0.036860    -0.002288    -0.000018    -0.000000    -0.000000    -0.000000    
10.410383    0.000000    0.000000    0.000000    0.000018    0.001434    -0.023186    0.999691    0.008821    0.000030    0.000000    0.000000    
30.673456    0.000000    0.000015    0.005974    0.999929    -0.010287    0.000083    -0.000001    -0.000000    -0.000000    -0.000000    -0.000000    
38.744364    0.000000    0.000000    0.000000    0.000000    -0.000000    0.000056    -0.008822    0.999946    0.005449    0.000012    0.000000    
72.519942    0.000008    0.004209    0.999973    -0.005974    0.000023    -0.000000    0.000000    -0.000000    -0.000000    -0.000000    -0.000000    
84.626592    0.000000    0.000000    0.000000    -0.000000    0.000000    -0.000000    0.000018    -0.005449    0.999977    0.003941    0.000007    
131.912827    0.003249    0.999986    -0.004209    0.000010    -0.000000    0.000000    -0.000000    0.000000    -0.000000    -0.000000    -0.000000    
148.055086    -0.000000    -0.000000    0.000000    -0.000000    0.000000    -0.000000    0.000000    -0.000009    0.003941    -0.999987    -0.003087    
208.852448    0.999995    -0.003249    0.000006    -0.000000    0.000000    -0.000000    0.000000    -0.000000    0.000000    -0.000000    -0.000000    
229.030266    0.000000    -0.000000    0.000000    -0.000000    0.000000    -0.000000    0.000000    -0.000000    0.000005    -0.003087    0.999995    

0.492183
-0.393934    0.000000    0.000000    0.000001    0.000300    0.037143    0.999045    0.023024    0.000147    0.000000    0.000000    0.000000    
6.339158    0.000000    0.000000    0.000039    0.010302    0.999256    -0.037102    -0.002254    -0.000017    -0.000000    -0.000000    -0.000000    
10.459327    0.000000    0.000000    0.000000    0.000017    0.001398    -0.023092    0.999694    0.008808    0.000030    0.000000    0.000000    
30.590829    0.000000    0.000015    0.005980    0.999929    -0.010306    0.000083    -0.000001    -0.000000    -0.000000    -0.000000    -0.000000    
38.837191    0.000000    0.000000    0.000000    0.000000    -0.000000    0.000056    -0.008809    0.999946    0.005443    0.000012    0.000000    
72.393447    0.000008    0.004212    0.999973    -0.005980    0.000023    -0.000000    0.000000    -0.000000    -0.000000    -0.000000    -0.000000    
84.763285    0.000000    0.000000    0.000000    -0.000000    0.000000    -0.000000    0.000018    -0.005443    0.999977    0.003939    0.000007    
131.742467    0.003251    0.999986    -0.004212    0.000010    -0.000000    0.000000    -0.000000    0.000000    -0.000000    -0.000000    -0.000000    
148.235645    -0.000000    -0.000000    0.000000    -0.000000    0.000000    -0.000000    0.000000    -0.000009    0.003939    -0.999987    -0.003086    
208.638224    0.999995    -0.003251    0.000006    -0.000000    0.000000    -0.000000    0.000000    -0.000000    0.000000    -0.000000    -0.000000    
229.254689    0.000000    -0.000000    0.000000    -0.000000    0.000000    -0.000000    0.000000    -0.000000    0.000005    -0.003086    0.999995    

0.502655
-0.388763    0.000000    0.000000    0.000001    0.000303    0.037386    0.999038    0.022931    0.000146    0.000000    0.000000    0.000000    
6.300559    0.000000    0.000000    0.000039    0.010320    0.999247    -0.037346    -0.002222    -0.000017    -0.000000    -0.000000    -0.000000    
10.508380    0.000000    0.000000    0.000000    0.000017    0.001363    -0.022998    0.999696    0.008794    0.000030    0.000000    0.000000    
30.508311    0.000000    0.000015    0.005986    0.999929    -0.010325    0.000084    -0.000001    -0.000000    -0.000000    -0.000000    -0.000000    
38.930128    0.000000    0.000000    0.000000    0.000000    -0.000000    0.000056    -0.008795    0.999947    0.005438    0.000012    0.000000    
72.267062    0.000008    0.004215    0.999973    -0.005987    0.000023    -0.000000    0.000000    -0.000000    -0.000000    -0.000000    -0.000000    
84.900089    0.000000    0.000000    0.000000    -0.000000    0.000000    -0.000000    0.000018    -0.005438    0.999977    0.003936    0.000007    
131.572216    0.003253    0.999986    -0.004215    0.000010    -0.000000    0.000000    -0.000000    0.000000    -0.000000    -0.000000    -0.000000    
148.416313    -0.000000    -0.000000    0.000000    -0.000000    0.000000    -0.000000    0.000000    -0.000009    0.003936    -0.999987    -0.003084    
208.424108    0.999995    -0.003253    0.000006    -0.000000    0.000000    -0.000000    0.000000    -0.000000    0.000000    -0.000000    -0.000000    
229.479222    0.000000    -0.000000    0.000000    -0.000000    0.000000    -0.000000    0.000000    -0.000000    0.000005    -0.003084    0.999995    

0.513127
-0.383483    0.000000    0.000000    0.000001    0.000305    0.037633    0.999031    0.022838    0.000145    0.000000    0.000000    0.000000    
6.262070    0.000000    0.000000    0.000039    0.010339    0.999237    -0.037594    -0.002191    -0.000017    -0.000000    -0.000000    -0.000000    
10.557544    0.000000    0.000000    0.000000    0.000017    0.001330    -0.022905    0.999698    0.008780    0.000029    0.000000    0.000000    
30.425903    0.000000    0.000015    0.005993    0.999929    -0.010343    0.000084    -0.000001    -0.000000    -0.000000    -0.000000    -0.000000    
39.023175    0.000000    0.000000    0.000000    0.000000    -0.000000    0.000056    -0.008781    0.999947    0.005433    0.000012    0.000000    
72.140787    0.000008    0.004219    0.999973    -0.005993    0.000023    -0.000000    0.000000    -0.000000    -0.000000    -0.000000    -0.000000    
85.037001    0.000000    0.000000    0.000000    -0.000000    0.000000    -0.000000    0.000018    -0.005433    0.999978    0.003933    0.000007    
131.402075    0.003255    0.999986    -0.004219    0.000010    -0.000000    0.000000    -0.000000    0.000000    -0.000000    -0.000000    -0.000000    
148.597091    -0.000000    -0.000000    0.000000    -0.000000    0.000000    -0.000000    0.000000    -0.000009    0.003933    -0.999988    -0.003082    
208.210103    0.999995    -0.003255    0.000006    -0.000000    0.000000    -0.000000    0.000000    -0.000000    0.000000    -0.000000    -0.000000    
229.703865    0.000000    -0.000000    0.000000    -0.000000    0.000000    -0.000000    0.000000    -0.000000    0.000005    -0.003082    0.999995    

0.523599
-0.378094    0.000000    0.000000    0.000001    0.000308    0.037883    0.999023    0.022747    0.000144    0.000000    0.000000    0.000000    
6.223691    0.000000    0.000000    0.000039    0.010358    0.999228    -0.037844    -0.002161    -0.000016    -0.000000    -0.000000    -0.000000    
10.606817    0.000000    0.000000    0.000000    0.000016    0.001298    -0.022813    0.999700    0.008767    0.000029    0.000000    0.000000    
30.343605    0.000000    0.000015    0.005999    0.999928    -0.010362    0.000084    -0.000001    -0.000000    -0.000000    -0.000000    -0.000000    
39.116331    0.000000    0.000000    0.000000    0.000000    -0.000000    0.000056    -0.008768    0.999947    0.005428    0.000012    0.000000    
72.014621    0.000008    0.004222    0.999973    -0.005999    0.000023    -0.000000    0.000000    -0.000000    -0.000000    -0.000000    -0.000000    
85.174024    0.000000    0.000000    0.000000    -0.000000    0.000000    -0.000000    0.000018    -0.005428    0.999978    0.003931    0.000007    
131.232044    0.003257    0.999986    -0.004222    0.000010    -0.000000    0.000000    -0.000000    0.000000    -0.000000    -0.000000    -0.000000    
148.777979    -0.000000    -0.000000    0.000000    -0.000000    0.000000    -0.000000    0.000000    -0.000009    0.003931    -0.999988    -0.003081    
207.996207    0.999995    -0.003257    0.000006    -0.000000    0.000000    -0.000000    0.000000    -0.000000    0.000000    -0.000000    -0.000000    
229.928617    0.000000    -0.000000    0.000000    -0.000000    0.000000    -0.000000    0.000000    -0.000000    0.000005    -0.003081    0.999995    

0.534071
-0.372597    0.000000    0.000000    0.000001    0.000311    0.038136    0.999016    0.022656    0.000143    0.000000    0.000000    0.000000    
6.185423    0.000000    0.000000    0.000039    0.010377    0.999218    -0.038099    -0.002133    -0.000016    -0.000000    -0.000000    -0.000000    
10.656201    0.000000    0.000000    0.000000    0.000016    0.001268    -0.022721    0.999703    0.008753    0.000029    0.000000    0.000000    
30.261416    0.000000    0.000015    0.006005    0.999928    -0.010381    0.000085    -0.000001    -0.000000    -0.000000    -0.000000    -0.000000    
39.209596    0.000000    0.000000    0.000000    0.000000    -0.000000    0.000055    -0.008754    0.999947    0.005423    0.000012    0.000000    
71.888565    0.000008    0.004225    0.999973    -0.006006    0.000023    -0.000000    0.000000    -0.000000    -0.000000    -0.000000    -0.000000    
85.311156    0.000000    0.000000    0.000000    -0.000000    0.000000    -0.000000    0.000018    -0.005423    0.999978    0.003928    0.000007    
131.062123    0.003259    0.999986    -0.004225    0.000010    -0.000000    0.000000    -0.000000    0.000000    -0.000000    -0.000000    -0.000000    
148.958976    -0.000000    -0.000000    0.000000    -0.000000    0.000000    -0.000000    0.000000    -0.000009    0.003928    -0.999988    -0.003079    
207.782421    0.999995    -0.003259    0.000006    -0.000000    0.000000    -0.000000    0.000000    -0.000000    0.000000    -0.000000    -0.000000    
230.153479    0.000000    -0.000000    0.000000    -0.000000    0.000000    -0.000000    0.000000    -0.000000    0.000005    -0.003079    0.999995    

0.544543
-0.366991    0.000000    0.000000    0.000001    0.000314    0.038393    0.999008    0.022566    0.000142    0.000000    0.000000    0.000000    
6.147266    0.000000    0.000000    0.000040    0.010395    0.999208    -0.038356    -0.002106    -0.000016    -0.000000    -0.000000    -0.000000    
10.705694    0.000000    0.000000    0.000000    0.000016    0.001238    -0.022631    0.999705    0.008740    0.000029    0.000000    0.000000    
30.179337    0.000000    0.000015    0.006012    0.999928    -0.010400    0.000085    -0.000001    -0.000000    -0.000000    -0.000000    -0.000000    
39.302972    0.000000    0.000000    0.000000    0.000000    -0.000000    0.000055    -0.008741    0.999947    0.005417    0.000012    0.000000    
71.762619    0.000008    0.004228    0.999973    -0.006012    0.000023    -0.000000    0.000000    -0.000000    -0.000000    -0.000000    -0.000000    
85.448397    0.000000    0.000000    0.000000    -0.000000    0.000000    -0.000000    0.000018    -0.005418    0.999978    0.003925    0.000007    
130.892311    0.003260    0.999986    -0.004228    0.000010    -0.000000    0.000000    -0.000000    0.000000    -0.000000    -0.000000    -0.000000    
149.140083    -0.000000    -0.000000    0.000000    -0.000000    0.000000    -0.000000    0.000000    -0.000009    0.003925    -0.999988    -0.003077    
207.568745    0.999995    -0.003260    0.000006    -0.000000    0.000000    -0.000000    0.000000    -0.000000    0.000000    -0.000000    -0.000000    
230.378451    0.000000    -0.000000    0.000000    -0.000000    0.000000    -0.000000    0.000000    -0.000000    0.000005    -0.003077    0.999995    

0.555015
-0.361277    0.000000    0.000000    0.000001    0.000317    0.038653    0.999000    0.022477    0.000141    0.000000    0.000000    0.000000    
6.109218    0.000000    0.000000    0.000040    0.010414    0.999198    -0.038617    -0.002080    -0.000016    -0.000000    -0.000000    -0.000000    
10.755297    0.000000    0.000000    0.000000    0.000016    0.001210    -0.022541    0.999707    0.008727    0.000029    0.000000    0.000000    
30.097367    0.000000    0.000015    0.006018    0.999928    -0.010419    0.000086    -0.000001    -0.000000    -0.000000    -0.000000    -0.000000    
39.396457    0.000000    0.000000    0.000000    0.000000    -0.000000    0.000055    -0.008728    0.999947    0.005412    0.000012    0.000000    
71.636782    0.000008    0.004231    0.999973    -0.006018    0.000023    -0.000000    0.000000    -0.000000    -0.000000    -0.000000    -0.000000    
85.585749    0.000000    0.000000    0.000000    -0.000000    0.000000    -0.000000    0.000018    -0.005412    0.999978    0.003922    0.000007    
130.722609    0.003262    0.999986    -0.004231    0.000011    -0.000000    0.000000    -0.000000    0.000000    -0.000000    -0.000000    -0.000000    
149.321300    -0.000000    -0.000000    0.000000    -0.000000    0.000000    -0.000000    0.000000    -0.000009    0.003922    -0.999988    -0.003076    
207.355178    0.999995    -0.003262    0.000006    -0.000000    0.000000    -0.000000    0.000000    -0.000000    0.000000    -0.000000    -0.000000    
230.603533    0.000000    -0.000000    0.000000    -0.000000    0.000000    -0.000000    0.000000    -0.000000    0.000005    -0.003076    0.999995    

0.565487
-0.355454    0.000000    0.000000    0.000001    0.000320    0.038916    0.998992    0.022388    0.000140    0.000000    0.000000    0.000000    
6.071282    0.000000    0.000000    0.000040    0.010433    0.999187    -0.038881    -0.002056    -0.000015    -0.000000    -0.000000    -0.000000    
10.805010    0.000000    0.000000    0.000000    0.000015    0.001183    -0.022451    0.999709    0.008713    0.000029    0.000000    0.000000    
30.015508    0.000000    0.000015    0.006024    0.999927    -0.010438    0.000086    -0.000001    -0.000000    -0.000000    -0.000000    -0.000000    
39.490051    0.000000    0.000000    0.000000    0.000000    -0.000000    0.000055    -0.008714    0.999947    0.005407    0.000012    0.000000    
71.511055    0.000008    0.004234    0.999973    -0.006025    0.000023    -0.000000    0.000000    -0.000000    -0.000000    -0.000000    -0.000000    
85.723210    0.000000    0.000000    0.000000    -0.000000    0.000000    -0.000000    0.000018    -0.005407    0.999978    0.003920    0.000007    
130.553017    0.003264    0.999986    -0.004234    0.000011    -0.000000    0.000000    -0.000000    0.000000    -0.000000    -0.000000    -0.000000    
149.502626    -0.000000    -0.000000    0.000000    -0.000000    0.000000    -0.000000    0.000000    -0.000009    0.003920    -0.999988    -0.003074    
207.141721    0.999995    -0.003264    0.000006    -0.000000    0.000000    -0.000000    0.000000    -0.000000    0.000000    -0.000000    -0.000000    
230.828724    0.000000    -0.000000    0.000000    -0.000000    0.000000    -0.000000    0.000000    -0.000000    0.000005    -0.003074    0.999995    

0.575959
-0.349522    0.000000    0.000000    0.000001    0.000323    0.039184    0.998983    0.022300    0.000140    0.000000    0.000000    0.000000    
6.033456    0.000000    0.000000    0.000040    0.010452    0.999177    -0.039149    -0.002032    -0.000015    -0.000000    -0.000000    -0.000000    
10.854833    0.000000    0.000000    0.000000    0.000015    0.001157    -0.022363    0.999711    0.008700    0.000029    0.000000    0.000000    
29.933758    0.000000    0.000015    0.006031    0.999927    -0.010457    0.000086    -0.000001    -0.000000    -0.000000    -0.000000    -0.000000    
39.583756    0.000000    0.000000    0.000000    0.000000    -0.000000    0.000054    -0.008701    0.999948    0.005402    0.000012    0.000000    
71.385438    0.000008    0.004237    0.999973    -0.006031    0.000023    -0.000000    0.000000    -0.000000    -0.000000    -0.000000    -0.000000    
85.860781    0.000000    0.000000    0.000000    -0.000000    0.000000    -0.000000    0.000018    -0.005402    0.999978    0.003917    0.000007    
130.383534    0.003266    0.999986    -0.004237    0.000011    -0.000000    0.000000    -0.000000    0.000000    -0.000000    -0.000000    -0.000000    
149.684062    -0.000000    -0.000000    0.000000    -0.000000    0.000000    -0.000000    0.000000    -0.000009    0.003917    -0.999988    -0.003072    
206.928373    0.999995    -0.003266    0.000006    -0.000000    0.000000    -0.000000    0.000000    -0.000000    0.000000    -0.000000    -0.000000    
231.054024    0.000000    -0.000000    0.000000    -0.000000    0.000000    -0.000000    0.000000    -0.000000    0.000005    -0.003072    0.999995    

0.586431
-0.343482    0.000000    0.000000    0.000001    0.000327    0.039455    0.998974    0.022213    0.000139    0.000000    0.000000    0.000000    
5.995741    0.000000    0.000000    0.000040    0.010472    0.999166    -0.039421    -0.002010    -0.000015    -0.000000    -0.000000    -0.000000    
10.904765    0.000000    0.000000    0.000000    0.000015    0.001132    -0.022275    0.999713    0.008687    0.000029    0.000000    0.000000    
29.852117    0.000000    0.000015    0.006037    0.999927    -0.010476    0.000087    -0.000001    -0.000000    -0.000000    -0.000000    -0.000000    
39.677570    0.000000    0.000000    0.000000    0.000000    -0.000000    0.000054    -0.008688    0.999948    0.005397    0.000012    0.000000    
71.259930    0.000008    0.004241    0.999973    -0.006037    0.000023    -0.000000    0.000000    -0.000000    -0.000000    -0.000000    -0.000000    
85.998461    0.000000    0.000000    0.000000    -0.000000    0.000000    -0.000000    0.000018    -0.005397    0.999978    0.003914    0.000007    
130.214161    0.003268    0.999986    -0.004241    0.000011    -0.000000    0.000000    -0.000000    0.000000    -0.000000    -0.000000    -0.000000    
149.865608    -0.000000    -0.000000    0.000000    -0.000000    0.000000    -0.000000    0.000000    -0.000009    0.003914    -0.999988    -0.003071    
206.715135    0.999995    -0.003268    0.000006    -0.000000    0.000000    -0.000000    0.000000    -0.000000    0.000000    -0.000000    -0.000000    
231.279435    0.000000    -0.000000    0.000000    -0.000000    0.000000    -0.000000    0.000000    -0.000000    0.000005    -0.003071    0.999995    

0.596903
-0.337333    0.000000    0.000000    0.000001    0.000330    0.039729    0.998965    0.022126    0.000138    0.000000    0.000000    0.000000    
5.958136    0.000000    0.000000    0.000040    0.010491    0.999155    -0.039696    -0.001988    -0.000015    -0.000000    -0.000000    -0.000000    
10.954807    0.000000    0.000000    0.000000    0.000015    0.001108    -0.022188    0.999716    0.008674    0.000029    0.000000    0.000000    
29.770587    0.000000    0.000015    0.006044    0.999927    -0.010496    0.000087    -0.000001    -0.000000    -0.000000    -0.000000    -0.000000    
39.771493    0.000000    0.000000    0.000000    0.000000    -0.000000    0.000054    -0.008675    0.999948    0.005392    0.000012    0.000000    
71.134532    0.000008    0.004244    0.999973    -0.006044    0.000023    -0.000000    0.000000    -0.000000    -0.000000    -0.000000    -0.000000    
86.136251    0.000000    0.000000    0.000000    -0.000000    0.000000    -0.000000    0.000018    -0.005392    0.999978    0.003912    0.000007    
130.044898    0.003270    0.999986    -0.004244    0.000011    -0.000000    0.000000    -0.000000    0.000000    -0.000000    -0.000000    -0.000000    
150.047263    -0.000000    -0.000000    0.000000    -0.000000    0.000000    -0.000000    0.000000    -0.000009    0.003912    -0.999988    -0.003069    
206.502007    0.999995    -0.003270    0.000006    -0.000000    0.000000    -0.000000    0.000000    -0.000000    0.000000    -0.000000    -0.000000    
231.504955    0.000000    -0.000000    0.000000    -0.000000    0.000000    -0.000000    0.000000    -0.000000    0.000005    -0.003069    0.999995    

0.607375
-0.331076    0.000000    0.000000    0.000001    0.000333    0.040008    0.998956    0.022040    0.000137    0.000000    0.000000    0.000000    
5.920642    0.000000    0.000000    0.000040    0.010510    0.999143    -0.039975    -0.001968    -0.000014    -0.000000    -0.000000    -0.000000    
11.004960    0.000000    0.000000    0.000000    0.000015    0.001084    -0.022102    0.999718    0.008660    0.000029    0.000000    0.000000    
29.689166    0.000000    0.000015    0.006050    0.999926    -0.010515    0.000088    -0.000001    -0.000000    -0.000000    -0.000000    -0.000000    
39.865527    0.000000    0.000000    0.000000    0.000000    -0.000000    0.000054    -0.008661    0.999948    0.005387    0.000012    0.000000    
71.009244    0.000008    0.004247    0.999973    -0.006050    0.000023    -0.000000    0.000000    -0.000000    -0.000000    -0.000000    -0.000000    
86.274151    0.000000    0.000000    0.000000    -0.000000    0.000000    -0.000000    0.000018    -0.005387    0.999978    0.003909    0.000007    
129.875744    0.003272    0.999986    -0.004247    0.000011    -0.000000    0.000000    -0.000000    0.000000    -0.000000    -0.000000    -0.000000    
150.229028    -0.000000    -0.000000    0.000000    -0.000000    0.000000    -0.000000    0.000000    -0.000009    0.003909    -0.999988    -0.003067    
206.288989    0.999995    -0.003272    0.000006    -0.000000    0.000000    -0.000000    0.000000    -0.000000    0.000000    -0.000000    -0.000000    
231.730584    0.000000    -0.000000    0.000000    -0.000000    0.000000    -0.000000    0.000000    -0.000000    0.000005    -0.003067    0.999995    

0.617847
-0.324710    0.000000    0.000000    0.000001    0.000337    0.040290    0.998947    0.021955    0.000136    0.000000    0.000000    0.000000    
5.883258    0.000000    0.000000    0.000040    0.010529    0.999132    -0.040258    -0.001948    -0.000014    -0.000000    -0.000000    -0.000000    
11.055222    0.000000    0.000000    0.000000    0.000014    0.001062    -0.022016    0.999720    0.008647    0.000029    0.000000    0.000000    
29.607854    0.000000    0.000015    0.006056    0.999926    -0.010534    0.000088    -0.000001    -0.000000    -0.000000    -0.000000    -0.000000    
39.959670    0.000000    0.000000    0.000000    0.000000    -0.000000    0.000054    -0.008648    0.999948    0.005382    0.000012    0.000000    
70.884065    0.000008    0.004250    0.999973    -0.006057    0.000023    -0.000000    0.000000    -0.000000    -0.000000    -0.000000    -0.000000    
86.412160    0.000000    0.000000    0.000000    -0.000000    0.000000    -0.000000    0.000018    -0.005382    0.999978    0.003906    0.000007    
129.706700    0.003274    0.999986    -0.004250    0.000011    -0.000000    0.000000    -0.000000    0.000000    -0.000000    -0.000000    -0.000000    
150.410903    -0.000000    -0.000000    0.000000    -0.000000    0.000000    -0.000000    0.000000    -0.000009    0.003906    -0.999988    -0.003066    
206.076080    0.999995    -0.003274    0.000006    -0.000000    0.000000    -0.000000    0.000000    -0.000000    0.000000    -0.000000    -0.000000    
231.956324    0.000000    -0.000000    0.000000    -0.000000    0.000000    -0.000000    0.000000    -0.000000    0.000005    -0.003066    0.999995    

0.628319
-0.318236    0.000000    0.000000    0.000001    0.000340    0.040577    0.998937    0.021870    0.000135    0.000000    0.000000    0.000000    
5.845985    0.000000    0.000000    0.000041    0.010549    0.999120    -0.040545    -0.001929    -0.000014    -0.000000    -0.000000    -0.000000    
11.105593    0.000000    0.000000    0.000000    0.000014    0.001040    -0.021931    0.999722    0.008634    0.000029    0.000000    0.000000    
29.526653    0.000000    0.000015    0.006063    0.999926    -0.010554    0.000088    -0.000001    -0.000000    -0.000000    -0.000000    -0.000000    
40.053923    0.000000    0.000000    0.000000    0.000000    -0.000000    0.000053    -0.008635    0.999948    0.005377    0.000012    0.000000    
70.758996    0.000008    0.004253    0.999973    -0.006063    0.000023    -0.000000    0.000000    -0.000000    -0.000000    -0.000000    -0.000000    
86.550279    0.000000    0.000000    0.000000    -0.000000    0.000000    -0.000000    0.000018    -0.005377    0.999978    0.003904    0.000007    
129.537766    0.003275    0.999986    -0.004253    0.000011    -0.000000    0.000000    -0.000000    0.000000    -0.000000    -0.000000    -0.000000    
150.592887    -0.000000    -0.000000    0.000000    -0.000000    0.000000    -0.000000    0.000000    -0.000009    0.003904    -0.999988    -0.003064    
205.863281    0.999995    -0.003275    0.000006    -0.000000    0.000000    -0.000000    0.000000    -0.000000    0.000000    -0.000000    -0.000000    
232.182173    0.000000    -0.000000    0.000000    -0.000000    0.000000    -0.000000    0.000000    -0.000000    0.000005    -0.003064    0.999995    

0.638791
-0.311654    0.000000    0.000000    0.000001    0.000343    0.040867    0.998927    0.021786    0.000135    0.000000    0.000000    0.000000    
5.808823    0.000000    0.000000    0.000041    0.010568    0.999108    -0.040837    -0.001911    -0.000014    -0.000000    -0.000000    -0.000000    
11.156075    0.000000    0.000000    0.000000    0.000014    0.001019    -0.021846    0.999724    0.008621    0.000029    0.000000    0.000000    
29.445561    0.000000    0.000015    0.006069    0.999926    -0.010574    0.000089    -0.000001    -0.000000    -0.000000    -0.000000    -0.000000    
40.148285    0.000000    0.000000    0.000000    0.000000    -0.000000    0.000053    -0.008622    0.999948    0.005372    0.000012    0.000000    
70.634037    0.000008    0.004256    0.999973    -0.006069    0.000023    -0.000000    0.000000    -0.000000    -0.000000    -0.000000    -0.000000    
86.688508    0.000000    0.000000    0.000000    -0.000000    0.000000    -0.000000    0.000018    -0.005372    0.999978    0.003901    0.000007    
129.368941    0.003277    0.999986    -0.004256    0.000011    -0.000000    0.000000    -0.000000    0.000000    -0.000000    -0.000000    -0.000000    
150.774981    -0.000000    -0.000000    0.000000    -0.000000    0.000000    -0.000000    0.000000    -0.000009    0.003901    -0.999988    -0.003062    
205.650591    0.999995    -0.003277    0.000006    -0.000000    0.000000    -0.000000    0.000000    -0.000000    0.000000    -0.000000    -0.000000    
232.408132    0.000000    -0.000000    0.000000    -0.000000    0.000000    -0.000000    0.000000    -0.000000    0.000005    -0.003062    0.999995    

0.649262
-0.304962    0.000000    0.000000    0.000001    0.000347    0.041162    0.998917    0.021703    0.000134    0.000000    0.000000    0.000000    
5.771771    0.000000    0.000000    0.000041    0.010588    0.999096    -0.041132    -0.001894    -0.000014    -0.000000    -0.000000    -0.000000    
11.206666    0.000000    0.000000    0.000000    0.000014    0.000999    -0.021763    0.999726    0.008608    0.000028    0.000000    0.000000    
29.364578    0.000000    0.000015    0.006076    0.999925    -0.010593    0.000089    -0.000001    -0.000000    -0.000000    -0.000000    -0.000000    
40.242757    0.000000    0.000000    0.000000    0.000000    -0.000000    0.000053    -0.008609    0.999949    0.005366    0.000012    0.000000    
70.509187    0.000008    0.004260    0.999972    -0.006076    0.000023    -0.000000    0.000000    -0.000000    -0.000000    -0.000000    -0.000000    
86.826846    0.000000    0.000000    0.000000    -0.000000    0.000000    -0.000000    0.000018    -0.005367    0.999978    0.003898    0.000007    
129.200226    0.003279    0.999986    -0.004260    0.000011    -0.000000    0.000000    -0.000000    0.000000    -0.000000    -0.000000    -0.000000    
150.957185    -0.000000    -0.000000    0.000000    -0.000000    0.000000    -0.000000    0.000000    -0.000009    0.003898    -0.999988    -0.003061    
205.438011    0.999995    -0.003279    0.000006    -0.000000    0.000000    -0.000000    0.000000    -0.000000    0.000000    -0.000000    -0.000000    
232.634200    0.000000    -0.000000    0.000000    -0.000000    0.000000    -0.000000    0.000000    -0.000000    0.000005    -0.003061    0.999995    

0.659734
-0.298163    0.000000    0.000000    0.000001    0.000350    0.041461    0.998906    0.021620    0.000133    0.000000    0.000000    0.000000    
5.734830    0.000000    0.000000    0.000041    0.010607    0.999083    -0.041431    -0.001877    -0.000014    -0.000000    -0.000000    -0.000000    
11.257368    0.000000    0.000000    0.000000    0.000014    0.000979    -0.021680    0.999728    0.008595    0.000028    0.000000    0.000000    
29.283706    0.000000    0.000015    0.006082    0.999925    -0.010613    0.000090    -0.000001    -0.000000    -0.000000    -0.000000    -0.000000    
40.337339    0.000000    0.000000    0.000000    0.000000    -0.000000    0.000053    -0.008596    0.999949    0.005361    0.000012    0.000000    
70.384447    0.000008    0.004263    0.999972    -0.006082    0.000024    -0.000000    0.000000    -0.000000    -0.000000    -0.000000    -0.000000    
86.965294    0.000000    0.000000    0.000000    -0.000000    0.000000    -0.000000    0.000018    -0.005361    0.999978    0.003896    0.000007    
129.031620    0.003281    0.999986    -0.004263    0.000011    -0.000000    0.000000    -0.000000    0.000000    -0.000000    -0.000000    -0.000000    
151.139498    -0.000000    -0.000000    0.000000    -0.000000    0.000000    -0.000000    0.000000    -0.000009    0.003896    -0.999988    -0.003059    
205.225541    0.999995    -0.003281    0.000006    -0.000000    0.000000    -0.000000    0.000000    -0.000000    0.000000    -0.000000    -0.000000    
232.860378    0.000000    -0.000000    0.000000    -0.000000    0.000000    -0.000000    0.000000    -0.000000    0.000005    -0.003059    0.999995    

0.670206
-0.291255    0.000000    0.000000    0.000001    0.000354    0.041764    0.998895    0.021538    0.000132    0.000000    0.000000    0.000000    
5.698000    0.000000    0.000000    0.000041    0.010627    0.999070    -0.041735    -0.001861    -0.000013    -0.000000    -0.000000    -0.000000    
11.308179    0.000000    0.000000    0.000000    0.000013    0.000960    -0.021597    0.999729    0.008582    0.000028    0.000000    0.000000    
29.202943    0.000000    0.000015    0.006089    0.999925    -0.010633    0.000090    -0.000001    -0.000000    -0.000000    -0.000000    -0.000000    
40.432030    0.000000    0.000000    0.000000    0.000000    -0.000000    0.000053    -0.008583    0.999949    0.005356    0.000012    0.000000    
70.259817    0.000008    0.004266    0.999972    -0.006089    0.000024    -0.000000    0.000000    -0.000000    -0.000000    -0.000000    -0.000000    
87.103852    0.000000    0.000000    0.000000    -0.000000    0.000000    -0.000000    0.000018    -0.005356    0.999978    0.003893    0.000007    
128.863125    0.003283    0.999986    -0.004266    0.000011    -0.000000    0.000000    -0.000000    0.000000    -0.000000    -0.000000    -0.000000    
151.321921    -0.000000    -0.000000    0.000000    -0.000000    0.000000    -0.000000    0.000000    -0.000009    0.003893    -0.999988    -0.003058    
205.013181    0.999995    -0.003283    0.000006    -0.000000    0.000000    -0.000000    0.000000    -0.000000    0.000000    -0.000000    -0.000000    
233.086666    0.000000    -0.000000    0.000000    -0.000000    0.000000    -0.000000    0.000000    -0.000000    0.000005    -0.003058    0.999995    

0.680678
-0.284238    0.000000    0.000000    0.000001    0.000358    0.042072    0.998884    0.021456    0.000131    0.000000    0.000000    0.000000    
5.661281    0.000000    0.000000    0.000041    0.010647    0.999057    -0.042044    -0.001846    -0.000013    -0.000000    -0.000000    -0.000000    
11.359100    0.000000    0.000000    0.000000    0.000013    0.000942    -0.021515    0.999731    0.008569    0.000028    0.000000    0.000000    
29.122290    0.000000    0.000015    0.006095    0.999925    -0.010653    0.000091    -0.000001    -0.000000    -0.000000    -0.000000    -0.000000    
40.526831    0.000000    0.000000    0.000000    0.000000    -0.000000    0.000053    -0.008570    0.999949    0.005351    0.000012    0.000000    
70.135296    0.000008    0.004269    0.999972    -0.006095    0.000024    -0.000000    0.000000    -0.000000    -0.000000    -0.000000    -0.000000    
87.242519    0.000000    0.000000    0.000000    -0.000000    0.000000    -0.000000    0.000018    -0.005351    0.999978    0.003890    0.000007    
128.694738    0.003285    0.999985    -0.004269    0.000011    -0.000000    0.000000    -0.000000    0.000000    -0.000000    -0.000000    -0.000000    
151.504453    -0.000000    -0.000000    0.000000    -0.000000    0.000000    -0.000000    0.000000    -0.000009    0.003890    -0.999988    -0.003056    
204.800930    0.999995    -0.003285    0.000006    -0.000000    0.000000    -0.000000    0.000000    -0.000000    0.000000    -0.000000    -0.000000    
233.313063    0.000000    -0.000000    0.000000    -0.000000    0.000000    -0.000000    0.000000    -0.000000    0.000005    -0.003056    0.999995    

0.691150
-0.277114    0.000000    0.000000    0.000001    0.000361    0.042385    0.998873    0.021375    0.000131    0.000000    0.000000    0.000000    
5.624672    0.000000    0.000000    0.000041    0.010667    0.999044    -0.042356    -0.001832    -0.000013    -0.000000    -0.000000    -0.000000    
11.410130    0.000000    0.000000    0.000000    0.000013    0.000924    -0.021434    0.999733    0.008556    0.000028    0.000000    0.000000    
29.041746    0.000000    0.000015    0.006102    0.999924    -0.010673    0.000091    -0.000001    -0.000000    -0.000000    -0.000000    -0.000000    
40.621742    0.000000    0.000000    0.000000    0.000000    -0.000000    0.000052    -0.008557    0.999949    0.005346    0.000012    0.000000    
70.010885    0.000008    0.004272    0.999972    -0.006102    0.000024    -0.000000    0.000000    -0.000000    -0.000000    -0.000000    -0.000000    
87.381296    0.000000    0.000000    0.000000    -0.000000    0.000000    -0.000000    0.000018    -0.005346    0.999978    0.003888    0.000007    
128.526462    0.003287    0.999985    -0.004272    0.000011    -0.000000    0.000000    -0.000000    0.000000    -0.000000    -0.000000    -0.000000    
151.687096    -0.000000    -0.000000    0.000000    -0.000000    0.000000    -0.000000    0.000000    -0.000009    0.003888    -0.999988    -0.003054    
204.588789    0.999995    -0.003287    0.000006    -0.000000    0.000000    -0.000000    0.000000    -0.000000    0.000000    -0.000000    -0.000000    
233.539570    0.000000    -0.000000    0.000000    -0.000000    0.000000    -0.000000    0.000000    -0.000000    0.000005    -0.003054    0.999995    

0.701622
-0.269880    0.000000    0.000000    0.000001    0.000365    0.042702    0.998861    0.021295    0.000130    0.000000    0.000000    0.000000    
5.588174    0.000000    0.000000    0.000042    0.010687    0.999030    -0.042674    -0.001818    -0.000013    -0.000000    -0.000000    -0.000000    
11.461271    0.000000    0.000000    0.000000    0.000013    0.000907    -0.021354    0.999735    0.008544    0.000028    0.000000    0.000000    
28.961312    0.000000    0.000015    0.006108    0.999924    -0.010693    0.000092    -0.000001    -0.000000    -0.000000    -0.000000    -0.000000    
40.716762    0.000000    0.000000    0.000000    0.000000    -0.000000    0.000052    -0.008544    0.999949    0.005341    0.000012    0.000000    
69.886584    0.000008    0.004276    0.999972    -0.006108    0.000024    -0.000000    0.000000    -0.000000    -0.000000    -0.000000    -0.000000    
87.520183    0.000000    0.000000    0.000000    -0.000000    0.000000    -0.000000    0.000018    -0.005341    0.999978    0.003885    0.000007    
128.358295    0.003289    0.999985    -0.004276    0.000011    -0.000000    0.000000    -0.000000    0.000000    -0.000000    -0.000000    -0.000000    
151.869848    -0.000000    -0.000000    0.000000    -0.000000    0.000000    -0.000000    0.000000    -0.000009    0.003885    -0.999988    -0.003053    
204.376757    0.999995    -0.003289    0.000006    -0.000000    0.000000    -0.000000    0.000000    -0.000000    0.000000    -0.000000    -0.000000    
233.766187    0.000000    -0.000000    0.000000    -0.000000    0.000000    -0.000000    0.000000    -0.000000    0.000005    -0.003053    0.999995    

0.712094
-0.262539    0.000000    0.000000    0.000001    0.000369    0.043023    0.998849    0.021215    0.000129    0.000000    0.000000    0.000000    
5.551787    0.000000    0.000000    0.000042    0.010707    0.999016    -0.042996    -0.001805    -0.000013    -0.000000    -0.000000    -0.000000    
11.512521    0.000000    0.000000    0.000000    0.000013    0.000890    -0.021274    0.999737    0.008531    0.000028    0.000000    0.000000    
28.880988    0.000000    0.000015    0.006115    0.999924    -0.010713    0.000092    -0.000001    -0.000000    -0.000000    -0.000000    -0.000000    
40.811892    0.000000    0.000000    0.000000    0.000000    -0.000000    0.000052    -0.008532    0.999949    0.005336    0.000012    0.000000    
69.762392    0.000008    0.004279    0.999972    -0.006115    0.000024    -0.000000    0.000000    -0.000000    -0.000000    -0.000000    -0.000000    
87.659179    0.000000    0.000000    0.000000    -0.000000    0.000000    -0.000000    0.000018    -0.005336    0.999978    0.003882    0.000007    
128.190238    0.003291    0.999985    -0.004279    0.000011    -0.000000    0.000000    -0.000000    0.000000    -0.000000    -0.000000    -0.000000    
152.052709    -0.000000    -0.000000    0.000000    -0.000000    0.000000    -0.000000    0.000000    -0.000009    0.003882    -0.999988    -0.003051    
204.164835    0.999995    -0.003291    0.000006    -0.000000    0.000000    -0.000000    0.000000    -0.000000    0.000000    -0.000000    -0.000000    
233.992913    0.000000    -0.000000    0.000000    -0.000000    0.000000    -0.000000    0.000000    -0.000000    0.000005    -0.003051    0.999995    

0.722566
-0.255089    0.000000    0.000000    0.000001    0.000373    0.043350    0.998836    0.021136    0.000128    0.000000    0.000000    0.000000    
5.515511    0.000000    0.000000    0.000042    0.010727    0.999002    -0.043323    -0.001792    -0.000013    -0.000000    -0.000000    -0.000000    
11.563881    0.000000    0.000000    0.000000    0.000013    0.000874    -0.021194    0.999739    0.008518    0.000028    0.000000    0.000000    
28.800773    0.000000    0.000015    0.006122    0.999924    -0.010733    0.000092    -0.000001    -0.000000    -0.000000    -0.000000    -0.000000    
40.907132    0.000000    0.000000    0.000000    0.000000    -0.000000    0.000052    -0.008519    0.999949    0.005331    0.000012    0.000000    
69.638310    0.000008    0.004282    0.999972    -0.006122    0.000024    -0.000000    0.000000    -0.000000    -0.000000    -0.000000    -0.000000    
87.798285    0.000000    0.000000    0.000000    -0.000000    0.000000    -0.000000    0.000017    -0.005331    0.999978    0.003880    0.000007    
128.022291    0.003292    0.999985    -0.004282    0.000011    -0.000000    0.000000    -0.000000    0.000000    -0.000000    -0.000000    -0.000000    
152.235680    -0.000000    -0.000000    0.000000    -0.000000    0.000000    -0.000000    0.000000    -0.000009    0.003880    -0.999988    -0.003049    
203.953023    0.999995    -0.003292    0.000006    -0.000000    0.000000    -0.000000    0.000000    -0.000000    0.000000    -0.000000    -0.000000    
234.219749    0.000000    -0.000000    0.000000    -0.000000    0.000000    -0.000000    0.000000    -0.000000    0.000005    -0.003049    0.999995    

0.733038
-0.247531    0.000000    0.000000    0.000001    0.000377    0.043682    0.998823    0.021058    0.000128    0.000000    0.000000    0.000000    
5.479346    0.000000    0.000000    0.000042    0.010747    0.998987    -0.043655    -0.001780    -0.000013    -0.000000    -0.000000    -0.000000    
11.615351    0.000000    0.000000    0.000000    0.000013    0.000859    -0.021116    0.999740    0.008505    0.000028    0.000000    0.000000    
28.720668    0.000000    0.000015    0.006128    0.999923    -0.010753    0.000093    -0.000001    -0.000000    -0.000000    -0.000000    -0.000000    
41.002482    0.000000    0.000000    0.000000    0.000000    -0.000000    0.000052    -0.008506    0.999950    0.005326    0.000012    0.000000    
69.514338    0.000008    0.004285    0.999972    -0.006128    0.000024    -0.000000    0.000000    -0.000000    -0.000000    -0.000000    -0.000000    
87.937501    0.000000    0.000000    0.000000    -0.000000    0.000000    -0.000000    0.000017    -0.005326    0.999978    0.003877    0.000007    
127.854453    0.003294    0.999985    -0.004285    0.000011    -0.000000    0.000000    -0.000000    0.000000    -0.000000    -0.000000    -0.000000    
152.418761    -0.000000    -0.000000    0.000000    -0.000000    0.000000    -0.000000    0.000000    -0.000009    0.003877    -0.999988    -0.003048    
203.741320    0.999995    -0.003294    0.000006    -0.000000    0.000000    -0.000000    0.000000    -0.000000    0.000000    -0.000000    -0.000000    
234.446695    0.000000    -0.000000    0.000000    -0.000000    0.000000    -0.000000    0.000000    -0.000000    0.000005    -0.003048    0.999995    

0.743510
-0.239865    0.000000    0.000000    0.000001    0.000381    0.044018    0.998810    0.020980    0.000127    0.000000    0.000000    0.000000    
5.443292    0.000000    0.000000    0.000042    0.010767    0.998972    -0.043993    -0.001769    -0.000012    -0.000000    -0.000000    -0.000000    
11.666931    0.000000    0.000000    0.000000    0.000012    0.000843    -0.021037    0.999742    0.008493    0.000028    0.000000    0.000000    
28.640673    0.000000    0.000015    0.006135    0.999923    -0.010773    0.000093    -0.000001    -0.000000    -0.000000    -0.000000    -0.000000    
41.097941    0.000000    0.000000    0.000000    0.000000    -0.000000    0.000051    -0.008494    0.999950    0.005321    0.000012    0.000000    
69.390475    0.000008    0.004288    0.999972    -0.006135    0.000024    -0.000000    0.000000    -0.000000    -0.000000    -0.000000    -0.000000    
88.076826    0.000000    0.000000    0.000000    -0.000000    0.000000    -0.000000    0.000017    -0.005321    0.999978    0.003874    0.000007    
127.686725    0.003296    0.999985    -0.004288    0.000011    -0.000000    0.000000    -0.000000    0.000000    -0.000000    -0.000000    -0.000000    
152.601952    -0.000000    -0.000000    0.000000    -0.000000    0.000000    -0.000000    0.000000    -0.000009    0.003874    -0.999988    -0.003046    
203.529728    0.999995    -0.003296    0.000006    -0.000000    0.000000    -0.000000    0.000000    -0.000000    0.000000    -0.000000    -0.000000    
234.673750    0.000000    -0.000000    0.000000    -0.000000    0.000000    -0.000000    0.000000    -0.000000    0.000005    -0.003046    0.999995    

0.753982
-0.232091    0.000000    0.000000    0.000001    0.000385    0.044360    0.998797    0.020902    0.000126    0.000000    0.000000    0.000000    
5.407349    0.000000    0.000000    0.000042    0.010787    0.998957    -0.044335    -0.001758    -0.000012    -0.000000    -0.000000    -0.000000    
11.718620    0.000000    0.000000    0.000000    0.000012    0.000829    -0.020960    0.999744    0.008480    0.000028    0.000000    0.000000    
28.560788    0.000000    0.000016    0.006141    0.999923    -0.010794    0.000094    -0.000001    -0.000000    -0.000000    -0.000000    -0.000000    
41.193509    0.000000    0.000000    0.000000    0.000000    -0.000000    0.000051    -0.008481    0.999950    0.005316    0.000012    0.000000    
69.266722    0.000008    0.004292    0.999972    -0.006141    0.000024    -0.000000    0.000000    -0.000000    -0.000000    -0.000000    -0.000000    
88.216261    0.000000    0.000000    0.000000    -0.000000    0.000000    -0.000000    0.000017    -0.005316    0.999978    0.003872    0.000007    
127.519106    0.003298    0.999985    -0.004292    0.000011    -0.000000    0.000000    -0.000000    0.000000    -0.000000    -0.000000    -0.000000    
152.785252    -0.000000    -0.000000    0.000000    -0.000000    0.000000    -0.000000    0.000000    -0.000009    0.003872    -0.999988    -0.003044    
203.318244    0.999995    -0.003298    0.000006    -0.000000    0.000000    -0.000000    0.000000    -0.000000    0.000000    -0.000000    -0.000000    
234.900915    0.000000    -0.000000    0.000000    -0.000000    0.000000    -0.000000    0.000000    -0.000000    0.000005    -0.003044    0.999995    

0.764454
-0.224208    0.000000    0.000000    0.000001    0.000389    0.044708    0.998783    0.020825    0.000125    0.000000    0.000000    0.000000    
5.371516    0.000000    0.000000    0.000042    0.010808    0.998941    -0.044683    -0.001747    -0.000012    -0.000000    -0.000000    -0.000000    
11.770420    0.000000    0.000000    0.000000    0.000012    0.000814    -0.020883    0.999746    0.008467    0.000028    0.000000    0.000000    
28.481012    0.000000    0.000016    0.006148    0.999923    -0.010814    0.000094    -0.000001    -0.000000    -0.000000    -0.000000    -0.000000    
41.289188    0.000000    0.000000    0.000000    0.000000    -0.000000    0.000051    -0.008468    0.999950    0.005311    0.000012    0.000000    
69.143079    0.000008    0.004295    0.999972    -0.006148    0.000024    -0.000000    0.000000    -0.000000    -0.000000    -0.000000    -0.000000    
88.355806    0.000000    0.000000    0.000000    -0.000000    0.000000    -0.000000    0.000017    -0.005312    0.999978    0.003869    0.000007    
127.351598    0.003300    0.999985    -0.004295    0.000011    -0.000000    0.000000    -0.000000    0.000000    -0.000000    -0.000000    -0.000000    
152.968662    -0.000000    -0.000000    0.000000    -0.000000    0.000000    -0.000000    0.000000    -0.000009    0.003869    -0.999988    -0.003043    
203.106871    0.999995    -0.003300    0.000006    -0.000000    0.000000    -0.000000    0.000000    -0.000000    0.000000    -0.000000    -0.000000    
235.128190    0.000000    -0.000000    0.000000    -0.000000    0.000000    -0.000000    0.000000    -0.000000    0.000005    -0.003043    0.999995    

0.774926
-0.216217    0.000000    0.000000    0.000001    0.000394    0.045060    0.998769    0.020749    0.000125    0.000000    0.000000    0.000000    
5.335795    0.000000    0.000000    0.000043    0.010828    0.998925    -0.045036    -0.001737    -0.000012    -0.000000    -0.000000    -0.000000    
11.822329    0.000000    0.000000    0.000000    0.000012    0.000800    -0.020806    0.999747    0.008455    0.000028    0.000000    0.000000    
28.401346    0.000000    0.000016    0.006155    0.999922    -0.010835    0.000095    -0.000001    -0.000000    -0.000000    -0.000000    -0.000000    
41.384976    0.000000    0.000000    0.000000    0.000000    -0.000000    0.000051    -0.008456    0.999950    0.005307    0.000012    0.000000    
69.019545    0.000008    0.004298    0.999972    -0.006155    0.000024    -0.000000    0.000000    -0.000000    -0.000000    -0.000000    -0.000000    
88.495460    0.000000    0.000000    0.000000    -0.000000    0.000000    -0.000000    0.000017    -0.005307    0.999978    0.003867    0.000007    
127.184198    0.003302    0.999985    -0.004298    0.000011    -0.000000    0.000000    -0.000000    0.000000    -0.000000    -0.000000    -0.000000    
153.152182    -0.000000    -0.000000    0.000000    -0.000000    0.000000    -0.000000    0.000000    -0.000009    0.003867    -0.999988    -0.003041    
202.895607    0.999995    -0.003302    0.000006    -0.000000    0.000000    -0.000000    0.000000    -0.000000    0.000000    -0.000000    -0.000000    
235.355574    0.000000    -0.000000    0.000000    -0.000000    0.000000    -0.000000    0.000000    -0.000000    0.000005    -0.003041    0.999995    

0.785398
-0.208118    0.000000    0.000000    0.000001    0.000398    0.045419    0.998754    0.020673    0.000124    0.000000    0.000000    0.000000    
5.300185    0.000000    0.000000    0.000043    0.010849    0.998909    -0.045394    -0.001728    -0.000012    -0.000000    -0.000000    -0.000000    
11.874348    0.000000    0.000000    0.000000    0.000012    0.000787    -0.020731    0.999749    0.008442    0.000027    0.000000    0.000000    
28.321789    0.000000    0.000016    0.006161    0.999922    -0.010855    0.000095    -0.000001    -0.000000    -0.000000    -0.000000    -0.000000    
41.480874    0.000000    0.000000    0.000000    0.000000    -0.000000    0.000051    -0.008443    0.999950    0.005302    0.000012    0.000000    
68.896121    0.000008    0.004301    0.999972    -0.006161    0.000024    -0.000000    0.000000    -0.000000    -0.000000    -0.000000    -0.000000    
88.635224    0.000000    0.000000    0.000000    -0.000000    0.000000    -0.000000    0.000017    -0.005302    0.999978    0.003864    0.000007    
127.016909    0.003304    0.999985    -0.004301    0.000011    -0.000000    0.000000    -0.000000    0.000000    -0.000000    -0.000000    -0.000000    
153.335811    -0.000000    -0.000000    0.000000    -0.000000    0.000000    -0.000000    0.000000    -0.000009    0.003864    -0.999988    -0.003040    
202.684453    0.999995    -0.003304    0.000006    -0.000000    0.000000    -0.000000    0.000000    -0.000000    0.000000    -0.000000    -0.000000    
235.583068    0.000000    -0.000000    0.000000    -0.000000    0.000000    -0.000000    0.000000    -0.000000    0.000005    -0.003040    0.999995    

0.795870
-0.199912    0.000000    0.000000    0.000001    0.000402    0.045783    0.998739    0.020598    0.000123    0.000000    0.000000    0.000000    
5.264685    0.000000    0.000000    0.000043    0.010869    0.998892    -0.045759    -0.001718    -0.000012    -0.000000    -0.000000    -0.000000    
11.926476    0.000000    0.000000    0.000000    0.000012    0.000774    -0.020655    0.999751    0.008430    0.000027    0.000000    0.000000    
28.242342    0.000000    0.000016    0.006168    0.999922    -0.010876    0.000096    -0.000001    -0.000000    -0.000000    -0.000000    -0.000000    
41.576881    0.000000    0.000000    0.000000    0.000000    -0.000000    0.000050    -0.008431    0.999950    0.005297    0.000012    0.000000    
68.772807    0.000008    0.004305    0.999972    -0.006168    0.000024    -0.000000    0.000000    -0.000000    -0.000000    -0.000000    -0.000000    
88.775098    0.000000    0.000000    0.000000    -0.000000    0.000000    -0.000000    0.000017    -0.005297    0.999979    0.003861    0.000007    
126.849729    0.003306    0.999985    -0.004305    0.000011    -0.000000    0.000000    -0.000000    0.000000    -0.000000    -0.000000    -0.000000    
153.519550    -0.000000    -0.000000    0.000000    -0.000000    0.000000    -0.000000    0.000000    -0.000009    0.003861    -0.999988    -0.003038    
202.473408    0.999995    -0.003306    0.000006    -0.000000    0.000000    -0.000000    0.000000    -0.000000    0.000000    -0.000000    -0.000000    
235.810672    0.000000    -0.000000    0.000000    -0.000000    0.000000    -0.000000    0.000000    -0.000000    0.000005    -0.003038    0.999995    

0.806342
-0.191597    0.000000    0.000000    0.000001    0.000407    0.046153    0.998723    0.020523    0.000123    0.000000    0.000000    0.000000    
5.229297    0.000000    0.000000    0.000043    0.010890    0.998875    -0.046129    -0.001710    -0.000012    -0.000000    -0.000000    -0.000000    
11.978715    0.000000    0.000000    0.000000    0.000012    0.000761    -0.020581    0.999752    0.008417    0.000027    0.000000    0.000000    
28.163005    0.000000    0.000016    0.006175    0.999922    -0.010897    0.000096    -0.000001    -0.000000    -0.000000    -0.000000    -0.000000    
41.672998    0.000000    0.000000    0.000000    0.000000    -0.000000    0.000050    -0.008418    0.999951    0.005292    0.000012    0.000000    
68.649602    0.000008    0.004308    0.999972    -0.006175    0.000024    -0.000000    0.000000    -0.000000    -0.000000    -0.000000    -0.000000    
88.915081    0.000000    0.000000    0.000000    -0.000000    0.000000    -0.000000    0.000017    -0.005292    0.999979    0.003859    0.000007    
126.682659    0.003308    0.999985    -0.004308    0.000011    -0.000000    0.000000    -0.000000    0.000000    -0.000000    -0.000000    -0.000000    
153.703398    -0.000000    -0.000000    0.000000    -0.000000    0.000000    -0.000000    0.000000    -0.000009    0.003859    -0.999988    -0.003036    
202.262473    0.999995    -0.003308    0.000006    -0.000000    0.000000    -0.000000    0.000000    -0.000000    0.000000    -0.000000    -0.000000    
236.038385    0.000000    -0.000000    0.000000    -0.000000    0.000000    -0.000000    0.000000    -0.000000    0.000005    -0.003036    0.999995    

0.816814
-0.183173    0.000000    0.000000    0.000001    0.000412    0.046529    0.998708    0.020449    0.000122    0.000000    0.000000    0.000000    
5.194020    0.000000    0.000000    0.000043    0.010910    0.998857    -0.046505    -0.001702    -0.000012    -0.000000    -0.000000    -0.000000    
12.031063    0.000000    0.000000    0.000000    0.000012    0.000748    -0.020506    0.999754    0.008405    0.000027    0.000000    0.000000    
28.083778    0.000000    0.000016    0.006181    0.999921    -0.010918    0.000097    -0.000002    -0.000000    -0.000000    -0.000000    -0.000000    
41.769225    0.000000    0.000000    0.000000    0.000000    -0.000000    0.000050    -0.008406    0.999951    0.005287    0.000012    0.000000    
68.526507    0.000008    0.004311    0.999972    -0.006181    0.000024    -0.000000    0.000000    -0.000000    -0.000000    -0.000000    -0.000000    
89.055174    0.000000    0.000000    0.000000    -0.000000    0.000000    -0.000000    0.000017    -0.005287    0.999979    0.003856    0.000007    
126.515699    0.003310    0.999985    -0.004311    0.000011    -0.000000    0.000000    -0.000000    0.000000    -0.000000    -0.000000    -0.000000    
153.887356    -0.000000    -0.000000    0.000000    -0.000000    0.000000    -0.000000    0.000000    -0.000009    0.003856    -0.999988    -0.003035    
202.051648    0.999995    -0.003310    0.000006    -0.000000    0.000000    -0.000000    0.000000    -0.000000    0.000000    -0.000000    -0.000000    
236.266208    0.000000    -0.000000    0.000000    -0.000000    0.000000    -0.000000    0.000000    -0.000000    0.000005    -0.003035    0.999995    

0.827286
-0.174642    0.000000    0.000000    0.000002    0.000416    0.046911    0.998691    0.020375    0.000121    0.000000    0.000000    0.000000    
5.158855    0.000000    0.000000    0.000043    0.010931    0.998839    -0.046888    -0.001694    -0.000012    -0.000000    -0.000000    -0.000000    
12.083521    0.000000    0.000000    0.000000    0.000012    0.000736    -0.020433    0.999756    0.008393    0.000027    0.000000    0.000000    
28.004660    0.000000    0.000016    0.006188    0.999921    -0.010939    0.000097    -0.000002    -0.000000    -0.000000    -0.000000    -0.000000    
41.865561    0.000000    0.000000    0.000000    0.000000    -0.000000    0.000050    -0.008393    0.999951    0.005282    0.000012    0.000000    
68.403521    0.000008    0.004314    0.999972    -0.006188    0.000024    -0.000000    0.000000    -0.000000    -0.000000    -0.000000    -0.000000    
89.195377    0.000000    0.000000    0.000000    -0.000000    0.000000    -0.000000    0.000017    -0.005282    0.999979    0.003853    0.000007    
126.348848    0.003312    0.999985    -0.004314    0.000011    -0.000000    0.000000    -0.000000    0.000000    -0.000000    -0.000000    -0.000000    
154.071424    -0.000000    -0.000000    0.000000    -0.000000    0.000000    -0.000000    0.000000    -0.000009    0.003853    -0.999988    -0.003033    
201.840932    0.999995    -0.003312    0.000006    -0.000000    0.000000    -0.000000    0.000000    -0.000000    0.000000    -0.000000    -0.000000    
236.494140    0.000000    -0.000000    0.000000    -0.000000    0.000000    -0.000000    0.000000    -0.000000    0.000005    -0.003033    0.999995    

0.837758
-0.166004    0.000000    0.000000    0.000002    0.000421    0.047299    0.998674    0.020302    0.000120    0.000000    0.000000    0.000000    
5.123800    0.000000    0.000000    0.000043    0.010952    0.998820    -0.047277    -0.001687    -0.000011    -0.000000    -0.000000    -0.000000    
12.136089    0.000000    0.000000    0.000000    0.000011    0.000725    -0.020360    0.999757    0.008380    0.000027    0.000000    0.000000    
27.925652    0.000000    0.000016    0.006195    0.999921    -0.010960    0.000098    -0.000002    -0.000000    -0.000000    -0.000000    -0.000000    
41.962007    0.000000    0.000000    0.000000    0.000000    -0.000000    0.000050    -0.008381    0.999951    0.005277    0.000012    0.000000    
68.280646    0.000008    0.004318    0.999971    -0.006195    0.000025    -0.000000    0.000000    -0.000000    -0.000000    -0.000000    -0.000000    
89.335689    0.000000    0.000000    0.000000    -0.000000    0.000000    -0.000000    0.000017    -0.005277    0.999979    0.003851    0.000007    
126.182107    0.003314    0.999985    -0.004318    0.000011    -0.000000    0.000000    -0.000000    0.000000    -0.000000    -0.000000    -0.000000    
154.255602    -0.000000    -0.000000    0.000000    -0.000000    0.000000    -0.000000    0.000000    -0.000009    0.003851    -0.999988    -0.003032    
201.630327    0.999995    -0.003314    0.000006    -0.000000    0.000000    -0.000000    0.000000    -0.000000    0.000000    -0.000000    -0.000000    
236.722183    0.000000    -0.000000    0.000000    -0.000000    0.000000    -0.000000    0.000000    -0.000000    0.000005    -0.003032    0.999995    

0.848230
-0.157257    0.000000    0.000000    0.000002    0.000426    0.047694    0.998657    0.020230    0.000120    0.000000    0.000000    0.000000    
5.088857    0.000000    0.000000    0.000043    0.010973    0.998801    -0.047672    -0.001680    -0.000011    -0.000000    -0.000000    -0.000000    
12.188767    0.000000    0.000000    0.000000    0.000011    0.000713    -0.020287    0.999759    0.008368    0.000027    0.000000    0.000000    
27.846754    0.000000    0.000016    0.006201    0.999920    -0.010981    0.000098    -0.000002    -0.000000    -0.000000    -0.000000    -0.000000    
42.058563    0.000000    0.000000    0.000000    0.000000    -0.000000    0.000050    -0.008369    0.999951    0.005272    0.000012    0.000000    
68.157880    0.000008    0.004321    0.999971    -0.006202    0.000025    -0.000000    0.000000    -0.000000    -0.000000    -0.000000    -0.000000    
89.476111    0.000000    0.000000    0.000000    -0.000000    0.000000    -0.000000    0.000017    -0.005272    0.999979    0.003848    0.000007    
126.015475    0.003315    0.999985    -0.004321    0.000011    -0.000000    0.000000    -0.000000    0.000000    -0.000000    -0.000000    -0.000000    
154.439889    -0.000000    -0.000000    0.000000    -0.000000    0.000000    -0.000000    0.000000    -0.000009    0.003848    -0.999988    -0.003030    
201.419830    0.999995    -0.003315    0.000006    -0.000000    0.000000    -0.000000    0.000000    -0.000000    0.000000    -0.000000    -0.000000    
236.950335    0.000000    -0.000000    0.000000    -0.000000    0.000000    -0.000000    0.000000    -0.000000    0.000005    -0.003030    0.999995    

0.858702
-0.148402    0.000000    0.000000    0.000002    0.000431    0.048096    0.998639    0.020157    0.000119    0.000000    0.000000    0.000000    
5.054025    0.000000    0.000000    0.000044    0.010994    0.998782    -0.048073    -0.001673    -0.000011    -0.000000    -0.000000    -0.000000    
12.241554    0.000000    0.000000    0.000000    0.000011    0.000702    -0.020215    0.999760    0.008356    0.000027    0.000000    0.000000    
27.767965    0.000000    0.000016    0.006208    0.999920    -0.011002    0.000099    -0.000002    -0.000000    -0.000000    -0.000000    -0.000000    
42.155229    0.000000    0.000000    0.000000    0.000000    -0.000000    0.000049    -0.008357    0.999951    0.005267    0.000012    0.000000    
68.035223    0.000008    0.004324    0.999971    -0.006208    0.000025    -0.000000    0.000000    -0.000000    -0.000000    -0.000000    -0.000000    
89.616643    0.000000    0.000000    0.000000    -0.000000    0.000000    -0.000000    0.000017    -0.005267    0.999979    0.003846    0.000007    
125.848953    0.003317    0.999985    -0.004324    0.000011    -0.000000    0.000000    -0.000000    0.000000    -0.000000    -0.000000    -0.000000    
154.624286    -0.000000    -0.000000    0.000000    -0.000000    0.000000    -0.000000    0.000000    -0.000009    0.003846    -0.999988    -0.003028    
201.209444    0.999994    -0.003317    0.000006    -0.000000    0.000000    -0.000000    0.000000    -0.000000    0.000000    -0.000000    -0.000000    
237.178596    0.000000    -0.000000    0.000000    -0.000000    0.000000    -0.000000    0.000000    -0.000000    0.000005    -0.003028    0.999995    

0.869174
-0.139439    0.000000    0.000000    0.000002    0.000436    0.048504    0.998621    0.020086    0.000118    0.000000    0.000000    0.000000    
5.019304    0.000000    0.000000    0.000044    0.011015    0.998762    -0.048482    -0.001667    -0.000011    -0.000000    -0.000000    -0.000000    
12.294451    0.000000    0.000000    0.000000    0.000011    0.000691    -0.020143    0.999762    0.008344    0.000027    0.000000    0.000000    
27.689286    0.000000    0.000016    0.006215    0.999920    -0.011023    0.000099    -0.000002    -0.000000    -0.000000    -0.000000    -0.000000    
42.252004    0.000000    0.000000    0.000000    0.000000    -0.000000    0.000049    -0.008344    0.999951    0.005262    0.000012    0.000000    
67.912677    0.000008    0.004327    0.999971    -0.006215    0.000025    -0.000000    0.000000    -0.000000    -0.000000    -0.000000    -0.000000    
89.757284    0.000000    0.000000    0.000000    -0.000000    0.000000    -0.000000    0.000017    -0.005262    0.999979    0.003843    0.000007    
125.682541    0.003319    0.999985    -0.004327    0.000011    -0.000000    0.000000    -0.000000    0.000000    -0.000000    -0.000000    -0.000000    
154.808792    -0.000000    -0.000000    0.000000    -0.000000    0.000000    -0.000000    0.000000    -0.000009    0.003843    -0.999988    -0.003027    
200.999167    0.999994    -0.003319    0.000006    -0.000000    0.000000    -0.000000    0.000000    -0.000000    0.000000    -0.000000    -0.000000    
237.406968    0.000000    -0.000000    0.000000    -0.000000    0.000000    -0.000000    0.000000    -0.000000    0.000005    -0.003027    0.999995    

0.879646
-0.130369    0.000000    0.000000    0.000002    0.000441    0.048919    0.998602    0.020015    0.000118    0.000000    0.000000    0.000000    
4.984695    0.000000    0.000000    0.000044    0.011036    0.998741    -0.048898    -0.001661    -0.000011    -0.000000    -0.000000    -0.000000    
12.347458    0.000000    0.000000    0.000000    0.000011    0.000680    -0.020072    0.999764    0.008331    0.000027    0.000000    0.000000    
27.610716    0.000000    0.000016    0.006222    0.999920    -0.011045    0.000100    -0.000002    -0.000000    -0.000000    -0.000000    -0.000000    
42.348889    0.000000    0.000000    0.000000    0.000000    -0.000000    0.000049    -0.008332    0.999951    0.005258    0.000012    0.000000    
67.790240    0.000008    0.004331    0.999971    -0.006222    0.000025    -0.000000    0.000000    -0.000000    -0.000000    -0.000000    -0.000000    
89.898035    0.000000    0.000000    0.000000    -0.000000    0.000000    -0.000000    0.000017    -0.005258    0.999979    0.003840    0.000006    
125.516239    0.003321    0.999985    -0.004331    0.000011    -0.000000    0.000000    -0.000000    0.000000    -0.000000    -0.000000    -0.000000    
154.993409    -0.000000    -0.000000    0.000000    -0.000000    0.000000    -0.000000    0.000000    -0.000009    0.003840    -0.999988    -0.003025    
200.789000    0.999994    -0.003321    0.000006    -0.000000    0.000000    -0.000000    0.000000    -0.000000    0.000000    -0.000000    -0.000000    
237.635449    0.000000    -0.000000    0.000000    -0.000000    0.000000    -0.000000    0.000000    -0.000000    0.000005    -0.003025    0.999995    

0.890118
-0.121191    0.000000    0.000000    0.000002    0.000446    0.049341    0.998583    0.019944    0.000117    0.000000    0.000000    0.000000    
4.950197    0.000000    0.000000    0.000044    0.011058    0.998720    -0.049320    -0.001656    -0.000011    -0.000000    -0.000000    -0.000000    
12.400575    0.000000    0.000000    0.000000    0.000011    0.000670    -0.020002    0.999765    0.008319    0.000027    0.000000    0.000000    
27.532257    0.000000    0.000016    0.006229    0.999919    -0.011066    0.000100    -0.000002    -0.000000    -0.000000    -0.000000    -0.000000    
42.445883    0.000000    0.000000    0.000000    0.000000    -0.000000    0.000049    -0.008320    0.999952    0.005253    0.000012    0.000000    
67.667912    0.000008    0.004334    0.999971    -0.006229    0.000025    -0.000000    0.000000    -0.000000    -0.000000    -0.000000    -0.000000    
90.038896    0.000000    0.000000    0.000000    -0.000000    0.000000    -0.000000    0.000017    -0.005253    0.999979    0.003838    0.000006    
125.350046    0.003323    0.999985    -0.004334    0.000011    -0.000000    0.000000    -0.000000    0.000000    -0.000000    -0.000000    -0.000000    
155.178134    -0.000000    -0.000000    0.000000    -0.000000    0.000000    -0.000000    0.000000    -0.000009    0.003838    -0.999988    -0.003023    
200.578942    0.999994    -0.003323    0.000006    -0.000000    0.000000    -0.000000    0.000000    -0.000000    0.000000    -0.000000    -0.000000    
237.864039    0.000000    -0.000000    0.000000    -0.000000    0.000000    -0.000000    0.000000    -0.000000    0.000005    -0.003023    0.999995    

0.900590
-0.111905    0.000000    0.000000    0.000002    0.000451    0.049771    0.998563    0.019874    0.000116    0.000000    0.000000    0.000000    
4.915811    0.000000    0.000000    0.000044    0.011079    0.998699    -0.049750    -0.001651    -0.000011    -0.000000    -0.000000    -0.000000    
12.453802    0.000000    0.000000    0.000000    0.000011    0.000660    -0.019932    0.999767    0.008307    0.000027    0.000000    0.000000    
27.453907    0.000000    0.000016    0.006235    0.999919    -0.011088    0.000101    -0.000002    -0.000000    -0.000000    -0.000000    -0.000000    
42.542987    0.000000    0.000000    0.000000    0.000000    -0.000000    0.000049    -0.008308    0.999952    0.005248    0.000012    0.000000    
67.545694    0.000008    0.004337    0.999971    -0.006235    0.000025    -0.000000    0.000000    -0.000000    -0.000000    -0.000000    -0.000000    
90.179866    0.000000    0.000000    0.000000    -0.000000    0.000000    -0.000000    0.000017    -0.005248    0.999979    0.003835    0.000006    
125.183963    0.003325    0.999985    -0.004337    0.000011    -0.000000    0.000000    -0.000000    0.000000    -0.000000    -0.000000    -0.000000    
155.362970    -0.000000    -0.000000    0.000000    -0.000000    0.000000    -0.000000    0.000000    -0.000008    0.003835    -0.999988    -0.003022    
200.368994    0.999994    -0.003325    0.000006    -0.000000    0.000000    -0.000000    0.000000    -0.000000    0.000000    -0.000000    -0.000000    
238.092739    0.000000    -0.000000    0.000000    -0.000000    0.000000    -0.000000    0.000000    -0.000000    0.000005    -0.003022    0.999995    

0.911062
-0.102512    0.000000    0.000000    0.000002    0.000457    0.050208    0.998542    0.019804    0.000116    0.000000    0.000000    0.000000    
4.881536    0.000000    0.000000    0.000044    0.011100    0.998677    -0.050188    -0.001646    -0.000011    -0.000000    -0.000000    -0.000000    
12.507138    0.000000    0.000000    0.000000    0.000011    0.000650    -0.019862    0.999768    0.008295    0.000027    0.000000    0.000000    
27.375666    0.000000    0.000016    0.006242    0.999919    -0.011109    0.000101    -0.000002    -0.000000    -0.000000    -0.000000    -0.000000    
42.640201    0.000000    0.000000    0.000000    0.000000    -0.000000    0.000049    -0.008296    0.999952    0.005243    0.000012    0.000000    
67.423586    0.000008    0.004341    0.999971    -0.006242    0.000025    -0.000000    0.000000    -0.000000    -0.000000    -0.000000    -0.000000    
90.320946    0.000000    0.000000    0.000000    -0.000000    0.000000    -0.000000    0.000017    -0.005243    0.999979    0.003833    0.000006    
125.017989    0.003327    0.999985    -0.004341    0.000011    -0.000000    0.000000    -0.000000    0.000000    -0.000000    -0.000000    -0.000000    
155.547915    -0.000000    -0.000000    0.000000    -0.000000    0.000000    -0.000000    0.000000    -0.000008    0.003833    -0.999988    -0.003020    
200.159156    0.999994    -0.003327    0.000006    -0.000000    0.000000    -0.000000    0.000000    -0.000000    0.000000    -0.000000    -0.000000    
238.321549    0.000000    -0.000000    0.000000    -0.000000    0.000000    -0.000000    0.000000    -0.000000    0.000005    -0.003020    0.999995    

0.921534
-0.093011    0.000000    0.000000    0.000002    0.000462    0.050653    0.998521    0.019735    0.000115    0.000000    0.000000    0.000000    
4.847373    0.000000    0.000000    0.000045    0.011122    0.998654    -0.050633    -0.001642    -0.000011    -0.000000    -0.000000    -0.000000    
12.560584    0.000000    0.000000    0.000000    0.000011    0.000640    -0.019793    0.999770    0.008283    0.000027    0.000000    0.000000    
27.297536    0.000000    0.000016    0.006249    0.999919    -0.011131    0.000102    -0.000002    -0.000000    -0.000000    -0.000000    -0.000000    
42.737524    0.000000    0.000000    0.000000    0.000000    -0.000000    0.000048    -0.008284    0.999952    0.005238    0.000012    0.000000    
67.301588    0.000008    0.004344    0.999971    -0.006249    0.000025    -0.000000    0.000000    -0.000000    -0.000000    -0.000000    -0.000000    
90.462135    0.000000    0.000000    0.000000    -0.000000    0.000000    -0.000000    0.000017    -0.005238    0.999979    0.003830    0.000006    
124.852125    0.003329    0.999985    -0.004344    0.000011    -0.000000    0.000000    -0.000000    0.000000    -0.000000    -0.000000    -0.000000    
155.732970    -0.000000    -0.000000    0.000000    -0.000000    0.000000    -0.000000    0.000000    -0.000008    0.003830    -0.999988    -0.003019    
199.949427    0.999994    -0.003329    0.000006    -0.000000    0.000000    -0.000000    0.000000    -0.000000    0.000000    -0.000000    -0.000000    
238.550469    0.000000    -0.000000    0.000000    -0.000000    0.000000    -0.000000    0.000000    -0.000000    0.000005    -0.003019    0.999995    

0.932006
-0.083402    0.000000    0.000000    0.000002    0.000468    0.051106    0.998499    0.019666    0.000115    0.000000    0.000000    0.000000    
4.813322    0.000000    0.000000    0.000045    0.011143    0.998631    -0.051086    -0.001638    -0.000011    -0.000000    -0.000000    -0.000000    
12.614140    0.000000    0.000000    0.000000    0.000011    0.000631    -0.019724    0.999771    0.008271    0.000027    0.000000    0.000000    
27.219515    0.000000    0.000016    0.006256    0.999918    -0.011153    0.000102    -0.000002    -0.000000    -0.000000    -0.000000    -0.000000    
42.834957    0.000000    0.000000    0.000000    0.000000    -0.000000    0.000048    -0.008272    0.999952    0.005233    0.000012    0.000000    
67.179699    0.000008    0.004347    0.999971    -0.006256    0.000025    -0.000000    0.000000    -0.000000    -0.000000    -0.000000    -0.000000    
90.603435    0.000000    0.000000    0.000000    -0.000000    0.000000    -0.000000    0.000017    -0.005233    0.999979    0.003828    0.000006    
124.686371    0.003331    0.999985    -0.004347    0.000011    -0.000000    0.000000    -0.000000    0.000000    -0.000000    -0.000000    -0.000000    
155.918135    -0.000000    -0.000000    0.000000    -0.000000    0.000000    -0.000000    0.000000    -0.000008    0.003828    -0.999988    -0.003017    
199.739808    0.999994    -0.003331    0.000006    -0.000000    0.000000    -0.000000    0.000000    -0.000000    0.000000    -0.000000    -0.000000    
238.779498    0.000000    -0.000000    0.000000    -0.000000    0.000000    -0.000000    0.000000    -0.000000    0.000005    -0.003017    0.999995    

0.942478
-0.073686    0.000000    0.000000    0.000002    0.000474    0.051567    0.998477    0.019598    0.000114    0.000000    0.000000    0.000000    
4.779382    0.000000    0.000000    0.000045    0.011165    0.998607    -0.051547    -0.001635    -0.000011    -0.000000    -0.000000    -0.000000    
12.667806    0.000000    0.000000    0.000000    0.000011    0.000622    -0.019656    0.999772    0.008259    0.000026    0.000000    0.000000    
27.141604    0.000000    0.000016    0.006263    0.999918    -0.011175    0.000103    -0.000002    -0.000000    -0.000000    -0.000000    -0.000000    
42.932500    0.000000    0.000000    0.000000    0.000000    -0.000000    0.000048    -0.008260    0.999952    0.005229    0.000012    0.000000    
67.057920    0.000008    0.004351    0.999971    -0.006263    0.000025    -0.000000    0.000000    -0.000000    -0.000000    -0.000000    -0.000000    
90.744844    0.000000    0.000000    0.000000    -0.000000    0.000000    -0.000000    0.000017    -0.005229    0.999979    0.003825    0.000006    
124.520727    0.003333    0.999985    -0.004351    0.000011    -0.000000    0.000000    -0.000000    0.000000    -0.000000    -0.000000    -0.000000    
156.103409    -0.000000    -0.000000    0.000000    -0.000000    0.000000    -0.000000    0.000000    -0.000008    0.003825    -0.999988    -0.003015    
199.530299    0.999994    -0.003333    0.000006    -0.000000    0.000000    -0.000000    0.000000    -0.000000    0.000000    -0.000000    -0.000000    
239.008637    0.000000    -0.000000    0.000000    -0.000000    0.000000    -0.000000    0.000000    -0.000000    0.000005    -0.003015    0.999995    

0.952950
-0.063863    0.000000    0.000000    0.000002    0.000480    0.052037    0.998454    0.019530    0.000113    0.000000    0.000000    0.000000    
4.745554    0.000000    0.000000    0.000045    0.011187    0.998582    -0.052017    -0.001631    -0.000011    -0.000000    -0.000000    -0.000000    
12.721581    0.000000    0.000000    0.000000    0.000011    0.000613    -0.019589    0.999774    0.008247    0.000026    0.000000    0.000000    
27.063802    0.000000    0.000016    0.006270    0.999918    -0.011197    0.000103    -0.000002    -0.000000    -0.000000    -0.000000    -0.000000    
43.030153    0.000000    0.000000    0.000000    0.000000    -0.000000    0.000048    -0.008248    0.999952    0.005224    0.000012    0.000000    
66.936251    0.000008    0.004354    0.999971    -0.006270    0.000025    -0.000000    0.000000    -0.000000    -0.000000    -0.000000    -0.000000    
90.886362    0.000000    0.000000    0.000000    -0.000000    0.000000    -0.000000    0.000017    -0.005224    0.999979    0.003822    0.000006    
124.355192    0.003335    0.999985    -0.004354    0.000011    -0.000000    0.000000    -0.000000    0.000000    -0.000000    -0.000000    -0.000000    
156.288792    -0.000000    -0.000000    0.000000    -0.000000    0.000000    -0.000000    0.000000    -0.000008    0.003822    -0.999988    -0.003014    
199.320899    0.999994    -0.003335    0.000006    -0.000000    0.000000    -0.000000    0.000000    -0.000000    0.000000    -0.000000    -0.000000    
239.237886    0.000000    -0.000000    0.000000    -0.000000    0.000000    -0.000000    0.000000    -0.000000    0.000005    -0.003014    0.999995    

0.963422
-0.053932    0.000000    0.000000    0.000002    0.000486    0.052514    0.998430    0.019462    0.000113    0.000000    0.000000    0.000000    
4.711837    0.000000    0.000000    0.000045    0.011209    0.998557    -0.052495    -0.001628    -0.000011    -0.000000    -0.000000    -0.000000    
12.775466    0.000000    0.000000    0.000000    0.000011    0.000604    -0.019521    0.999775    0.008235    0.000026    0.000000    0.000000    
26.986110    0.000000    0.000016    0.006277    0.999917    -0.011219    0.000104    -0.000002    -0.000000    -0.000000    -0.000000    -0.000000    
43.127915    0.000000    0.000000    0.000000    0.000000    -0.000000    0.000048    -0.008236    0.999952    0.005219    0.000012    0.000000    
66.814691    0.000008    0.004357    0.999971    -0.006277    0.000025    -0.000000    0.000000    -0.000000    -0.000000    -0.000000    -0.000000    
91.027990    0.000000    0.000000    0.000000    -0.000000    0.000000    -0.000000    0.000017    -0.005219    0.999979    0.003820    0.000006    
124.189767    0.003337    0.999985    -0.004357    0.000011    -0.000000    0.000000    -0.000000    0.000000    -0.000000    -0.000000    -0.000000    
156.474286    -0.000000    -0.000000    0.000000    -0.000000    0.000000    -0.000000    0.000000    -0.000008    0.003820    -0.999988    -0.003012    
199.111609    0.999994    -0.003337    0.000006    -0.000000    0.000000    -0.000000    0.000000    -0.000000    0.000000    -0.000000    -0.000000    
239.467244    0.000000    -0.000000    0.000000    -0.000000    0.000000    -0.000000    0.000000    -0.000000    0.000005    -0.003012    0.999995    

0.973894
-0.043894    0.000000    0.000000    0.000002    0.000492    0.053001    0.998406    0.019395    0.000112    0.000000    0.000000    0.000000    
4.678233    0.000000    0.000000    0.000045    0.011231    0.998531    -0.052982    -0.001626    -0.000011    -0.000000    -0.000000    -0.000000    
12.829461    0.000000    0.000000    0.000000    0.000011    0.000596    -0.019455    0.999777    0.008223    0.000026    0.000000    0.000000    
26.908528    0.000000    0.000016    0.006283    0.999917    -0.011241    0.000104    -0.000002    -0.000000    -0.000000    -0.000000    -0.000000    
43.225787    0.000000    0.000000    0.000000    0.000000    -0.000000    0.000048    -0.008224    0.999953    0.005214    0.000011    0.000000    
66.693241    0.000008    0.004361    0.999971    -0.006284    0.000025    -0.000000    0.000000    -0.000000    -0.000000    -0.000000    -0.000000    
91.169728    0.000000    0.000000    0.000000    -0.000000    0.000000    -0.000000    0.000017    -0.005214    0.999979    0.003817    0.000006    
124.024451    0.003339    0.999985    -0.004361    0.000011    -0.000000    0.000000    -0.000000    0.000000    -0.000000    -0.000000    -0.000000    
156.659889    -0.000000    -0.000000    0.000000    -0.000000    0.000000    -0.000000    0.000000    -0.000008    0.003817    -0.999988    -0.003011    
198.902429    0.999994    -0.003339    0.000006    -0.000000    0.000000    -0.000000    0.000000    -0.000000    0.000000    -0.000000    -0.000000    
239.696712    0.000000    -0.000000    0.000000    -0.000000    0.000000    -0.000000    0.000000    -0.000000    0.000005    -0.003011    0.999995    

0.984366
-0.033748    0.000000    0.000000    0.000002    0.000498    0.053497    0.998381    0.019329    0.000111    0.000000    0.000000    0.000000    
4.644740    0.000000    0.000000    0.000045    0.011252    0.998504    -0.053478    -0.001624    -0.000010    -0.000000    -0.000000    -0.000000    
12.883566    0.000000    0.000000    0.000000    0.000011    0.000587    -0.019388    0.999778    0.008211    0.000026    0.000000    0.000000    
26.831055    0.000000    0.000016    0.006290    0.999917    -0.011263    0.000105    -0.000002    -0.000000    -0.000000    -0.000000    -0.000000    
43.323768    0.000000    0.000000    0.000000    0.000000    -0.000000    0.000047    -0.008212    0.999953    0.005210    0.000011    0.000000    
66.571901    0.000008    0.004364    0.999971    -0.006291    0.000025    -0.000000    0.000000    -0.000000    -0.000000    -0.000000    -0.000000    
91.311576    0.000000    0.000000    0.000000    -0.000000    0.000000    -0.000000    0.000017    -0.005210    0.999979    0.003815    0.000006    
123.859245    0.003341    0.999985    -0.004364    0.000011    -0.000000    0.000000    -0.000000    0.000000    -0.000000    -0.000000    -0.000000    
156.845602    -0.000000    -0.000000    0.000000    -0.000000    0.000000    -0.000000    0.000000    -0.000008    0.003815    -0.999988    -0.003009    
198.693358    0.999994    -0.003341    0.000006    -0.000000    0.000000    -0.000000    0.000000    -0.000000    0.000000    -0.000000    -0.000000    
239.926289    0.000000    -0.000000    0.000000    -0.000000    0.000000    -0.000000    0.000000    -0.000000    0.000005    -0.003009    0.999995    

0.994838
-0.023495    0.000000    0.000000    0.000002    0.000504    0.054002    0.998355    0.019263    0.000111    0.000000    0.000000    0.000000    
4.611360    0.000000    0.000000    0.000046    0.011275    0.998477    -0.053983    -0.001622    -0.000010    -0.000000    -0.000000    -0.000000    
12.937780    0.000000    0.000000    0.000000    0.000010    0.000579    -0.019322    0.999780    0.008200    0.000026    0.000000    0.000000    
26.753692    0.000000    0.000016    0.006297    0.999916    -0.011285    0.000105    -0.000002    -0.000000    -0.000000    -0.000000    -0.000000    
43.421859    0.000000    0.000000    0.000000    0.000000    -0.000000    0.000047    -0.008200    0.999953    0.005205    0.000011    0.000000    
66.450670    0.000008    0.004367    0.999971    -0.006297    0.000025    -0.000000    0.000000    -0.000000    -0.000000    -0.000000    -0.000000    
91.453533    0.000000    0.000000    0.000000    -0.000000    0.000000    -0.000000    0.000017    -0.005205    0.999979    0.003812    0.000006    
123.694149    0.003343    0.999985    -0.004367    0.000011    -0.000000    0.000000    -0.000000    0.000000    -0.000000    -0.000000    -0.000000    
157.031424    -0.000000    -0.000000    0.000000    -0.000000    0.000000    -0.000000    0.000000    -0.000008    0.003812    -0.999988    -0.003008    
198.484397    0.999994    -0.003343    0.000006    -0.000000    0.000000    -0.000000    0.000000    -0.000000    0.000000    -0.000000    -0.000000    
240.155977    0.000000    -0.000000    0.000000    -0.000000    0.000000    -0.000000    0.000000    -0.000000    0.000005    -0.003008    0.999995    

1.005310
-0.013136    0.000000    0.000000    0.000002    0.000511    0.054517    0.998328    0.019197    0.000110    0.000000    0.000000    0.000000    
4.578091    0.000000    0.000000    0.000046    0.011297    0.998449    -0.054498    -0.001620    -0.000010    -0.000000    -0.000000    -0.000000    
12.992105    0.000000    0.000000    0.000000    0.000010    0.000571    -0.019257    0.999781    0.008188    0.000026    0.000000    0.000000    
26.676439    0.000000    0.000016    0.006304    0.999916    -0.011308    0.000106    -0.000002    -0.000000    -0.000000    -0.000000    -0.000000    
43.520060    0.000000    0.000000    0.000000    0.000000    -0.000000    0.000047    -0.008188    0.999953    0.005200    0.000011    0.000000    
66.329549    0.000008    0.004371    0.999971    -0.006304    0.000026    -0.000000    0.000000    -0.000000    -0.000000    -0.000000    -0.000000    
91.595600    0.000000    0.000000    0.000000    -0.000000    0.000000    -0.000000    0.000017    -0.005200    0.999979    0.003810    0.000006    
123.529162    0.003345    0.999985    -0.004371    0.000011    -0.000000    0.000000    -0.000000    0.000000    -0.000000    -0.000000    -0.000000    
157.217357    -0.000000    -0.000000    0.000000    -0.000000    0.000000    -0.000000    0.000000    -0.000008    0.003810    -0.999988    -0.003006    
198.275546    0.999994    -0.003345    0.000006    -0.000000    0.000000    -0.000000    0.000000    -0.000000    0.000000    -0.000000    -0.000000    
240.385774    0.000000    -0.000000    0.000000    -0.000000    0.000000    -0.000000    0.000000    -0.000000    0.000005    -0.003006    0.999995    

1.015782
-0.002669    0.000000    0.000000    0.000002    0.000517    0.055041    0.998301    0.019132    0.000110    0.000000    0.000000    0.000000    
4.544935    0.000000    0.000000    0.000046    0.011319    0.998420    -0.055023    -0.001619    -0.000010    -0.000000    -0.000000    -0.000000    
13.046539    0.000000    0.000000    0.000000    0.000010    0.000563    -0.019192    0.999782    0.008176    0.000026    0.000000    0.000000    
26.599296    0.000000    0.000016    0.006311    0.999916    -0.011330    0.000107    -0.000002    -0.000000    -0.000000    -0.000000    -0.000000    
43.618371    0.000000    0.000000    0.000000    0.000000    -0.000000    0.000047    -0.008177    0.999953    0.005195    0.000011    0.000000    
66.208537    0.000008    0.004374    0.999971    -0.006311    0.000026    -0.000000    0.000000    -0.000000    -0.000000    -0.000000    -0.000000    
91.737777    0.000000    0.000000    0.000000    -0.000000    0.000000    -0.000000    0.000017    -0.005195    0.999979    0.003807    0.000006    
123.364286    0.003347    0.999985    -0.004374    0.000011    -0.000000    0.000000    -0.000000    0.000000    -0.000000    -0.000000    -0.000000    
157.403398    -0.000000    -0.000000    0.000000    -0.000000    0.000000    -0.000000    0.000000    -0.000008    0.003807    -0.999988    -0.003004    
198.066804    0.999994    -0.003347    0.000006    -0.000000    0.000000    -0.000000    0.000000    -0.000000    0.000000    -0.000000    -0.000000    
240.615680    0.000000    -0.000000    0.000000    -0.000000    0.000000    -0.000000    0.000000    -0.000000    0.000005    -0.003004    0.999995    

1.026254
0.007905    0.000000    0.000000    0.000002    0.000524    0.055576    0.998272    0.019067    0.000109    0.000000    0.000000    0.000000    
4.511891    0.000000    0.000000    0.000046    0.011341    0.998390    -0.055558    -0.001618    -0.000010    -0.000000    -0.000000    -0.000000    
13.101082    0.000000    0.000000    0.000000    0.000010    0.000556    -0.019128    0.999784    0.008164    0.000026    0.000000    0.000000    
26.522262    0.000000    0.000016    0.006318    0.999916    -0.011353    0.000107    -0.000002    -0.000000    -0.000000    -0.000000    -0.000000    
43.716791    0.000000    0.000000    0.000000    0.000000    -0.000000    0.000047    -0.008165    0.999953    0.005191    0.000011    0.000000    
66.087636    0.000008    0.004377    0.999970    -0.006318    0.000026    -0.000000    0.000000    -0.000000    -0.000000    -0.000000    -0.000000    
91.880063    0.000000    0.000000    0.000000    -0.000000    0.000000    -0.000000    0.000016    -0.005191    0.999979    0.003805    0.000006    
123.199518    0.003349    0.999985    -0.004377    0.000011    -0.000000    0.000000    -0.000000    0.000000    -0.000000    -0.000000    -0.000000    
157.589550    -0.000000    -0.000000    0.000000    -0.000000    0.000000    -0.000000    0.000000    -0.000008    0.003805    -0.999988    -0.003003    
197.858172    0.999994    -0.003349    0.000006    -0.000000    0.000000    -0.000000    0.000000    -0.000000    0.000000    -0.000000    -0.000000    
240.845696    0.000000    -0.000000    0.000000    -0.000000    0.000000    -0.000000    0.000000    -0.000000    0.000005    -0.003003    0.999995    

1.036726
0.018586    0.000000    0.000000    0.000002    0.000531    0.056121    0.998243    0.019003    0.000108    0.000000    0.000000    0.000000    
4.478959    0.000000    0.000000    0.000046    0.011364    0.998359    -0.056103    -0.001617    -0.000010    -0.000000    -0.000000    -0.000000    
13.155736    0.000000    0.000000    0.000000    0.000010    0.000548    -0.019064    0.999785    0.008153    0.000026    0.000000    0.000000    
26.445337    0.000000    0.000016    0.006325    0.999915    -0.011375    0.000108    -0.000002    -0.000000    -0.000000    -0.000000    -0.000000    
43.815321    0.000000    0.000000    0.000000    0.000000    -0.000000    0.000047    -0.008153    0.999953    0.005186    0.000011    0.000000    
65.966844    0.000008    0.004381    0.999970    -0.006325    0.000026    -0.000000    0.000000    -0.000000    -0.000000    -0.000000    -0.000000    
92.022459    0.000000    0.000000    0.000000    -0.000000    0.000000    -0.000000    0.000016    -0.005186    0.999979    0.003802    0.000006    
123.034861    0.003351    0.999985    -0.004381    0.000011    -0.000000    0.000000    -0.000000    0.000000    -0.000000    -0.000000    -0.000000    
157.775811    -0.000000    -0.000000    0.000000    -0.000000    0.000000    -0.000000    0.000000    -0.000008    0.003802    -0.999988    -0.003001    
197.649650    0.999994    -0.003351    0.000006    -0.000000    0.000000    -0.000000    0.000000    -0.000000    0.000000    -0.000000    -0.000000    
241.075822    0.000000    -0.000000    0.000000    -0.000000    0.000000    -0.000000    0.000000    -0.000000    0.000005    -0.003001    0.999995    

1.047198
0.029374    0.000000    0.000000    0.000002    0.000538    0.056677    0.998213    0.018939    0.000108    0.000000    0.000000    0.000000    
4.446139    0.000000    0.000000    0.000046    0.011386    0.998327    -0.056659    -0.001617    -0.000010    -0.000000    -0.000000    -0.000000    
13.210499    0.000000    0.000000    0.000000    0.000010    0.000541    -0.019000    0.999786    0.008141    0.000026    0.000000    0.000000    
26.368523    0.000000    0.000016    0.006332    0.999915    -0.011398    0.000108    -0.000002    -0.000000    -0.000000    -0.000000    -0.000000    
43.913960    0.000000    0.000000    0.000000    0.000000    -0.000000    0.000046    -0.008142    0.999953    0.005181    0.000011    0.000000    
65.846161    0.000008    0.004384    0.999970    -0.006332    0.000026    -0.000000    0.000000    -0.000000    -0.000000    -0.000000    -0.000000    
92.164965    0.000000    0.000000    0.000000    -0.000000    0.000000    -0.000000    0.000016    -0.005181    0.999979    0.003800    0.000006    
122.870313    0.003352    0.999985    -0.004384    0.000011    -0.000000    0.000000    -0.000000    0.000000    -0.000000    -0.000000    -0.000000    
157.962182    -0.000000    -0.000000    0.000000    -0.000000    0.000000    -0.000000    0.000000    -0.000008    0.003800    -0.999988    -0.003000    
197.441238    0.999994    -0.003353    0.000006    -0.000000    0.000000    -0.000000    0.000000    -0.000000    0.000000    -0.000000    -0.000000    
241.306058    0.000000    -0.000000    0.000000    -0.000000    0.000000    -0.000000    0.000000    -0.000000    0.000005    -0.003000    0.999996    

1.057670
0.040268    0.000000    0.000000    0.000002    0.000545    0.057244    0.998182    0.018875    0.000107    0.000000    0.000000    0.000000    
4.413432    0.000000    0.000000    0.000047    0.011409    0.998295    -0.057226    -0.001617    -0.000010    -0.000000    -0.000000    -0.000000    
13.265372    0.000000    0.000000    0.000000    0.000010    0.000534    -0.018937    0.999787    0.008129    0.000026    0.000000    0.000000    
26.291818    0.000000    0.000016    0.006339    0.999915    -0.011421    0.000109    -0.000002    -0.000000    -0.000000    -0.000000    -0.000000    
44.012709    0.000000    0.000000    0.000000    0.000000    -0.000000    0.000046    -0.008130    0.999954    0.005176    0.000011    0.000000    
65.725588    0.000008    0.004387    0.999970    -0.006340    0.000026    -0.000000    0.000000    -0.000000    -0.000000    -0.000000    -0.000000    
92.307580    0.000000    0.000000    0.000000    -0.000000    0.000000    -0.000000    0.000016    -0.005176    0.999979    0.003797    0.000006    
122.705875    0.003354    0.999985    -0.004387    0.000011    -0.000000    0.000000    -0.000000    0.000000    -0.000000    -0.000000    -0.000000    
158.148662    -0.000000    -0.000000    0.000000    -0.000000    0.000000    -0.000000    0.000000    -0.000008    0.003797    -0.999988    -0.002998    
197.232935    0.999994    -0.003354    0.000006    -0.000000    0.000000    -0.000000    0.000000    -0.000000    0.000000    -0.000000    -0.000000    
241.536403    0.000000    -0.000000    0.000000    -0.000000    0.000000    -0.000000    0.000000    -0.000000    0.000005    -0.002998    0.999996    

1.068142
0.051269    0.000000    0.000000    0.000002    0.000553    0.057823    0.998149    0.018812    0.000107    0.000000    0.000000    0.000000    
4.380838    0.000000    0.000000    0.000047    0.011431    0.998261    -0.057805    -0.001617    -0.000010    -0.000000    -0.000000    -0.000000    
13.320355    0.000000    0.000000    0.000000    0.000010    0.000527    -0.018874    0.999789    0.008118    0.000026    0.000000    0.000000    
26.215223    0.000000    0.000016    0.006346    0.999914    -0.011444    0.000109    -0.000002    -0.000000    -0.000000    -0.000000    -0.000000    
44.111568    0.000000    0.000000    0.000000    0.000000    -0.000000    0.000046    -0.008118    0.999954    0.005172    0.000011    0.000000    
65.605125    0.000008    0.004391    0.999970    -0.006347    0.000026    -0.000000    0.000000    -0.000000    -0.000000    -0.000000    -0.000000    
92.450305    0.000000    0.000000    0.000000    -0.000000    0.000000    -0.000000    0.000016    -0.005172    0.999979    0.003794    0.000006    
122.541546    0.003356    0.999985    -0.004391    0.000011    -0.000000    0.000000    -0.000000    0.000000    -0.000000    -0.000000    -0.000000    
158.335252    -0.000000    -0.000000    0.000000    -0.000000    0.000000    -0.000000    0.000000    -0.000008    0.003794    -0.999988    -0.002996    
197.024741    0.999994    -0.003356    0.000006    -0.000000    0.000000    -0.000000    0.000000    -0.000000    0.000000    -0.000000    -0.000000    
241.766858    0.000000    -0.000000    0.000000    -0.000000    0.000000    -0.000000    0.000000    -0.000000    0.000005    -0.002996    0.999996    

1.078613
0.062377    0.000000    0.000000    0.000002    0.000560    0.058413    0.998116    0.018749    0.000106    0.000000    0.000000    0.000000    
4.348356    0.000000    0.000000    0.000047    0.011454    0.998227    -0.058395    -0.001618    -0.000010    -0.000000    -0.000000    -0.000000    
13.375448    0.000000    0.000000    0.000000    0.000010    0.000520    -0.018812    0.999790    0.008106    0.000026    0.000000    0.000000    
26.138738    0.000000    0.000017    0.006354    0.999914    -0.011467    0.000110    -0.000002    -0.000000    -0.000000    -0.000000    -0.000000    
44.210536    0.000000    0.000000    0.000000    0.000000    -0.000000    0.000046    -0.008107    0.999954    0.005167    0.000011    0.000000    
65.484772    0.000008    0.004394    0.999970    -0.006354    0.000026    -0.000000    0.000000    -0.000000    -0.000000    -0.000000    -0.000000    
92.593139    0.000000    0.000000    0.000000    -0.000000    0.000000    -0.000000    0.000016    -0.005167    0.999979    0.003792    0.000006    
122.377327    0.003358    0.999985    -0.004394    0.000011    -0.000000    0.000000    -0.000000    0.000000    -0.000000    -0.000000    -0.000000    
158.521952    -0.000000    -0.000000    0.000000    -0.000000    0.000000    -0.000000    0.000000    -0.000008    0.003792    -0.999988    -0.002995    
196.816658    0.999994    -0.003358    0.000006    -0.000000    0.000000    -0.000000    0.000000    -0.000000    0.000000    -0.000000    -0.000000    
241.997422    0.000000    -0.000000    0.000000    -0.000000    0.000000    -0.000000    0.000000    -0.000000    0.000005    -0.002995    0.999996    

1.089085
0.073591    0.000000    0.000000    0.000002    0.000568    0.059015    0.998082    0.018687    0.000106    0.000000    0.000000    0.000000    
4.315987    0.000000    0.000000    0.000047    0.011477    0.998191    -0.058998    -0.001619    -0.000010    -0.000000    -0.000000    -0.000000    
13.430650    0.000000    0.000000    0.000000    0.000010    0.000513    -0.018750    0.999791    0.008095    0.000026    0.000000    0.000000    
26.062362    0.000000    0.000017    0.006361    0.999914    -0.011490    0.000111    -0.000002    -0.000000    -0.000000    -0.000000    -0.000000    
44.309615    0.000000    0.000000    0.000000    0.000000    -0.000000    0.000046    -0.008095    0.999954    0.005162    0.000011    0.000000    
65.364528    0.000008    0.004398    0.999970    -0.006361    0.000026    -0.000000    0.000000    -0.000000    -0.000000    -0.000000    -0.000000    
92.736083    0.000000    0.000000    0.000000    -0.000000    0.000000    -0.000000    0.000016    -0.005162    0.999979    0.003789    0.000006    
122.213218    0.003360    0.999985    -0.004398    0.000011    -0.000000    0.000000    -0.000000    0.000000    -0.000000    -0.000000    -0.000000    
158.708762    -0.000000    -0.000000    0.000000    -0.000000    0.000000    -0.000000    0.000000    -0.000008    0.003789    -0.999988    -0.002993    
196.608684    0.999994    -0.003360    0.000006    -0.000000    0.000000    -0.000000    0.000000    -0.000000    0.000000    -0.000000    -0.000000    
242.228097    0.000000    -0.000000    0.000000    -0.000000    0.000000    -0.000000    0.000000    -0.000000    0.000005    -0.002993    0.999996    

1.099557
0.084911    0.000000    0.000000    0.000002    0.000576    0.059630    0.998047    0.018624    0.000105    0.000000    0.000000    0.000000    
4.283730    0.000000    0.000000    0.000047    0.011499    0.998154    -0.059612    -0.001620    -0.000010    -0.000000    -0.000000    -0.000000    
13.485962    0.000000    0.000000    0.000000    0.000010    0.000507    -0.018688    0.999793    0.008083    0.000025    0.000000    0.000000    
25.986096    0.000000    0.000017    0.006368    0.999913    -0.011513    0.000111    -0.000002    -0.000000    -0.000000    -0.000000    -0.000000    
44.408802    0.000000    0.000000    0.000000    0.000000    -0.000000    0.000046    -0.008084    0.999954    0.005158    0.000011    0.000000    
65.244394    0.000008    0.004401    0.999970    -0.006368    0.000026    -0.000000    0.000000    -0.000000    -0.000000    -0.000000    -0.000000    
92.879137    0.000000    0.000000    0.000000    -0.000000    0.000000    -0.000000    0.000016    -0.005158    0.999980    0.003787    0.000006    
122.049218    0.003362    0.999985    -0.004401    0.000011    -0.000000    0.000000    -0.000000    0.000000    -0.000000    -0.000000    -0.000000    
158.895681    -0.000000    -0.000000    0.000000    -0.000000    0.000000    -0.000000    0.000000    -0.000008    0.003787    -0.999988    -0.002992    
196.400819    0.999994    -0.003362    0.000006    -0.000000    0.000000    -0.000000    0.000000    -0.000000    0.000000    -0.000000    -0.000000    
242.458880    0.000000    -0.000000    0.000000    -0.000000    0.000000    -0.000000    0.000000    -0.000000    0.000005    -0.002992    0.999996    

1.110029
0.096338    0.000000    0.000000    0.000002    0.000584    0.060257    0.998010    0.018563    0.000104    0.000000    0.000000    0.000000    
4.251586    0.000000    0.000000    0.000047    0.011522    0.998116    -0.060240    -0.001622    -0.000010    -0.000000    -0.000000    -0.000000    
13.541384    0.000000    0.000000    0.000000    0.000010    0.000500    -0.018627    0.999794    0.008072    0.000025    0.000000    0.000000    
25.909939    0.000000    0.000017    0.006375    0.999913    -0.011537    0.000112    -0.000002    -0.000000    -0.000000    -0.000000    -0.000000    
44.508100    0.000000    0.000000    0.000000    0.000000    -0.000000    0.000045    -0.008072    0.999954    0.005153    0.000011    0.000000    
65.124370    0.000008    0.004404    0.999970    -0.006375    0.000026    -0.000000    0.000000    -0.000000    -0.000000    -0.000000    -0.000000    
93.022301    0.000000    0.000000    0.000000    -0.000000    0.000000    -0.000000    0.000016    -0.005153    0.999980    0.003784    0.000006    
121.885329    0.003364    0.999985    -0.004404    0.000011    -0.000000    0.000000    -0.000000    0.000000    -0.000000    -0.000000    -0.000000    
159.082709    -0.000000    -0.000000    0.000000    -0.000000    0.000000    -0.000000    0.000000    -0.000008    0.003784    -0.999988    -0.002990    
196.193065    0.999994    -0.003364    0.000006    -0.000000    0.000000    -0.000000    0.000000    -0.000000    0.000000    -0.000000    -0.000000    
242.689774    0.000000    -0.000000    0.000000    -0.000000    0.000000    -0.000000    0.000000    -0.000000    0.000005    -0.002990    0.999996    

1.120501
0.107871    0.000000    0.000000    0.000002    0.000592    0.060898    0.997972    0.018502    0.000104    0.000000    0.000000    0.000000    
4.219556    0.000000    0.000000    0.000047    0.011545    0.998077    -0.060881    -0.001624    -0.000010    -0.000000    -0.000000    -0.000000    
13.596916    0.000000    0.000000    0.000000    0.000010    0.000494    -0.018566    0.999795    0.008061    0.000025    0.000000    0.000000    
25.833893    0.000000    0.000017    0.006382    0.999913    -0.011560    0.000112    -0.000002    -0.000000    -0.000000    -0.000000    -0.000000    
44.607507    0.000000    0.000000    0.000000    0.000000    -0.000000    0.000045    -0.008061    0.999954    0.005148    0.000011    0.000000    
65.004455    0.000008    0.004408    0.999970    -0.006382    0.000026    -0.000000    0.000000    -0.000000    -0.000000    -0.000000    -0.000000    
93.165574    0.000000    0.000000    0.000000    -0.000000    0.000000    -0.000000    0.000016    -0.005148    0.999980    0.003782    0.000006    
121.721548    0.003366    0.999985    -0.004408    0.000011    -0.000000    0.000000    -0.000000    0.000000    -0.000000    -0.000000    -0.000000    
159.269848    -0.000000    -0.000000    0.000000    -0.000000    0.000000    -0.000000    0.000000    -0.000008    0.003782    -0.999988    -0.002989    
195.985419    0.999994    -0.003366    0.000006    -0.000000    0.000000    -0.000000    0.000000    -0.000000    0.000000    -0.000000    -0.000000    
242.920777    0.000000    -0.000000    0.000000    -0.000000    0.000000    -0.000000    0.000000    -0.000000    0.000005    -0.002989    0.999996    

1.130973
0.119511    0.000000    0.000000    0.000002    0.000600    0.061553    0.997933    0.018441    0.000103    0.000000    0.000000    0.000000    
4.187638    0.000000    0.000000    0.000048    0.011568    0.998037    -0.061536    -0.001626    -0.000010    -0.000000    -0.000000    -0.000000    
13.652557    0.000000    0.000000    0.000000    0.000010    0.000488    -0.018506    0.999796    0.008049    0.000025    0.000000    0.000000    
25.757956    0.000000    0.000017    0.006389    0.999912    -0.011584    0.000113    -0.000002    -0.000000    -0.000000    -0.000000    -0.000000    
44.707024    0.000000    0.000000    0.000000    0.000000    -0.000000    0.000045    -0.008050    0.999954    0.005144    0.000011    0.000000    
64.884650    0.000008    0.004411    0.999970    -0.006389    0.000026    -0.000000    0.000000    -0.000000    -0.000000    -0.000000    -0.000000    
93.308957    0.000000    0.000000    0.000000    -0.000000    0.000000    -0.000000    0.000016    -0.005144    0.999980    0.003779    0.000006    
121.557878    0.003368    0.999985    -0.004411    0.000012    -0.000000    0.000000    -0.000000    0.000000    -0.000000    -0.000000    -0.000000    
159.457096    -0.000000    -0.000000    0.000000    -0.000000    0.000000    -0.000000    0.000000    -0.000008    0.003779    -0.999988    -0.002987    
195.777884    0.999994    -0.003368    0.000006    -0.000000    0.000000    -0.000000    0.000000    -0.000000    0.000000    -0.000000    -0.000000    
243.151890    0.000000    -0.000000    0.000000    -0.000000    0.000000    -0.000000    0.000000    -0.000000    0.000005    -0.002987    0.999996    

1.141445
0.131256    0.000000    0.000000    0.000002    0.000609    0.062221    0.997893    0.018380    0.000103    0.000000    0.000000    0.000000    
4.155834    0.000000    0.000000    0.000048    0.011592    0.997995    -0.062205    -0.001629    -0.000010    -0.000000    -0.000000    -0.000000    
13.708308    0.000000    0.000000    0.000000    0.000010    0.000482    -0.018446    0.999797    0.008038    0.000025    0.000000    0.000000    
25.682128    0.000000    0.000017    0.006396    0.999912    -0.011607    0.000114    -0.000002    -0.000000    -0.000000    -0.000000    -0.000000    
44.806650    0.000000    0.000000    0.000000    0.000000    -0.000000    0.000045    -0.008038    0.999954    0.005139    0.000011    0.000000    
64.764954    0.000008    0.004415    0.999970    -0.006396    0.000026    -0.000000    0.000000    -0.000000    -0.000000    -0.000000    -0.000000    
93.452450    0.000000    0.000000    0.000000    -0.000000    0.000000    -0.000000    0.000016    -0.005139    0.999980    0.003777    0.000006    
121.394317    0.003370    0.999985    -0.004415    0.000012    -0.000000    0.000000    -0.000000    0.000000    -0.000000    -0.000000    -0.000000    
159.644454    -0.000000    -0.000000    0.000000    -0.000000    0.000000    -0.000000    0.000000    -0.000008    0.003777    -0.999988    -0.002985    
195.570458    0.999994    -0.003370    0.000006    -0.000000    0.000000    -0.000000    0.000000    -0.000000    0.000000    -0.000000    -0.000000    
243.383112    0.000000    -0.000000    0.000000    -0.000000    0.000000    -0.000000    0.000000    -0.000000    0.000005    -0.002985    0.999996    

1.151917
0.143107    0.000000    0.000000    0.000002    0.000618    0.062905    0.997851    0.018320    0.000102    0.000000    0.000000    0.000000    
4.124143    0.000000    0.000000    0.000048    0.011615    0.997952    -0.062888    -0.001632    -0.000010    -0.000000    -0.000000    -0.000000    
13.764169    0.000000    0.000000    0.000000    0.000010    0.000476    -0.018386    0.999799    0.008026    0.000025    0.000000    0.000000    
25.606411    0.000000    0.000017    0.006403    0.999912    -0.011631    0.000114    -0.000002    -0.000000    -0.000000    -0.000000    -0.000000    
44.906387    0.000000    0.000000    0.000000    0.000000    -0.000000    0.000045    -0.008027    0.999955    0.005134    0.000011    0.000000    
64.645369    0.000008    0.004418    0.999970    -0.006404    0.000026    -0.000000    0.000000    -0.000000    -0.000000    -0.000000    -0.000000    
93.596052    0.000000    0.000000    0.000000    -0.000000    0.000000    -0.000000    0.000016    -0.005134    0.999980    0.003774    0.000006    
121.230865    0.003372    0.999985    -0.004418    0.000012    -0.000000    0.000000    -0.000000    0.000000    -0.000000    -0.000000    -0.000000    
159.831921    -0.000000    -0.000000    0.000000    -0.000000    0.000000    -0.000000    0.000000    -0.000008    0.003774    -0.999988    -0.002984    
195.363142    0.999994    -0.003372    0.000006    -0.000000    0.000000    -0.000000    0.000000    -0.000000    0.000000    -0.000000    -0.000000    
243.614445    0.000000    -0.000000    0.000000    -0.000000    0.000000    -0.000000    0.000000    -0.000000    0.000005    -0.002984    0.999996    

1.162389
0.155064    0.000000    0.000000    0.000002    0.000627    0.063603    0.997808    0.018260    0.000102    0.000000    0.000000    0.000000    
4.092566    0.000000    0.000000    0.000048    0.011638    0.997907    -0.063587    -0.001635    -0.000010    -0.000000    -0.000000    -0.000000    
13.820139    0.000000    0.000000    0.000000    0.000010    0.000470    -0.018327    0.999800    0.008015    0.000025    0.000000    0.000000    
25.530803    0.000000    0.000017    0.006411    0.999912    -0.011655    0.000115    -0.000002    -0.000000    -0.000000    -0.000000    -0.000000    
45.006232    0.000000    0.000000    0.000000    0.000000    -0.000000    0.000045    -0.008016    0.999955    0.005130    0.000011    0.000000    
64.525892    0.000008    0.004421    0.999970    -0.006411    0.000027    -0.000000    0.000000    -0.000000    -0.000000    -0.000000    -0.000000    
93.739764    0.000000    0.000000    0.000000    -0.000000    0.000000    -0.000000    0.000016    -0.005130    0.999980    0.003772    0.000006    
121.067524    0.003374    0.999985    -0.004421    0.000012    -0.000000    0.000000    -0.000000    0.000000    -0.000000    -0.000000    -0.000000    
160.019498    -0.000000    -0.000000    0.000000    -0.000000    0.000000    -0.000000    0.000000    -0.000008    0.003772    -0.999988    -0.002982    
195.155936    0.999994    -0.003374    0.000006    -0.000000    0.000000    -0.000000    0.000000    -0.000000    0.000000    -0.000000    -0.000000    
243.845886    0.000000    -0.000000    0.000000    -0.000000    0.000000    -0.000000    0.000000    -0.000000    0.000005    -0.002982    0.999996    

1.172861
0.167126    0.000000    0.000000    0.000002    0.000636    0.064317    0.997763    0.018201    0.000101    0.000000    0.000000    0.000000    
4.061102    0.000000    0.000000    0.000048    0.011662    0.997861    -0.064301    -0.001638    -0.000010    -0.000000    -0.000000    -0.000000    
13.876220    0.000000    0.000000    0.000000    0.000010    0.000464    -0.018268    0.999801    0.008004    0.000025    0.000000    0.000000    
25.455304    0.000000    0.000017    0.006418    0.999911    -0.011679    0.000116    -0.000002    -0.000000    -0.000000    -0.000000    -0.000000    
45.106188    0.000000    0.000000    0.000000    0.000000    -0.000000    0.000045    -0.008004    0.999955    0.005125    0.000011    0.000000    
64.406526    0.000008    0.004425    0.999970    -0.006418    0.000027    -0.000000    0.000000    -0.000000    -0.000000    -0.000000    -0.000000    
93.883585    0.000000    0.000000    0.000000    -0.000000    0.000000    -0.000000    0.000016    -0.005125    0.999980    0.003769    0.000006    
120.904292    0.003376    0.999985    -0.004425    0.000012    -0.000000    0.000000    -0.000000    0.000000    -0.000000    -0.000000    -0.000000    
160.207185    -0.000000    -0.000000    0.000000    -0.000000    0.000000    -0.000000    0.000000    -0.000008    0.003769    -0.999988    -0.002981    
194.948839    0.999994    -0.003376    0.000006    -0.000000    0.000000    -0.000000    0.000000    -0.000000    0.000000    -0.000000    -0.000000    
244.077438    0.000000    -0.000000    0.000000    -0.000000    0.000000    -0.000000    0.000000    -0.000000    0.000005    -0.002981    0.999996    

1.183333
0.179294    0.000000    0.000000    0.000003    0.000645    0.065047    0.997717    0.018141    0.000101    0.000000    0.000000    0.000000    
4.029751    0.000000    0.000000    0.000048    0.011685    0.997813    -0.065031    -0.001642    -0.000010    -0.000000    -0.000000    -0.000000    
13.932410    0.000000    0.000000    0.000000    0.000010    0.000459    -0.018210    0.999802    0.007993    0.000025    0.000000    0.000000    
25.379916    0.000000    0.000017    0.006425    0.999911    -0.011703    0.000116    -0.000003    -0.000000    -0.000000    -0.000000    -0.000000    
45.206253    0.000000    0.000000    0.000000    0.000000    -0.000000    0.000044    -0.007993    0.999955    0.005121    0.000011    0.000000    
64.287269    0.000008    0.004428    0.999970    -0.006425    0.000027    -0.000000    0.000000    -0.000000    -0.000000    -0.000000    -0.000000    
94.027516    0.000000    0.000000    0.000000    -0.000000    0.000000    -0.000000    0.000016    -0.005121    0.999980    0.003767    0.000006    
120.741170    0.003378    0.999984    -0.004428    0.000012    -0.000000    0.000000    -0.000000    0.000000    -0.000000    -0.000000    -0.000000    
160.394981    -0.000000    -0.000000    0.000000    -0.000000    0.000000    -0.000000    0.000000    -0.000008    0.003767    -0.999988    -0.002979    
194.741852    0.999994    -0.003378    0.000006    -0.000000    0.000000    -0.000000    0.000000    -0.000000    0.000000    -0.000000    -0.000000    
244.309099    0.000000    -0.000000    0.000000    -0.000000    0.000000    -0.000000    0.000000    -0.000000    0.000005    -0.002979    0.999996    

1.193805
0.191567    0.000000    0.000000    0.000003    0.000655    0.065793    0.997669    0.018083    0.000100    0.000000    0.000000    0.000000    
3.998515    0.000000    0.000000    0.000049    0.011709    0.997764    -0.065778    -0.001647    -0.000010    -0.000000    -0.000000    -0.000000    
13.988710    0.000000    0.000000    0.000000    0.000010    0.000453    -0.018152    0.999803    0.007982    0.000025    0.000000    0.000000    
25.304637    0.000000    0.000017    0.006432    0.999911    -0.011727    0.000117    -0.000003    -0.000000    -0.000000    -0.000000    -0.000000    
45.306428    0.000000    0.000000    0.000000    0.000000    -0.000000    0.000044    -0.007982    0.999955    0.005116    0.000011    0.000000    
64.168122    0.000008    0.004432    0.999969    -0.006433    0.000027    -0.000000    0.000000    -0.000000    -0.000000    -0.000000    -0.000000    
94.171557    0.000000    0.000000    0.000000    -0.000000    0.000000    -0.000000    0.000016    -0.005116    0.999980    0.003764    0.000006    
120.578157    0.003380    0.999984    -0.004432    0.000012    -0.000000    0.000000    -0.000000    0.000000    -0.000000    -0.000000    -0.000000    
160.582887    -0.000000    -0.000000    0.000000    -0.000000    0.000000    -0.000000    0.000000    -0.000008    0.003764    -0.999988    -0.002978    
194.534975    0.999994    -0.003380    0.000006    -0.000000    0.000000    -0.000000    0.000000    -0.000000    0.000000    -0.000000    -0.000000    
244.540870    0.000000    -0.000000    0.000000    -0.000000    0.000000    -0.000000    0.000000    -0.000000    0.000005    -0.002978    0.999996    

1.204277
0.203946    0.000000    0.000000    0.000003    0.000665    0.066557    0.997620    0.018024    0.000100    0.000000    0.000000    0.000000    
3.967393    0.000000    0.000000    0.000049    0.011732    0.997713    -0.066542    -0.001651    -0.000010    -0.000000    -0.000000    -0.000000    
14.045119    0.000000    0.000000    0.000000    0.000010    0.000448    -0.018094    0.999804    0.007970    0.000025    0.000000    0.000000    
25.229467    0.000000    0.000017    0.006440    0.999910    -0.011751    0.000118    -0.000003    -0.000000    -0.000000    -0.000000    -0.000000    
45.406712    0.000000    0.000000    0.000000    0.000000    -0.000000    0.000044    -0.007971    0.999955    0.005111    0.000011    0.000000    
64.049085    0.000009    0.004435    0.999969    -0.006440    0.000027    -0.000000    0.000000    -0.000000    -0.000000    -0.000000    -0.000000    
94.315708    0.000000    0.000000    0.000000    -0.000000    0.000000    -0.000000    0.000016    -0.005111    0.999980    0.003762    0.000006    
120.415254    0.003382    0.999984    -0.004435    0.000012    -0.000000    0.000000    -0.000000    0.000000    -0.000000    -0.000000    -0.000000    
160.770903    -0.000000    -0.000000    0.000000    -0.000000    0.000000    -0.000000    0.000000    -0.000008    0.003762    -0.999988    -0.002976    
194.328207    0.999994    -0.003382    0.000006    -0.000000    0.000000    -0.000000    0.000000    -0.000000    0.000000    -0.000000    -0.000000    
244.772750    0.000000    -0.000000    0.000000    -0.000000    0.000000    -0.000000    0.000000    -0.000000    0.000005    -0.002976    0.999996    

1.214749
0.216429    0.000000    0.000000    0.000003    0.000675    0.067339    0.997568    0.017966    0.000099    0.000000    0.000000    0.000000    
3.936384    0.000000    0.000000    0.000049    0.011756    0.997661    -0.067323    -0.001656    -0.000010    -0.000000    -0.000000    -0.000000    
14.101639    0.000000    0.000000    0.000000    0.000010    0.000443    -0.018037    0.999806    0.007959    0.000025    0.000000    0.000000    
25.154408    0.000000    0.000017    0.006447    0.999910    -0.011775    0.000118    -0.000003    -0.000000    -0.000000    -0.000000    -0.000000    
45.507107    0.000000    0.000000    0.000000    0.000000    -0.000000    0.000044    -0.007960    0.999955    0.005107    0.000011    0.000000    
63.930157    0.000009    0.004439    0.999969    -0.006447    0.000027    -0.000000    0.000000    -0.000000    -0.000000    -0.000000    -0.000000    
94.459968    0.000000    0.000000    0.000000    -0.000000    0.000000    -0.000000    0.000016    -0.005107    0.999980    0.003759    0.000006    
120.252461    0.003384    0.999984    -0.004439    0.000012    -0.000000    0.000000    -0.000000    0.000000    -0.000000    -0.000000    -0.000000    
160.959029    -0.000000    -0.000000    0.000000    -0.000000    0.000000    -0.000000    0.000000    -0.000008    0.003759    -0.999989    -0.002975    
194.121549    0.999994    -0.003384    0.000006    -0.000000    0.000000    -0.000000    0.000000    -0.000000    0.000000    -0.000000    -0.000000    
245.004741    0.000000    -0.000000    0.000000    -0.000000    0.000000    -0.000000    0.000000    -0.000000    0.000005    -0.002975    0.999996    

1.225221
0.229018    0.000000    0.000000    0.000003    0.000686    0.068139    0.997515    0.017908    0.000099    0.000000    0.000000    0.000000    
3.905491    0.000000    0.000000    0.000049    0.011780    0.997606    -0.068124    -0.001662    -0.000010    -0.000000    -0.000000    -0.000000    
14.158268    0.000000    0.000000    0.000000    0.000010    0.000438    -0.017980    0.999807    0.007948    0.000025    0.000000    0.000000    
25.079458    0.000000    0.000017    0.006454    0.999910    -0.011799    0.000119    -0.000003    -0.000000    -0.000000    -0.000000    -0.000000    
45.607610    0.000000    0.000000    0.000000    0.000000    -0.000000    0.000044    -0.007949    0.999955    0.005102    0.000011    0.000000    
63.811339    0.000009    0.004442    0.999969    -0.006454    0.000027    -0.000000    0.000000    -0.000000    -0.000000    -0.000000    -0.000000    
94.604338    0.000000    0.000000    0.000000    -0.000000    0.000000    -0.000000    0.000016    -0.005102    0.999980    0.003757    0.000006    
120.089777    0.003386    0.999984    -0.004442    0.000012    -0.000000    0.000000    -0.000000    0.000000    -0.000000    -0.000000    -0.000000    
161.147264    -0.000000    -0.000000    0.000000    -0.000000    0.000000    -0.000000    0.000000    -0.000008    0.003757    -0.999989    -0.002973    
193.915001    0.999994    -0.003386    0.000007    -0.000000    0.000000    -0.000000    0.000000    -0.000000    0.000000    -0.000000    -0.000000    
245.236840    0.000000    -0.000000    0.000000    -0.000000    0.000000    -0.000000    0.000000    -0.000000    0.000005    -0.002973    0.999996    

1.235693
0.241711    0.000000    0.000000    0.000003    0.000696    0.068959    0.997460    0.017851    0.000098    0.000000    0.000000    0.000000    
3.874711    0.000000    0.000000    0.000049    0.011804    0.997549    -0.068943    -0.001668    -0.000010    -0.000000    -0.000000    -0.000000    
14.215007    0.000000    0.000000    0.000000    0.000010    0.000432    -0.017923    0.999808    0.007937    0.000025    0.000000    0.000000    
25.004618    0.000000    0.000017    0.006462    0.999909    -0.011824    0.000120    -0.000003    -0.000000    -0.000000    -0.000000    -0.000000    
45.708224    0.000000    0.000000    0.000000    0.000000    -0.000000    0.000044    -0.007938    0.999956    0.005098    0.000011    0.000000    
63.692630    0.000009    0.004446    0.999969    -0.006462    0.000027    -0.000000    0.000000    -0.000000    -0.000000    -0.000000    -0.000000    
94.748817    0.000000    0.000000    0.000000    -0.000000    0.000000    -0.000000    0.000016    -0.005098    0.999980    0.003754    0.000006    
119.927203    0.003388    0.999984    -0.004446    0.000012    -0.000000    0.000000    -0.000000    0.000000    -0.000000    -0.000000    -0.000000    
161.335608    -0.000000    -0.000000    0.000000    -0.000000    0.000000    -0.000000    0.000000    -0.000008    0.003754    -0.999989    -0.002971    
193.708562    0.999994    -0.003388    0.000007    -0.000000    0.000000    -0.000000    0.000000    -0.000000    0.000000    -0.000000    -0.000000    
245.469050    0.000000    -0.000000    0.000000    -0.000000    0.000000    -0.000000    0.000000    -0.000000    0.000005    -0.002971    0.999996    

1.246165
0.254509    0.000000    0.000000    0.000003    0.000707    0.069798    0.997402    0.017794    0.000098    0.000000    0.000000    0.000000    
3.844046    0.000000    0.000000    0.000050    0.011828    0.997491    -0.069782    -0.001674    -0.000010    -0.000000    -0.000000    -0.000000    
14.271855    0.000000    0.000000    0.000000    0.000010    0.000428    -0.017867    0.999809    0.007926    0.000025    0.000000    0.000000    
24.929887    0.000000    0.000017    0.006469    0.999909    -0.011848    0.000120    -0.000003    -0.000000    -0.000000    -0.000000    -0.000000    
45.808947    0.000000    0.000000    0.000000    0.000000    -0.000000    0.000044    -0.007927    0.999956    0.005093    0.000011    0.000000    
63.574032    0.000009    0.004449    0.999969    -0.006469    0.000027    -0.000000    0.000000    -0.000000    -0.000000    -0.000000    -0.000000    
94.893407    0.000000    0.000000    0.000000    -0.000000    0.000000    -0.000000    0.000016    -0.005093    0.999980    0.003752    0.000006    
119.764739    0.003390    0.999984    -0.004449    0.000012    -0.000000    0.000000    -0.000000    0.000000    -0.000000    -0.000000    -0.000000    
161.524063    -0.000000    -0.000000    0.000000    -0.000000    0.000000    -0.000000    0.000000    -0.000008    0.003752    -0.999989    -0.002970    
193.502233    0.999994    -0.003390    0.000007    -0.000000    0.000000    -0.000000    0.000000    -0.000000    0.000000    -0.000000    -0.000000    
245.701369    0.000000    -0.000000    0.000000    -0.000000    0.000000    -0.000000    0.000000    -0.000000    0.000005    -0.002970    0.999996    

1.256637
0.267411    0.000000    0.000000    0.000003    0.000718    0.070657    0.997343    0.017737    0.000097    0.000000    0.000000    0.000000    
3.813496    0.000000    0.000000    0.000050    0.011852    0.997430    -0.070642    -0.001680    -0.000010    -0.000000    -0.000000    -0.000000    
14.328814    0.000000    0.000000    0.000000    0.000010    0.000423    -0.017811    0.999810    0.007915    0.000025    0.000000    0.000000    
24.855266    0.000000    0.000017    0.006476    0.999909    -0.011873    0.000121    -0.000003    -0.000000    -0.000000    -0.000000    -0.000000    
45.909780    0.000000    0.000000    0.000000    0.000000    -0.000000    0.000043    -0.007916    0.999956    0.005089    0.000011    0.000000    
63.455542    0.000009    0.004453    0.999969    -0.006476    0.000027    -0.000000    0.000000    -0.000000    -0.000000    -0.000000    -0.000000    
95.038105    0.000000    0.000000    0.000000    -0.000000    0.000000    -0.000000    0.000016    -0.005089    0.999980    0.003750    0.000006    
119.602384    0.003392    0.999984    -0.004453    0.000012    -0.000000    0.000000    -0.000000    0.000000    -0.000000    -0.000000    -0.000000    
161.712627    -0.000000    -0.000000    0.000000    -0.000000    0.000000    -0.000000    0.000000    -0.000008    0.003750    -0.999989    -0.002968    
193.296014    0.999994    -0.003392    0.000007    -0.000000    0.000000    -0.000000    0.000000    -0.000000    0.000000    -0.000000    -0.000000    
245.933798    0.000000    -0.000000    0.000000    -0.000000    0.000000    -0.000000    0.000000    -0.000000    0.000005    -0.002968    0.999996    

1.267109
0.280417    0.000000    0.000000    0.000003    0.000730    0.071538    0.997281    0.017680    0.000097    0.000000    0.000000    0.000000    
3.783062    0.000000    0.000000    0.000050    0.011876    0.997367    -0.071523    -0.001687    -0.000010    -0.000000    -0.000000    -0.000000    
14.385882    0.000000    0.000000    0.000000    0.000010    0.000418    -0.017756    0.999811    0.007904    0.000024    0.000000    0.000000    
24.780755    0.000000    0.000017    0.006484    0.999908    -0.011898    0.000122    -0.000003    -0.000000    -0.000000    -0.000000    -0.000000    
46.010722    0.000000    0.000000    0.000000    0.000000    -0.000000    0.000043    -0.007905    0.999956    0.005084    0.000011    0.000000    
63.337163    0.000009    0.004456    0.999969    -0.006484    0.000027    -0.000000    0.000000    -0.000000    -0.000000    -0.000000    -0.000000    
95.182914    0.000000    0.000000    0.000000    -0.000000    0.000000    -0.000000    0.000016    -0.005084    0.999980    0.003747    0.000006    
119.440139    0.003394    0.999984    -0.004456    0.000012    -0.000000    0.000000    -0.000000    0.000000    -0.000000    -0.000000    -0.000000    
161.901300    -0.000000    -0.000000    0.000000    -0.000000    0.000000    -0.000000    0.000000    -0.000008    0.003747    -0.999989    -0.002967    
193.089904    0.999994    -0.003394    0.000007    -0.000000    0.000000    -0.000000    0.000000    -0.000000    0.000000    -0.000000    -0.000000    
246.166336    0.000000    -0.000000    0.000000    -0.000000    0.000000    -0.000000    0.000000    -0.000000    0.000005    -0.002967    0.999996    

1.277581
0.293528    0.000000    0.000000    0.000003    0.000742    0.072441    0.997217    0.017624    0.000096    0.000000    0.000000    0.000000    
3.752742    0.000000    0.000000    0.000050    0.011900    0.997301    -0.072426    -0.001694    -0.000010    -0.000000    -0.000000    -0.000000    
14.443059    0.000000    0.000000    0.000000    0.000010    0.000413    -0.017701    0.999812    0.007893    0.000024    0.000000    0.000000    
24.706354    0.000000    0.000017    0.006491    0.999908    -0.011923    0.000122    -0.000003    -0.000000    -0.000000    -0.000000    -0.000000    
46.111775    0.000000    0.000000    0.000000    0.000000    -0.000000    0.000043    -0.007894    0.999956    0.005080    0.000011    0.000000    
63.218893    0.000009    0.004459    0.999969    -0.006491    0.000027    -0.000000    0.000000    -0.000000    -0.000000    -0.000000    -0.000000    
95.327832    0.000000    0.000000    0.000000    -0.000000    0.000000    -0.000000    0.000016    -0.005080    0.999980    0.003745    0.000006    
119.278004    0.003396    0.999984    -0.004460    0.000012    -0.000000    0.000000    -0.000000    0.000000    -0.000000    -0.000000    -0.000000    
162.090084    -0.000000    -0.000000    0.000000    -0.000000    0.000000    -0.000000    0.000000    -0.000008    0.003745    -0.999989    -0.002965    
192.883904    0.999994    -0.003396    0.000007    -0.000000    0.000000    -0.000000    0.000000    -0.000000    0.000000    -0.000000    -0.000000    
246.398984    0.000000    -0.000000    0.000000    -0.000000    0.000000    -0.000000    0.000000    -0.000000    0.000005    -0.002965    0.999996    

1.288053
0.306742    0.000000    0.000000    0.000003    0.000754    0.073367    0.997150    0.017568    0.000096    0.000000    0.000000    0.000000    
3.722538    0.000000    0.000000    0.000050    0.011925    0.997233    -0.073352    -0.001702    -0.000010    -0.000000    -0.000000    -0.000000    
14.500347    0.000000    0.000000    0.000000    0.000010    0.000408    -0.017646    0.999813    0.007882    0.000024    0.000000    0.000000    
24.632062    0.000000    0.000017    0.006498    0.999907    -0.011948    0.000123    -0.000003    -0.000000    -0.000000    -0.000000    -0.000000    
46.212936    0.000000    0.000000    0.000000    0.000000    -0.000000    0.000043    -0.007883    0.999956    0.005075    0.000011    0.000000    
63.100733    0.000009    0.004463    0.999969    -0.006499    0.000027    -0.000000    0.000000    -0.000000    -0.000000    -0.000000    -0.000000    
95.472860    0.000000    0.000000    0.000000    -0.000000    0.000000    -0.000000    0.000016    -0.005075    0.999980    0.003742    0.000006    
119.115978    0.003398    0.999984    -0.004463    0.000012    -0.000000    0.000000    -0.000000    0.000000    -0.000000    -0.000000    -0.000000    
162.278977    -0.000000    -0.000000    0.000000    -0.000000    0.000000    -0.000000    0.000000    -0.000008    0.003742    -0.999989    -0.002964    
192.678013    0.999994    -0.003398    0.000007    -0.000000    0.000000    -0.000000    0.000000    -0.000000    0.000000    -0.000000    -0.000000    
246.631742    0.000000    -0.000000    0.000000    -0.000000    0.000000    -0.000000    0.000000    -0.000000    0.000005    -0.002964    0.999996    

1.298525
0.320059    0.000000    0.000000    0.000003    0.000767    0.074316    0.997081    0.017512    0.000095    0.000000    0.000000    0.000000    
3.692449    0.000000    0.000000    0.000050    0.011949    0.997163    -0.074302    -0.001710    -0.000010    -0.000000    -0.000000    -0.000000    
14.557744    0.000000    0.000000    0.000000    0.000010    0.000404    -0.017591    0.999814    0.007871    0.000024    0.000000    0.000000    
24.557880    0.000000    0.000017    0.006506    0.999907    -0.011973    0.000124    -0.000003    -0.000000    -0.000000    -0.000000    -0.000000    
46.314208    0.000000    0.000000    0.000000    0.000000    -0.000000    0.000043    -0.007872    0.999956    0.005070    0.000011    0.000000    
62.982683    0.000009    0.004466    0.999969    -0.006506    0.000027    -0.000000    0.000000    -0.000000    -0.000000    -0.000000    -0.000000    
95.617997    0.000000    0.000000    0.000000    -0.000000    0.000000    -0.000000    0.000016    -0.005071    0.999980    0.003740    0.000006    
118.954062    0.003401    0.999984    -0.004467    0.000012    -0.000000    0.000000    -0.000000    0.000000    -0.000000    -0.000000    -0.000000    
162.467980    -0.000000    -0.000000    0.000000    -0.000000    0.000000    -0.000000    0.000000    -0.000008    0.003740    -0.999989    -0.002962    
192.472233    0.999994    -0.003401    0.000007    -0.000000    0.000000    -0.000000    0.000000    -0.000000    0.000000    -0.000000    -0.000000    
246.864610    0.000000    -0.000000    0.000000    -0.000000    0.000000    -0.000000    0.000000    -0.000000    0.000005    -0.002962    0.999996    

1.308997
0.333480    0.000000    0.000000    0.000003    0.000779    0.075291    0.997009    0.017457    0.000095    0.000000    0.000000    0.000000    
3.662476    0.000000    0.000000    0.000051    0.011973    0.997089    -0.075276    -0.001719    -0.000010    -0.000000    -0.000000    -0.000000    
14.615251    0.000000    0.000000    0.000000    0.000010    0.000399    -0.017537    0.999815    0.007860    0.000024    0.000000    0.000000    
24.483807    0.000000    0.000017    0.006513    0.999907    -0.011998    0.000124    -0.000003    -0.000000    -0.000000    -0.000000    -0.000000    
46.415589    0.000000    0.000000    0.000000    0.000000    -0.000000    0.000043    -0.007861    0.999956    0.005066    0.000011    0.000000    
62.864742    0.000009    0.004470    0.999969    -0.006513    0.000027    -0.000000    0.000000    -0.000000    -0.000000    -0.000000    -0.000000    
95.763245    0.000000    0.000000    0.000000    -0.000000    0.000000    -0.000000    0.000016    -0.005066    0.999980    0.003737    0.000006    
118.792256    0.003403    0.999984    -0.004470    0.000012    -0.000000    0.000000    -0.000000    0.000000    -0.000000    -0.000000    -0.000000    
162.657092    -0.000000    -0.000000    0.000000    -0.000000    0.000000    -0.000000    0.000000    -0.000008    0.003737    -0.999989    -0.002961    
192.266562    0.999994    -0.003403    0.000007    -0.000000    0.000000    -0.000000    0.000000    -0.000000    0.000000    -0.000000    -0.000000    
247.097587    0.000000    -0.000000    0.000000    -0.000000    0.000000    -0.000000    0.000000    -0.000000    0.000005    -0.002961    0.999996    

1.319469
0.347004    0.000000    0.000000    0.000003    0.000793    0.076290    0.996933    0.017402    0.000094    0.000000    0.000000    0.000000    
3.632620    0.000000    0.000000    0.000051    0.011998    0.997013    -0.076276    -0.001728    -0.000010    -0.000000    -0.000000    -0.000000    
14.672868    0.000000    0.000000    0.000000    0.000010    0.000395    -0.017483    0.999816    0.007850    0.000024    0.000000    0.000000    
24.409845    0.000000    0.000017    0.006521    0.999906    -0.012023    0.000125    -0.000003    -0.000000    -0.000000    -0.000000    -0.000000    
46.517080    0.000000    0.000000    0.000000    0.000000    -0.000000    0.000043    -0.007850    0.999956    0.005061    0.000011    0.000000    
62.746911    0.000009    0.004474    0.999969    -0.006521    0.000028    -0.000000    0.000000    -0.000000    -0.000000    -0.000000    -0.000000    
95.908601    0.000000    0.000000    0.000000    -0.000000    0.000000    -0.000000    0.000016    -0.005062    0.999980    0.003735    0.000006    
118.630560    0.003405    0.999984    -0.004474    0.000012    -0.000000    0.000000    -0.000000    0.000000    -0.000000    -0.000000    -0.000000    
162.846314    -0.000000    -0.000000    0.000000    -0.000000    0.000000    -0.000000    0.000000    -0.000008    0.003735    -0.999989    -0.002959    
192.061000    0.999994    -0.003405    0.000007    -0.000000    0.000000    -0.000000    0.000000    -0.000000    0.000000    -0.000000    -0.000000    
247.330673    0.000000    -0.000000    0.000000    -0.000000    0.000000    -0.000000    0.000000    -0.000000    0.000005    -0.002959    0.999996    

1.329941
0.360631    0.000000    0.000000    0.000003    0.000806    0.077317    0.996855    0.017347    0.000094    0.000000    0.000000    0.000000    
3.602880    0.000000    0.000000    0.000051    0.012022    0.996934    -0.077303    -0.001737    -0.000010    -0.000000    -0.000000    -0.000000    
14.730595    0.000000    0.000000    0.000000    0.000010    0.000391    -0.017430    0.999817    0.007839    0.000024    0.000000    0.000000    
24.335992    0.000000    0.000017    0.006528    0.999906    -0.012049    0.000126    -0.000003    -0.000000    -0.000000    -0.000000    -0.000000    
46.618681    0.000000    0.000000    0.000000    0.000000    -0.000000    0.000042    -0.007839    0.999956    0.005057    0.000011    0.000000    
62.629189    0.000009    0.004477    0.999969    -0.006528    0.000028    -0.000000    0.000000    -0.000000    -0.000000    -0.000000    -0.000000    
96.054068    0.000000    0.000000    0.000000    -0.000000    0.000000    -0.000000    0.000016    -0.005057    0.999980    0.003732    0.000006    
118.468973    0.003407    0.999984    -0.004477    0.000012    -0.000000    0.000000    -0.000000    0.000000    -0.000000    -0.000000    -0.000000    
163.035646    -0.000000    -0.000000    0.000000    -0.000000    0.000000    -0.000000    0.000000    -0.000008    0.003732    -0.999989    -0.002958    
191.855548    0.999994    -0.003407    0.000007    -0.000000    0.000000    -0.000000    0.000000    -0.000000    0.000000    -0.000000    -0.000000    
247.563870    0.000000    -0.000000    0.000000    -0.000000    0.000000    -0.000000    0.000000    -0.000000    0.000005    -0.002958    0.999996    

1.340413
0.374360    0.000000    0.000000    0.000003    0.000820    0.078371    0.996774    0.017293    0.000093    0.000000    0.000000    0.000000    
3.573257    0.000000    0.000000    0.000051    0.012047    0.996851    -0.078357    -0.001747    -0.000010    -0.000000    -0.000000    -0.000000    
14.788431    0.000000    0.000000    0.000000    0.000010    0.000387    -0.017377    0.999818    0.007828    0.000024    0.000000    0.000000    
24.262248    0.000000    0.000017    0.006536    0.999906    -0.012074    0.000127    -0.000003    -0.000000    -0.000000    -0.000000    -0.000000    
46.720391    0.000000    0.000000    0.000000    0.000000    -0.000000    0.000042    -0.007829    0.999957    0.005052    0.000011    0.000000    
62.511578    0.000009    0.004481    0.999969    -0.006536    0.000028    -0.000000    0.000000    -0.000000    -0.000000    -0.000000    -0.000000    
96.199644    0.000000    0.000000    0.000000    -0.000000    0.000000    -0.000000    0.000016    -0.005053    0.999980    0.003730    0.000006    
118.307495    0.003409    0.999984    -0.004481    0.000012    -0.000000    0.000000    -0.000000    0.000000    -0.000000    -0.000000    -0.000000    
163.225087    -0.000000    -0.000000    0.000000    -0.000000    0.000000    -0.000000    0.000000    -0.000008    0.003730    -0.999989    -0.002956    
191.650206    0.999994    -0.003409    0.000007    -0.000000    0.000000    -0.000000    0.000000    -0.000000    0.000000    -0.000000    -0.000000    
247.797176    0.000000    -0.000000    0.000000    -0.000000    0.000000    -0.000000    0.000000    -0.000000    0.000005    -0.002956    0.999996    

1.350885
0.388191    0.000000    0.000000    0.000003    0.000835    0.079455    0.996689    0.017238    0.000093    0.000000    0.000000    0.000000    
3.543750    0.000000    0.000000    0.000051    0.012072    0.996765    -0.079440    -0.001758    -0.000010    -0.000000    -0.000000    -0.000000    
14.846377    0.000000    0.000000    0.000000    0.000010    0.000382    -0.017324    0.999819    0.007817    0.000024    0.000000    0.000000    
24.188615    0.000000    0.000017    0.006543    0.999905    -0.012100    0.000127    -0.000003    -0.000000    -0.000000    -0.000000    -0.000000    
46.822211    0.000000    0.000000    0.000000    0.000000    -0.000000    0.000042    -0.007818    0.999957    0.005048    0.000011    0.000000    
62.394075    0.000009    0.004484    0.999969    -0.006543    0.000028    -0.000000    0.000000    -0.000000    -0.000000    -0.000000    -0.000000    
96.345330    0.000000    0.000000    0.000000    -0.000000    0.000000    -0.000000    0.000015    -0.005048    0.999980    0.003727    0.000006    
118.146128    0.003411    0.999984    -0.004484    0.000012    -0.000000    0.000000    -0.000000    0.000000    -0.000000    -0.000000    -0.000000    
163.414638    -0.000000    -0.000000    0.000000    -0.000000    0.000000    -0.000000    0.000000    -0.000008    0.003727    -0.999989    -0.002955    
191.444974    0.999994    -0.003411    0.000007    -0.000000    0.000000    -0.000000    0.000000    -0.000000    0.000000    -0.000000    -0.000000    
248.030592    0.000000    -0.000000    0.000000    -0.000000    0.000000    -0.000000    0.000000    -0.000000    0.000005    -0.002955    0.999996    

1.361357
0.402125    0.000000    0.000000    0.000003    0.000849    0.080568    0.996601    0.017184    0.000092    0.000000    0.000000    0.000000    
3.514361    0.000000    0.000000    0.000051    0.012097    0.996675    -0.080554    -0.001769    -0.000010    -0.000000    -0.000000    -0.000000    
14.904433    0.000000    0.000000    0.000000    0.000010    0.000378    -0.017271    0.999820    0.007807    0.000024    0.000000    0.000000    
24.115091    0.000000    0.000017    0.006551    0.999905    -0.012126    0.000128    -0.000003    -0.000000    -0.000000    -0.000000    -0.000000    
46.924140    0.000000    0.000000    0.000000    0.000000    -0.000000    0.000042    -0.007807    0.999957    0.005044    0.000011    0.000000    
62.276683    0.000009    0.004488    0.999968    -0.006551    0.000028    -0.000000    0.000000    -0.000000    -0.000000    -0.000000    -0.000000    
96.491125    0.000000    0.000000    0.000000    -0.000000    0.000000    -0.000000    0.000015    -0.005044    0.999980    0.003725    0.000006    
117.984870    0.003413    0.999984    -0.004488    0.000012    -0.000000    0.000000    -0.000000    0.000000    -0.000000    -0.000000    -0.000000    
163.604299    -0.000000    -0.000000    0.000000    -0.000000    0.000000    -0.000000    0.000000    -0.000008    0.003725    -0.999989    -0.002953    
191.239851    0.999994    -0.003413    0.000007    -0.000000    0.000000    -0.000000    0.000000    -0.000000    0.000000    -0.000000    -0.000000    
248.264117    0.000000    -0.000000    0.000000    -0.000000    0.000000    -0.000000    0.000000    -0.000000    0.000005    -0.002953    0.999996    

1.371829
0.416160    0.000000    0.000000    0.000004    0.000865    0.081712    0.996508    0.017131    0.000092    0.000000    0.000000    0.000000    
3.485090    0.000000    0.000000    0.000052    0.012121    0.996582    -0.081698    -0.001780    -0.000010    -0.000000    -0.000000    -0.000000    
14.962598    0.000000    0.000000    0.000000    0.000010    0.000374    -0.017219    0.999821    0.007796    0.000024    0.000000    0.000000    
24.041676    0.000000    0.000017    0.006558    0.999905    -0.012152    0.000129    -0.000004    -0.000000    -0.000000    -0.000000    -0.000000    
47.026179    0.000000    0.000000    0.000000    0.000000    -0.000000    0.000042    -0.007796    0.999957    0.005039    0.000011    0.000000    
62.159400    0.000009    0.004491    0.999968    -0.006558    0.000028    -0.000000    0.000000    -0.000000    -0.000000    -0.000000    -0.000000    
96.637030    0.000000    0.000000    0.000000    -0.000000    0.000000    -0.000000    0.000015    -0.005039    0.999980    0.003723    0.000006    
117.823721    0.003415    0.999984    -0.004491    0.000012    -0.000000    0.000000    -0.000000    0.000000    -0.000000    -0.000000    -0.000000    
163.794069    -0.000000    -0.000000    0.000000    -0.000000    0.000000    -0.000000    0.000000    -0.000008    0.003723    -0.999989    -0.002951    
191.034838    0.999994    -0.003415    0.000007    -0.000000    0.000000    -0.000000    0.000000    -0.000000    0.000000    -0.000000    -0.000000    
248.497752    0.000000    -0.000000    0.000000    -0.000000    0.000000    -0.000000    0.000000    -0.000000    0.000005    -0.002951    0.999996    

1.382301
0.430296    0.000000    0.000000    0.000004    0.000880    0.082890    0.996412    0.017077    0.000091    0.000000    0.000000    0.000000    
3.455936    0.000000    0.000000    0.000052    0.012146    0.996484    -0.082876    -0.001792    -0.000010    -0.000000    -0.000000    -0.000000    
15.020873    0.000000    0.000000    0.000000    0.000010    0.000370    -0.017167    0.999822    0.007785    0.000024    0.000000    0.000000    
23.968372    0.000000    0.000018    0.006566    0.999904    -0.012178    0.000130    -0.000004    -0.000000    -0.000000    -0.000000    -0.000000    
47.128328    0.000000    0.000000    0.000000    0.000000    -0.000000    0.000042    -0.007786    0.999957    0.005035    0.000011    0.000000    
62.042227    0.000009    0.004495    0.999968    -0.006566    0.000028    -0.000000    0.000000    -0.000000    -0.000000    -0.000000    -0.000000    
96.783045    0.000000    0.000000    0.000000    -0.000000    0.000000    -0.000000    0.000015    -0.005035    0.999980    0.003720    0.000006    
117.662683    0.003417    0.999984    -0.004495    0.000012    -0.000000    0.000000    -0.000000    0.000000    -0.000000    -0.000000    -0.000000    
163.983949    -0.000000    -0.000000    0.000000    -0.000000    0.000000    -0.000000    0.000000    -0.000008    0.003720    -0.999989    -0.002950    
190.829935    0.999994    -0.003417    0.000007    -0.000000    0.000000    -0.000000    0.000000    -0.000000    0.000000    -0.000000    -0.000000    
248.731497    0.000000    -0.000000    0.000000    -0.000000    0.000000    -0.000000    0.000000    -0.000000    0.000005    -0.002950    0.999996    

1.392773
0.444533    0.000000    0.000000    0.000004    0.000897    0.084101    0.996311    0.017024    0.000091    0.000000    0.000000    0.000000    
3.426901    0.000000    0.000000    0.000052    0.012171    0.996382    -0.084087    -0.001805    -0.000010    -0.000000    -0.000000    -0.000000    
15.079258    0.000000    0.000000    0.000000    0.000010    0.000366    -0.017116    0.999823    0.007775    0.000024    0.000000    0.000000    
23.895177    0.000000    0.000018    0.006573    0.999904    -0.012204    0.000130    -0.000004    -0.000000    -0.000000    -0.000000    -0.000000    
47.230587    0.000000    0.000000    0.000000    0.000000    -0.000000    0.000042    -0.007775    0.999957    0.005030    0.000011    0.000000    
61.925164    0.000009    0.004498    0.999968    -0.006573    0.000028    -0.000000    0.000000    -0.000000    -0.000000    -0.000000    -0.000000    
96.929170    0.000000    0.000000    0.000000    -0.000000    0.000000    -0.000000    0.000015    -0.005030    0.999980    0.003718    0.000006    
117.501754    0.003419    0.999984    -0.004498    0.000012    -0.000000    0.000000    -0.000000    0.000000    -0.000000    -0.000000    -0.000000    
164.173939    -0.000000    -0.000000    0.000000    -0.000000    0.000000    -0.000000    0.000000    -0.000008    0.003718    -0.999989    -0.002948    
190.625141    0.999994    -0.003419    0.000007    -0.000000    0.000000    -0.000000    0.000000    -0.000000    0.000000    -0.000000    -0.000000    
248.965351    0.000000    -0.000000    0.000000    -0.000000    0.000000    -0.000000    0.000000    -0.000000    0.000005    -0.002948    0.999996    

1.403245
0.458871    0.000000    0.000000    0.000004    0.000913    0.085348    0.996206    0.016971    0.000091    0.000000    0.000000    0.000000    
3.397985    0.000000    0.000000    0.000052    0.012196    0.996276    -0.085334    -0.001818    -0.000010    -0.000000    -0.000000    -0.000000    
15.137753    0.000000    0.000000    0.000000    0.000010    0.000363    -0.017064    0.999824    0.007764    0.000024    0.000000    0.000000    
23.822092    0.000000    0.000018    0.006581    0.999904    -0.012230    0.000131    -0.000004    -0.000000    -0.000000    -0.000000    -0.000000    
47.332955    0.000000    0.000000    0.000000    0.000000    -0.000000    0.000041    -0.007765    0.999957    0.005026    0.000011    0.000000    
61.808210    0.000009    0.004502    0.999968    -0.006581    0.000028    -0.000000    0.000000    -0.000000    -0.000000    -0.000000    -0.000000    
97.075404    0.000000    0.000000    0.000000    -0.000000    0.000000    -0.000000    0.000015    -0.005026    0.999980    0.003715    0.000006    
117.340934    0.003421    0.999984    -0.004502    0.000012    -0.000000    0.000000    -0.000000    0.000000    -0.000000    -0.000000    -0.000000    
164.364038    -0.000000    -0.000000    0.000000    -0.000000    0.000000    -0.000000    0.000000    -0.000008    0.003715    -0.999989    -0.002947    
190.420457    0.999994    -0.003421    0.000007    -0.000000    0.000000    -0.000000    0.000000    -0.000000    0.000000    -0.000000    -0.000000    
249.199316    0.000000    -0.000000    0.000000    -0.000000    0.000000    -0.000000    0.000000    -0.000000    0.000005    -0.002947    0.999996    

1.413717
0.473309    0.000000    0.000000    0.000004    0.000931    0.086631    0.996096    0.016918    0.000090    0.000000    0.000000    0.000000    
3.369187    0.000000    0.000000    0.000052    0.012221    0.996165    -0.086618    -0.001831    -0.000010    -0.000000    -0.000000    -0.000000    
15.196357    0.000000    0.000000    0.000000    0.000010    0.000359    -0.017013    0.999825    0.007754    0.000024    0.000000    0.000000    
23.749116    0.000000    0.000018    0.006589    0.999903    -0.012256    0.000132    -0.000004    -0.000000    -0.000000    -0.000000    -0.000000    
47.435433    0.000000    0.000000    0.000000    0.000000    -0.000000    0.000041    -0.007754    0.999957    0.005021    0.000011    0.000000    
61.691366    0.000009    0.004505    0.999968    -0.006589    0.000028    -0.000000    0.000000    -0.000000    -0.000000    -0.000000    -0.000000    
97.221748    0.000000    0.000000    0.000000    -0.000000    0.000000    -0.000000    0.000015    -0.005021    0.999980    0.003713    0.000006    
117.180225    0.003423    0.999984    -0.004505    0.000012    -0.000000    0.000000    -0.000000    0.000000    -0.000000    -0.000000    -0.000000    
164.554247    -0.000000    -0.000000    0.000000    -0.000000    0.000000    -0.000000    0.000000    -0.000008    0.003713    -0.999989    -0.002945    
190.215882    0.999994    -0.003423    0.000007    -0.000000    0.000000    -0.000000    0.000000    -0.000000    0.000000    -0.000000    -0.000000    
249.433389    0.000000    -0.000000    0.000000    -0.000000    0.000000    -0.000000    0.000000    -0.000000    0.000005    -0.002945    0.999996    

1.424189
0.487846    0.000000    0.000000    0.000004    0.000948    0.087954    0.995981    0.016865    0.000090    0.000000    0.000000    0.000000    
3.340509    0.000000    0.000000    0.000053    0.012247    0.996049    -0.087940    -0.001846    -0.000010    -0.000000    -0.000000    -0.000000    
15.255071    0.000000    0.000000    0.000000    0.000011    0.000355    -0.016963    0.999826    0.007743    0.000024    0.000000    0.000000    
23.676250    0.000000    0.000018    0.006596    0.999903    -0.012283    0.000133    -0.000004    -0.000000    -0.000000    -0.000000    -0.000000    
47.538020    0.000000    0.000000    0.000000    0.000000    -0.000000    0.000041    -0.007743    0.999957    0.005017    0.000011    0.000000    
61.574631    0.000009    0.004509    0.999968    -0.006596    0.000028    -0.000000    0.000000    -0.000000    -0.000000    -0.000000    -0.000000    
97.368201    0.000000    0.000000    0.000000    -0.000000    0.000000    -0.000000    0.000015    -0.005017    0.999981    0.003710    0.000006    
117.019625    0.003425    0.999984    -0.004509    0.000012    -0.000000    0.000000    -0.000000    0.000000    -0.000000    -0.000000    -0.000000    
164.744566    -0.000000    -0.000000    0.000000    -0.000000    0.000000    -0.000000    0.000000    -0.000008    0.003710    -0.999989    -0.002944    
190.011417    0.999994    -0.003425    0.000007    -0.000000    0.000000    -0.000000    0.000000    -0.000000    0.000000    -0.000000    -0.000000    
249.667573    0.000000    -0.000000    0.000000    -0.000000    0.000000    -0.000000    0.000000    -0.000000    0.000005    -0.002944    0.999996    

1.434661
0.502483    0.000000    0.000000    0.000004    0.000967    0.089317    0.995861    0.016813    0.000089    0.000000    0.000000    0.000000    
3.311952    0.000000    0.000000    0.000053    0.012272    0.995927    -0.089304    -0.001861    -0.000010    -0.000000    -0.000000    -0.000000    
15.313895    0.000000    0.000000    0.000000    0.000011    0.000351    -0.016912    0.999827    0.007733    0.000024    0.000000    0.000000    
23.603494    0.000000    0.000018    0.006604    0.999902    -0.012309    0.000133    -0.000004    -0.000000    -0.000000    -0.000000    -0.000000    
47.640717    0.000000    0.000000    0.000000    0.000000    -0.000000    0.000041    -0.007733    0.999958    0.005013    0.000011    0.000000    
61.458006    0.000009    0.004512    0.999968    -0.006604    0.000028    -0.000000    0.000000    -0.000000    -0.000000    -0.000000    -0.000000    
97.514764    0.000000    0.000000    0.000000    -0.000000    0.000000    -0.000000    0.000015    -0.005013    0.999981    0.003708    0.000006    
116.859134    0.003427    0.999984    -0.004512    0.000012    -0.000000    0.000000    -0.000000    0.000000    -0.000000    -0.000000    -0.000000    
164.934994    -0.000000    -0.000000    0.000000    -0.000000    0.000000    -0.000000    0.000000    -0.000008    0.003708    -0.999989    -0.002942    
189.807062    0.999994    -0.003427    0.000007    -0.000000    0.000000    -0.000000    0.000000    -0.000000    0.000000    -0.000000    -0.000000    
249.901866    0.000000    -0.000000    0.000000    -0.000000    0.000000    -0.000000    0.000000    -0.000000    0.000005    -0.002942    0.999996    

1.445133
0.517218    0.000000    0.000000    0.000004    0.000986    0.090723    0.995735    0.016761    0.000089    0.000000    0.000000    0.000000    
3.283514    0.000000    0.000000    0.000053    0.012297    0.995800    -0.090709    -0.001876    -0.000011    -0.000000    -0.000000    -0.000000    
15.372829    0.000000    0.000000    0.000000    0.000011    0.000348    -0.016862    0.999828    0.007722    0.000023    0.000000    0.000000    
23.530847    0.000000    0.000018    0.006611    0.999902    -0.012336    0.000134    -0.000004    -0.000000    -0.000000    -0.000000    -0.000000    
47.743524    0.000000    0.000000    0.000000    0.000000    -0.000000    0.000041    -0.007722    0.999958    0.005008    0.000011    0.000000    
61.341491    0.000009    0.004516    0.999968    -0.006612    0.000028    -0.000000    0.000000    -0.000000    -0.000000    -0.000000    -0.000000    
97.661437    0.000000    0.000000    0.000000    -0.000000    0.000000    -0.000000    0.000015    -0.005008    0.999981    0.003706    0.000006    
116.698753    0.003429    0.999984    -0.004516    0.000012    -0.000000    0.000000    -0.000000    0.000000    -0.000000    -0.000000    -0.000000    
165.125532    -0.000000    -0.000000    0.000000    -0.000000    0.000000    -0.000000    0.000000    -0.000008    0.003706    -0.999989    -0.002941    
189.602817    0.999994    -0.003429    0.000007    -0.000000    0.000000    -0.000000    0.000000    -0.000000    0.000000    -0.000000    -0.000000    
250.136268    0.000000    -0.000000    0.000000    -0.000000    0.000000    -0.000000    0.000000    -0.000000    0.000005    -0.002941    0.999996    

1.455605
0.532052    0.000000    0.000000    0.000004    0.001005    0.092173    0.995602    0.016709    0.000088    0.000000    0.000000    0.000000    
3.255198    0.000000    0.000000    0.000053    0.012322    0.995666    -0.092159    -0.001893    -0.000011    -0.000000    -0.000000    -0.000000    
15.431872    0.000000    0.000000    0.000000    0.000011    0.000344    -0.016812    0.999829    0.007712    0.000023    0.000000    0.000000    
23.458311    0.000000    0.000018    0.006619    0.999902    -0.012363    0.000135    -0.000004    -0.000000    -0.000000    -0.000000    -0.000000    
47.846441    0.000000    0.000000    0.000000    0.000000    -0.000000    0.000041    -0.007712    0.999958    0.005004    0.000011    0.000000    
61.225086    0.000009    0.004520    0.999968    -0.006619    0.000029    -0.000000    0.000000    -0.000000    -0.000000    -0.000000    -0.000000    
97.808220    0.000000    0.000000    0.000000    -0.000000    0.000000    -0.000000    0.000015    -0.005004    0.999981    0.003703    0.000006    
116.538482    0.003431    0.999984    -0.004520    0.000012    -0.000000    0.000000    -0.000000    0.000000    -0.000000    -0.000000    -0.000000    
165.316179    -0.000000    -0.000000    0.000000    -0.000000    0.000000    -0.000000    0.000000    -0.000008    0.003703    -0.999989    -0.002939    
189.398681    0.999994    -0.003431    0.000007    -0.000000    0.000000    -0.000000    0.000000    -0.000000    0.000000    -0.000000    -0.000000    
250.370781    0.000000    -0.000000    0.000000    -0.000000    0.000000    -0.000000    0.000000    -0.000000    0.000005    -0.002939    0.999996    

1.466077
0.546983    0.000000    0.000000    0.000004    0.001025    0.093669    0.995464    0.016657    0.000088    0.000000    0.000000    0.000000    
3.227003    0.000000    0.000000    0.000053    0.012348    0.995526    -0.093656    -0.001910    -0.000011    -0.000000    -0.000000    -0.000000    
15.491025    0.000000    0.000000    0.000000    0.000011    0.000341    -0.016763    0.999830    0.007701    0.000023    0.000000    0.000000    
23.385883    0.000000    0.000018    0.006627    0.999901    -0.012389    0.000136    -0.000004    -0.000000    -0.000000    -0.000000    -0.000000    
47.949467    0.000000    0.000000    0.000000    0.000000    -0.000000    0.000041    -0.007702    0.999958    0.004999    0.000011    0.000000    
61.108790    0.000009    0.004523    0.999968    -0.006627    0.000029    -0.000000    0.000000    -0.000000    -0.000000    -0.000000    -0.000000    
97.955112    0.000000    0.000000    0.000000    -0.000000    0.000000    -0.000000    0.000015    -0.004999    0.999981    0.003701    0.000006    
116.378321    0.003433    0.999984    -0.004523    0.000012    -0.000000    0.000000    -0.000000    0.000000    -0.000000    -0.000000    -0.000000    
165.506937    -0.000000    -0.000000    0.000000    -0.000000    0.000000    -0.000000    0.000000    -0.000008    0.003701    -0.999989    -0.002938    
189.194655    0.999994    -0.003433    0.000007    -0.000000    0.000000    -0.000000    0.000000    -0.000000    0.000000    -0.000000    -0.000000    
250.605403    0.000000    -0.000000    0.000000    -0.000000    0.000000    -0.000000    0.000000    -0.000000    0.000005    -0.002938    0.999996    

1.476549
0.562011    0.000000    0.000000    0.000004    0.001046    0.095214    0.995318    0.016606    0.000087    0.000000    0.000000    0.000000    
3.198931    0.000000    0.000000    0.000054    0.012373    0.995379    -0.095201    -0.001927    -0.000011    -0.000000    -0.000000    -0.000000    
15.550288    0.000000    0.000000    0.000000    0.000011    0.000338    -0.016714    0.999831    0.007691    0.000023    0.000000    0.000000    
23.313566    0.000000    0.000018    0.006635    0.999901    -0.012416    0.000137    -0.000004    -0.000000    -0.000000    -0.000000    -0.000000    
48.052603    0.000000    0.000000    0.000000    0.000000    -0.000000    0.000041    -0.007691    0.999958    0.004995    0.000011    0.000000    
60.992604    0.000009    0.004527    0.999968    -0.006635    0.000029    -0.000000    0.000000    -0.000000    -0.000000    -0.000000    -0.000000    
98.102113    0.000000    0.000000    0.000000    -0.000000    0.000000    -0.000000    0.000015    -0.004995    0.999981    0.003698    0.000006    
116.218269    0.003435    0.999984    -0.004527    0.000012    -0.000000    0.000000    -0.000000    0.000000    -0.000000    -0.000000    -0.000000    
165.697804    -0.000000    -0.000000    0.000000    -0.000000    0.000000    -0.000000    0.000000    -0.000008    0.003698    -0.999989    -0.002936    
188.990738    0.999994    -0.003435    0.000007    -0.000000    0.000000    -0.000000    0.000000    -0.000000    0.000000    -0.000000    -0.000000    
250.840135    0.000000    -0.000000    0.000000    -0.000000    0.000000    -0.000000    0.000000    -0.000000    0.000005    -0.002936    0.999996    

1.487021
0.577136    0.000000    0.000000    0.000004    0.001068    0.096810    0.995165    0.016554    0.000087    0.000000    0.000000    0.000000    
3.170981    0.000000    0.000000    0.000054    0.012398    0.995225    -0.096797    -0.001946    -0.000011    -0.000000    -0.000000    -0.000000    
15.609660    0.000000    0.000000    0.000000    0.000011    0.000334    -0.016665    0.999832    0.007680    0.000023    0.000000    0.000000    
23.241358    0.000000    0.000018    0.006642    0.999901    -0.012443    0.000137    -0.000005    -0.000000    -0.000000    -0.000000    -0.000000    
48.155848    0.000000    0.000000    0.000000    0.000000    -0.000000    0.000040    -0.007681    0.999958    0.004991    0.000011    0.000000    
60.876527    0.000009    0.004530    0.999968    -0.006642    0.000029    -0.000000    0.000000    -0.000000    -0.000000    -0.000000    -0.000000    
98.249225    0.000000    0.000000    0.000000    -0.000000    0.000000    -0.000000    0.000015    -0.004991    0.999981    0.003696    0.000006    
116.058327    0.003437    0.999984    -0.004530    0.000012    -0.000000    0.000000    -0.000000    0.000000    -0.000000    -0.000000    -0.000000    
165.888780    -0.000000    -0.000000    0.000000    -0.000000    0.000000    -0.000000    0.000000    -0.000008    0.003696    -0.999989    -0.002935    
188.786932    0.999994    -0.003437    0.000007    -0.000000    0.000000    -0.000000    0.000000    -0.000000    0.000000    -0.000000    -0.000000    
251.074976    0.000000    -0.000000    0.000000    -0.000000    0.000000    -0.000000    0.000000    -0.000000    0.000005    -0.002935    0.999996    

1.497492
0.592357    0.000000    0.000000    0.000005    0.001090    0.098460    0.995004    0.016503    0.000087    0.000000    0.000000    0.000000    
3.143154    0.000000    0.000000    0.000054    0.012424    0.995063    -0.098447    -0.001965    -0.000011    -0.000000    -0.000000    -0.000000    
15.669142    0.000000    0.000000    0.000000    0.000011    0.000331    -0.016616    0.999832    0.007670    0.000023    0.000000    0.000000    
23.169260    0.000000    0.000018    0.006650    0.999900    -0.012471    0.000138    -0.000005    -0.000000    -0.000000    -0.000000    -0.000000    
48.259204    0.000000    0.000000    0.000000    0.000000    -0.000000    0.000040    -0.007671    0.999958    0.004986    0.000011    0.000000    
60.760560    0.000009    0.004534    0.999968    -0.006650    0.000029    -0.000000    0.000000    -0.000000    -0.000000    -0.000000    -0.000000    
98.396446    0.000000    0.000000    0.000000    -0.000000    0.000000    -0.000000    0.000015    -0.004986    0.999981    0.003694    0.000006    
115.898495    0.003439    0.999984    -0.004534    0.000012    -0.000000    0.000000    -0.000000    0.000000    -0.000000    -0.000000    -0.000000    
166.079867    -0.000000    -0.000000    0.000000    -0.000000    0.000000    -0.000000    0.000000    -0.000008    0.003694    -0.999989    -0.002933    
188.583234    0.999994    -0.003440    0.000007    -0.000000    0.000000    -0.000000    0.000000    -0.000000    0.000000    -0.000000    -0.000000    
251.309927    0.000000    -0.000000    0.000000    -0.000000    0.000000    -0.000000    0.000000    -0.000000    0.000005    -0.002933    0.999996    

1.507964
0.607673    0.000000    0.000000    0.000005    0.001114    0.100166    0.994834    0.016452    0.000086    0.000000    0.000000    0.000000    
3.115452    0.000000    0.000000    0.000054    0.012449    0.994892    -0.100153    -0.001986    -0.000011    -0.000000    -0.000000    -0.000000    
15.728734    0.000000    0.000000    0.000000    0.000011    0.000328    -0.016568    0.999833    0.007660    0.000023    0.000000    0.000000    
23.097272    0.000000    0.000018    0.006658    0.999900    -0.012498    0.000139    -0.000005    -0.000000    -0.000000    -0.000000    -0.000000    
48.362668    0.000000    0.000000    0.000000    0.000000    -0.000000    0.000040    -0.007660    0.999958    0.004982    0.000011    0.000000    
60.644703    0.000009    0.004538    0.999968    -0.006658    0.000029    -0.000000    0.000000    -0.000000    -0.000000    -0.000000    -0.000000    
98.543777    0.000000    0.000000    0.000000    -0.000000    0.000000    -0.000000    0.000015    -0.004982    0.999981    0.003691    0.000006    
115.738772    0.003442    0.999984    -0.004538    0.000012    -0.000000    0.000000    -0.000000    0.000000    -0.000000    -0.000000    -0.000000    
166.271063    -0.000000    -0.000000    0.000000    -0.000000    0.000000    -0.000000    0.000000    -0.000008    0.003691    -0.999989    -0.002932    
188.379647    0.999994    -0.003442    0.000007    -0.000000    0.000000    -0.000000    0.000000    -0.000000    0.000000    -0.000000    -0.000000    
251.544988    0.000000    -0.000000    0.000000    -0.000000    0.000000    -0.000000    0.000000    -0.000000    0.000005    -0.002932    0.999996    

1.518436
0.623083    0.000000    0.000000    0.000005    0.001138    0.101931    0.994656    0.016401    0.000086    0.000000    0.000000    0.000000    
3.087874    0.000000    0.000000    0.000054    0.012474    0.994713    -0.101918    -0.002007    -0.000011    -0.000000    -0.000000    -0.000000    
15.788436    0.000000    0.000000    0.000000    0.000011    0.000324    -0.016520    0.999834    0.007650    0.000023    0.000000    0.000000    
23.025393    0.000000    0.000018    0.006666    0.999899    -0.012526    0.000140    -0.000005    -0.000000    -0.000000    -0.000000    -0.000000    
48.466243    0.000000    0.000000    0.000000    0.000000    -0.000000    0.000040    -0.007650    0.999958    0.004977    0.000011    0.000000    
60.528956    0.000009    0.004541    0.999967    -0.006666    0.000029    -0.000000    0.000000    -0.000000    -0.000000    -0.000000    -0.000000    
98.691217    0.000000    0.000000    0.000000    -0.000000    0.000000    -0.000000    0.000015    -0.004978    0.999981    0.003689    0.000006    
115.579159    0.003444    0.999984    -0.004541    0.000012    -0.000000    0.000000    -0.000000    0.000000    -0.000000    -0.000000    -0.000000    
166.462368    -0.000000    -0.000000    0.000000    -0.000000    0.000000    -0.000000    0.000000    -0.000008    0.003689    -0.999989    -0.002930    
188.176169    0.999994    -0.003444    0.000007    -0.000000    0.000000    -0.000000    0.000000    -0.000000    0.000000    -0.000000    -0.000000    
251.780158    0.000000    -0.000000    0.000000    -0.000000    0.000000    -0.000000    0.000000    -0.000000    0.000005    -0.002930    0.999996    

1.528908
0.638586    0.000000    0.000000    0.000005    0.001163    0.103759    0.994467    0.016350    0.000085    0.000000    0.000000    0.000000    
3.060423    0.000000    0.000000    0.000054    0.012500    0.994523    -0.103746    -0.002029    -0.000011    -0.000000    -0.000000    -0.000000    
15.848247    0.000000    0.000000    0.000000    0.000011    0.000321    -0.016472    0.999835    0.007639    0.000023    0.000000    0.000000    
22.953624    0.000000    0.000018    0.006673    0.999899    -0.012553    0.000141    -0.000005    -0.000000    -0.000000    -0.000000    -0.000000    
48.569927    0.000000    0.000000    0.000000    0.000000    -0.000000    0.000040    -0.007640    0.999958    0.004973    0.000011    0.000000    
60.413318    0.000009    0.004545    0.999967    -0.006674    0.000029    -0.000000    0.000000    -0.000000    -0.000000    -0.000000    -0.000000    
98.838767    0.000000    0.000000    0.000000    -0.000000    0.000000    -0.000000    0.000015    -0.004973    0.999981    0.003686    0.000006    
115.419656    0.003446    0.999984    -0.004545    0.000012    -0.000000    0.000000    -0.000000    0.000000    -0.000000    -0.000000    -0.000000    
166.653784    -0.000000    -0.000000    0.000000    -0.000000    0.000000    -0.000000    0.000000    -0.000008    0.003686    -0.999989    -0.002929    
187.972801    0.999994    -0.003446    0.000007    -0.000000    0.000000    -0.000000    0.000000    -0.000000    0.000000    -0.000000    -0.000000    
252.015438    0.000000    -0.000000    0.000000    -0.000000    0.000000    -0.000000    0.000000    -0.000000    0.000005    -0.002929    0.999996    

1.539380
0.654182    0.000000    0.000000    0.000005    0.001188    0.105652    0.994269    0.016299    0.000085    0.000000    0.000000    0.000000    
3.033098    0.000000    0.000000    0.000055    0.012525    0.994323    -0.105639    -0.002052    -0.000011    -0.000000    -0.000000    -0.000000    
15.908169    0.000000    0.000000    0.000000    0.000011    0.000318    -0.016425    0.999836    0.007629    0.000023    0.000000    0.000000    
22.881965    0.000000    0.000018    0.006681    0.999899    -0.012581    0.000142    -0.000005    -0.000000    -0.000000    -0.000000    -0.000000    
48.673721    0.000000    0.000000    0.000000    0.000000    -0.000000    0.000040    -0.007629    0.999959    0.004969    0.000011    0.000000    
60.297790    0.000009    0.004548    0.999967    -0.006681    0.000029    -0.000000    0.000000    -0.000000    -0.000000    -0.000000    -0.000000    
98.986427    0.000000    0.000000    0.000000    -0.000000    0.000000    -0.000000    0.000015    -0.004969    0.999981    0.003684    0.000006    
115.260262    0.003448    0.999984    -0.004548    0.000012    -0.000000    0.000000    -0.000000    0.000000    -0.000000    -0.000000    -0.000000    
166.845308    -0.000000    -0.000000    0.000000    -0.000000    0.000000    -0.000000    0.000000    -0.000008    0.003684    -0.999989    -0.002927    
187.769543    0.999994    -0.003448    0.000007    -0.000000    0.000000    -0.000000    0.000000    -0.000000    0.000000    -0.000000    -0.000000    
252.250828    0.000000    -0.000000    0.000000    -0.000000    0.000000    -0.000000    0.000000    -0.000000    0.000005    -0.002927    0.999996    

1.549852
0.669870    0.000000    0.000000    0.000005    0.001215    0.107615    0.994059    0.016248    0.000084    0.000000    0.000000    0.000000    
3.005900    0.000000    0.000000    0.000055    0.012551    0.994113    -0.107602    -0.002076    -0.000011    -0.000000    -0.000000    -0.000000    
15.968199    0.000000    0.000000    0.000000    0.000012    0.000315    -0.016377    0.999837    0.007619    0.000023    0.000000    0.000000    
22.810415    0.000000    0.000018    0.006689    0.999898    -0.012609    0.000143    -0.000005    -0.000000    -0.000000    -0.000000    -0.000000    
48.777625    0.000000    0.000000    0.000000    0.000000    -0.000000    0.000040    -0.007619    0.999959    0.004964    0.000010    0.000000    
60.182371    0.000009    0.004552    0.999967    -0.006689    0.000029    -0.000000    0.000000    -0.000000    -0.000000    -0.000000    -0.000000    
99.134196    0.000000    0.000000    0.000000    -0.000000    0.000000    -0.000000    0.000015    -0.004965    0.999981    0.003682    0.000006    
115.100978    0.003450    0.999984    -0.004552    0.000012    -0.000000    0.000000    -0.000000    0.000000    -0.000000    -0.000000    -0.000000    
167.036943    -0.000000    -0.000000    0.000000    -0.000000    0.000000    -0.000000    0.000000    -0.000008    0.003682    -0.999989    -0.002926    
187.566394    0.999994    -0.003450    0.000007    -0.000000    0.000000    -0.000000    0.000000    -0.000000    0.000000    -0.000000    -0.000000    
252.486327    0.000000    -0.000000    0.000000    -0.000000    0.000000    -0.000000    0.000000    -0.000000    0.000005    -0.002926    0.999996    

1.560324
0.685649    0.000000    0.000000    0.000005    0.001243    0.109650    0.993838    0.016198    0.000084    0.000000    0.000000    0.000000    
2.978831    0.000000    0.000000    0.000055    0.012576    0.993890    -0.109637    -0.002101    -0.000011    -0.000000    -0.000000    -0.000000    
16.028340    0.000000    0.000000    0.000000    0.000012    0.000312    -0.016331    0.999838    0.007609    0.000023    0.000000    0.000000    
22.738975    0.000000    0.000018    0.006697    0.999898    -0.012637    0.000144    -0.000005    -0.000000    -0.000000    -0.000000    -0.000000    
48.881638    0.000000    0.000000    0.000000    0.000000    -0.000000    0.000039    -0.007609    0.999959    0.004960    0.000010    0.000000    
60.067063    0.000009    0.004556    0.999967    -0.006697    0.000029    -0.000000    0.000000    -0.000000    -0.000000    -0.000000    -0.000000    
99.282076    0.000000    0.000000    0.000000    -0.000000    0.000000    -0.000000    0.000015    -0.004960    0.999981    0.003679    0.000006    
114.941804    0.003452    0.999984    -0.004556    0.000012    -0.000000    0.000000    -0.000000    0.000000    -0.000000    -0.000000    -0.000000    
167.228687    -0.000000    -0.000000    0.000000    -0.000000    0.000000    -0.000000    0.000000    -0.000008    0.003679    -0.999989    -0.002924    
187.363354    0.999994    -0.003452    0.000007    -0.000000    0.000000    -0.000000    0.000000    -0.000000    0.000000    -0.000000    -0.000000    
252.721936    0.000000    -0.000000    0.000000    -0.000000    0.000000    -0.000000    0.000000    -0.000000    0.000005    -0.002924    0.999996    

1.570796
0.701517    0.000000    0.000000    0.000005    0.001272    0.111762    0.993603    0.016147    0.000084    0.000000    0.000000    0.000000    
2.951891    0.000000    0.000000    0.000055    0.012601    0.993654    -0.111750    -0.002127    -0.000012    -0.000000    -0.000000    -0.000000    
16.088590    0.000000    0.000000    0.000000    0.000012    0.000309    -0.016284    0.999838    0.007599    0.000023    0.000000    0.000000    
22.667645    0.000000    0.000018    0.006705    0.999897    -0.012665    0.000144    -0.000005    -0.000000    -0.000000    -0.000000    -0.000000    
48.985761    0.000000    0.000000    0.000000    0.000000    -0.000000    0.000039    -0.007599    0.999959    0.004956    0.000010    0.000000    
59.951863    0.000009    0.004559    0.999967    -0.006705    0.000029    -0.000000    0.000000    -0.000000    -0.000000    -0.000000    -0.000000    
99.430064    0.000000    0.000000    0.000000    -0.000000    0.000000    -0.000000    0.000015    -0.004956    0.999981    0.003677    0.000006    
114.782739    0.003454    0.999984    -0.004559    0.000012    -0.000000    0.000000    -0.000000    0.000000    -0.000000    -0.000000    -0.000000    
167.420541    -0.000000    -0.000000    0.000000    -0.000000    0.000000    -0.000000    0.000000    -0.000008    0.003677    -0.999989    -0.002923    
187.160425    0.999994    -0.003454    0.000007    -0.000000    0.000000    -0.000000    0.000000    -0.000000    0.000000    -0.000000    -0.000000    
252.957655    0.000000    -0.000000    0.000000    -0.000000    0.000000    -0.000000    0.000000    -0.000000    0.000005    -0.002923    0.999996    

1.581268
0.717474    0.000000    0.000000    0.000006    0.001302    0.113956    0.993355    0.016097    0.000083    0.000000    0.000000    0.000000    
2.925083    0.000000    0.000000    0.000055    0.012627    0.993405    -0.113943    -0.002155    -0.000012    -0.000000    -0.000000    -0.000000    
16.148950    0.000000    0.000000    0.000000    0.000012    0.000306    -0.016237    0.999839    0.007588    0.000023    0.000000    0.000000    
22.596424    0.000000    0.000018    0.006713    0.999897    -0.012693    0.000145    -0.000006    -0.000000    -0.000000    -0.000000    -0.000000    
49.089993    0.000000    0.000000    0.000000    0.000000    -0.000000    0.000039    -0.007589    0.999959    0.004952    0.000010    0.000000    
59.836774    0.000009    0.004563    0.999967    -0.006713    0.000029    -0.000000    0.000000    -0.000000    -0.000000    -0.000000    -0.000000    
99.578163    0.000000    0.000000    0.000000    -0.000000    0.000000    -0.000000    0.000015    -0.004952    0.999981    0.003675    0.000006    
114.623784    0.003456    0.999984    -0.004563    0.000012    -0.000000    0.000000    -0.000000    0.000000    -0.000000    -0.000000    -0.000000    
167.612505    -0.000000    -0.000000    0.000000    -0.000000    0.000000    -0.000000    0.000000    -0.000008    0.003675    -0.999989    -0.002921    
186.957605    0.999994    -0.003456    0.000007    -0.000000    0.000000    -0.000000    0.000000    -0.000000    0.000000    -0.000000    -0.000000    
253.193483    0.000000    -0.000000    0.000000    -0.000000    0.000000    -0.000000    0.000000    -0.000000    0.000005    -0.002921    0.999996    

1.591740
0.733518    0.000000    0.000000    0.000006    0.001334    0.116235    0.993091    0.016046    0.000083    0.000000    0.000000    0.000000    
2.898406    0.000000    0.000000    0.000056    0.012652    0.993140    -0.116223    -0.002183    -0.000012    -0.000000    -0.000000    -0.000000    
16.209420    0.000000    0.000000    0.000000    0.000012    0.000303    -0.016191    0.999840    0.007578    0.000023    0.000000    0.000000    
22.525313    0.000000    0.000018    0.006721    0.999896    -0.012721    0.000146    -0.000006    -0.000000    -0.000000    -0.000000    -0.000000    
49.194335    0.000000    0.000000    0.000000    0.000000    -0.000000    0.000039    -0.007579    0.999959    0.004947    0.000010    0.000000    
59.721794    0.000009    0.004567    0.999967    -0.006721    0.000030    -0.000000    0.000000    -0.000000    -0.000000    -0.000000    -0.000000    
99.726371    0.000000    0.000000    0.000000    -0.000000    0.000000    -0.000000    0.000015    -0.004947    0.999981    0.003672    0.000006    
114.464938    0.003458    0.999984    -0.004567    0.000012    -0.000000    0.000000    -0.000000    0.000000    -0.000000    -0.000000    -0.000000    
167.804578    -0.000000    -0.000000    0.000000    -0.000000    0.000000    -0.000000    0.000000    -0.000008    0.003672    -0.999989    -0.002920    
186.754895    0.999994    -0.003458    0.000007    -0.000000    0.000000    -0.000000    0.000000    -0.000000    0.000000    -0.000000    -0.000000    
253.429421    0.000000    -0.000000    0.000000    -0.000000    0.000000    -0.000000    0.000000    -0.000000    0.000005    -0.002920    0.999996    

1.602212
0.749648    0.000000    0.000000    0.000006    0.001366    0.118606    0.992812    0.015996    0.000082    0.000000    0.000000    0.000000    
2.871862    0.000000    0.000000    0.000056    0.012677    0.992859    -0.118594    -0.002213    -0.000012    -0.000000    -0.000000    -0.000000    
16.269999    0.000000    0.000000    0.000000    0.000012    0.000300    -0.016145    0.999841    0.007568    0.000023    0.000000    0.000000    
22.454312    0.000000    0.000018    0.006729    0.999896    -0.012750    0.000147    -0.000006    -0.000000    -0.000000    -0.000000    -0.000000    
49.298787    0.000000    0.000000    0.000000    0.000000    -0.000000    0.000039    -0.007569    0.999959    0.004943    0.000010    0.000000    
59.606924    0.000009    0.004570    0.999967    -0.006729    0.000030    -0.000000    0.000000    -0.000000    -0.000000    -0.000000    -0.000000    
99.874689    0.000000    0.000000    0.000000    -0.000000    0.000000    -0.000000    0.000015    -0.004943    0.999981    0.003670    0.000006    
114.306203    0.003460    0.999984    -0.004570    0.000012    -0.000000    0.000000    -0.000000    0.000000    -0.000000    -0.000000    -0.000000    
167.996761    -0.000000    -0.000000    0.000000    -0.000000    0.000000    -0.000000    0.000000    -0.000008    0.003670    -0.999989    -0.002918    
186.552294    0.999994    -0.003460    0.000007    -0.000000    0.000000    -0.000000    0.000000    -0.000000    0.000000    -0.000000    -0.000000    
253.665469    0.000000    -0.000000    0.000000    -0.000000    0.000000    -0.000000    0.000000    -0.000000    0.000005    -0.002918    0.999996    

1.612684
0.765862    0.000000    0.000000    0.000006    0.001400    0.121073    0.992514    0.015945    0.000082    0.000000    0.000000    0.000000    
2.845454    0.000000    0.000000    0.000056    0.012702    0.992561    -0.121061    -0.002245    -0.000012    -0.000000    -0.000000    -0.000000    
16.330689    0.000000    0.000000    0.000000    0.000012    0.000298    -0.016100    0.999842    0.007558    0.000023    0.000000    0.000000    
22.383421    0.000000    0.000018    0.006736    0.999896    -0.012778    0.000148    -0.000006    -0.000000    -0.000000    -0.000000    -0.000000    
49.403349    0.000000    0.000000    0.000000    0.000000    -0.000000    0.000039    -0.007559    0.999959    0.004939    0.000010    0.000000    
59.492163    0.000009    0.004574    0.999967    -0.006737    0.000030    -0.000000    0.000000    -0.000000    -0.000000    -0.000000    -0.000000    
100.023116    0.000000    0.000000    0.000000    -0.000000    0.000000    -0.000000    0.000015    -0.004939    0.999981    0.003667    0.000006    
114.147577    0.003462    0.999984    -0.004574    0.000012    -0.000000    0.000000    -0.000000    0.000000    -0.000000    -0.000000    -0.000000    
168.189054    -0.000000    -0.000000    0.000000    -0.000000    0.000000    -0.000000    0.000000    -0.000008    0.003667    -0.999989    -0.002917    
186.349804    0.999994    -0.003462    0.000007    -0.000000    0.000000    -0.000000    0.000000    -0.000000    0.000000    -0.000000    -0.000000    
253.901626    0.000000    -0.000000    0.000000    -0.000000    0.000000    -0.000000    0.000000    -0.000000    0.000005    -0.002917    0.999996    

1.623156
0.782159    0.000000    0.000000    0.000006    0.001436    0.123643    0.992198    0.015895    0.000082    0.000000    0.000000    0.000000    
2.819182    0.000000    0.000000    0.000056    0.012727    0.992244    -0.123631    -0.002278    -0.000012    -0.000000    -0.000000    -0.000000    
16.391487    0.000000    0.000000    0.000000    0.000012    0.000295    -0.016054    0.999843    0.007548    0.000023    0.000000    0.000000    
22.312639    0.000000    0.000018    0.006744    0.999895    -0.012807    0.000149    -0.000006    -0.000000    -0.000000    -0.000000    -0.000000    
49.508020    0.000000    0.000000    0.000000    0.000000    -0.000000    0.000039    -0.007549    0.999959    0.004934    0.000010    0.000000    
59.377513    0.000009    0.004578    0.999967    -0.006745    0.000030    -0.000000    0.000000    -0.000000    -0.000000    -0.000000    -0.000000    
100.171653    0.000000    0.000000    0.000000    -0.000000    0.000000    -0.000000    0.000015    -0.004934    0.999981    0.003665    0.000006    
113.989060    0.003465    0.999984    -0.004578    0.000012    -0.000000    0.000000    -0.000000    0.000000    -0.000000    -0.000000    -0.000000    
168.381456    -0.000000    -0.000000    0.000000    -0.000000    0.000000    -0.000000    0.000000    -0.000008    0.003665    -0.999989    -0.002915    
186.147422    0.999994    -0.003465    0.000007    -0.000000    0.000000    -0.000000    0.000000    -0.000000    0.000000    -0.000000    -0.000000    
254.137893    0.000000    -0.000000    0.000000    -0.000000    0.000000    -0.000000    0.000000    -0.000000    0.000005    -0.002915    0.999996    

1.633628
0.798538    0.000000    0.000000    0.000006    0.001473    0.126321    0.991862    0.015844    0.000081    0.000000    0.000000    0.000000    
2.793047    0.000000    0.000000    0.000056    0.012752    0.991906    -0.126309    -0.002312    -0.000012    -0.000000    -0.000000    -0.000000    
16.452396    0.000000    0.000000    0.000000    0.000013    0.000292    -0.016009    0.999843    0.007538    0.000022    0.000000    0.000000    
22.241967    0.000000    0.000018    0.006752    0.999895    -0.012836    0.000150    -0.000006    -0.000000    -0.000000    -0.000000    -0.000000    
49.612801    0.000000    0.000000    0.000000    0.000000    -0.000000    0.000039    -0.007539    0.999959    0.004930    0.000010    0.000000    
59.262971    0.000009    0.004581    0.999967    -0.006753    0.000030    -0.000000    0.000000    -0.000000    -0.000000    -0.000000    -0.000000    
100.320300    0.000000    0.000000    0.000000    -0.000000    0.000000    -0.000000    0.000015    -0.004930    0.999981    0.003663    0.000006    
113.830653    0.003467    0.999983    -0.004581    0.000013    -0.000000    0.000000    -0.000000    0.000000    -0.000000    -0.000000    -0.000000    
168.573968    -0.000000    -0.000000    0.000000    -0.000000    0.000000    -0.000000    0.000000    -0.000008    0.003663    -0.999989    -0.002914    
185.945151    0.999994    -0.003467    0.000007    -0.000000    0.000000    -0.000000    0.000000    -0.000000    0.000000    -0.000000    -0.000000    
254.374270    0.000000    -0.000000    0.000000    -0.000000    0.000000    -0.000000    0.000000    -0.000000    0.000005    -0.002914    0.999996    

1.644100
0.814995    0.000000    0.000000    0.000006    0.001512    0.129115    0.991503    0.015793    0.000081    0.000000    0.000000    0.000000    
2.767053    0.000000    0.000000    0.000057    0.012777    0.991546    -0.129103    -0.002349    -0.000013    -0.000000    -0.000000    -0.000000    
16.513414    0.000000    0.000000    0.000000    0.000013    0.000289    -0.015964    0.999844    0.007528    0.000022    0.000000    0.000000    
22.171404    0.000000    0.000018    0.006760    0.999894    -0.012865    0.000151    -0.000007    -0.000000    -0.000000    -0.000000    -0.000000    
49.717691    0.000000    0.000000    0.000000    0.000000    -0.000000    0.000039    -0.007529    0.999960    0.004926    0.000010    0.000000    
59.148540    0.000009    0.004585    0.999967    -0.006761    0.000030    -0.000000    0.000000    -0.000000    -0.000000    -0.000000    -0.000000    
100.469056    0.000000    0.000000    0.000000    -0.000000    0.000000    -0.000000    0.000015    -0.004926    0.999981    0.003660    0.000006    
113.672356    0.003469    0.999983    -0.004585    0.000013    -0.000000    0.000000    -0.000000    0.000000    -0.000000    -0.000000    -0.000000    
168.766589    -0.000000    -0.000000    0.000000    -0.000000    0.000000    -0.000000    0.000000    -0.000008    0.003660    -0.999989    -0.002912    
185.742989    0.999994    -0.003469    0.000007    -0.000000    0.000000    -0.000000    0.000000    -0.000000    0.000000    -0.000000    -0.000000    
254.610756    0.000000    -0.000000    0.000000    -0.000000    0.000000    -0.000000    0.000000    -0.000000    0.000005    -0.002912    0.999996    

1.654572
0.831530    0.000000    0.000000    0.000007    0.001552    0.132032    0.991119    0.015742    0.000080    0.000000    0.000000    0.000000    
2.741201    0.000000    0.000000    0.000057    0.012801    0.991162    -0.132020    -0.002386    -0.000013    -0.000000    -0.000000    -0.000000    
16.574542    0.000000    0.000000    0.000000    0.000013    0.000287    -0.015920    0.999845    0.007518    0.000022    0.000000    0.000000    
22.100952    0.000000    0.000019    0.006768    0.999894    -0.012894    0.000152    -0.000007    -0.000000    -0.000000    -0.000000    -0.000000    
49.822692    0.000000    0.000000    0.000000    0.000000    -0.000000    0.000038    -0.007519    0.999960    0.004922    0.000010    0.000000    
59.034218    0.000009    0.004589    0.999967    -0.006769    0.000030    -0.000000    0.000000    -0.000000    -0.000000    -0.000000    -0.000000    
100.617922    0.000000    0.000000    0.000000    -0.000000    0.000000    -0.000000    0.000015    -0.004922    0.999981    0.003658    0.000006    
113.514169    0.003471    0.999983    -0.004589    0.000013    -0.000000    0.000000    -0.000000    0.000000    -0.000000    -0.000000    -0.000000    
168.959320    -0.000000    -0.000000    0.000000    -0.000000    0.000000    -0.000000    0.000000    -0.000008    0.003658    -0.999989    -0.002911    
185.540937    0.999994    -0.003471    0.000007    -0.000000    0.000000    -0.000000    0.000000    -0.000000    0.000000    -0.000000    -0.000000    
254.847352    0.000000    -0.000000    0.000000    -0.000000    0.000000    -0.000000    0.000000    -0.000000    0.000005    -0.002911    0.999996    

1.665044
0.848140    0.000000    0.000000    0.000007    0.001594    0.135080    0.990709    0.015691    0.000080    0.000000    0.000000    0.000000    
2.715493    0.000000    0.000000    0.000057    0.012825    0.990750    -0.135068    -0.002426    -0.000013    -0.000000    -0.000000    -0.000000    
16.635780    0.000000    0.000000    0.000000    0.000013    0.000284    -0.015875    0.999846    0.007508    0.000022    0.000000    0.000000    
22.030609    0.000000    0.000019    0.006777    0.999894    -0.012923    0.000153    -0.000007    -0.000000    -0.000000    -0.000000    -0.000000    
49.927801    0.000000    0.000000    0.000000    0.000000    -0.000000    0.000038    -0.007509    0.999960    0.004917    0.000010    0.000000    
58.920006    0.000009    0.004592    0.999966    -0.006777    0.000030    -0.000000    0.000000    -0.000000    -0.000000    -0.000000    -0.000000    
100.766898    0.000000    0.000000    0.000000    -0.000000    0.000000    -0.000000    0.000015    -0.004917    0.999981    0.003656    0.000006    
113.356091    0.003473    0.999983    -0.004592    0.000013    -0.000000    0.000000    -0.000000    0.000000    -0.000000    -0.000000    -0.000000    
169.152161    -0.000000    -0.000000    0.000000    -0.000000    0.000000    -0.000000    0.000000    -0.000008    0.003656    -0.999989    -0.002909    
185.338994    0.999994    -0.003473    0.000007    -0.000000    0.000000    -0.000000    0.000000    -0.000000    0.000000    -0.000000    -0.000000    
255.084058    0.000000    -0.000000    0.000000    -0.000000    0.000000    -0.000000    0.000000    -0.000000    0.000005    -0.002909    0.999996    

1.675516
0.864822    0.000000    0.000000    0.000007    0.001639    0.138268    0.990270    0.015640    0.000080    0.000000    0.000000    0.000000    
2.689932    0.000000    0.000000    0.000057    0.012849    0.990310    -0.138256    -0.002468    -0.000013    -0.000000    -0.000000    -0.000000    
16.697128    0.000000    0.000000    0.000000    0.000013    0.000282    -0.015831    0.999847    0.007499    0.000022    0.000000    0.000000    
21.960375    0.000000    0.000019    0.006785    0.999893    -0.012953    0.000154    -0.000007    -0.000000    -0.000000    -0.000000    -0.000000    
50.033021    0.000000    0.000000    0.000000    0.000000    -0.000000    0.000038    -0.007499    0.999960    0.004913    0.000010    0.000000    
58.805903    0.000009    0.004596    0.999966    -0.006785    0.000030    -0.000000    0.000000    -0.000000    -0.000000    -0.000000    -0.000000    
100.915983    0.000000    0.000000    0.000000    -0.000000    0.000000    -0.000000    0.000015    -0.004913    0.999981    0.003653    0.000006    
113.198123    0.003475    0.999983    -0.004596    0.000013    -0.000000    0.000000    -0.000000    0.000000    -0.000000    -0.000000    -0.000000    
169.345112    -0.000000    -0.000000    0.000000    -0.000000    0.000000    -0.000000    0.000000    -0.000008    0.003653    -0.999989    -0.002908    
185.137161    0.999994    -0.003475    0.000007    -0.000000    0.000000    -0.000000    0.000000    -0.000000    0.000000    -0.000000    -0.000000    
255.320873    0.000000    -0.000000    0.000000    -0.000000    0.000000    -0.000000    0.000000    -0.000000    0.000005    -0.002908    0.999996    

1.685988
0.881574    0.000000    0.000000    0.000007    0.001685    0.141605    0.989799    0.015589    0.000079    0.000000    0.000000    0.000000    
2.664520    0.000000    0.000000    0.000057    0.012873    0.989838    -0.141593    -0.002512    -0.000013    -0.000000    -0.000000    -0.000000    
16.758585    0.000000    0.000000    0.000000    0.000014    0.000279    -0.015788    0.999847    0.007489    0.000022    0.000000    0.000000    
21.890252    0.000000    0.000019    0.006793    0.999893    -0.012982    0.000155    -0.000008    -0.000000    -0.000000    -0.000000    -0.000000    
50.138350    0.000000    0.000000    0.000000    0.000000    -0.000000    0.000038    -0.007489    0.999960    0.004909    0.000010    0.000000    
58.691911    0.000009    0.004600    0.999966    -0.006793    0.000030    -0.000000    0.000000    -0.000000    -0.000000    -0.000000    -0.000000    
101.065178    0.000000    0.000000    0.000000    -0.000000    0.000000    -0.000000    0.000015    -0.004909    0.999981    0.003651    0.000006    
113.040265    0.003477    0.999983    -0.004600    0.000013    -0.000000    0.000000    -0.000000    0.000000    -0.000000    -0.000000    -0.000000    
169.538172    -0.000000    -0.000000    0.000000    -0.000000    0.000000    -0.000000    0.000000    -0.000008    0.003651    -0.999989    -0.002906    
184.935438    0.999994    -0.003477    0.000007    -0.000000    0.000000    -0.000000    0.000000    -0.000000    0.000000    -0.000000    -0.000000    
255.557798    0.000000    -0.000000    0.000000    -0.000000    0.000000    -0.000000    0.000000    -0.000000    0.000005    -0.002906    0.999996    

1.696460
0.898394    0.000000    0.000000    0.000008    0.001734    0.145102    0.989293    0.015537    0.000079    0.000000    0.000000    0.000000    
2.639260    0.000000    0.000000    0.000058    0.012896    0.989331    -0.145090    -0.002558    -0.000013    -0.000000    -0.000000    -0.000000    
16.820152    0.000000    0.000000    0.000000    0.000014    0.000277    -0.015744    0.999848    0.007479    0.000022    0.000000    0.000000    
21.820238    0.000000    0.000019    0.006801    0.999892    -0.013012    0.000156    -0.000008    -0.000000    -0.000000    -0.000000    -0.000000    
50.243789    0.000000    0.000000    0.000000    0.000000    -0.000000    0.000038    -0.007479    0.999960    0.004905    0.000010    0.000000    
58.578027    0.000009    0.004604    0.999966    -0.006801    0.000030    -0.000000    0.000000    -0.000000    -0.000000    -0.000000    -0.000000    
101.214483    0.000000    0.000000    0.000000    -0.000000    0.000000    -0.000000    0.000015    -0.004905    0.999981    0.003649    0.000006    
112.882516    0.003479    0.999983    -0.004604    0.000013    -0.000000    0.000000    -0.000000    0.000000    -0.000000    -0.000000    -0.000000    
169.731342    -0.000000    -0.000000    0.000000    -0.000000    0.000000    -0.000000    0.000000    -0.000008    0.003649    -0.999989    -0.002905    
184.733825    0.999994    -0.003479    0.000007    -0.000000    0.000000    -0.000000    0.000000    -0.000000    0.000000    -0.000000    -0.000000    
255.794833    0.000000    -0.000000    0.000000    -0.000000    0.000000    -0.000000    0.000000    -0.000000    0.000005    -0.002905    0.999996    

1.706932
0.915277    0.000000    0.000000    0.000008    0.001785    0.148771    0.988749    0.015485    0.000078    0.000000    0.000000    0.000000    
2.614155    0.000000    0.000000    0.000058    0.012920    0.988786    -0.148759    -0.002607    -0.000014    -0.000000    -0.000000    -0.000000    
16.881828    0.000000    0.000000    0.000000    0.000014    0.000274    -0.015700    0.999849    0.007469    0.000022    0.000000    0.000000    
21.750333    0.000000    0.000019    0.006809    0.999892    -0.013041    0.000157    -0.000008    -0.000000    -0.000000    -0.000000    -0.000000    
50.349338    0.000000    0.000000    0.000000    0.000000    -0.000000    0.000038    -0.007469    0.999960    0.004900    0.000010    0.000000    
58.464254    0.000009    0.004607    0.999966    -0.006809    0.000030    -0.000000    0.000000    -0.000000    -0.000000    -0.000000    -0.000000    
101.363897    0.000000    0.000000    0.000000    -0.000000    0.000000    -0.000000    0.000015    -0.004900    0.999981    0.003646    0.000006    
112.724877    0.003482    0.999983    -0.004607    0.000013    -0.000000    0.000000    -0.000000    0.000000    -0.000000    -0.000000    -0.000000    
169.924622    -0.000000    -0.000000    0.000000    -0.000000    0.000000    -0.000000    0.000000    -0.000008    0.003646    -0.999989    -0.002903    
184.532321    0.999994    -0.003482    0.000007    -0.000000    0.000000    -0.000000    0.000000    -0.000000    0.000000    -0.000000    -0.000000    
256.031977    0.000000    -0.000000    0.000000    -0.000000    0.000000    -0.000000    0.000000    -0.000000    0.000005    -0.002903    0.999996    

1.717404
0.932221    0.000000    0.000000    0.000008    0.001839    0.152622    0.988162    0.015432    0.000078    0.000000    0.000000    0.000000    
2.589209    0.000000    0.000000    0.000058    0.012942    0.988198    -0.152610    -0.002659    -0.000014    -0.000000    -0.000000    -0.000000    
16.943615    0.000000    0.000000    0.000000    0.000014    0.000272    -0.015657    0.999850    0.007459    0.000022    0.000000    0.000000    
21.680539    0.000000    0.000019    0.006817    0.999891    -0.013071    0.000158    -0.000008    -0.000000    -0.000000    -0.000000    -0.000000    
50.454996    0.000000    0.000000    0.000000    0.000000    -0.000000    0.000038    -0.007460    0.999960    0.004896    0.000010    0.000000    
58.350590    0.000009    0.004611    0.999966    -0.006817    0.000031    -0.000000    0.000000    -0.000000    -0.000000    -0.000000    -0.000000    
101.513421    0.000000    0.000000    0.000000    -0.000000    0.000000    -0.000000    0.000014    -0.004896    0.999981    0.003644    0.000006    
112.567347    0.003484    0.999983    -0.004611    0.000013    -0.000000    0.000000    -0.000000    0.000000    -0.000000    -0.000000    -0.000000    
170.118011    -0.000000    -0.000000    0.000000    -0.000000    0.000000    -0.000000    0.000000    -0.000008    0.003644    -0.999989    -0.002902    
184.330926    0.999994    -0.003484    0.000007    -0.000000    0.000000    -0.000000    0.000000    -0.000000    0.000000    -0.000000    -0.000000    
256.269231    0.000000    -0.000000    0.000000    -0.000000    0.000000    -0.000000    0.000000    -0.000000    0.000005    -0.002902    0.999996    

1.727876
0.949222    0.000000    0.000000    0.000008    0.001896    0.156671    0.987529    0.015379    0.000078    0.000000    0.000000    0.000000    
2.564425    0.000000    0.000000    0.000058    0.012964    0.987564    -0.156659    -0.002713    -0.000014    -0.000000    -0.000000    -0.000000    
17.005511    0.000000    0.000000    0.000000    0.000015    0.000269    -0.015614    0.999850    0.007450    0.000022    0.000000    0.000000    
21.610854    0.000000    0.000019    0.006825    0.999891    -0.013101    0.000159    -0.000009    -0.000000    -0.000000    -0.000000    -0.000000    
50.560764    0.000000    0.000000    0.000000    0.000000    -0.000000    0.000038    -0.007450    0.999960    0.004892    0.000010    0.000000    
58.237036    0.000009    0.004615    0.999966    -0.006825    0.000031    -0.000000    0.000000    -0.000000    -0.000000    -0.000000    -0.000000    
101.663055    0.000000    0.000000    0.000000    -0.000000    0.000000    -0.000000    0.000014    -0.004892    0.999981    0.003642    0.000006    
112.409927    0.003486    0.999983    -0.004615    0.000013    -0.000000    0.000000    -0.000000    0.000000    -0.000000    -0.000000    -0.000000    
170.311510    -0.000000    -0.000000    0.000000    -0.000000    0.000000    -0.000000    0.000000    -0.000008    0.003642    -0.999989    -0.002900    
184.129642    0.999994    -0.003486    0.000007    -0.000000    0.000000    -0.000000    0.000000    -0.000000    0.000000    -0.000000    -0.000000    
256.506594    0.000000    -0.000000    0.000000    -0.000000    0.000000    -0.000000    0.000000    -0.000000    0.000005    -0.002900    0.999996    

1.738348
0.966275    0.000000    0.000000    0.000009    0.001956    0.160931    0.986845    0.015326    0.000077    0.000000    0.000000    0.000000    
2.539809    0.000000    0.000000    0.000058    0.012986    0.986878    -0.160920    -0.002770    -0.000014    -0.000000    -0.000000    -0.000000    
17.067517    0.000000    0.000000    0.000000    0.000015    0.000267    -0.015572    0.999851    0.007440    0.000022    0.000000    0.000000    
21.541279    0.000000    0.000019    0.006833    0.999890    -0.013132    0.000160    -0.000009    -0.000000    -0.000000    -0.000000    -0.000000    
50.666641    0.000000    0.000000    0.000000    0.000000    -0.000000    0.000037    -0.007440    0.999960    0.004888    0.000010    0.000000    
58.123591    0.000009    0.004619    0.999966    -0.006834    0.000031    -0.000000    0.000000    -0.000000    -0.000000    -0.000000    -0.000000    
101.812799    0.000000    0.000000    0.000000    -0.000000    0.000000    -0.000000    0.000014    -0.004888    0.999981    0.003639    0.000006    
112.252617    0.003488    0.999983    -0.004619    0.000013    -0.000000    0.000000    -0.000000    0.000000    -0.000000    -0.000000    -0.000000    
170.505118    -0.000000    -0.000000    0.000000    -0.000000    0.000000    -0.000000    0.000000    -0.000008    0.003639    -0.999989    -0.002899    
183.928467    0.999994    -0.003488    0.000007    -0.000000    0.000000    -0.000000    0.000000    -0.000000    0.000000    -0.000000    -0.000000    
256.744068    0.000000    -0.000000    0.000000    -0.000000    0.000000    -0.000000    0.000000    -0.000000    0.000005    -0.002899    0.999996    

1.748820
0.983376    0.000000    0.000000    0.000009    0.002019    0.165420    0.986103    0.015271    0.000077    0.000000    0.000000    0.000000    
2.515364    0.000000    0.000000    0.000059    0.013007    0.986135    -0.165408    -0.002830    -0.000015    -0.000000    -0.000000    -0.000000    
17.129632    0.000000    0.000000    0.000000    0.000015    0.000265    -0.015529    0.999852    0.007430    0.000022    0.000000    0.000000    
21.471813    0.000000    0.000019    0.006842    0.999890    -0.013162    0.000161    -0.000009    -0.000000    -0.000000    -0.000000    -0.000000    
50.772628    0.000000    0.000000    0.000000    0.000000    -0.000000    0.000037    -0.007431    0.999960    0.004884    0.000010    0.000000    
58.010257    0.000009    0.004622    0.999966    -0.006842    0.000031    -0.000000    0.000000    -0.000000    -0.000000    -0.000000    -0.000000    
101.962652    0.000000    0.000000    0.000000    -0.000000    0.000000    -0.000000    0.000014    -0.004884    0.999981    0.003637    0.000006    
112.095417    0.003490    0.999983    -0.004622    0.000013    -0.000000    0.000000    -0.000000    0.000000    -0.000000    -0.000000    -0.000000    
170.698836    -0.000000    -0.000000    0.000000    -0.000000    0.000000    -0.000000    0.000000    -0.000008    0.003637    -0.999989    -0.002897    
183.727402    0.999994    -0.003490    0.000007    -0.000000    0.000000    -0.000000    0.000000    -0.000000    0.000000    -0.000000    -0.000000    
256.981651    0.000000    -0.000000    0.000000    -0.000000    0.000000    -0.000000    0.000000    -0.000000    0.000005    -0.002897    0.999996    

1.759292
1.000520    0.000000    0.000000    0.000009    0.002085    0.170155    0.985298    0.015216    0.000076    0.000000    0.000000    0.000000    
2.491095    0.000000    0.000000    0.000059    0.013027    0.985329    -0.170143    -0.002894    -0.000015    -0.000000    -0.000000    -0.000000    
17.191857    0.000000    0.000000    0.000000    0.000016    0.000262    -0.015487    0.999852    0.007420    0.000022    0.000000    0.000000    
21.402457    0.000000    0.000019    0.006850    0.999890    -0.013192    0.000162    -0.000010    -0.000000    -0.000000    -0.000000    -0.000000    
50.878725    0.000000    0.000000    0.000000    0.000000    -0.000000    0.000037    -0.007421    0.999961    0.004879    0.000010    0.000000    
57.897031    0.000009    0.004626    0.999966    -0.006850    0.000031    -0.000000    0.000000    -0.000000    -0.000000    -0.000000    -0.000000    
102.112614    0.000000    0.000000    0.000000    -0.000000    0.000000    -0.000000    0.000014    -0.004880    0.999981    0.003635    0.000006    
111.938326    0.003492    0.999983    -0.004626    0.000013    -0.000000    0.000000    -0.000000    0.000000    -0.000000    -0.000000    -0.000000    
170.892664    -0.000000    -0.000000    0.000000    -0.000000    0.000000    -0.000000    0.000000    -0.000008    0.003635    -0.999989    -0.002896    
183.526446    0.999994    -0.003492    0.000007    -0.000000    0.000000    -0.000000    0.000000    -0.000000    0.000000    -0.000000    -0.000000    
257.219343    0.000000    -0.000000    0.000000    -0.000000    0.000000    -0.000000    0.000000    -0.000000    0.000005    -0.002896    0.999996    

1.769764
1.017700    0.000000    0.000000    0.000009    0.002156    0.175156    0.984422    0.015161    0.000076    0.000000    0.000000    0.000000    
2.467008    0.000000    0.000000    0.000059    0.013047    0.984452    -0.175144    -0.002962    -0.000015    -0.000000    -0.000000    -0.000000    
17.254192    0.000000    0.000000    0.000000    0.000016    0.000260    -0.015445    0.999853    0.007411    0.000022    0.000000    0.000000    
21.333211    0.000000    0.000019    0.006858    0.999889    -0.013223    0.000163    -0.000010    -0.000000    -0.000000    -0.000000    -0.000000    
50.984932    0.000000    0.000000    0.000000    0.000000    -0.000000    0.000037    -0.007411    0.999961    0.004875    0.000010    0.000000    
57.783916    0.000009    0.004630    0.999966    -0.006858    0.000031    -0.000000    0.000000    -0.000000    -0.000000    -0.000000    -0.000000    
102.262687    0.000000    0.000000    0.000000    -0.000000    0.000000    -0.000000    0.000014    -0.004875    0.999982    0.003632    0.000006    
111.781345    0.003494    0.999983    -0.004630    0.000013    -0.000000    0.000000    -0.000000    0.000000    -0.000000    -0.000000    -0.000000    
171.086602    -0.000000    -0.000000    0.000000    -0.000000    0.000000    -0.000000    0.000000    -0.000008    0.003632    -0.999989    -0.002894    
183.325600    0.999994    -0.003494    0.000007    -0.000000    0.000000    -0.000000    0.000000    -0.000000    0.000000    -0.000000    -0.000000    
257.457146    0.000000    -0.000000    0.000000    -0.000000    0.000000    -0.000000    0.000000    -0.000000    0.000005    -0.002895    0.999996    

1.780236
1.034911    0.000000    0.000000    0.000010    0.002230    0.180444    0.983467    0.015104    0.000075    0.000000    0.000000    0.000000    
2.443111    0.000000    0.000000    0.000059    0.013066    0.983496    -0.180432    -0.003033    -0.000016    -0.000000    -0.000000    -0.000000    
17.316637    0.000000    0.000000    0.000000    0.000016    0.000258    -0.015403    0.999854    0.007401    0.000022    0.000000    0.000000    
21.264075    0.000000    0.000019    0.006866    0.999889    -0.013254    0.000164    -0.000010    -0.000000    -0.000000    -0.000000    -0.000000    
51.091248    0.000000    0.000000    0.000000    0.000000    -0.000000    0.000037    -0.007402    0.999961    0.004871    0.000010    0.000000    
57.670910    0.000009    0.004634    0.999966    -0.006867    0.000031    -0.000000    0.000000    -0.000000    -0.000000    -0.000000    -0.000000    
102.412869    0.000000    0.000000    0.000000    -0.000000    0.000000    -0.000000    0.000014    -0.004871    0.999982    0.003630    0.000006    
111.624473    0.003496    0.999983    -0.004634    0.000013    -0.000000    0.000000    -0.000000    0.000000    -0.000000    -0.000000    -0.000000    
171.280649    -0.000000    -0.000000    0.000000    -0.000000    0.000000    -0.000000    0.000000    -0.000008    0.003630    -0.999989    -0.002893    
183.124864    0.999994    -0.003496    0.000007    -0.000000    0.000000    -0.000000    0.000000    -0.000000    0.000000    -0.000000    -0.000000    
257.695058    0.000000    -0.000000    0.000000    -0.000000    0.000000    -0.000000    0.000000    -0.000000    0.000005    -0.002893    0.999996    

1.790708
1.052145    0.000000    0.000000    0.000010    0.002309    0.186044    0.982424    0.015046    0.000075    0.000000    0.000000    0.000000    
2.419409    0.000000    0.000000    0.000059    0.013083    0.982452    -0.186032    -0.003110    -0.000016    -0.000000    -0.000000    -0.000000    
17.379191    0.000000    0.000000    0.000000    0.000017    0.000256    -0.015362    0.999855    0.007392    0.000022    0.000000    0.000000    
21.195048    0.000000    0.000019    0.006875    0.999888    -0.013285    0.000165    -0.000011    -0.000000    -0.000000    -0.000000    -0.000000    
51.197674    0.000000    0.000000    0.000000    0.000000    -0.000000    0.000037    -0.007392    0.999961    0.004867    0.000010    0.000000    
57.558014    0.000009    0.004637    0.999966    -0.006875    0.000031    -0.000000    0.000000    -0.000000    -0.000000    -0.000000    -0.000000    
102.563160    0.000000    0.000000    0.000000    -0.000000    0.000000    -0.000000    0.000014    -0.004867    0.999982    0.003628    0.000006    
111.467712    0.003499    0.999983    -0.004637    0.000013    -0.000000    0.000000    -0.000000    0.000000    -0.000000    -0.000000    -0.000000    
171.474806    -0.000000    -0.000000    0.000000    -0.000000    0.000000    -0.000000    0.000000    -0.000008    0.003628    -0.999989    -0.002892    
182.924237    0.999994    -0.003499    0.000007    -0.000000    0.000000    -0.000000    0.000000    -0.000000    0.000000    -0.000000    -0.000000    
257.933079    0.000000    -0.000000    0.000000    -0.000000    0.000000    -0.000000    0.000000    -0.000000    0.000005    -0.002892    0.999996    

1.801180
1.069395    0.000000    0.000000    0.000011    0.002393    0.191982    0.981281    0.014987    0.000075    0.000000    0.000000    0.000000    
2.395911    0.000000    0.000000    0.000059    0.013100    0.981308    -0.191970    -0.003190    -0.000016    -0.000000    -0.000000    -0.000000    
17.441855    0.000000    0.000000    0.000000    0.000017    0.000254    -0.015321    0.999855    0.007382    0.000022    0.000000    0.000000    
21.126131    0.000000    0.000019    0.006883    0.999888    -0.013316    0.000167    -0.000011    -0.000000    -0.000000    -0.000000    -0.000000    
51.304209    0.000000    0.000000    0.000000    0.000000    -0.000000    0.000037    -0.007382    0.999961    0.004863    0.000010    0.000000    
57.445227    0.000009    0.004641    0.999966    -0.006883    0.000031    -0.000000    0.000000    -0.000000    -0.000000    -0.000000    -0.000000    
102.713562    0.000000    0.000000    0.000000    -0.000000    0.000000    -0.000000    0.000014    -0.004863    0.999982    0.003625    0.000006    
111.311059    0.003501    0.999983    -0.004641    0.000013    -0.000000    0.000000    -0.000000    0.000000    -0.000000    -0.000000    -0.000000    
171.669072    -0.000000    -0.000000    0.000000    -0.000000    0.000000    -0.000000    0.000000    -0.000008    0.003625    -0.999989    -0.002890    
182.723720    0.999994    -0.003501    0.000007    -0.000000    0.000000    -0.000000    0.000000    -0.000000    0.000000    -0.000000    -0.000000    
258.171210    0.000000    -0.000000    0.000000    -0.000000    0.000000    -0.000000    0.000000    -0.000000    0.000005    -0.002890    0.999996    

1.811652
1.086651    0.000000    0.000000    0.000011    0.002483    0.198288    0.980027    0.014926    0.000074    0.000000    0.000000    0.000000    
2.372626    0.000000    0.000000    0.000060    0.013115    0.980053    -0.198276    -0.003276    -0.000017    -0.000000    -0.000000    -0.000000    
17.504629    0.000000    0.000000    0.000000    0.000018    0.000251    -0.015279    0.999856    0.007373    0.000022    0.000000    0.000000    
21.057324    0.000000    0.000019    0.006891    0.999887    -0.013347    0.000168    -0.000012    -0.000000    -0.000000    -0.000000    -0.000000    
51.410855    0.000000    0.000000    0.000000    0.000000    -0.000000    0.000037    -0.007373    0.999961    0.004859    0.000010    0.000000    
57.332550    0.000009    0.004645    0.999965    -0.006891    0.000031    -0.000000    0.000000    -0.000000    -0.000000    -0.000000    -0.000000    
102.864073    0.000000    0.000000    0.000000    -0.000000    0.000000    -0.000000    0.000014    -0.004859    0.999982    0.003623    0.000006    
111.154517    0.003503    0.999983    -0.004645    0.000013    -0.000000    0.000000    -0.000000    0.000000    -0.000000    -0.000000    -0.000000    
171.863448    -0.000000    -0.000000    0.000000    -0.000000    0.000000    -0.000000    0.000000    -0.000008    0.003623    -0.999989    -0.002889    
182.523313    0.999994    -0.003503    0.000007    -0.000000    0.000000    -0.000000    0.000000    -0.000000    0.000000    -0.000000    -0.000000    
258.409451    0.000000    -0.000000    0.000000    -0.000000    0.000000    -0.000000    0.000000    -0.000000    0.000005    -0.002889    0.999996    

1.822124
1.103904    0.000000    0.000000    0.000011    0.002578    0.204994    0.978647    0.014864    0.000074    0.000000    0.000000    0.000000    
2.349564    0.000000    0.000000    0.000060    0.013129    0.978672    -0.204982    -0.003368    -0.000017    -0.000000    -0.000000    -0.000000    
17.567512    0.000000    0.000000    0.000000    0.000018    0.000249    -0.015239    0.999857    0.007363    0.000022    0.000000    0.000000    
20.988626    0.000000    0.000019    0.006900    0.999887    -0.013378    0.000169    -0.000012    -0.000000    -0.000000    -0.000000    -0.000000    
51.517610    0.000000    0.000000    0.000000    0.000000    -0.000000    0.000037    -0.007363    0.999961    0.004855    0.000010    0.000000    
57.219983    0.000009    0.004649    0.999965    -0.006900    0.000031    -0.000000    0.000000    -0.000000    -0.000000    -0.000000    -0.000000    
103.014693    0.000000    0.000000    0.000000    -0.000000    0.000000    -0.000000    0.000014    -0.004855    0.999982    0.003621    0.000006    
110.998084    0.003505    0.999983    -0.004649    0.000013    -0.000000    0.000000    -0.000000    0.000000    -0.000000    -0.000000    -0.000000    
172.057934    -0.000000    -0.000000    0.000000    -0.000000    0.000000    -0.000000    0.000000    -0.000008    0.003621    -0.999989    -0.002887    
182.323016    0.999994    -0.003505    0.000007    -0.000000    0.000000    -0.000000    0.000000    -0.000000    0.000000    -0.000000    -0.000000    
258.647802    0.000000    -0.000000    0.000000    -0.000000    0.000000    -0.000000    0.000000    -0.000000    0.000005    -0.002887    0.999996    

1.832596
1.121141    0.000000    0.000000    0.000012    0.002679    0.212137    0.977124    0.014799    0.000073    0.000000    0.000000    0.000000    
2.326736    0.000000    0.000000    0.000060    0.013140    0.977148    -0.212125    -0.003466    -0.000018    -0.000000    -0.000000    -0.000000    
17.630506    0.000000    0.000000    0.000000    0.000019    0.000247    -0.015198    0.999857    0.007353    0.000021    0.000000    0.000000    
20.920038    0.000000    0.000019    0.006908    0.999886    -0.013410    0.000170    -0.000013    -0.000000    -0.000000    -0.000000    -0.000000    
51.624474    0.000000    0.000000    0.000000    0.000000    -0.000000    0.000036    -0.007354    0.999961    0.004850    0.000010    0.000000    
57.107526    0.000009    0.004652    0.999965    -0.006908    0.000031    -0.000000    0.000000    -0.000000    -0.000000    -0.000000    -0.000000    
103.165424    0.000000    0.000000    0.000000    -0.000000    0.000000    -0.000000    0.000014    -0.004850    0.999982    0.003619    0.000006    
110.841761    0.003507    0.999983    -0.004652    0.000013    -0.000000    0.000000    -0.000000    0.000000    -0.000000    -0.000000    -0.000000    
172.252530    -0.000000    -0.000000    0.000000    -0.000000    0.000000    -0.000000    0.000000    -0.000007    0.003619    -0.999989    -0.002886    
182.122828    0.999994    -0.003507    0.000007    -0.000000    0.000000    -0.000000    0.000000    -0.000000    0.000000    -0.000000    -0.000000    
258.886262    0.000000    -0.000000    0.000000    -0.000000    0.000000    -0.000000    0.000000    -0.000000    0.000005    -0.002886    0.999996    

1.843068
1.138351    0.000000    0.000000    0.000012    0.002787    0.219756    0.975440    0.014733    0.000073    0.000000    0.000000    0.000000    
2.304155    0.000000    0.000000    0.000060    0.013150    0.975462    -0.219745    -0.003570    -0.000018    -0.000000    -0.000000    -0.000000    
17.693608    0.000000    0.000000    0.000000    0.000019    0.000245    -0.015158    0.999858    0.007344    0.000021    0.000000    0.000000    
20.851560    0.000000    0.000019    0.006916    0.999886    -0.013441    0.000171    -0.000014    -0.000000    -0.000000    -0.000000    -0.000000    
51.731448    0.000000    0.000000    0.000000    0.000000    -0.000000    0.000036    -0.007344    0.999961    0.004846    0.000010    0.000000    
56.995178    0.000009    0.004656    0.999965    -0.006917    0.000032    -0.000000    0.000000    -0.000000    -0.000000    -0.000000    -0.000000    
103.316264    0.000000    0.000000    0.000000    -0.000000    0.000000    -0.000000    0.000014    -0.004846    0.999982    0.003616    0.000006    
110.685547    0.003509    0.999983    -0.004656    0.000013    -0.000000    0.000000    -0.000000    0.000000    -0.000000    -0.000000    -0.000000    
172.447235    -0.000000    -0.000000    0.000000    -0.000000    0.000000    -0.000000    0.000000    -0.000007    0.003616    -0.999989    -0.002884    
181.922749    0.999994    -0.003509    0.000007    -0.000000    0.000000    -0.000000    0.000000    -0.000000    0.000000    -0.000000    -0.000000    
259.124832    0.000000    -0.000000    0.000000    -0.000000    0.000000    -0.000000    0.000000    -0.000000    0.000005    -0.002884    0.999996    

1.853540
1.155518    0.000000    0.000000    0.000013    0.002903    0.227897    0.973571    0.014664    0.000072    0.000000    0.000000    0.000000    
2.281836    0.000000    0.000000    0.000060    0.013158    0.973592    -0.227886    -0.003682    -0.000019    -0.000000    -0.000000    -0.000000    
17.756821    0.000000    0.000000    0.000000    0.000020    0.000243    -0.015117    0.999859    0.007335    0.000021    0.000000    0.000000    
20.783191    0.000000    0.000019    0.006925    0.999885    -0.013473    0.000172    -0.000014    -0.000000    -0.000000    -0.000000    -0.000000    
51.838532    0.000000    0.000000    0.000000    0.000000    -0.000000    0.000036    -0.007335    0.999961    0.004842    0.000010    0.000000    
56.882940    0.000009    0.004660    0.999965    -0.006925    0.000032    -0.000000    0.000000    -0.000000    -0.000000    -0.000000    -0.000000    
103.467213    0.000000    0.000000    0.000000    -0.000000    0.000000    -0.000000    0.000014    -0.004842    0.999982    0.003614    0.000006    
110.529444    0.003512    0.999983    -0.004660    0.000013    -0.000000    0.000000    -0.000000    0.000000    -0.000000    -0.000000    -0.000000    
172.642050    -0.000000    -0.000000    0.000000    -0.000000    0.000000    -0.000000    0.000000    -0.000007    0.003614    -0.999989    -0.002883    
181.722781    0.999994    -0.003512    0.000007    -0.000000    0.000000    -0.000000    0.000000    -0.000000    0.000000    -0.000000    -0.000000    
259.363512    0.000000    -0.000000    0.000000    -0.000000    0.000000    -0.000000    0.000000    -0.000000    0.000005    -0.002883    0.999996    

1.864012
1.172627    0.000000    0.000000    0.000014    0.003027    0.236609    0.971491    0.014592    0.000072    0.000000    0.000000    0.000000    
2.259795    0.000000    0.000000    0.000060    0.013162    0.971511    -0.236598    -0.003802    -0.000019    -0.000000    -0.000000    -0.000000    
17.820143    0.000000    0.000000    0.000000    0.000021    0.000241    -0.015077    0.999859    0.007325    0.000021    0.000000    0.000000    
20.714932    0.000000    0.000019    0.006933    0.999885    -0.013505    0.000174    -0.000015    -0.000000    -0.000000    -0.000000    -0.000000    
51.945726    0.000000    0.000000    0.000000    0.000000    -0.000000    0.000036    -0.007325    0.999961    0.004838    0.000010    0.000000    
56.770811    0.000009    0.004664    0.999965    -0.006933    0.000032    -0.000000    0.000000    -0.000000    -0.000000    -0.000000    -0.000000    
103.618273    0.000000    0.000000    0.000000    -0.000000    0.000000    -0.000000    0.000014    -0.004838    0.999982    0.003612    0.000006    
110.373449    0.003514    0.999983    -0.004664    0.000013    -0.000000    0.000000    -0.000000    0.000000    -0.000000    -0.000000    -0.000000    
172.836974    -0.000000    -0.000000    0.000000    -0.000000    0.000000    -0.000000    0.000000    -0.000007    0.003612    -0.999989    -0.002881    
181.522922    0.999994    -0.003514    0.000007    -0.000000    0.000000    -0.000000    0.000000    -0.000000    0.000000    -0.000000    -0.000000    
259.602301    0.000000    -0.000000    0.000000    -0.000000    0.000000    -0.000000    0.000000    -0.000000    0.000005    -0.002881    0.999996    

1.874484
1.189657    0.000000    0.000000    0.000014    0.003161    0.245948    0.969169    0.014517    0.000071    0.000000    0.000000    0.000000    
2.238051    0.000000    0.000000    0.000060    0.013164    0.969189    -0.245937    -0.003931    -0.000020    -0.000000    -0.000000    -0.000000    
17.883575    0.000000    0.000000    0.000000    0.000022    0.000239    -0.015038    0.999860    0.007316    0.000021    0.000000    0.000000    
20.646783    0.000000    0.000019    0.006942    0.999884    -0.013537    0.000175    -0.000016    -0.000000    -0.000000    -0.000000    -0.000000    
52.053029    0.000000    0.000000    0.000000    0.000000    -0.000000    0.000036    -0.007316    0.999962    0.004834    0.000010    0.000000    
56.658792    0.000009    0.004668    0.999965    -0.006942    0.000032    -0.000000    0.000000    -0.000000    -0.000000    -0.000000    -0.000000    
103.769442    0.000000    0.000000    0.000000    -0.000000    0.000000    -0.000000    0.000014    -0.004834    0.999982    0.003609    0.000006    
110.217565    0.003516    0.999983    -0.004668    0.000013    -0.000000    0.000000    -0.000000    0.000000    -0.000000    -0.000000    -0.000000    
173.032008    -0.000000    -0.000000    0.000000    -0.000000    0.000000    -0.000000    0.000000    -0.000007    0.003609    -0.999989    -0.002880    
181.323173    0.999994    -0.003516    0.000007    -0.000000    0.000000    -0.000000    0.000000    -0.000000    0.000000    -0.000000    -0.000000    
259.841200    0.000000    -0.000000    0.000000    -0.000000    0.000000    -0.000000    0.000000    -0.000000    0.000005    -0.002880    0.999996    

1.884956
1.206588    0.000000    0.000000    0.000015    0.003304    0.255974    0.966570    0.014437    0.000071    0.000000    0.000000    0.000000    
2.216625    0.000000    0.000000    0.000061    0.013162    0.966588    -0.255963    -0.004069    -0.000020    -0.000000    -0.000000    -0.000000    
17.947117    0.000000    0.000000    0.000000    0.000023    0.000237    -0.014998    0.999861    0.007306    0.000021    0.000000    0.000000    
20.578744    0.000000    0.000019    0.006950    0.999884    -0.013569    0.000176    -0.000017    -0.000000    -0.000000    -0.000000    -0.000000    
52.160442    0.000000    0.000000    0.000000    0.000000    -0.000000    0.000036    -0.007307    0.999962    0.004830    0.000010    0.000000    
56.546883    0.000009    0.004672    0.999965    -0.006950    0.000032    -0.000000    0.000000    -0.000000    -0.000000    -0.000000    -0.000000    
103.920720    0.000000    0.000000    0.000000    -0.000000    0.000000    -0.000000    0.000014    -0.004830    0.999982    0.003607    0.000006    
110.061790    0.003518    0.999983    -0.004672    0.000013    -0.000000    0.000000    -0.000000    0.000000    -0.000000    -0.000000    -0.000000    
173.227152    -0.000000    -0.000000    0.000000    -0.000000    0.000000    -0.000000    0.000000    -0.000007    0.003607    -0.999989    -0.002878    
181.123533    0.999994    -0.003518    0.000007    -0.000000    0.000000    -0.000000    0.000000    -0.000000    0.000000    -0.000000    -0.000000    
260.080208    0.000000    -0.000000    0.000000    -0.000000    0.000000    -0.000000    0.000000    -0.000000    0.000005    -0.002878    0.999996    

1.895428
1.223395    0.000000    0.000000    0.000016    0.003458    0.266756    0.963651    0.014354    0.000070    0.000000    0.000000    0.000000    
2.195544    0.000000    0.000000    0.000061    0.013156    0.963668    -0.266745    -0.004217    -0.000021    -0.000000    -0.000000    -0.000000    
18.010769    0.000000    0.000000    0.000000    0.000024    0.000235    -0.014959    0.999861    0.007297    0.000021    0.000000    0.000000    
20.510814    0.000000    0.000019    0.006959    0.999883    -0.013602    0.000177    -0.000018    -0.000000    -0.000000    -0.000000    -0.000000    
52.267964    0.000000    0.000000    0.000000    0.000000    -0.000000    0.000036    -0.007297    0.999962    0.004826    0.000010    0.000000    
56.435084    0.000009    0.004675    0.999965    -0.006959    0.000032    -0.000000    0.000000    -0.000000    -0.000000    -0.000000    -0.000000    
104.072109    0.000000    0.000000    0.000000    -0.000000    0.000000    -0.000000    0.000014    -0.004826    0.999982    0.003605    0.000006    
109.906125    0.003520    0.999983    -0.004675    0.000013    -0.000000    0.000000    -0.000000    0.000000    -0.000000    -0.000000    -0.000000    
173.422406    -0.000000    -0.000000    0.000000    -0.000000    0.000000    -0.000000    0.000000    -0.000007    0.003605    -0.999989    -0.002877    
180.924003    0.999994    -0.003520    0.000007    -0.000000    0.000000    -0.000000    0.000000    -0.000000    0.000000    -0.000000    -0.000000    
260.319326    0.000000    -0.000000    0.000000    -0.000000    0.000000    -0.000000    0.000000    -0.000000    0.000005    -0.002877    0.999996    

1.905900
1.240049    0.000000    0.000000    0.000016    0.003625    0.278369    0.960362    0.014264    0.000070    0.000000    0.000000    0.000000    
2.174834    0.000000    0.000000    0.000061    0.013145    0.960378    -0.278358    -0.004378    -0.000022    -0.000000    -0.000000    -0.000000    
18.074530    0.000000    0.000000    0.000000    0.000025    0.000233    -0.014919    0.999862    0.007288    0.000021    0.000000    0.000000    
20.442994    0.000000    0.000020    0.006967    0.999883    -0.013634    0.000178    -0.000019    -0.000000    -0.000000    -0.000000    -0.000000    
52.375597    0.000000    0.000000    0.000000    0.000000    -0.000000    0.000036    -0.007288    0.999962    0.004822    0.000010    0.000000    
56.323394    0.000009    0.004679    0.999965    -0.006967    0.000032    -0.000000    0.000000    -0.000000    -0.000000    -0.000000    -0.000000    
104.223607    0.000000    0.000000    0.000000    -0.000000    0.000000    -0.000000    0.000014    -0.004822    0.999982    0.003603    0.000006    
109.750569    0.003522    0.999983    -0.004679    0.000013    -0.000000    0.000000    -0.000000    0.000000    -0.000000    -0.000000    -0.000000    
173.617769    -0.000000    -0.000000    0.000000    -0.000000    0.000000    -0.000000    0.000000    -0.000007    0.003603    -0.999989    -0.002876    
180.724583    0.999994    -0.003522    0.000007    -0.000000    0.000000    -0.000000    0.000000    -0.000000    0.000000    -0.000000    -0.000000    
260.558554    0.000000    -0.000000    0.000000    -0.000000    0.000000    -0.000000    0.000000    -0.000000    0.000005    -0.002876    0.999996    

1.916372
1.256517    0.000000    0.000000    0.000017    0.003804    0.290894    0.956643    0.014169    0.000069    0.000000    0.000000    0.000000    
2.154528    0.000000    0.000000    0.000061    0.013128    0.956658    -0.290884    -0.004551    -0.000023    -0.000000    -0.000000    -0.000000    
18.138401    0.000000    0.000000    0.000000    0.000026    0.000231    -0.014880    0.999863    0.007278    0.000021    0.000000    0.000000    
20.375283    0.000000    0.000020    0.006976    0.999882    -0.013667    0.000180    -0.000020    -0.000000    -0.000000    -0.000000    -0.000000    
52.483338    0.000000    0.000000    0.000000    0.000000    -0.000000    0.000036    -0.007279    0.999962    0.004818    0.000010    0.000000    
56.211814    0.000009    0.004683    0.999965    -0.006976    0.000032    -0.000000    0.000000    -0.000000    -0.000000    -0.000000    -0.000000    
104.375214    0.000000    0.000000    0.000000    -0.000000    0.000000    -0.000000    0.000014    -0.004818    0.999982    0.003600    0.000006    
109.595124    0.003525    0.999983    -0.004683    0.000013    -0.000000    0.000000    -0.000000    0.000000    -0.000000    -0.000000    -0.000000    
173.813241    -0.000000    -0.000000    0.000000    -0.000000    0.000000    -0.000000    0.000000    -0.000007    0.003600    -0.999989    -0.002874    
180.525272    0.999994    -0.003525    0.000007    -0.000000    0.000000    -0.000000    0.000000    -0.000000    0.000000    -0.000000    -0.000000    
260.797892    0.000000    -0.000000    0.000000    -0.000000    0.000000    -0.000000    0.000000    -0.000000    0.000005    -0.002874    0.999996    

1.926843
1.272763    0.000000    0.000000    0.000018    0.003999    0.304423    0.952425    0.014067    0.000069    0.000000    0.000000    0.000000    
2.134665    0.000000    0.000000    0.000061    0.013104    0.952438    -0.304413    -0.004737    -0.000023    -0.000000    -0.000000    -0.000000    
18.202381    0.000000    0.000000    0.000000    0.000027    0.000229    -0.014842    0.999863    0.007269    0.000021    0.000000    0.000000    
20.307683    0.000000    0.000020    0.006984    0.999882    -0.013700    0.000181    -0.000021    -0.000000    -0.000000    -0.000000    -0.000000    
52.591190    0.000000    0.000000    0.000000    0.000000    -0.000000    0.000035    -0.007269    0.999962    0.004814    0.000010    0.000000    
56.100343    0.000009    0.004687    0.999965    -0.006984    0.000032    -0.000000    0.000000    -0.000000    -0.000000    -0.000000    -0.000000    
104.526931    0.000000    0.000000    0.000000    -0.000000    0.000000    -0.000000    0.000014    -0.004814    0.999982    0.003598    0.000006    
109.439787    0.003527    0.999983    -0.004687    0.000013    -0.000000    0.000000    -0.000000    0.000000    -0.000000    -0.000000    -0.000000    
174.008824    -0.000000    -0.000000    0.000000    -0.000000    0.000000    -0.000000    0.000000    -0.000007    0.003598    -0.999989    -0.002873    
180.326071    0.999994    -0.003527    0.000007    -0.000000    0.000000    -0.000000    0.000000    -0.000000    0.000000    -0.000000    -0.000000    
261.037339    0.000000    -0.000000    0.000000    -0.000000    0.000000    -0.000000    0.000000    -0.000000    0.000005    -0.002873    0.999996    

1.937315
1.288742    0.000000    0.000000    0.000019    0.004209    0.319053    0.947625    0.013956    0.000068    0.000000    0.000000    0.000000    
2.115288    0.000000    0.000000    0.000061    0.013073    0.947637    -0.319043    -0.004939    -0.000024    -0.000000    -0.000000    -0.000000    
18.266471    0.000000    0.000000    0.000000    0.000029    0.000228    -0.014803    0.999864    0.007260    0.000021    0.000000    0.000000    
20.240192    0.000000    0.000020    0.006993    0.999881    -0.013733    0.000182    -0.000023    -0.000000    -0.000000    -0.000000    -0.000000    
52.699151    0.000000    0.000000    0.000000    0.000000    -0.000000    0.000035    -0.007260    0.999962    0.004809    0.000010    0.000000    
55.988982    0.000009    0.004691    0.999965    -0.006993    0.000032    -0.000000    0.000000    -0.000000    -0.000000    -0.000000    -0.000000    
104.678758    0.000000    0.000000    0.000000    -0.000000    0.000000    -0.000000    0.000014    -0.004810    0.999982    0.003596    0.000006    
109.284561    0.003529    0.999983    -0.004691    0.000013    -0.000000    0.000000    -0.000000    0.000000    -0.000000    -0.000000    -0.000000    
174.204516    -0.000000    -0.000000    0.000000    -0.000000    0.000000    -0.000000    0.000000    -0.000007    0.003596    -0.999989    -0.002871    
180.126980    0.999994    -0.003529    0.000007    -0.000000    0.000000    -0.000000    0.000000    -0.000000    0.000000    -0.000000    -0.000000    
261.276896    0.000000    -0.000000    0.000000    -0.000000    0.000000    -0.000000    0.000000    -0.000000    0.000005    -0.002871    0.999996    

1.947787
1.304404    -0.000000    -0.000000    -0.000020    -0.004438    -0.334888    -0.942146    -0.013836    -0.000067    -0.000000    -0.000000    -0.000000    
2.096448    0.000000    0.000000    0.000061    0.013032    0.942158    -0.334877    -0.005158    -0.000025    -0.000000    -0.000000    -0.000000    
18.330671    0.000000    0.000000    0.000000    0.000031    0.000226    -0.014765    0.999865    0.007251    0.000021    0.000000    0.000000    
20.172810    0.000000    0.000020    0.007001    0.999881    -0.013766    0.000184    -0.000025    -0.000000    -0.000000    -0.000000    -0.000000    
52.807222    -0.000000    -0.000000    -0.000000    -0.000000    0.000000    -0.000035    0.007251    -0.999962    -0.004805    -0.000010    -0.000000    
55.877731    0.000009    0.004695    0.999964    -0.007001    0.000032    -0.000000    0.000000    -0.000000    -0.000000    -0.000000    -0.000000    
104.830695    0.000000    0.000000    0.000000    -0.000000    0.000000    -0.000000    0.000014    -0.004805    0.999982    0.003593    0.000006    
109.129444    0.003531    0.999983    -0.004695    0.000013    -0.000000    0.000000    -0.000000    0.000000    -0.000000    -0.000000    -0.000000    
174.400318    -0.000000    -0.000000    0.000000    -0.000000    0.000000    -0.000000    0.000000    -0.000007    0.003593    -0.999989    -0.002870    
179.927998    0.999994    -0.003531    0.000007    -0.000000    0.000000    -0.000000    0.000000    -0.000000    0.000000    -0.000000    -0.000000    
261.516563    0.000000    -0.000000    0.000000    -0.000000    0.000000    -0.000000    0.000000    -0.000000    0.000005    -0.002870    0.999996    

1.958259
1.319690    -0.000000    -0.000000    -0.000022    -0.004686    -0.352036    -0.935875    -0.013705    -0.000066    -0.000000    -0.000000    -0.000000    
2.078202    0.000000    0.000000    0.000060    0.012981    0.935885    -0.352025    -0.005395    -0.000027    -0.000000    -0.000000    -0.000000    
18.394981    0.000000    0.000000    0.000000    0.000033    0.000224    -0.014727    0.999865    0.007241    0.000021    0.000000    0.000000    
20.105539    0.000000    0.000020    0.007010    0.999880    -0.013799    0.000185    -0.000027    -0.000000    -0.000000    -0.000000    -0.000000    
52.915403    -0.000000    -0.000000    -0.000000    -0.000000    0.000000    -0.000035    0.007242    -0.999962    -0.004801    -0.000010    -0.000000    
55.766589    0.000009    0.004698    0.999964    -0.007010    0.000033    -0.000000    0.000000    -0.000000    -0.000000    -0.000000    -0.000000    
104.982741    0.000000    0.000000    0.000000    -0.000000    0.000000    -0.000000    0.000014    -0.004801    0.999982    0.003591    0.000006    
108.974437    0.003533    0.999983    -0.004698    0.000013    -0.000000    0.000000    -0.000000    0.000000    -0.000000    -0.000000    -0.000000    
174.596229    -0.000000    -0.000000    0.000000    -0.000000    0.000000    -0.000000    0.000000    -0.000007    0.003591    -0.999989    -0.002868    
179.729126    0.999994    -0.003533    0.000007    -0.000000    0.000000    -0.000000    0.000000    -0.000000    0.000000    -0.000000    -0.000000    
261.756339    0.000000    -0.000000    0.000000    -0.000000    0.000000    -0.000000    0.000000    -0.000000    0.000005    -0.002868    0.999996    

1.968731
1.334534    -0.000000    -0.000000    -0.000023    -0.004954    -0.370608    -0.928677    -0.013560    -0.000066    -0.000000    -0.000000    -0.000000    
2.060618    0.000000    0.000000    0.000060    0.012916    0.928686    -0.370598    -0.005651    -0.000028    -0.000000    -0.000000    -0.000000    
18.459400    0.000000    0.000000    0.000000    0.000035    0.000222    -0.014689    0.999866    0.007232    0.000021    0.000000    0.000000    
20.038377    0.000000    0.000020    0.007018    0.999880    -0.013833    0.000186    -0.000029    -0.000000    -0.000000    -0.000000    -0.000000    
53.023693    -0.000000    -0.000000    -0.000000    -0.000000    0.000000    -0.000035    0.007232    -0.999962    -0.004797    -0.000010    -0.000000    
55.655558    0.000009    0.004702    0.999964    -0.007019    0.000033    -0.000000    0.000000    -0.000000    -0.000000    -0.000000    -0.000000    
105.134897    0.000000    0.000000    0.000000    -0.000000    0.000000    -0.000000    0.000014    -0.004797    0.999982    0.003589    0.000006    
108.819539    0.003536    0.999983    -0.004702    0.000013    -0.000000    0.000000    -0.000000    0.000000    -0.000000    -0.000000    -0.000000    
174.792250    -0.000000    -0.000000    0.000000    -0.000000    0.000000    -0.000000    0.000000    -0.000007    0.003589    -0.999989    -0.002867    
179.530364    0.999994    -0.003536    0.000007    -0.000000    0.000000    -0.000000    0.000000    -0.000000    0.000000    -0.000000    -0.000000    
261.996225    0.000000    -0.000000    0.000000    -0.000000    0.000000    -0.000000    0.000000    -0.000000    0.000005    -0.002867    0.999996    

1.979203
1.348857    -0.000000    -0.000000    -0.000024    -0.005246    -0.390713    -0.920400    -0.013400    -0.000065    -0.000000    -0.000000    -0.000000    
2.043773    0.000000    0.000000    0.000060    0.012837    0.920408    -0.390704    -0.005928    -0.000029    -0.000000    -0.000000    -0.000000    
18.523930    0.000000    0.000000    0.000000    0.000038    0.000220    -0.014651    0.999867    0.007223    0.000021    0.000000    0.000000    
19.971324    0.000000    0.000020    0.007027    0.999879    -0.013867    0.000188    -0.000032    -0.000000    -0.000000    -0.000000    -0.000000    
53.132093    -0.000000    -0.000000    -0.000000    -0.000000    0.000000    -0.000035    0.007223    -0.999962    -0.004793    -0.000010    -0.000000    
55.544635    0.000010    0.004706    0.999964    -0.007027    0.000033    -0.000000    0.000000    -0.000000    -0.000000    -0.000000    -0.000000    
105.287163    0.000000    0.000000    0.000000    -0.000000    0.000000    -0.000000    0.000014    -0.004793    0.999982    0.003587    0.000006    
108.664751    0.003538    0.999983    -0.004706    0.000013    -0.000000    0.000000    -0.000000    0.000000    -0.000000    -0.000000    -0.000000    
174.988381    -0.000000    -0.000000    0.000000    -0.000000    0.000000    -0.000000    0.000000    -0.000007    0.003587    -0.999989    -0.002865    
179.331711    0.999994    -0.003538    0.000007    -0.000000    0.000000    -0.000000    0.000000    -0.000000    0.000000    -0.000000    -0.000000    
262.236220    0.000000    -0.000000    0.000000    -0.000000    0.000000    -0.000000    0.000000    -0.000000    0.000005    -0.002865    0.999996    

1.989675
1.362573    -0.000000    -0.000000    -0.000026    -0.005562    -0.412449    -0.910868    -0.013222    -0.000064    -0.000000    -0.000000    -0.000000    
2.027755    0.000000    0.000000    0.000060    0.012740    0.910875    -0.412440    -0.006227    -0.000030    -0.000000    -0.000000    -0.000000    
18.588568    0.000000    0.000000    0.000000    0.000042    0.000219    -0.014613    0.999867    0.007214    0.000021    0.000000    0.000000    
19.904382    0.000000    0.000020    0.007036    0.999879    -0.013900    0.000189    -0.000036    -0.000000    -0.000000    -0.000000    -0.000000    
53.240602    -0.000000    -0.000000    -0.000000    -0.000000    0.000000    -0.000035    0.007214    -0.999963    -0.004789    -0.000010    -0.000000    
55.433823    0.000010    0.004710    0.999964    -0.007036    0.000033    -0.000000    0.000000    -0.000000    -0.000000    -0.000000    -0.000000    
105.439538    0.000000    0.000000    0.000000    -0.000000    0.000000    -0.000000    0.000014    -0.004789    0.999982    0.003584    0.000006    
108.510073    0.003540    0.999983    -0.004710    0.000013    -0.000000    0.000000    -0.000000    0.000000    -0.000000    -0.000000    -0.000000    
175.184622    -0.000000    -0.000000    0.000000    -0.000000    0.000000    -0.000000    0.000000    -0.000007    0.003584    -0.999989    -0.002864    
179.133168    0.999994    -0.003540    0.000007    -0.000000    0.000000    -0.000000    0.000000    -0.000000    0.000000    -0.000000    -0.000000    
262.476325    0.000000    -0.000000    0.000000    -0.000000    0.000000    -0.000000    0.000000    -0.000000    0.000005    -0.002864    0.999996    

2.000147
1.375579    -0.000000    -0.000000    -0.000027    -0.005904    -0.435894    -0.899884    -0.013023    -0.000063    -0.000000    -0.000000    -0.000000    
2.012666    0.000000    0.000000    0.000059    0.012623    0.899890    -0.435885    -0.006550    -0.000032    -0.000000    -0.000000    -0.000000    
18.653317    0.000000    0.000000    0.000000    0.000046    0.000217    -0.014576    0.999868    0.007205    0.000021    0.000000    0.000000    
19.837549    0.000000    0.000020    0.007045    0.999878    -0.013934    0.000191    -0.000040    -0.000000    -0.000000    -0.000000    -0.000000    
53.349221    0.000000    0.000000    0.000000    0.000000    -0.000000    0.000035    -0.007205    0.999963    0.004785    0.000010    0.000000    
55.323120    0.000010    0.004714    0.999964    -0.007045    0.000033    -0.000000    0.000000    -0.000000    -0.000000    -0.000000    -0.000000    
105.592023    -0.000000    -0.000000    -0.000000    0.000000    -0.000000    0.000000    -0.000014    0.004785    -0.999982    -0.003582    -0.000006    
108.355505    0.003542    0.999983    -0.004714    0.000013    -0.000000    0.000000    -0.000000    0.000000    -0.000000    -0.000000    -0.000000    
175.380972    -0.000000    -0.000000    0.000000    -0.000000    0.000000    -0.000000    0.000000    -0.000007    0.003582    -0.999989    -0.002863    
178.934735    0.999994    -0.003542    0.000007    -0.000000    0.000000    -0.000000    0.000000    -0.000000    0.000000    -0.000000    -0.000000    
262.716540    0.000000    -0.000000    0.000000    -0.000000    0.000000    -0.000000    0.000000    -0.000000    0.000005    -0.002863    0.999996    

2.010619
1.387764    -0.000000    -0.000000    -0.000029    -0.006272    -0.461094    -0.887237    -0.012801    -0.000061    -0.000000    -0.000000    -0.000000    
1.998618    0.000000    0.000000    0.000059    0.012483    0.887241    -0.461085    -0.006896    -0.000034    -0.000000    -0.000000    -0.000000    
18.718175    0.000000    0.000000    0.000000    0.000051    0.000215    -0.014539    0.999868    0.007196    0.000021    0.000000    0.000000    
19.770826    0.000000    0.000020    0.007053    0.999878    -0.013969    0.000192    -0.000045    -0.000000    -0.000000    -0.000000    -0.000000    
53.457950    0.000000    0.000000    0.000000    0.000000    -0.000000    0.000035    -0.007196    0.999963    0.004781    0.000010    0.000000    
55.212527    0.000010    0.004718    0.999964    -0.007053    0.000033    -0.000000    0.000000    -0.000000    -0.000000    -0.000000    -0.000000    
105.744618    -0.000000    -0.000000    -0.000000    0.000000    -0.000000    0.000000    -0.000014    0.004781    -0.999982    -0.003580    -0.000006    
108.201046    0.003544    0.999983    -0.004718    0.000013    -0.000000    0.000000    -0.000000    0.000000    -0.000000    -0.000000    -0.000000    
175.577431    -0.000000    -0.000000    0.000000    -0.000000    0.000000    -0.000000    0.000000    -0.000007    0.003580    -0.999989    -0.002861    
178.736411    0.999994    -0.003544    0.000007    -0.000000    0.000000    -0.000000    0.000000    -0.000000    0.000000    -0.000000    -0.000000    
262.956865    0.000000    -0.000000    0.000000    -0.000000    0.000000    -0.000000    0.000000    -0.000000    0.000005    -0.002861    0.999996    

2.021091
1.399002    -0.000000    -0.000000    -0.000031    -0.006666    -0.488043    -0.872704    -0.012552    -0.000060    -0.000000    -0.000000    -0.000000    
1.985736    0.000000    0.000000    0.000058    0.012316    0.872707    -0.488034    -0.007265    -0.000035    -0.000000    -0.000000    -0.000000    
18.783143    0.000000    0.000000    0.000000    0.000058    0.000213    -0.014502    0.999869    0.007187    0.000021    0.000000    0.000000    
19.704213    0.000000    0.000020    0.007062    0.999877    -0.014003    0.000193    -0.000052    -0.000000    -0.000000    -0.000000    -0.000000    
53.566789    0.000000    0.000000    0.000000    0.000000    -0.000000    0.000035    -0.007187    0.999963    0.004777    0.000010    0.000000    
55.102043    0.000010    0.004722    0.999964    -0.007062    0.000033    -0.000000    0.000000    -0.000000    -0.000000    -0.000000    -0.000000    
105.897322    -0.000000    -0.000000    -0.000000    0.000000    -0.000000    0.000000    -0.000014    0.004777    -0.999982    -0.003578    -0.000006    
108.046697    0.003547    0.999983    -0.004722    0.000013    -0.000000    0.000000    -0.000000    0.000000    -0.000000    -0.000000    -0.000000    
175.774001    -0.000000    -0.000000    0.000000    -0.000000    0.000000    -0.000000    0.000000    -0.000007    0.003578    -0.999990    -0.002860    
178.538197    0.999994    -0.003547    0.000007    -0.000000    0.000000    -0.000000    0.000000    -0.000000    0.000000    -0.000000    -0.000000    
263.197299    0.000000    -0.000000    0.000000    -0.000000    0.000000    -0.000000    0.000000    -0.000000    0.000005    -0.002860    0.999996    

2.031563
1.409157    -0.000000    -0.000000    -0.000033    -0.007087    -0.516666    -0.856070    -0.012274    -0.000059    -0.000000    -0.000000    -0.000000    
1.974155    0.000000    0.000000    0.000057    0.012118    0.856072    -0.516658    -0.007656    -0.000037    -0.000000    -0.000000    -0.000000    
18.848221    0.000000    0.000000    0.000000    0.000067    0.000211    -0.014465    0.999870    0.007178    0.000021    0.000000    0.000000    
19.637709    0.000000    0.000020    0.007071    0.999876    -0.014037    0.000195    -0.000061    -0.000000    -0.000000    -0.000000    -0.000000    
53.675737    0.000000    0.000000    0.000000    0.000000    -0.000000    0.000034    -0.007178    0.999963    0.004773    0.000010    0.000000    
54.991669    0.000010    0.004726    0.999964    -0.007071    0.000033    -0.000000    0.000000    -0.000000    -0.000000    -0.000000    -0.000000    
106.050136    -0.000000    -0.000000    -0.000000    0.000000    -0.000000    0.000000    -0.000014    0.004773    -0.999982    -0.003575    -0.000006    
107.892457    0.003549    0.999983    -0.004726    0.000013    -0.000000    0.000000    -0.000000    0.000000    -0.000000    -0.000000    -0.000000    
175.970680    -0.000000    -0.000000    0.000000    -0.000000    0.000000    -0.000000    0.000000    -0.000007    0.003575    -0.999990    -0.002858    
178.340093    0.999994    -0.003549    0.000007    -0.000000    0.000000    -0.000000    0.000000    -0.000000    0.000000    -0.000000    -0.000000    
263.437843    0.000000    -0.000000    0.000000    -0.000000    0.000000    -0.000000    0.000000    -0.000000    0.000005    -0.002858    0.999996    

2.042035
1.418088    -0.000000    -0.000000    -0.000035    -0.007532    -0.546800    -0.837144    -0.011964    -0.000057    -0.000000    -0.000000    -0.000000    
1.964019    0.000000    0.000000    0.000056    0.011888    0.837145    -0.546792    -0.008067    -0.000039    -0.000000    -0.000000    -0.000000    
18.913408    0.000000    0.000000    0.000001    0.000080    0.000210    -0.014428    0.999870    0.007169    0.000021    0.000000    0.000000    
19.571315    0.000000    0.000020    0.007080    0.999876    -0.014072    0.000197    -0.000074    -0.000001    -0.000000    -0.000000    -0.000000    
53.784795    0.000000    0.000000    0.000000    0.000000    -0.000000    0.000034    -0.007169    0.999963    0.004769    0.000010    0.000000    
54.881405    0.000010    0.004730    0.999964    -0.007080    0.000033    -0.000000    0.000000    -0.000000    -0.000000    -0.000000    -0.000000    
106.203060    -0.000000    -0.000000    -0.000000    0.000000    -0.000000    0.000000    -0.000014    0.004769    -0.999982    -0.003573    -0.000006    
107.738327    0.003551    0.999983    -0.004730    0.000013    -0.000000    0.000000    -0.000000    0.000000    -0.000000    -0.000000    -0.000000    
176.167469    -0.000000    -0.000000    0.000000    -0.000000    0.000000    -0.000000    0.000000    -0.000007    0.003573    -0.999990    -0.002857    
178.142098    0.999994    -0.003551    0.000007    -0.000000    0.000000    -0.000000    0.000000    -0.000000    0.000000    -0.000000    -0.000000    
263.678496    0.000000    -0.000000    0.000000    -0.000000    0.000000    -0.000000    0.000000    -0.000000    0.000005    -0.002857    0.999996    

2.052507
1.425650    -0.000000    -0.000000    -0.000037    -0.007996    -0.578174    -0.815792    -0.011621    -0.000055    -0.000000    -0.000000    -0.000000    
1.955470    0.000000    0.000000    0.000055    0.011623    0.815792    -0.578167    -0.008492    -0.000041    -0.000000    -0.000000    -0.000000    
18.978705    0.000000    0.000000    0.000001    0.000099    0.000208    -0.014392    0.999871    0.007160    0.000020    0.000000    0.000000    
19.505030    0.000000    0.000020    0.007088    0.999875    -0.014107    0.000198    -0.000094    -0.000001    -0.000000    -0.000000    -0.000000    
53.893962    0.000000    0.000000    0.000000    0.000000    -0.000000    0.000034    -0.007160    0.999963    0.004765    0.000010    0.000000    
54.771251    0.000010    0.004734    0.999964    -0.007089    0.000033    -0.000000    0.000000    -0.000000    -0.000000    -0.000000    -0.000000    
106.356093    -0.000000    -0.000000    -0.000000    0.000000    -0.000000    0.000000    -0.000014    0.004765    -0.999982    -0.003571    -0.000006    
107.584307    0.003553    0.999982    -0.004734    0.000013    -0.000000    0.000000    -0.000000    0.000000    -0.000000    -0.000000    -0.000000    
176.364367    -0.000000    -0.000000    0.000000    -0.000000    0.000000    -0.000000    0.000000    -0.000007    0.003571    -0.999990    -0.002855    
177.944213    0.999994    -0.003553    0.000007    -0.000000    0.000000    -0.000000    0.000000    -0.000000    0.000000    -0.000000    -0.000000    
263.919259    0.000000    -0.000000    0.000000    -0.000000    0.000000    -0.000000    0.000000    -0.000000    0.000005    -0.002855    0.999996    

2.062979
1.431705    -0.000000    -0.000000    -0.000040    -0.008476    -0.610405    -0.791964    -0.011243    -0.000053    -0.000000    -0.000000    -0.000000    
1.948648    -0.000000    -0.000000    -0.000054    -0.011322    -0.791963    0.610399    0.008928    0.000043    0.000000    0.000000    0.000000    
19.044112    0.000000    0.000000    0.000001    0.000131    0.000206    -0.014356    0.999871    0.007151    0.000020    0.000000    0.000000    
19.438856    0.000000    0.000020    0.007097    0.999875    -0.014142    0.000200    -0.000126    -0.000001    -0.000000    -0.000000    -0.000000    
54.003240    -0.000000    -0.000000    -0.000000    -0.000000    0.000000    -0.000034    0.007151    -0.999963    -0.004761    -0.000010    -0.000000    
54.661206    0.000010    0.004738    0.999964    -0.007097    0.000034    -0.000000    0.000000    -0.000000    -0.000000    -0.000000    -0.000000    
106.509236    0.000000    0.000000    0.000000    -0.000000    0.000000    -0.000000    0.000014    -0.004761    0.999982    0.003569    0.000006    
107.430396    0.003555    0.999982    -0.004738    0.000013    -0.000000    0.000000    -0.000000    0.000000    -0.000000    -0.000000    -0.000000    
176.561375    0.000000    0.000000    -0.000000    0.000000    -0.000000    0.000000    -0.000000    0.000007    -0.003569    0.999990    0.002854    
177.746438    0.999994    -0.003555    0.000007    -0.000000    0.000000    -0.000000    0.000000    -0.000000    0.000000    -0.000000    -0.000000    
264.160132    0.000000    -0.000000    0.000000    -0.000000    0.000000    -0.000000    0.000000    -0.000000    0.000005    -0.002854    0.999996    

2.073451
1.436130    -0.000000    -0.000000    -0.000042    -0.008964    -0.643008    -0.765731    -0.010833    -0.000051    -0.000000    -0.000000    -0.000000    
1.943675    -0.000000    -0.000000    -0.000052    -0.010985    -0.765728    0.643002    0.009366    0.000045    0.000000    0.000000    0.000000    
19.109628    0.000000    0.000000    0.000001    0.000196    0.000203    -0.014319    0.999872    0.007142    0.000020    0.000000    0.000000    
19.372791    0.000000    0.000020    0.007106    0.999874    -0.014177    0.000203    -0.000190    -0.000001    -0.000000    -0.000000    -0.000000    
54.112627    0.000000    0.000000    0.000000    0.000000    -0.000000    0.000034    -0.007142    0.999963    0.004757    0.000010    0.000000    
54.551271    0.000010    0.004741    0.999964    -0.007106    0.000034    -0.000000    0.000000    -0.000000    -0.000000    -0.000000    -0.000000    
106.662488    -0.000000    -0.000000    -0.000000    0.000000    -0.000000    0.000000    -0.000014    0.004757    -0.999982    -0.003567    -0.000006    
107.276595    0.003558    0.999982    -0.004741    0.000013    -0.000000    0.000000    -0.000000    0.000000    -0.000000    -0.000000    -0.000000    
176.758493    0.000000    0.000000    -0.000000    0.000000    -0.000000    0.000000    -0.000000    0.000007    -0.003567    0.999990    0.002852    
177.548772    0.999994    -0.003558    0.000007    -0.000000    0.000000    -0.000000    0.000000    -0.000000    0.000000    -0.000000    -0.000000    
264.401115    0.000000    -0.000000    0.000000    -0.000000    0.000000    -0.000000    0.000000    -0.000000    0.000005    -0.002852    0.999996    

2.083923
1.438827    0.000000    0.000000    0.000045    0.009452    0.675416    0.737303    0.010394    0.000049    0.000000    0.000000    0.000000    
1.940648    -0.000000    -0.000000    -0.000051    -0.010616    -0.737300    0.675411    0.009799    0.000047    0.000000    0.000000    0.000000    
19.175254    0.000000    0.000000    0.000003    0.000388    0.000199    -0.014284    0.999872    0.007133    0.000020    0.000000    0.000000    
19.306836    0.000000    0.000020    0.007115    0.999874    -0.014212    0.000207    -0.000383    -0.000003    -0.000000    -0.000000    -0.000000    
54.222123    -0.000000    -0.000000    -0.000000    -0.000000    0.000000    -0.000034    0.007133    -0.999963    -0.004753    -0.000010    -0.000000    
54.441445    0.000010    0.004745    0.999963    -0.007115    0.000034    -0.000000    0.000000    -0.000000    -0.000000    -0.000000    -0.000000    
106.815851    -0.000000    -0.000000    -0.000000    0.000000    -0.000000    0.000000    -0.000014    0.004753    -0.999982    -0.003564    -0.000006    
107.122904    0.003560    0.999982    -0.004745    0.000014    -0.000000    0.000000    -0.000000    0.000000    -0.000000    -0.000000    -0.000000    
176.955720    0.000000    0.000000    -0.000000    0.000000    -0.000000    0.000000    -0.000000    0.000007    -0.003564    0.999990    0.002851    
177.351216    0.999994    -0.003560    0.000007    -0.000000    0.000000    -0.000000    0.000000    -0.000000    0.000000    -0.000000    -0.000000    
264.642207    0.000000    -0.000000    0.000000    -0.000000    0.000000    -0.000000    0.000000    -0.000000    0.000005    -0.002851    0.999996    

2.094395
1.439734    -0.000000    -0.000000    -0.000047    -0.009931    -0.707037    -0.707037    -0.009931    -0.000047    -0.000000    -0.000000    -0.000000    
1.939632    0.000000    0.000000    0.000049    0.010218    0.707033    -0.707033    -0.010218    -0.000049    -0.000000    -0.000000    -0.000000    
19.240939    0.000000    0.000014    0.005037    0.707019    -0.009931    -0.009931    0.707019    0.005037    0.000014    0.000000    0.000000    
19.241041    0.000000    0.000014    0.005037    0.707015    -0.010218    0.010218    -0.707015    -0.005037    -0.000014    -0.000000    -0.000000    
54.331729    0.000007    0.003358    0.707008    -0.005037    0.000024    0.000024    -0.005038    0.707153    0.003359    0.000007    0.000000    
54.331729    0.000007    0.003359    0.707153    -0.005038    0.000024    -0.000024    0.005037    -0.707008    -0.003358    -0.000007    -0.000000    
106.969323    0.000000    0.000000    -0.000000    0.000000    0.000000    -0.000000    0.000014    -0.004749    0.999982    0.003562    0.000006    
106.969323    0.003562    0.999982    -0.004749    0.000014    -0.000000    0.000000    -0.000000    0.000000    -0.000000    -0.000000    -0.000000    
177.153057    -0.000000    0.000000    0.000000    -0.000000    0.000000    -0.000000    0.000000    -0.000007    0.003562    -0.999990    -0.002850    
177.153770    0.999994    -0.003562    0.000007    -0.000000    0.000000    -0.000000    0.000000    -0.000000    0.000000    -0.000000    -0.000000    
264.883409    0.000000    -0.000000    0.000000    -0.000000    0.000000    -0.000000    0.000000    -0.000000    0.000005    -0.002850    0.999996    

