-2.094395
2.193245    -0.000000    -0.000000    -0.000000    -0.000000    -0.000000    -0.000000    1.000000    0.000000    0.000000    0.000000    0.000000    
2.193245    -0.000000    -0.000000    -0.000000    -0.000000    -0.000000    1.000000    0.000000    0.000000    0.000000    0.000000    0.000000    
19.739209    -0.000000    -0.000000    -0.000000    -0.000000    -0.000000    -0.000000    -0.000000    1.000000    0.000000    0.000000    0.000000    
19.739209    -0.000000    -0.000000    -0.000000    -0.000000    1.000000    0.000000    0.000000    0.000000    0.000000    0.000000    0.000000    
54.831136    -0.000000    -0.000000    -0.000000    -0.000000    -0.000000    -0.000000    -0.000000    -0.000000    1.000000    0.000000    0.000000    
54.831136    -0.000000    -0.000000    -0.000000    1.000000    0.000000    0.000000    0.000000    0.000000    0.000000    0.000000    0.000000    
107.469026    -0.000000    -0.000000    -0.000000    -0.000000    -0.000000    -0.000000    -0.000000    -0.000000    -0.000000    1.000000    0.000000    
107.469026    -0.000000    -0.000000    1.000000    0.000000    0.000000    0.000000    0.000000    0.000000    0.000000    0.000000    0.000000    
177.652879    0.000000    0.000000    0.000000    0.000000    0.000000    0.000000    0.000000    0.000000    0.000000    0.000000    1.000000    
177.652879    -0.000000    1.000000    0.000000    0.000000    0.000000    0.000000    0.000000    0.000000    0.000000    0.000000    0.000000    
265.382696    1.000000    0.000000    0.000000    0.000000    0.000000    0.000000    0.000000    0.000000    0.000000    0.000000    0.000000    

-2.083923
2.171368    -0.000000    -0.000000    -0.000000    -0.000000    -0.000000    1.000000    0.000000    0.000000    0.000000    0.000000    0.000000    
2.215233    -0.000000    -0.000000    -0.000000    -0.000000    -0.000000    -0.000000    1.000000    0.000000    0.000000    0.000000    0.000000    
19.673466    -0.000000    -0.000000    -0.000000    -0.000000    1.000000    0.000000    0.000000    0.000000    0.000000    0.000000    0.000000    
19.805061    -0.000000    -0.000000    -0.000000    -0.000000    -0.000000    -0.000000    -0.000000    1.000000    0.000000    0.000000    0.000000    
54.721528    -0.000000    -0.000000    -0.000000    1.000000    0.000000    0.000000    0.000000    0.000000    0.000000    0.000000    0.000000    
54.940853    -0.000000    -0.000000    -0.000000    -0.000000    -0.000000    -0.000000    -0.000000    -0.000000    1.000000    0.000000    0.000000    
107.315553    -0.000000    -0.000000    1.000000    0.000000    0.000000    0.000000    0.000000    0.000000    0.000000    0.000000    0.000000    
107.622608    -0.000000    -0.000000    -0.000000    -0.000000    -0.000000    -0.000000    -0.000000    -0.000000    -0.000000    1.000000    0.000000    
177.455542    -0.000000    1.000000    0.000000    0.000000    0.000000    0.000000    0.000000    0.000000    0.000000    0.000000    0.000000    
177.850326    0.000000    0.000000    0.000000    0.000000    0.000000    0.000000    0.000000    0.000000    0.000000    0.000000    1.000000    
265.141494    1.000000    0.000000    0.000000    0.000000    0.000000    0.000000    0.000000    0.000000    0.000000    0.000000    0.000000    

-2.073451
2.149600    -0.000000    -0.000000    -0.000000    -0.000000    -0.000000    1.000000    0.000000    0.000000    0.000000    0.000000    0.000000    
2.237330    -0.000000    -0.000000    -0.000000    -0.000000    -0.000000    -0.000000    1.000000    0.000000    0.000000    0.000000    0.000000    
19.607833    -0.000000    -0.000000    -0.000000    -0.000000    1.000000    0.000000    0.000000    0.000000    0.000000    0.000000    0.000000    
19.871023    -0.000000    -0.000000    -0.000000    -0.000000    -0.000000    -0.000000    -0.000000    1.000000    0.000000    0.000000    0.000000    
54.612030    -0.000000    -0.000000    -0.000000    1.000000    0.000000    0.000000    0.000000    0.000000    0.000000    0.000000    0.000000    
55.050679    -0.000000    -0.000000    -0.000000    -0.000000    -0.000000    -0.000000    -0.000000    -0.000000    1.000000    0.000000    0.000000    
107.162191    -0.000000    -0.000000    1.000000    0.000000    0.000000    0.000000    0.000000    0.000000    0.000000    0.000000    0.000000    
107.776299    -0.000000    -0.000000    -0.000000    -0.000000    -0.000000    -0.000000    -0.000000    -0.000000    -0.000000    1.000000    0.000000    
177.258314    -0.000000    1.000000    0.000000    0.000000    0.000000    0.000000    0.000000    0.000000    0.000000    0.000000    0.000000    
178.047883    0.000000    0.000000    0.000000    0.000000    0.000000    0.000000    0.000000    0.000000    0.000000    0.000000    1.000000    
264.900401    1.000000    0.000000    0.000000    0.000000    0.000000    0.000000    0.000000    0.000000    0.000000    0.000000    0.000000    

-2.062979
2.127942    -0.000000    -0.000000    -0.000000    -0.000000    -0.000000    1.000000    0.000000    0.000000    0.000000    0.000000    0.000000    
2.259536    -0.000000    -0.000000    -0.000000    -0.000000    -0.000000    -0.000000    1.000000    0.000000    0.000000    0.000000    0.000000    
19.542310    -0.000000    -0.000000    -0.000000    -0.000000    1.000000    0.000000    0.000000    0.000000    0.000000    0.000000    0.000000    
19.937094    -0.000000    -0.000000    -0.000000    -0.000000    -0.000000    -0.000000    -0.000000    1.000000    0.000000    0.000000    0.000000    
54.502642    -0.000000    -0.000000    -0.000000    1.000000    0.000000    0.000000    0.000000    0.000000    0.000000    0.000000    0.000000    
55.160616    -0.000000    -0.000000    -0.000000    -0.000000    -0.000000    -0.000000    -0.000000    -0.000000    1.000000    0.000000    0.000000    
107.008938    -0.000000    -0.000000    1.000000    0.000000    0.000000    0.000000    0.000000    0.000000    0.000000    0.000000    0.000000    
107.930101    -0.000000    -0.000000    -0.000000    -0.000000    -0.000000    -0.000000    -0.000000    -0.000000    -0.000000    1.000000    0.000000    
177.061196    -0.000000    1.000000    0.000000    0.000000    0.000000    0.000000    0.000000    0.000000    0.000000    0.000000    0.000000    
178.245549    0.000000    0.000000    0.000000    0.000000    0.000000    0.000000    0.000000    0.000000    0.000000    0.000000    1.000000    
264.659419    1.000000    0.000000    0.000000    0.000000    0.000000    0.000000    0.000000    0.000000    0.000000    0.000000    0.000000    

-2.052507
2.106393    -0.000000    -0.000000    -0.000000    -0.000000    -0.000000    1.000000    0.000000    0.000000    0.000000    0.000000    0.000000    
2.281853    -0.000000    -0.000000    -0.000000    -0.000000    -0.000000    -0.000000    1.000000    0.000000    0.000000    0.000000    0.000000    
19.476897    -0.000000    -0.000000    -0.000000    -0.000000    1.000000    0.000000    0.000000    0.000000    0.000000    0.000000    0.000000    
20.003276    -0.000000    -0.000000    -0.000000    -0.000000    -0.000000    -0.000000    -0.000000    1.000000    0.000000    0.000000    0.000000    
54.393364    -0.000000    -0.000000    -0.000000    1.000000    0.000000    0.000000    0.000000    0.000000    0.000000    0.000000    0.000000    
55.270662    -0.000000    -0.000000    -0.000000    -0.000000    -0.000000    -0.000000    -0.000000    -0.000000    1.000000    0.000000    0.000000    
106.855794    -0.000000    -0.000000    1.000000    0.000000    0.000000    0.000000    0.000000    0.000000    0.000000    0.000000    0.000000    
108.084012    -0.000000    -0.000000    -0.000000    -0.000000    -0.000000    -0.000000    -0.000000    -0.000000    -0.000000    1.000000    0.000000    
176.864188    -0.000000    1.000000    0.000000    0.000000    0.000000    0.000000    0.000000    0.000000    0.000000    0.000000    0.000000    
178.443325    0.000000    0.000000    0.000000    0.000000    0.000000    0.000000    0.000000    0.000000    0.000000    0.000000    1.000000    
264.418545    1.000000    0.000000    0.000000    0.000000    0.000000    0.000000    0.000000    0.000000    0.000000    0.000000    0.000000    

-2.042035
2.084954    -0.000000    -0.000000    -0.000000    -0.000000    -0.000000    1.000000    0.000000    0.000000    0.000000    0.000000    0.000000    
2.304278    -0.000000    -0.000000    -0.000000    -0.000000    -0.000000    -0.000000    1.000000    0.000000    0.000000    0.000000    0.000000    
19.411593    -0.000000    -0.000000    -0.000000    -0.000000    1.000000    0.000000    0.000000    0.000000    0.000000    0.000000    0.000000    
20.069566    -0.000000    -0.000000    -0.000000    -0.000000    -0.000000    -0.000000    -0.000000    1.000000    0.000000    0.000000    0.000000    
54.284195    -0.000000    -0.000000    -0.000000    1.000000    0.000000    0.000000    0.000000    0.000000    0.000000    0.000000    0.000000    
55.380818    -0.000000    -0.000000    -0.000000    -0.000000    -0.000000    -0.000000    -0.000000    -0.000000    1.000000    0.000000    0.000000    
106.702761    -0.000000    -0.000000    1.000000    0.000000    0.000000    0.000000    0.000000    0.000000    0.000000    0.000000    0.000000    
108.238032    -0.000000    -0.000000    -0.000000    -0.000000    -0.000000    -0.000000    -0.000000    -0.000000    -0.000000    1.000000    0.000000    
176.667290    -0.000000    1.000000    0.000000    0.000000    0.000000    0.000000    0.000000    0.000000    0.000000    0.000000    0.000000    
178.641210    0.000000    0.000000    0.000000    0.000000    0.000000    0.000000    0.000000    0.000000    0.000000    0.000000    1.000000    
264.177782    1.000000    0.000000    0.000000    0.000000    0.000000    0.000000    0.000000    0.000000    0.000000    0.000000    0.000000    

-2.031563
2.063625    -0.000000    -0.000000    -0.000000    -0.000000    -0.000000    1.000000    0.000000    0.000000    0.000000    0.000000    0.000000    
2.326814    -0.000000    -0.000000    -0.000000    -0.000000    -0.000000    -0.000000    1.000000    0.000000    0.000000    0.000000    0.000000    
19.346399    -0.000000    -0.000000    -0.000000    -0.000000    1.000000    0.000000    0.000000    0.000000    0.000000    0.000000    0.000000    
20.135967    -0.000000    -0.000000    -0.000000    -0.000000    -0.000000    -0.000000    -0.000000    1.000000    0.000000    0.000000    0.000000    
54.175136    -0.000000    -0.000000    -0.000000    1.000000    0.000000    0.000000    0.000000    0.000000    0.000000    0.000000    0.000000    
55.491083    -0.000000    -0.000000    -0.000000    -0.000000    -0.000000    -0.000000    -0.000000    -0.000000    1.000000    0.000000    0.000000    
106.549837    -0.000000    -0.000000    1.000000    0.000000    0.000000    0.000000    0.000000    0.000000    0.000000    0.000000    0.000000    
108.392163    -0.000000    -0.000000    -0.000000    -0.000000    -0.000000    -0.000000    -0.000000    -0.000000    -0.000000    1.000000    0.000000    
176.470501    -0.000000    1.000000    0.000000    0.000000    0.000000    0.000000    0.000000    0.000000    0.000000    0.000000    0.000000    
178.839206    0.000000    0.000000    0.000000    0.000000    0.000000    0.000000    0.000000    0.000000    0.000000    0.000000    1.000000    
263.937128    1.000000    0.000000    0.000000    0.000000    0.000000    0.000000    0.000000    0.000000    0.000000    0.000000    0.000000    

-2.021091
2.042405    -0.000000    -0.000000    -0.000000    -0.000000    -0.000000    1.000000    0.000000    0.000000    0.000000    0.000000    0.000000    
2.349459    -0.000000    -0.000000    -0.000000    -0.000000    -0.000000    -0.000000    1.000000    0.000000    0.000000    0.000000    0.000000    
19.281314    -0.000000    -0.000000    -0.000000    -0.000000    1.000000    0.000000    0.000000    0.000000    0.000000    0.000000    0.000000    
20.202477    -0.000000    -0.000000    -0.000000    -0.000000    -0.000000    -0.000000    -0.000000    1.000000    0.000000    0.000000    0.000000    
54.066186    -0.000000    -0.000000    -0.000000    1.000000    0.000000    0.000000    0.000000    0.000000    0.000000    0.000000    0.000000    
55.601458    -0.000000    -0.000000    -0.000000    -0.000000    -0.000000    -0.000000    -0.000000    -0.000000    1.000000    0.000000    0.000000    
106.397022    -0.000000    -0.000000    1.000000    0.000000    0.000000    0.000000    0.000000    0.000000    0.000000    0.000000    0.000000    
108.546403    -0.000000    -0.000000    -0.000000    -0.000000    -0.000000    -0.000000    -0.000000    -0.000000    -0.000000    1.000000    0.000000    
176.273821    -0.000000    1.000000    0.000000    0.000000    0.000000    0.000000    0.000000    0.000000    0.000000    0.000000    0.000000    
179.037311    0.000000    0.000000    0.000000    0.000000    0.000000    0.000000    0.000000    0.000000    0.000000    0.000000    1.000000    
263.696584    1.000000    0.000000    0.000000    0.000000    0.000000    0.000000    0.000000    0.000000    0.000000    0.000000    0.000000    

-2.010619
2.021295    -0.000000    -0.000000    -0.000000    -0.000000    -0.000000    1.000000    0.000000    0.000000    0.000000    0.000000    0.000000    
2.372214    -0.000000    -0.000000    -0.000000    -0.000000    -0.000000    -0.000000    1.000000    0.000000    0.000000    0.000000    0.000000    
19.216339    -0.000000    -0.000000    -0.000000    -0.000000    1.000000    0.000000    0.000000    0.000000    0.000000    0.000000    0.000000    
20.269097    -0.000000    -0.000000    -0.000000    -0.000000    -0.000000    -0.000000    -0.000000    1.000000    0.000000    0.000000    0.000000    
53.957347    -0.000000    -0.000000    -0.000000    1.000000    0.000000    0.000000    0.000000    0.000000    0.000000    0.000000    0.000000    
55.711943    -0.000000    -0.000000    -0.000000    -0.000000    -0.000000    -0.000000    -0.000000    -0.000000    1.000000    0.000000    0.000000    
106.244317    -0.000000    -0.000000    1.000000    0.000000    0.000000    0.000000    0.000000    0.000000    0.000000    0.000000    0.000000    
108.700752    -0.000000    -0.000000    -0.000000    -0.000000    -0.000000    -0.000000    -0.000000    -0.000000    -0.000000    1.000000    0.000000    
176.077252    -0.000000    1.000000    0.000000    0.000000    0.000000    0.000000    0.000000    0.000000    0.000000    0.000000    0.000000    
179.235525    0.000000    0.000000    0.000000    0.000000    0.000000    0.000000    0.000000    0.000000    0.000000    0.000000    1.000000    
263.456149    1.000000    0.000000    0.000000    0.000000    0.000000    0.000000    0.000000    0.000000    0.000000    0.000000    0.000000    

-2.000147
2.000295    -0.000000    -0.000000    -0.000000    -0.000000    -0.000000    1.000000    0.000000    0.000000    0.000000    0.000000    0.000000    
2.395079    -0.000000    -0.000000    -0.000000    -0.000000    -0.000000    -0.000000    1.000000    0.000000    0.000000    0.000000    0.000000    
19.151474    -0.000000    -0.000000    -0.000000    -0.000000    1.000000    0.000000    0.000000    0.000000    0.000000    0.000000    0.000000    
20.335826    -0.000000    -0.000000    -0.000000    -0.000000    -0.000000    -0.000000    -0.000000    1.000000    0.000000    0.000000    0.000000    
53.848616    -0.000000    -0.000000    -0.000000    1.000000    0.000000    0.000000    0.000000    0.000000    0.000000    0.000000    0.000000    
55.822537    -0.000000    -0.000000    -0.000000    -0.000000    -0.000000    -0.000000    -0.000000    -0.000000    1.000000    0.000000    0.000000    
106.091722    -0.000000    -0.000000    1.000000    0.000000    0.000000    0.000000    0.000000    0.000000    0.000000    0.000000    0.000000    
108.855212    -0.000000    -0.000000    -0.000000    -0.000000    -0.000000    -0.000000    -0.000000    -0.000000    -0.000000    1.000000    0.000000    
175.880792    -0.000000    1.000000    0.000000    0.000000    0.000000    0.000000    0.000000    0.000000    0.000000    0.000000    0.000000    
179.433849    0.000000    0.000000    0.000000    0.000000    0.000000    0.000000    0.000000    0.000000    0.000000    0.000000    1.000000    
263.215824    1.000000    0.000000    0.000000    0.000000    0.000000    0.000000    0.000000    0.000000    0.000000    0.000000    0.000000    

-1.989675
1.979404    -0.000000    -0.000000    -0.000000    -0.000000    -0.000000    1.000000    0.000000    0.000000    0.000000    0.000000    0.000000    
2.418053    -0.000000    -0.000000    -0.000000    -0.000000    -0.000000    -0.000000    1.000000    0.000000    0.000000    0.000000    0.000000    
19.086718    -0.000000    -0.000000    -0.000000    -0.000000    1.000000    0.000000    0.000000    0.000000    0.000000    0.000000    0.000000    
20.402666    -0.000000    -0.000000    -0.000000    -0.000000    -0.000000    -0.000000    -0.000000    1.000000    0.000000    0.000000    0.000000    
53.739996    -0.000000    -0.000000    -0.000000    1.000000    0.000000    0.000000    0.000000    0.000000    0.000000    0.000000    0.000000    
55.933241    -0.000000    -0.000000    -0.000000    -0.000000    -0.000000    -0.000000    -0.000000    -0.000000    1.000000    0.000000    0.000000    
105.939237    -0.000000    -0.000000    1.000000    0.000000    0.000000    0.000000    0.000000    0.000000    0.000000    0.000000    0.000000    
109.009781    -0.000000    -0.000000    -0.000000    -0.000000    -0.000000    -0.000000    -0.000000    -0.000000    -0.000000    1.000000    0.000000    
175.684441    -0.000000    1.000000    0.000000    0.000000    0.000000    0.000000    0.000000    0.000000    0.000000    0.000000    0.000000    
179.632283    0.000000    0.000000    0.000000    0.000000    0.000000    0.000000    0.000000    0.000000    0.000000    0.000000    1.000000    
262.975609    1.000000    0.000000    0.000000    0.000000    0.000000    0.000000    0.000000    0.000000    0.000000    0.000000    0.000000    

-1.979203
1.958623    -0.000000    -0.000000    -0.000000    -0.000000    -0.000000    1.000000    0.000000    0.000000    0.000000    0.000000    0.000000    
2.441137    -0.000000    -0.000000    -0.000000    -0.000000    -0.000000    -0.000000    1.000000    0.000000    0.000000    0.000000    0.000000    
19.022072    -0.000000    -0.000000    -0.000000    -0.000000    1.000000    0.000000    0.000000    0.000000    0.000000    0.000000    0.000000    
20.469614    -0.000000    -0.000000    -0.000000    -0.000000    -0.000000    -0.000000    -0.000000    1.000000    0.000000    0.000000    0.000000    
53.631485    -0.000000    -0.000000    -0.000000    1.000000    0.000000    0.000000    0.000000    0.000000    0.000000    0.000000    0.000000    
56.044055    -0.000000    -0.000000    -0.000000    -0.000000    -0.000000    -0.000000    -0.000000    -0.000000    1.000000    0.000000    0.000000    
105.786861    -0.000000    -0.000000    1.000000    0.000000    0.000000    0.000000    0.000000    0.000000    0.000000    0.000000    0.000000    
109.164459    -0.000000    -0.000000    -0.000000    -0.000000    -0.000000    -0.000000    -0.000000    -0.000000    -0.000000    1.000000    0.000000    
175.488201    -0.000000    1.000000    0.000000    0.000000    0.000000    0.000000    0.000000    0.000000    0.000000    0.000000    0.000000    
179.830827    0.000000    0.000000    0.000000    0.000000    0.000000    0.000000    0.000000    0.000000    0.000000    0.000000    1.000000    
262.735504    1.000000    0.000000    0.000000    0.000000    0.000000    0.000000    0.000000    0.000000    0.000000    0.000000    0.000000    

-1.968731
1.937952    -0.000000    -0.000000    -0.000000    -0.000000    -0.000000    1.000000    0.000000    0.000000    0.000000    0.000000    0.000000    
2.464331    -0.000000    -0.000000    -0.000000    -0.000000    -0.000000    -0.000000    1.000000    0.000000    0.000000    0.000000    0.000000    
18.957536    -0.000000    -0.000000    -0.000000    -0.000000    1.000000    0.000000    0.000000    0.000000    0.000000    0.000000    0.000000    
20.536673    -0.000000    -0.000000    -0.000000    -0.000000    -0.000000    -0.000000    -0.000000    1.000000    0.000000    0.000000    0.000000    
53.523084    -0.000000    -0.000000    -0.000000    1.000000    0.000000    0.000000    0.000000    0.000000    0.000000    0.000000    0.000000    
56.154978    -0.000000    -0.000000    -0.000000    -0.000000    -0.000000    -0.000000    -0.000000    -0.000000    1.000000    0.000000    0.000000    
105.634595    -0.000000    -0.000000    1.000000    0.000000    0.000000    0.000000    0.000000    0.000000    0.000000    0.000000    0.000000    
109.319248    -0.000000    -0.000000    -0.000000    -0.000000    -0.000000    -0.000000    -0.000000    -0.000000    -0.000000    1.000000    0.000000    
175.292070    -0.000000    1.000000    0.000000    0.000000    0.000000    0.000000    0.000000    0.000000    0.000000    0.000000    0.000000    
180.029480    0.000000    0.000000    0.000000    0.000000    0.000000    0.000000    0.000000    0.000000    0.000000    0.000000    1.000000    
262.495508    1.000000    0.000000    0.000000    0.000000    0.000000    0.000000    0.000000    0.000000    0.000000    0.000000    0.000000    

-1.958259
1.917390    -0.000000    -0.000000    -0.000000    -0.000000    -0.000000    1.000000    0.000000    0.000000    0.000000    0.000000    0.000000    
2.487634    -0.000000    -0.000000    -0.000000    -0.000000    -0.000000    -0.000000    1.000000    0.000000    0.000000    0.000000    0.000000    
18.893110    -0.000000    -0.000000    -0.000000    -0.000000    1.000000    0.000000    0.000000    0.000000    0.000000    0.000000    0.000000    
20.603841    -0.000000    -0.000000    -0.000000    -0.000000    -0.000000    -0.000000    -0.000000    1.000000    0.000000    0.000000    0.000000    
53.414792    -0.000000    -0.000000    -0.000000    1.000000    0.000000    0.000000    0.000000    0.000000    0.000000    0.000000    0.000000    
56.266012    -0.000000    -0.000000    -0.000000    -0.000000    -0.000000    -0.000000    -0.000000    -0.000000    1.000000    0.000000    0.000000    
105.482439    -0.000000    -0.000000    1.000000    0.000000    0.000000    0.000000    0.000000    0.000000    0.000000    0.000000    0.000000    
109.474145    -0.000000    -0.000000    -0.000000    -0.000000    -0.000000    -0.000000    -0.000000    -0.000000    -0.000000    1.000000    0.000000    
175.096049    -0.000000    1.000000    0.000000    0.000000    0.000000    0.000000    0.000000    0.000000    0.000000    0.000000    0.000000    
180.228243    0.000000    0.000000    0.000000    0.000000    0.000000    0.000000    0.000000    0.000000    0.000000    0.000000    1.000000    
262.255622    1.000000    0.000000    0.000000    0.000000    0.000000    0.000000    0.000000    0.000000    0.000000    0.000000    0.000000    

-1.947787
1.896938    -0.000000    -0.000000    -0.000000    -0.000000    -0.000000    1.000000    0.000000    0.000000    0.000000    0.000000    0.000000    
2.511047    -0.000000    -0.000000    -0.000000    -0.000000    -0.000000    -0.000000    1.000000    0.000000    0.000000    0.000000    0.000000    
18.828793    -0.000000    -0.000000    -0.000000    -0.000000    1.000000    0.000000    0.000000    0.000000    0.000000    0.000000    0.000000    
20.671119    -0.000000    -0.000000    -0.000000    -0.000000    -0.000000    -0.000000    -0.000000    1.000000    0.000000    0.000000    0.000000    
53.306611    -0.000000    -0.000000    -0.000000    1.000000    0.000000    0.000000    0.000000    0.000000    0.000000    0.000000    0.000000    
56.377154    -0.000000    -0.000000    -0.000000    -0.000000    -0.000000    -0.000000    -0.000000    -0.000000    1.000000    0.000000    0.000000    
105.330392    -0.000000    -0.000000    1.000000    0.000000    0.000000    0.000000    0.000000    0.000000    0.000000    0.000000    0.000000    
109.629153    -0.000000    -0.000000    -0.000000    -0.000000    -0.000000    -0.000000    -0.000000    -0.000000    -0.000000    1.000000    0.000000    
174.900137    -0.000000    1.000000    0.000000    0.000000    0.000000    0.000000    0.000000    0.000000    0.000000    0.000000    0.000000    
180.427115    0.000000    0.000000    0.000000    0.000000    0.000000    0.000000    0.000000    0.000000    0.000000    0.000000    1.000000    
262.015845    1.000000    0.000000    0.000000    0.000000    0.000000    0.000000    0.000000    0.000000    0.000000    0.000000    0.000000    

-1.937315
1.876596    -0.000000    -0.000000    -0.000000    -0.000000    -0.000000    1.000000    0.000000    0.000000    0.000000    0.000000    0.000000    
2.534569    -0.000000    -0.000000    -0.000000    -0.000000    -0.000000    -0.000000    1.000000    0.000000    0.000000    0.000000    0.000000    
18.764585    -0.000000    -0.000000    -0.000000    -0.000000    1.000000    0.000000    0.000000    0.000000    0.000000    0.000000    0.000000    
20.738506    -0.000000    -0.000000    -0.000000    -0.000000    -0.000000    -0.000000    -0.000000    1.000000    0.000000    0.000000    0.000000    
53.198539    -0.000000    -0.000000    -0.000000    1.000000    0.000000    0.000000    0.000000    0.000000    0.000000    0.000000    0.000000    
56.488407    -0.000000    -0.000000    -0.000000    -0.000000    -0.000000    -0.000000    -0.000000    -0.000000    1.000000    0.000000    0.000000    
105.178455    -0.000000    -0.000000    1.000000    0.000000    0.000000    0.000000    0.000000    0.000000    0.000000    0.000000    0.000000    
109.784270    -0.000000    -0.000000    -0.000000    -0.000000    -0.000000    -0.000000    -0.000000    -0.000000    -0.000000    1.000000    0.000000    
174.704335    -0.000000    1.000000    0.000000    0.000000    0.000000    0.000000    0.000000    0.000000    0.000000    0.000000    0.000000    
180.626098    0.000000    0.000000    0.000000    0.000000    0.000000    0.000000    0.000000    0.000000    0.000000    0.000000    1.000000    
261.776178    1.000000    0.000000    0.000000    0.000000    0.000000    0.000000    0.000000    0.000000    0.000000    0.000000    0.000000    

-1.926843
1.856363    -0.000000    -0.000000    -0.000000    -0.000000    -0.000000    1.000000    0.000000    0.000000    0.000000    0.000000    0.000000    
2.558201    -0.000000    -0.000000    -0.000000    -0.000000    -0.000000    -0.000000    1.000000    0.000000    0.000000    0.000000    0.000000    
18.700488    -0.000000    -0.000000    -0.000000    -0.000000    1.000000    0.000000    0.000000    0.000000    0.000000    0.000000    0.000000    
20.806003    -0.000000    -0.000000    -0.000000    -0.000000    -0.000000    -0.000000    -0.000000    1.000000    0.000000    0.000000    0.000000    
53.090576    -0.000000    -0.000000    -0.000000    1.000000    0.000000    0.000000    0.000000    0.000000    0.000000    0.000000    0.000000    
56.599769    -0.000000    -0.000000    -0.000000    -0.000000    -0.000000    -0.000000    -0.000000    -0.000000    1.000000    0.000000    0.000000    
105.026628    -0.000000    -0.000000    1.000000    0.000000    0.000000    0.000000    0.000000    0.000000    0.000000    0.000000    0.000000    
109.939497    -0.000000    -0.000000    -0.000000    -0.000000    -0.000000    -0.000000    -0.000000    -0.000000    -0.000000    1.000000    0.000000    
174.508643    -0.000000    1.000000    0.000000    0.000000    0.000000    0.000000    0.000000    0.000000    0.000000    0.000000    0.000000    
180.825189    0.000000    0.000000    0.000000    0.000000    0.000000    0.000000    0.000000    0.000000    0.000000    0.000000    1.000000    
261.536621    1.000000    0.000000    0.000000    0.000000    0.000000    0.000000    0.000000    0.000000    0.000000    0.000000    0.000000    

-1.916372
1.836240    -0.000000    -0.000000    -0.000000    -0.000000    -0.000000    1.000000    0.000000    0.000000    0.000000    0.000000    0.000000    
2.581943    -0.000000    -0.000000    -0.000000    -0.000000    -0.000000    -0.000000    1.000000    0.000000    0.000000    0.000000    0.000000    
18.636500    -0.000000    -0.000000    -0.000000    -0.000000    1.000000    0.000000    0.000000    0.000000    0.000000    0.000000    0.000000    
20.873610    -0.000000    -0.000000    -0.000000    -0.000000    -0.000000    -0.000000    -0.000000    1.000000    0.000000    0.000000    0.000000    
52.982723    -0.000000    -0.000000    -0.000000    1.000000    0.000000    0.000000    0.000000    0.000000    0.000000    0.000000    0.000000    
56.711240    -0.000000    -0.000000    -0.000000    -0.000000    -0.000000    -0.000000    -0.000000    -0.000000    1.000000    0.000000    0.000000    
104.874910    -0.000000    -0.000000    1.000000    0.000000    0.000000    0.000000    0.000000    0.000000    0.000000    0.000000    0.000000    
110.094834    -0.000000    -0.000000    -0.000000    -0.000000    -0.000000    -0.000000    -0.000000    -0.000000    -0.000000    1.000000    0.000000    
174.313060    -0.000000    1.000000    0.000000    0.000000    0.000000    0.000000    0.000000    0.000000    0.000000    0.000000    0.000000    
181.024391    0.000000    0.000000    0.000000    0.000000    0.000000    0.000000    0.000000    0.000000    0.000000    0.000000    1.000000    
261.297173    1.000000    0.000000    0.000000    0.000000    0.000000    0.000000    0.000000    0.000000    0.000000    0.000000    0.000000    

-1.905900
1.816227    -0.000000    -0.000000    -0.000000    -0.000000    -0.000000    1.000000    0.000000    0.000000    0.000000    0.000000    0.000000    
2.605795    -0.000000    -0.000000    -0.000000    -0.000000    -0.000000    -0.000000    1.000000    0.000000    0.000000    0.000000    0.000000    
18.572622    -0.000000    -0.000000    -0.000000    -0.000000    1.000000    0.000000    0.000000    0.000000    0.000000    0.000000    0.000000    
20.941327    -0.000000    -0.000000    -0.000000    -0.000000    -0.000000    -0.000000    -0.000000    1.000000    0.000000    0.000000    0.000000    
52.874980    -0.000000    -0.000000    -0.000000    1.000000    0.000000    0.000000    0.000000    0.000000    0.000000    0.000000    0.000000    
56.822822    -0.000000    -0.000000    -0.000000    -0.000000    -0.000000    -0.000000    -0.000000    -0.000000    1.000000    0.000000    0.000000    
104.723302    -0.000000    -0.000000    1.000000    0.000000    0.000000    0.000000    0.000000    0.000000    0.000000    0.000000    0.000000    
110.250280    -0.000000    -0.000000    -0.000000    -0.000000    -0.000000    -0.000000    -0.000000    -0.000000    -0.000000    1.000000    0.000000    
174.117587    -0.000000    1.000000    0.000000    0.000000    0.000000    0.000000    0.000000    0.000000    0.000000    0.000000    0.000000    
181.223702    0.000000    0.000000    0.000000    0.000000    0.000000    0.000000    0.000000    0.000000    0.000000    0.000000    1.000000    
261.057835    1.000000    0.000000    0.000000    0.000000    0.000000    0.000000    0.000000    0.000000    0.000000    0.000000    0.000000    

-1.895428
1.796323    -0.000000    -0.000000    -0.000000    -0.000000    -0.000000    1.000000    0.000000    0.000000    0.000000    0.000000    0.000000    
2.629756    -0.000000    -0.000000    -0.000000    -0.000000    -0.000000    -0.000000    1.000000    0.000000    0.000000    0.000000    0.000000    
18.508853    -0.000000    -0.000000    -0.000000    -0.000000    1.000000    0.000000    0.000000    0.000000    0.000000    0.000000    0.000000    
21.009153    -0.000000    -0.000000    -0.000000    -0.000000    -0.000000    -0.000000    -0.000000    1.000000    0.000000    0.000000    0.000000    
52.767346    -0.000000    -0.000000    -0.000000    1.000000    0.000000    0.000000    0.000000    0.000000    0.000000    0.000000    0.000000    
56.934513    -0.000000    -0.000000    -0.000000    -0.000000    -0.000000    -0.000000    -0.000000    -0.000000    1.000000    0.000000    0.000000    
104.571803    -0.000000    -0.000000    1.000000    0.000000    0.000000    0.000000    0.000000    0.000000    0.000000    0.000000    0.000000    
110.405836    -0.000000    -0.000000    -0.000000    -0.000000    -0.000000    -0.000000    -0.000000    -0.000000    -0.000000    1.000000    0.000000    
173.922224    -0.000000    1.000000    0.000000    0.000000    0.000000    0.000000    0.000000    0.000000    0.000000    0.000000    0.000000    
181.423123    0.000000    0.000000    0.000000    0.000000    0.000000    0.000000    0.000000    0.000000    0.000000    0.000000    1.000000    
260.818607    1.000000    0.000000    0.000000    0.000000    0.000000    0.000000    0.000000    0.000000    0.000000    0.000000    0.000000    

-1.884956
1.776529    -0.000000    -0.000000    -0.000000    -0.000000    -0.000000    1.000000    0.000000    0.000000    0.000000    0.000000    0.000000    
2.653827    -0.000000    -0.000000    -0.000000    -0.000000    -0.000000    -0.000000    1.000000    0.000000    0.000000    0.000000    0.000000    
18.445194    -0.000000    -0.000000    -0.000000    -0.000000    1.000000    0.000000    0.000000    0.000000    0.000000    0.000000    0.000000    
21.077089    -0.000000    -0.000000    -0.000000    -0.000000    -0.000000    -0.000000    -0.000000    1.000000    0.000000    0.000000    0.000000    
52.659823    -0.000000    -0.000000    -0.000000    1.000000    0.000000    0.000000    0.000000    0.000000    0.000000    0.000000    0.000000    
57.046313    -0.000000    -0.000000    -0.000000    -0.000000    -0.000000    -0.000000    -0.000000    -0.000000    1.000000    0.000000    0.000000    
104.420415    -0.000000    -0.000000    1.000000    0.000000    0.000000    0.000000    0.000000    0.000000    0.000000    0.000000    0.000000    
110.561502    -0.000000    -0.000000    -0.000000    -0.000000    -0.000000    -0.000000    -0.000000    -0.000000    -0.000000    1.000000    0.000000    
173.726970    -0.000000    1.000000    0.000000    0.000000    0.000000    0.000000    0.000000    0.000000    0.000000    0.000000    0.000000    
181.622653    0.000000    0.000000    0.000000    0.000000    0.000000    0.000000    0.000000    0.000000    0.000000    0.000000    1.000000    
260.579489    1.000000    0.000000    0.000000    0.000000    0.000000    0.000000    0.000000    0.000000    0.000000    0.000000    0.000000    

-1.874484
1.756844    -0.000000    -0.000000    -0.000000    -0.000000    -0.000000    1.000000    0.000000    0.000000    0.000000    0.000000    0.000000    
2.678007    -0.000000    -0.000000    -0.000000    -0.000000    -0.000000    -0.000000    1.000000    0.000000    0.000000    0.000000    0.000000    
18.381645    -0.000000    -0.000000    -0.000000    -0.000000    1.000000    0.000000    0.000000    0.000000    0.000000    0.000000    0.000000    
21.145134    -0.000000    -0.000000    -0.000000    -0.000000    -0.000000    -0.000000    -0.000000    1.000000    0.000000    0.000000    0.000000    
52.552408    -0.000000    -0.000000    -0.000000    1.000000    0.000000    0.000000    0.000000    0.000000    0.000000    0.000000    0.000000    
57.158224    -0.000000    -0.000000    -0.000000    -0.000000    -0.000000    -0.000000    -0.000000    -0.000000    1.000000    0.000000    0.000000    
104.269135    -0.000000    -0.000000    1.000000    0.000000    0.000000    0.000000    0.000000    0.000000    0.000000    0.000000    0.000000    
110.717277    -0.000000    -0.000000    -0.000000    -0.000000    -0.000000    -0.000000    -0.000000    -0.000000    -0.000000    1.000000    0.000000    
173.531826    -0.000000    1.000000    0.000000    0.000000    0.000000    0.000000    0.000000    0.000000    0.000000    0.000000    0.000000    
181.822294    0.000000    0.000000    0.000000    0.000000    0.000000    0.000000    0.000000    0.000000    0.000000    0.000000    1.000000    
260.340480    1.000000    0.000000    0.000000    0.000000    0.000000    0.000000    0.000000    0.000000    0.000000    0.000000    0.000000    

-1.864012
1.737270    -0.000000    -0.000000    -0.000000    -0.000000    -0.000000    1.000000    0.000000    0.000000    0.000000    0.000000    0.000000    
2.702298    -0.000000    -0.000000    -0.000000    -0.000000    -0.000000    -0.000000    1.000000    0.000000    0.000000    0.000000    0.000000    
18.318205    -0.000000    -0.000000    -0.000000    -0.000000    1.000000    0.000000    0.000000    0.000000    0.000000    0.000000    0.000000    
21.213289    -0.000000    -0.000000    -0.000000    -0.000000    -0.000000    -0.000000    -0.000000    1.000000    0.000000    0.000000    0.000000    
52.445104    -0.000000    -0.000000    -0.000000    1.000000    0.000000    0.000000    0.000000    0.000000    0.000000    0.000000    0.000000    
57.270244    -0.000000    -0.000000    -0.000000    -0.000000    -0.000000    -0.000000    -0.000000    -0.000000    1.000000    0.000000    0.000000    
104.117966    -0.000000    -0.000000    1.000000    0.000000    0.000000    0.000000    0.000000    0.000000    0.000000    0.000000    0.000000    
110.873162    -0.000000    -0.000000    -0.000000    -0.000000    -0.000000    -0.000000    -0.000000    -0.000000    -0.000000    1.000000    0.000000    
173.336792    -0.000000    1.000000    0.000000    0.000000    0.000000    0.000000    0.000000    0.000000    0.000000    0.000000    0.000000    
182.022043    0.000000    0.000000    0.000000    0.000000    0.000000    0.000000    0.000000    0.000000    0.000000    0.000000    1.000000    
260.101580    1.000000    0.000000    0.000000    0.000000    0.000000    0.000000    0.000000    0.000000    0.000000    0.000000    0.000000    

-1.853540
1.717805    -0.000000    -0.000000    -0.000000    -0.000000    -0.000000    1.000000    0.000000    0.000000    0.000000    0.000000    0.000000    
2.726698    -0.000000    -0.000000    -0.000000    -0.000000    -0.000000    -0.000000    1.000000    0.000000    0.000000    0.000000    0.000000    
18.254875    -0.000000    -0.000000    -0.000000    -0.000000    1.000000    0.000000    0.000000    0.000000    0.000000    0.000000    0.000000    
21.281554    -0.000000    -0.000000    -0.000000    -0.000000    -0.000000    -0.000000    -0.000000    1.000000    0.000000    0.000000    0.000000    
52.337909    -0.000000    -0.000000    -0.000000    1.000000    0.000000    0.000000    0.000000    0.000000    0.000000    0.000000    0.000000    
57.382373    -0.000000    -0.000000    -0.000000    -0.000000    -0.000000    -0.000000    -0.000000    -0.000000    1.000000    0.000000    0.000000    
103.966906    -0.000000    -0.000000    1.000000    0.000000    0.000000    0.000000    0.000000    0.000000    0.000000    0.000000    0.000000    
111.029157    -0.000000    -0.000000    -0.000000    -0.000000    -0.000000    -0.000000    -0.000000    -0.000000    -0.000000    1.000000    0.000000    
173.141867    -0.000000    1.000000    0.000000    0.000000    0.000000    0.000000    0.000000    0.000000    0.000000    0.000000    0.000000    
182.221903    0.000000    0.000000    0.000000    0.000000    0.000000    0.000000    0.000000    0.000000    0.000000    0.000000    1.000000    
259.862791    1.000000    0.000000    0.000000    0.000000    0.000000    0.000000    0.000000    0.000000    0.000000    0.000000    0.000000    

-1.843068
1.698449    -0.000000    -0.000000    -0.000000    -0.000000    -0.000000    1.000000    0.000000    0.000000    0.000000    0.000000    0.000000    
2.751207    -0.000000    -0.000000    -0.000000    -0.000000    -0.000000    -0.000000    1.000000    0.000000    0.000000    0.000000    0.000000    
18.191655    -0.000000    -0.000000    -0.000000    -0.000000    1.000000    0.000000    0.000000    0.000000    0.000000    0.000000    0.000000    
21.349928    -0.000000    -0.000000    -0.000000    -0.000000    -0.000000    -0.000000    -0.000000    1.000000    0.000000    0.000000    0.000000    
52.230824    -0.000000    -0.000000    -0.000000    1.000000    0.000000    0.000000    0.000000    0.000000    0.000000    0.000000    0.000000    
57.494613    -0.000000    -0.000000    -0.000000    -0.000000    -0.000000    -0.000000    -0.000000    -0.000000    1.000000    0.000000    0.000000    
103.815956    -0.000000    -0.000000    1.000000    0.000000    0.000000    0.000000    0.000000    0.000000    0.000000    0.000000    0.000000    
111.185261    -0.000000    -0.000000    -0.000000    -0.000000    -0.000000    -0.000000    -0.000000    -0.000000    -0.000000    1.000000    0.000000    
172.947052    -0.000000    1.000000    0.000000    0.000000    0.000000    0.000000    0.000000    0.000000    0.000000    0.000000    0.000000    
182.421872    0.000000    0.000000    0.000000    0.000000    0.000000    0.000000    0.000000    0.000000    0.000000    0.000000    1.000000    
259.624111    1.000000    0.000000    0.000000    0.000000    0.000000    0.000000    0.000000    0.000000    0.000000    0.000000    0.000000    

-1.832596
1.679204    -0.000000    -0.000000    -0.000000    -0.000000    -0.000000    1.000000    0.000000    0.000000    0.000000    0.000000    0.000000    
2.775826    -0.000000    -0.000000    -0.000000    -0.000000    -0.000000    -0.000000    1.000000    0.000000    0.000000    0.000000    0.000000    
18.128544    -0.000000    -0.000000    -0.000000    -0.000000    1.000000    0.000000    0.000000    0.000000    0.000000    0.000000    0.000000    
21.418412    -0.000000    -0.000000    -0.000000    -0.000000    -0.000000    -0.000000    -0.000000    1.000000    0.000000    0.000000    0.000000    
52.123848    -0.000000    -0.000000    -0.000000    1.000000    0.000000    0.000000    0.000000    0.000000    0.000000    0.000000    0.000000    
57.606962    -0.000000    -0.000000    -0.000000    -0.000000    -0.000000    -0.000000    -0.000000    -0.000000    1.000000    0.000000    0.000000    
103.665116    -0.000000    -0.000000    1.000000    0.000000    0.000000    0.000000    0.000000    0.000000    0.000000    0.000000    0.000000    
111.341475    -0.000000    -0.000000    -0.000000    -0.000000    -0.000000    -0.000000    -0.000000    -0.000000    -0.000000    1.000000    0.000000    
172.752346    -0.000000    1.000000    0.000000    0.000000    0.000000    0.000000    0.000000    0.000000    0.000000    0.000000    0.000000    
182.621951    0.000000    0.000000    0.000000    0.000000    0.000000    0.000000    0.000000    0.000000    0.000000    0.000000    1.000000    
259.385541    1.000000    0.000000    0.000000    0.000000    0.000000    0.000000    0.000000    0.000000    0.000000    0.000000    0.000000    

-1.822124
1.660067    -0.000000    -0.000000    -0.000000    -0.000000    -0.000000    1.000000    0.000000    0.000000    0.000000    0.000000    0.000000    
2.800555    -0.000000    -0.000000    -0.000000    -0.000000    -0.000000    -0.000000    1.000000    0.000000    0.000000    0.000000    0.000000    
18.065543    -0.000000    -0.000000    -0.000000    -0.000000    1.000000    0.000000    0.000000    0.000000    0.000000    0.000000    0.000000    
21.487006    -0.000000    -0.000000    -0.000000    -0.000000    -0.000000    -0.000000    -0.000000    1.000000    0.000000    0.000000    0.000000    
52.016982    -0.000000    -0.000000    -0.000000    1.000000    0.000000    0.000000    0.000000    0.000000    0.000000    0.000000    0.000000    
57.719420    -0.000000    -0.000000    -0.000000    -0.000000    -0.000000    -0.000000    -0.000000    -0.000000    1.000000    0.000000    0.000000    
103.514385    -0.000000    -0.000000    1.000000    0.000000    0.000000    0.000000    0.000000    0.000000    0.000000    0.000000    0.000000    
111.497798    -0.000000    -0.000000    -0.000000    -0.000000    -0.000000    -0.000000    -0.000000    -0.000000    -0.000000    1.000000    0.000000    
172.557751    -0.000000    1.000000    0.000000    0.000000    0.000000    0.000000    0.000000    0.000000    0.000000    0.000000    0.000000    
182.822139    0.000000    0.000000    0.000000    0.000000    0.000000    0.000000    0.000000    0.000000    0.000000    0.000000    1.000000    
259.147080    1.000000    0.000000    0.000000    0.000000    0.000000    0.000000    0.000000    0.000000    0.000000    0.000000    0.000000    

-1.811652
1.641041    -0.000000    -0.000000    -0.000000    -0.000000    -0.000000    1.000000    0.000000    0.000000    0.000000    0.000000    0.000000    
2.825394    -0.000000    -0.000000    -0.000000    -0.000000    -0.000000    -0.000000    1.000000    0.000000    0.000000    0.000000    0.000000    
18.002652    -0.000000    -0.000000    -0.000000    -0.000000    1.000000    0.000000    0.000000    0.000000    0.000000    0.000000    0.000000    
21.555709    -0.000000    -0.000000    -0.000000    -0.000000    -0.000000    -0.000000    -0.000000    1.000000    0.000000    0.000000    0.000000    
51.910226    -0.000000    -0.000000    -0.000000    1.000000    0.000000    0.000000    0.000000    0.000000    0.000000    0.000000    0.000000    
57.831989    -0.000000    -0.000000    -0.000000    -0.000000    -0.000000    -0.000000    -0.000000    -0.000000    1.000000    0.000000    0.000000    
103.363764    -0.000000    -0.000000    1.000000    0.000000    0.000000    0.000000    0.000000    0.000000    0.000000    0.000000    0.000000    
111.654231    -0.000000    -0.000000    -0.000000    -0.000000    -0.000000    -0.000000    -0.000000    -0.000000    -0.000000    1.000000    0.000000    
172.363265    -0.000000    1.000000    0.000000    0.000000    0.000000    0.000000    0.000000    0.000000    0.000000    0.000000    0.000000    
183.022437    0.000000    0.000000    0.000000    0.000000    0.000000    0.000000    0.000000    0.000000    0.000000    0.000000    1.000000    
258.908729    1.000000    0.000000    0.000000    0.000000    0.000000    0.000000    0.000000    0.000000    0.000000    0.000000    0.000000    

-1.801180
1.622124    -0.000000    -0.000000    -0.000000    -0.000000    -0.000000    1.000000    0.000000    0.000000    0.000000    0.000000    0.000000    
2.850342    -0.000000    -0.000000    -0.000000    -0.000000    -0.000000    -0.000000    1.000000    0.000000    0.000000    0.000000    0.000000    
17.939870    -0.000000    -0.000000    -0.000000    -0.000000    1.000000    0.000000    0.000000    0.000000    0.000000    0.000000    0.000000    
21.624523    -0.000000    -0.000000    -0.000000    -0.000000    -0.000000    -0.000000    -0.000000    1.000000    0.000000    0.000000    0.000000    
51.803580    -0.000000    -0.000000    -0.000000    1.000000    0.000000    0.000000    0.000000    0.000000    0.000000    0.000000    0.000000    
57.944667    -0.000000    -0.000000    -0.000000    -0.000000    -0.000000    -0.000000    -0.000000    -0.000000    1.000000    0.000000    0.000000    
103.213252    -0.000000    -0.000000    1.000000    0.000000    0.000000    0.000000    0.000000    0.000000    0.000000    0.000000    0.000000    
111.810774    -0.000000    -0.000000    -0.000000    -0.000000    -0.000000    -0.000000    -0.000000    -0.000000    -0.000000    1.000000    0.000000    
172.168888    -0.000000    1.000000    0.000000    0.000000    0.000000    0.000000    0.000000    0.000000    0.000000    0.000000    0.000000    
183.222845    0.000000    0.000000    0.000000    0.000000    0.000000    0.000000    0.000000    0.000000    0.000000    0.000000    1.000000    
258.670488    1.000000    0.000000    0.000000    0.000000    0.000000    0.000000    0.000000    0.000000    0.000000    0.000000    0.000000    

-1.790708
1.603317    -0.000000    -0.000000    -0.000000    -0.000000    -0.000000    1.000000    0.000000    0.000000    0.000000    0.000000    0.000000    
2.875400    -0.000000    -0.000000    -0.000000    -0.000000    -0.000000    -0.000000    1.000000    0.000000    0.000000    0.000000    0.000000    
17.877198    -0.000000    -0.000000    -0.000000    -0.000000    1.000000    0.000000    0.000000    0.000000    0.000000    0.000000    0.000000    
21.693445    -0.000000    -0.000000    -0.000000    -0.000000    -0.000000    -0.000000    -0.000000    1.000000    0.000000    0.000000    0.000000    
51.697043    -0.000000    -0.000000    -0.000000    1.000000    0.000000    0.000000    0.000000    0.000000    0.000000    0.000000    0.000000    
58.057454    -0.000000    -0.000000    -0.000000    -0.000000    -0.000000    -0.000000    -0.000000    -0.000000    1.000000    0.000000    0.000000    
103.062850    -0.000000    -0.000000    1.000000    0.000000    0.000000    0.000000    0.000000    0.000000    0.000000    0.000000    0.000000    
111.967427    -0.000000    -0.000000    -0.000000    -0.000000    -0.000000    -0.000000    -0.000000    -0.000000    -0.000000    1.000000    0.000000    
171.974622    -0.000000    1.000000    0.000000    0.000000    0.000000    0.000000    0.000000    0.000000    0.000000    0.000000    0.000000    
183.423363    0.000000    0.000000    0.000000    0.000000    0.000000    0.000000    0.000000    0.000000    0.000000    0.000000    1.000000    
258.432356    1.000000    0.000000    0.000000    0.000000    0.000000    0.000000    0.000000    0.000000    0.000000    0.000000    0.000000    

-1.780236
1.584620    -0.000000    -0.000000    -0.000000    -0.000000    -0.000000    1.000000    0.000000    0.000000    0.000000    0.000000    0.000000    
2.900567    -0.000000    -0.000000    -0.000000    -0.000000    -0.000000    -0.000000    1.000000    0.000000    0.000000    0.000000    0.000000    
17.814636    -0.000000    -0.000000    -0.000000    -0.000000    1.000000    0.000000    0.000000    0.000000    0.000000    0.000000    0.000000    
21.762478    -0.000000    -0.000000    -0.000000    -0.000000    -0.000000    -0.000000    -0.000000    1.000000    0.000000    0.000000    0.000000    
51.590615    -0.000000    -0.000000    -0.000000    1.000000    0.000000    0.000000    0.000000    0.000000    0.000000    0.000000    0.000000    
58.170352    -0.000000    -0.000000    -0.000000    -0.000000    -0.000000    -0.000000    -0.000000    -0.000000    1.000000    0.000000    0.000000    
102.912558    -0.000000    -0.000000    1.000000    0.000000    0.000000    0.000000    0.000000    0.000000    0.000000    0.000000    0.000000    
112.124189    -0.000000    -0.000000    -0.000000    -0.000000    -0.000000    -0.000000    -0.000000    -0.000000    -0.000000    1.000000    0.000000    
171.780465    -0.000000    1.000000    0.000000    0.000000    0.000000    0.000000    0.000000    0.000000    0.000000    0.000000    0.000000    
183.623990    0.000000    0.000000    0.000000    0.000000    0.000000    0.000000    0.000000    0.000000    0.000000    0.000000    1.000000    
258.194334    1.000000    0.000000    0.000000    0.000000    0.000000    0.000000    0.000000    0.000000    0.000000    0.000000    0.000000    

-1.769764
1.566032    -0.000000    -0.000000    -0.000000    -0.000000    -0.000000    1.000000    0.000000    0.000000    0.000000    0.000000    0.000000    
2.925844    -0.000000    -0.000000    -0.000000    -0.000000    -0.000000    -0.000000    1.000000    0.000000    0.000000    0.000000    0.000000    
17.752183    -0.000000    -0.000000    -0.000000    -0.000000    1.000000    0.000000    0.000000    0.000000    0.000000    0.000000    0.000000    
21.831620    -0.000000    -0.000000    -0.000000    -0.000000    -0.000000    -0.000000    -0.000000    1.000000    0.000000    0.000000    0.000000    
51.484298    -0.000000    -0.000000    -0.000000    1.000000    0.000000    0.000000    0.000000    0.000000    0.000000    0.000000    0.000000    
58.283359    -0.000000    -0.000000    -0.000000    -0.000000    -0.000000    -0.000000    -0.000000    -0.000000    1.000000    0.000000    0.000000    
102.762376    -0.000000    -0.000000    1.000000    0.000000    0.000000    0.000000    0.000000    0.000000    0.000000    0.000000    0.000000    
112.281061    -0.000000    -0.000000    -0.000000    -0.000000    -0.000000    -0.000000    -0.000000    -0.000000    -0.000000    1.000000    0.000000    
171.586417    -0.000000    1.000000    0.000000    0.000000    0.000000    0.000000    0.000000    0.000000    0.000000    0.000000    0.000000    
183.824727    0.000000    0.000000    0.000000    0.000000    0.000000    0.000000    0.000000    0.000000    0.000000    0.000000    1.000000    
257.956422    1.000000    0.000000    0.000000    0.000000    0.000000    0.000000    0.000000    0.000000    0.000000    0.000000    0.000000    

-1.759292
1.547554    -0.000000    -0.000000    -0.000000    -0.000000    -0.000000    1.000000    0.000000    0.000000    0.000000    0.000000    0.000000    
2.951231    -0.000000    -0.000000    -0.000000    -0.000000    -0.000000    -0.000000    1.000000    0.000000    0.000000    0.000000    0.000000    
17.689840    -0.000000    -0.000000    -0.000000    -0.000000    1.000000    0.000000    0.000000    0.000000    0.000000    0.000000    0.000000    
21.900871    -0.000000    -0.000000    -0.000000    -0.000000    -0.000000    -0.000000    -0.000000    1.000000    0.000000    0.000000    0.000000    
51.378090    -0.000000    -0.000000    -0.000000    1.000000    0.000000    0.000000    0.000000    0.000000    0.000000    0.000000    0.000000    
58.396475    -0.000000    -0.000000    -0.000000    -0.000000    -0.000000    -0.000000    -0.000000    -0.000000    1.000000    0.000000    0.000000    
102.612303    -0.000000    -0.000000    1.000000    0.000000    0.000000    0.000000    0.000000    0.000000    0.000000    0.000000    0.000000    
112.438043    -0.000000    -0.000000    -0.000000    -0.000000    -0.000000    -0.000000    -0.000000    -0.000000    -0.000000    1.000000    0.000000    
171.392479    -0.000000    1.000000    0.000000    0.000000    0.000000    0.000000    0.000000    0.000000    0.000000    0.000000    0.000000    
184.025573    0.000000    0.000000    0.000000    0.000000    0.000000    0.000000    0.000000    0.000000    0.000000    0.000000    1.000000    
257.718619    1.000000    0.000000    0.000000    0.000000    0.000000    0.000000    0.000000    0.000000    0.000000    0.000000    0.000000    

-1.748820
1.529186    -0.000000    -0.000000    -0.000000    -0.000000    -0.000000    1.000000    0.000000    0.000000    0.000000    0.000000    0.000000    
2.976728    -0.000000    -0.000000    -0.000000    -0.000000    -0.000000    -0.000000    1.000000    0.000000    0.000000    0.000000    0.000000    
17.627607    -0.000000    -0.000000    -0.000000    -0.000000    1.000000    0.000000    0.000000    0.000000    0.000000    0.000000    0.000000    
21.970233    -0.000000    -0.000000    -0.000000    -0.000000    -0.000000    -0.000000    -0.000000    1.000000    0.000000    0.000000    0.000000    
51.271992    -0.000000    -0.000000    -0.000000    1.000000    0.000000    0.000000    0.000000    0.000000    0.000000    0.000000    0.000000    
58.509702    -0.000000    -0.000000    -0.000000    -0.000000    -0.000000    -0.000000    -0.000000    -0.000000    1.000000    0.000000    0.000000    
102.462340    -0.000000    -0.000000    1.000000    0.000000    0.000000    0.000000    0.000000    0.000000    0.000000    0.000000    0.000000    
112.595134    -0.000000    -0.000000    -0.000000    -0.000000    -0.000000    -0.000000    -0.000000    -0.000000    -0.000000    1.000000    0.000000    
171.198651    -0.000000    1.000000    0.000000    0.000000    0.000000    0.000000    0.000000    0.000000    0.000000    0.000000    0.000000    
184.226529    0.000000    0.000000    0.000000    0.000000    0.000000    0.000000    0.000000    0.000000    0.000000    0.000000    1.000000    
257.480926    1.000000    0.000000    0.000000    0.000000    0.000000    0.000000    0.000000    0.000000    0.000000    0.000000    0.000000    

-1.738348
1.510927    -0.000000    -0.000000    -0.000000    -0.000000    -0.000000    1.000000    0.000000    0.000000    0.000000    0.000000    0.000000    
3.002334    -0.000000    -0.000000    -0.000000    -0.000000    -0.000000    -0.000000    1.000000    0.000000    0.000000    0.000000    0.000000    
17.565483    -0.000000    -0.000000    -0.000000    -0.000000    1.000000    0.000000    0.000000    0.000000    0.000000    0.000000    0.000000    
22.039704    -0.000000    -0.000000    -0.000000    -0.000000    -0.000000    -0.000000    -0.000000    1.000000    0.000000    0.000000    0.000000    
51.166003    -0.000000    -0.000000    -0.000000    1.000000    0.000000    0.000000    0.000000    0.000000    0.000000    0.000000    0.000000    
58.623038    -0.000000    -0.000000    -0.000000    -0.000000    -0.000000    -0.000000    -0.000000    -0.000000    1.000000    0.000000    0.000000    
102.312486    -0.000000    -0.000000    1.000000    0.000000    0.000000    0.000000    0.000000    0.000000    0.000000    0.000000    0.000000    
112.752335    -0.000000    -0.000000    -0.000000    -0.000000    -0.000000    -0.000000    -0.000000    -0.000000    -0.000000    1.000000    0.000000    
171.004933    -0.000000    1.000000    0.000000    0.000000    0.000000    0.000000    0.000000    0.000000    0.000000    0.000000    0.000000    
184.427595    0.000000    0.000000    0.000000    0.000000    0.000000    0.000000    0.000000    0.000000    0.000000    0.000000    1.000000    
257.243343    1.000000    0.000000    0.000000    0.000000    0.000000    0.000000    0.000000    0.000000    0.000000    0.000000    0.000000    

-1.727876
1.492778    -0.000000    -0.000000    -0.000000    -0.000000    -0.000000    1.000000    0.000000    0.000000    0.000000    0.000000    0.000000    
3.028049    -0.000000    -0.000000    -0.000000    -0.000000    -0.000000    -0.000000    1.000000    0.000000    0.000000    0.000000    0.000000    
17.503469    -0.000000    -0.000000    -0.000000    -0.000000    1.000000    0.000000    0.000000    0.000000    0.000000    0.000000    0.000000    
22.109285    -0.000000    -0.000000    -0.000000    -0.000000    -0.000000    -0.000000    -0.000000    1.000000    0.000000    0.000000    0.000000    
51.060124    -0.000000    -0.000000    -0.000000    1.000000    0.000000    0.000000    0.000000    0.000000    0.000000    0.000000    0.000000    
58.736483    -0.000000    -0.000000    -0.000000    -0.000000    -0.000000    -0.000000    -0.000000    -0.000000    1.000000    0.000000    0.000000    
102.162743    -0.000000    -0.000000    1.000000    0.000000    0.000000    0.000000    0.000000    0.000000    0.000000    0.000000    0.000000    
112.909645    -0.000000    -0.000000    -0.000000    -0.000000    -0.000000    -0.000000    -0.000000    -0.000000    -0.000000    1.000000    0.000000    
170.811324    -0.000000    1.000000    0.000000    0.000000    0.000000    0.000000    0.000000    0.000000    0.000000    0.000000    0.000000    
184.628770    0.000000    0.000000    0.000000    0.000000    0.000000    0.000000    0.000000    0.000000    0.000000    0.000000    1.000000    
257.005869    1.000000    0.000000    0.000000    0.000000    0.000000    0.000000    0.000000    0.000000    0.000000    0.000000    0.000000    

-1.717404
1.474738    -0.000000    -0.000000    -0.000000    -0.000000    -0.000000    1.000000    0.000000    0.000000    0.000000    0.000000    0.000000    
3.053875    -0.000000    -0.000000    -0.000000    -0.000000    -0.000000    -0.000000    1.000000    0.000000    0.000000    0.000000    0.000000    
17.441565    -0.000000    -0.000000    -0.000000    -0.000000    1.000000    0.000000    0.000000    0.000000    0.000000    0.000000    0.000000    
22.178975    -0.000000    -0.000000    -0.000000    -0.000000    -0.000000    -0.000000    -0.000000    1.000000    0.000000    0.000000    0.000000    
50.954355    -0.000000    -0.000000    -0.000000    1.000000    0.000000    0.000000    0.000000    0.000000    0.000000    0.000000    0.000000    
58.850038    -0.000000    -0.000000    -0.000000    -0.000000    -0.000000    -0.000000    -0.000000    -0.000000    1.000000    0.000000    0.000000    
102.013108    -0.000000    -0.000000    1.000000    0.000000    0.000000    0.000000    0.000000    0.000000    0.000000    0.000000    0.000000    
113.067065    -0.000000    -0.000000    -0.000000    -0.000000    -0.000000    -0.000000    -0.000000    -0.000000    -0.000000    1.000000    0.000000    
170.617825    -0.000000    1.000000    0.000000    0.000000    0.000000    0.000000    0.000000    0.000000    0.000000    0.000000    0.000000    
184.830056    0.000000    0.000000    0.000000    0.000000    0.000000    0.000000    0.000000    0.000000    0.000000    0.000000    1.000000    
256.768505    1.000000    0.000000    0.000000    0.000000    0.000000    0.000000    0.000000    0.000000    0.000000    0.000000    0.000000    

-1.706932
1.456808    -0.000000    -0.000000    -0.000000    -0.000000    -0.000000    1.000000    0.000000    0.000000    0.000000    0.000000    0.000000    
3.079810    -0.000000    -0.000000    -0.000000    -0.000000    -0.000000    -0.000000    1.000000    0.000000    0.000000    0.000000    0.000000    
17.379770    -0.000000    -0.000000    -0.000000    -0.000000    1.000000    0.000000    0.000000    0.000000    0.000000    0.000000    0.000000    
22.248775    -0.000000    -0.000000    -0.000000    -0.000000    -0.000000    -0.000000    -0.000000    1.000000    0.000000    0.000000    0.000000    
50.848695    -0.000000    -0.000000    -0.000000    1.000000    0.000000    0.000000    0.000000    0.000000    0.000000    0.000000    0.000000    
58.963703    -0.000000    -0.000000    -0.000000    -0.000000    -0.000000    -0.000000    -0.000000    -0.000000    1.000000    0.000000    0.000000    
101.863584    -0.000000    -0.000000    1.000000    0.000000    0.000000    0.000000    0.000000    0.000000    0.000000    0.000000    0.000000    
113.224595    -0.000000    -0.000000    -0.000000    -0.000000    -0.000000    -0.000000    -0.000000    -0.000000    -0.000000    1.000000    0.000000    
170.424436    -0.000000    1.000000    0.000000    0.000000    0.000000    0.000000    0.000000    0.000000    0.000000    0.000000    0.000000    
185.031450    0.000000    0.000000    0.000000    0.000000    0.000000    0.000000    0.000000    0.000000    0.000000    0.000000    1.000000    
256.531251    1.000000    0.000000    0.000000    0.000000    0.000000    0.000000    0.000000    0.000000    0.000000    0.000000    0.000000    

-1.696460
1.438988    -0.000000    -0.000000    -0.000000    -0.000000    -0.000000    1.000000    0.000000    0.000000    0.000000    0.000000    0.000000    
3.105855    -0.000000    -0.000000    -0.000000    -0.000000    -0.000000    -0.000000    1.000000    0.000000    0.000000    0.000000    0.000000    
17.318085    -0.000000    -0.000000    -0.000000    -0.000000    1.000000    0.000000    0.000000    0.000000    0.000000    0.000000    0.000000    
22.318685    -0.000000    -0.000000    -0.000000    -0.000000    -0.000000    -0.000000    -0.000000    1.000000    0.000000    0.000000    0.000000    
50.743145    -0.000000    -0.000000    -0.000000    1.000000    0.000000    0.000000    0.000000    0.000000    0.000000    0.000000    0.000000    
59.077478    -0.000000    -0.000000    -0.000000    -0.000000    -0.000000    -0.000000    -0.000000    -0.000000    1.000000    0.000000    0.000000    
101.714169    -0.000000    -0.000000    1.000000    0.000000    0.000000    0.000000    0.000000    0.000000    0.000000    0.000000    0.000000    
113.382235    -0.000000    -0.000000    -0.000000    -0.000000    -0.000000    -0.000000    -0.000000    -0.000000    -0.000000    1.000000    0.000000    
170.231156    -0.000000    1.000000    0.000000    0.000000    0.000000    0.000000    0.000000    0.000000    0.000000    0.000000    0.000000    
185.232955    0.000000    0.000000    0.000000    0.000000    0.000000    0.000000    0.000000    0.000000    0.000000    0.000000    1.000000    
256.294106    1.000000    0.000000    0.000000    0.000000    0.000000    0.000000    0.000000    0.000000    0.000000    0.000000    0.000000    

-1.685988
1.421278    -0.000000    -0.000000    -0.000000    -0.000000    -0.000000    1.000000    0.000000    0.000000    0.000000    0.000000    0.000000    
3.132009    -0.000000    -0.000000    -0.000000    -0.000000    -0.000000    -0.000000    1.000000    0.000000    0.000000    0.000000    0.000000    
17.256510    -0.000000    -0.000000    -0.000000    -0.000000    1.000000    0.000000    0.000000    0.000000    0.000000    0.000000    0.000000    
22.388704    -0.000000    -0.000000    -0.000000    -0.000000    -0.000000    -0.000000    -0.000000    1.000000    0.000000    0.000000    0.000000    
50.637705    -0.000000    -0.000000    -0.000000    1.000000    0.000000    0.000000    0.000000    0.000000    0.000000    0.000000    0.000000    
59.191362    -0.000000    -0.000000    -0.000000    -0.000000    -0.000000    -0.000000    -0.000000    -0.000000    1.000000    0.000000    0.000000    
101.564864    -0.000000    -0.000000    1.000000    0.000000    0.000000    0.000000    0.000000    0.000000    0.000000    0.000000    0.000000    
113.539984    -0.000000    -0.000000    -0.000000    -0.000000    -0.000000    -0.000000    -0.000000    -0.000000    -0.000000    1.000000    0.000000    
170.037986    -0.000000    1.000000    0.000000    0.000000    0.000000    0.000000    0.000000    0.000000    0.000000    0.000000    0.000000    
185.434569    0.000000    0.000000    0.000000    0.000000    0.000000    0.000000    0.000000    0.000000    0.000000    0.000000    1.000000    
256.057071    1.000000    0.000000    0.000000    0.000000    0.000000    0.000000    0.000000    0.000000    0.000000    0.000000    0.000000    

-1.675516
1.403677    -0.000000    -0.000000    -0.000000    -0.000000    -0.000000    1.000000    0.000000    0.000000    0.000000    0.000000    0.000000    
3.158273    -0.000000    -0.000000    -0.000000    -0.000000    -0.000000    -0.000000    1.000000    0.000000    0.000000    0.000000    0.000000    
17.195044    -0.000000    -0.000000    -0.000000    -0.000000    1.000000    0.000000    0.000000    0.000000    0.000000    0.000000    0.000000    
22.458833    -0.000000    -0.000000    -0.000000    -0.000000    -0.000000    -0.000000    -0.000000    1.000000    0.000000    0.000000    0.000000    
50.532375    -0.000000    -0.000000    -0.000000    1.000000    0.000000    0.000000    0.000000    0.000000    0.000000    0.000000    0.000000    
59.305356    -0.000000    -0.000000    -0.000000    -0.000000    -0.000000    -0.000000    -0.000000    -0.000000    1.000000    0.000000    0.000000    
101.415668    -0.000000    -0.000000    1.000000    0.000000    0.000000    0.000000    0.000000    0.000000    0.000000    0.000000    0.000000    
113.697843    -0.000000    -0.000000    -0.000000    -0.000000    -0.000000    -0.000000    -0.000000    -0.000000    -0.000000    1.000000    0.000000    
169.844926    -0.000000    1.000000    0.000000    0.000000    0.000000    0.000000    0.000000    0.000000    0.000000    0.000000    0.000000    
185.636293    0.000000    0.000000    0.000000    0.000000    0.000000    0.000000    0.000000    0.000000    0.000000    0.000000    1.000000    
255.820146    1.000000    0.000000    0.000000    0.000000    0.000000    0.000000    0.000000    0.000000    0.000000    0.000000    0.000000    

-1.665044
1.386186    -0.000000    -0.000000    -0.000000    -0.000000    -0.000000    1.000000    0.000000    0.000000    0.000000    0.000000    0.000000    
3.184647    -0.000000    -0.000000    -0.000000    -0.000000    -0.000000    -0.000000    1.000000    0.000000    0.000000    0.000000    0.000000    
17.133688    -0.000000    -0.000000    -0.000000    -0.000000    1.000000    0.000000    0.000000    0.000000    0.000000    0.000000    0.000000    
22.529072    -0.000000    -0.000000    -0.000000    -0.000000    -0.000000    -0.000000    -0.000000    1.000000    0.000000    0.000000    0.000000    
50.427154    -0.000000    -0.000000    -0.000000    1.000000    0.000000    0.000000    0.000000    0.000000    0.000000    0.000000    0.000000    
59.419460    -0.000000    -0.000000    -0.000000    -0.000000    -0.000000    -0.000000    -0.000000    -0.000000    1.000000    0.000000    0.000000    
101.266582    -0.000000    -0.000000    1.000000    0.000000    0.000000    0.000000    0.000000    0.000000    0.000000    0.000000    0.000000    
113.855811    -0.000000    -0.000000    -0.000000    -0.000000    -0.000000    -0.000000    -0.000000    -0.000000    -0.000000    1.000000    0.000000    
169.651975    -0.000000    1.000000    0.000000    0.000000    0.000000    0.000000    0.000000    0.000000    0.000000    0.000000    0.000000    
185.838126    0.000000    0.000000    0.000000    0.000000    0.000000    0.000000    0.000000    0.000000    0.000000    0.000000    1.000000    
255.583330    1.000000    0.000000    0.000000    0.000000    0.000000    0.000000    0.000000    0.000000    0.000000    0.000000    0.000000    

-1.654572
1.368804    -0.000000    -0.000000    -0.000000    -0.000000    -0.000000    1.000000    0.000000    0.000000    0.000000    0.000000    0.000000    
3.211131    -0.000000    -0.000000    -0.000000    -0.000000    -0.000000    -0.000000    1.000000    0.000000    0.000000    0.000000    0.000000    
17.072442    -0.000000    -0.000000    -0.000000    -0.000000    1.000000    0.000000    0.000000    0.000000    0.000000    0.000000    0.000000    
22.599420    -0.000000    -0.000000    -0.000000    -0.000000    -0.000000    -0.000000    -0.000000    1.000000    0.000000    0.000000    0.000000    
50.322042    -0.000000    -0.000000    -0.000000    1.000000    0.000000    0.000000    0.000000    0.000000    0.000000    0.000000    0.000000    
59.533673    -0.000000    -0.000000    -0.000000    -0.000000    -0.000000    -0.000000    -0.000000    -0.000000    1.000000    0.000000    0.000000    
101.117606    -0.000000    -0.000000    1.000000    0.000000    0.000000    0.000000    0.000000    0.000000    0.000000    0.000000    0.000000    
114.013889    -0.000000    -0.000000    -0.000000    -0.000000    -0.000000    -0.000000    -0.000000    -0.000000    -0.000000    1.000000    0.000000    
169.459134    -0.000000    1.000000    0.000000    0.000000    0.000000    0.000000    0.000000    0.000000    0.000000    0.000000    0.000000    
186.040069    0.000000    0.000000    0.000000    0.000000    0.000000    0.000000    0.000000    0.000000    0.000000    0.000000    1.000000    
255.346624    1.000000    0.000000    0.000000    0.000000    0.000000    0.000000    0.000000    0.000000    0.000000    0.000000    0.000000    

-1.644100
1.351533    -0.000000    -0.000000    -0.000000    -0.000000    -0.000000    1.000000    0.000000    0.000000    0.000000    0.000000    0.000000    
3.237724    -0.000000    -0.000000    -0.000000    -0.000000    -0.000000    -0.000000    1.000000    0.000000    0.000000    0.000000    0.000000    
17.011305    -0.000000    -0.000000    -0.000000    -0.000000    1.000000    0.000000    0.000000    0.000000    0.000000    0.000000    0.000000    
22.669878    -0.000000    -0.000000    -0.000000    -0.000000    -0.000000    -0.000000    -0.000000    1.000000    0.000000    0.000000    0.000000    
50.217041    -0.000000    -0.000000    -0.000000    1.000000    0.000000    0.000000    0.000000    0.000000    0.000000    0.000000    0.000000    
59.647996    -0.000000    -0.000000    -0.000000    -0.000000    -0.000000    -0.000000    -0.000000    -0.000000    1.000000    0.000000    0.000000    
100.968740    -0.000000    -0.000000    1.000000    0.000000    0.000000    0.000000    0.000000    0.000000    0.000000    0.000000    0.000000    
114.172077    -0.000000    -0.000000    -0.000000    -0.000000    -0.000000    -0.000000    -0.000000    -0.000000    -0.000000    1.000000    0.000000    
169.266402    -0.000000    1.000000    0.000000    0.000000    0.000000    0.000000    0.000000    0.000000    0.000000    0.000000    0.000000    
186.242122    0.000000    0.000000    0.000000    0.000000    0.000000    0.000000    0.000000    0.000000    0.000000    0.000000    1.000000    
255.110028    1.000000    0.000000    0.000000    0.000000    0.000000    0.000000    0.000000    0.000000    0.000000    0.000000    0.000000    

-1.633628
1.334371    -0.000000    -0.000000    -0.000000    -0.000000    -0.000000    1.000000    0.000000    0.000000    0.000000    0.000000    0.000000    
3.264426    -0.000000    -0.000000    -0.000000    -0.000000    -0.000000    -0.000000    1.000000    0.000000    0.000000    0.000000    0.000000    
16.950278    -0.000000    -0.000000    -0.000000    -0.000000    1.000000    0.000000    0.000000    0.000000    0.000000    0.000000    0.000000    
22.740446    -0.000000    -0.000000    -0.000000    -0.000000    -0.000000    -0.000000    -0.000000    1.000000    0.000000    0.000000    0.000000    
50.112149    -0.000000    -0.000000    -0.000000    1.000000    0.000000    0.000000    0.000000    0.000000    0.000000    0.000000    0.000000    
59.762429    -0.000000    -0.000000    -0.000000    -0.000000    -0.000000    -0.000000    -0.000000    -0.000000    1.000000    0.000000    0.000000    
100.819983    -0.000000    -0.000000    1.000000    0.000000    0.000000    0.000000    0.000000    0.000000    0.000000    0.000000    0.000000    
114.330375    -0.000000    -0.000000    -0.000000    -0.000000    -0.000000    -0.000000    -0.000000    -0.000000    -0.000000    1.000000    0.000000    
169.073780    -0.000000    1.000000    0.000000    0.000000    0.000000    0.000000    0.000000    0.000000    0.000000    0.000000    0.000000    
186.444284    0.000000    0.000000    0.000000    0.000000    0.000000    0.000000    0.000000    0.000000    0.000000    0.000000    1.000000    
254.873541    1.000000    0.000000    0.000000    0.000000    0.000000    0.000000    0.000000    0.000000    0.000000    0.000000    0.000000    

-1.623156
1.317318    -0.000000    -0.000000    -0.000000    -0.000000    -0.000000    1.000000    0.000000    0.000000    0.000000    0.000000    0.000000    
3.291239    -0.000000    -0.000000    -0.000000    -0.000000    -0.000000    -0.000000    1.000000    0.000000    0.000000    0.000000    0.000000    
16.889361    -0.000000    -0.000000    -0.000000    -0.000000    1.000000    0.000000    0.000000    0.000000    0.000000    0.000000    0.000000    
22.811123    -0.000000    -0.000000    -0.000000    -0.000000    -0.000000    -0.000000    -0.000000    1.000000    0.000000    0.000000    0.000000    
50.007366    -0.000000    -0.000000    -0.000000    1.000000    0.000000    0.000000    0.000000    0.000000    0.000000    0.000000    0.000000    
59.876971    -0.000000    -0.000000    -0.000000    -0.000000    -0.000000    -0.000000    -0.000000    -0.000000    1.000000    0.000000    0.000000    
100.671336    -0.000000    -0.000000    1.000000    0.000000    0.000000    0.000000    0.000000    0.000000    0.000000    0.000000    0.000000    
114.488782    -0.000000    -0.000000    -0.000000    -0.000000    -0.000000    -0.000000    -0.000000    -0.000000    -0.000000    1.000000    0.000000    
168.881268    -0.000000    1.000000    0.000000    0.000000    0.000000    0.000000    0.000000    0.000000    0.000000    0.000000    0.000000    
186.646556    0.000000    0.000000    0.000000    0.000000    0.000000    0.000000    0.000000    0.000000    0.000000    0.000000    1.000000    
254.637164    1.000000    0.000000    0.000000    0.000000    0.000000    0.000000    0.000000    0.000000    0.000000    0.000000    0.000000    

-1.612684
1.300375    -0.000000    -0.000000    -0.000000    -0.000000    -0.000000    1.000000    0.000000    0.000000    0.000000    0.000000    0.000000    
3.318161    -0.000000    -0.000000    -0.000000    -0.000000    -0.000000    -0.000000    1.000000    0.000000    0.000000    0.000000    0.000000    
16.828553    -0.000000    -0.000000    -0.000000    -0.000000    1.000000    0.000000    0.000000    0.000000    0.000000    0.000000    0.000000    
22.881910    -0.000000    -0.000000    -0.000000    -0.000000    -0.000000    -0.000000    -0.000000    1.000000    0.000000    0.000000    0.000000    
49.902694    -0.000000    -0.000000    -0.000000    1.000000    0.000000    0.000000    0.000000    0.000000    0.000000    0.000000    0.000000    
59.991623    -0.000000    -0.000000    -0.000000    -0.000000    -0.000000    -0.000000    -0.000000    -0.000000    1.000000    0.000000    0.000000    
100.522798    -0.000000    -0.000000    1.000000    0.000000    0.000000    0.000000    0.000000    0.000000    0.000000    0.000000    0.000000    
114.647299    -0.000000    -0.000000    -0.000000    -0.000000    -0.000000    -0.000000    -0.000000    -0.000000    -0.000000    1.000000    0.000000    
168.688866    -0.000000    1.000000    0.000000    0.000000    0.000000    0.000000    0.000000    0.000000    0.000000    0.000000    0.000000    
186.848938    0.000000    0.000000    0.000000    0.000000    0.000000    0.000000    0.000000    0.000000    0.000000    0.000000    1.000000    
254.400897    1.000000    0.000000    0.000000    0.000000    0.000000    0.000000    0.000000    0.000000    0.000000    0.000000    0.000000    

-1.602212
1.283542    -0.000000    -0.000000    -0.000000    -0.000000    -0.000000    1.000000    0.000000    0.000000    0.000000    0.000000    0.000000    
3.345193    -0.000000    -0.000000    -0.000000    -0.000000    -0.000000    -0.000000    1.000000    0.000000    0.000000    0.000000    0.000000    
16.767855    -0.000000    -0.000000    -0.000000    -0.000000    1.000000    0.000000    0.000000    0.000000    0.000000    0.000000    0.000000    
22.952807    -0.000000    -0.000000    -0.000000    -0.000000    -0.000000    -0.000000    -0.000000    1.000000    0.000000    0.000000    0.000000    
49.798131    -0.000000    -0.000000    -0.000000    1.000000    0.000000    0.000000    0.000000    0.000000    0.000000    0.000000    0.000000    
60.106384    -0.000000    -0.000000    -0.000000    -0.000000    -0.000000    -0.000000    -0.000000    -0.000000    1.000000    0.000000    0.000000    
100.374370    -0.000000    -0.000000    1.000000    0.000000    0.000000    0.000000    0.000000    0.000000    0.000000    0.000000    0.000000    
114.805925    -0.000000    -0.000000    -0.000000    -0.000000    -0.000000    -0.000000    -0.000000    -0.000000    -0.000000    1.000000    0.000000    
168.496573    -0.000000    1.000000    0.000000    0.000000    0.000000    0.000000    0.000000    0.000000    0.000000    0.000000    0.000000    
187.051429    0.000000    0.000000    0.000000    0.000000    0.000000    0.000000    0.000000    0.000000    0.000000    0.000000    1.000000    
254.164739    1.000000    0.000000    0.000000    0.000000    0.000000    0.000000    0.000000    0.000000    0.000000    0.000000    0.000000    

-1.591740
1.266819    -0.000000    -0.000000    -0.000000    -0.000000    -0.000000    1.000000    0.000000    0.000000    0.000000    0.000000    0.000000    
3.372334    -0.000000    -0.000000    -0.000000    -0.000000    -0.000000    -0.000000    1.000000    0.000000    0.000000    0.000000    0.000000    
16.707266    -0.000000    -0.000000    -0.000000    -0.000000    1.000000    0.000000    0.000000    0.000000    0.000000    0.000000    0.000000    
23.023813    -0.000000    -0.000000    -0.000000    -0.000000    -0.000000    -0.000000    -0.000000    1.000000    0.000000    0.000000    0.000000    
49.693677    -0.000000    -0.000000    -0.000000    1.000000    0.000000    0.000000    0.000000    0.000000    0.000000    0.000000    0.000000    
60.221256    -0.000000    -0.000000    -0.000000    -0.000000    -0.000000    -0.000000    -0.000000    -0.000000    1.000000    0.000000    0.000000    
100.226052    -0.000000    -0.000000    1.000000    0.000000    0.000000    0.000000    0.000000    0.000000    0.000000    0.000000    0.000000    
114.964661    -0.000000    -0.000000    -0.000000    -0.000000    -0.000000    -0.000000    -0.000000    -0.000000    -0.000000    1.000000    0.000000    
168.304390    -0.000000    1.000000    0.000000    0.000000    0.000000    0.000000    0.000000    0.000000    0.000000    0.000000    0.000000    
187.254030    0.000000    0.000000    0.000000    0.000000    0.000000    0.000000    0.000000    0.000000    0.000000    0.000000    1.000000    
253.928691    1.000000    0.000000    0.000000    0.000000    0.000000    0.000000    0.000000    0.000000    0.000000    0.000000    0.000000    

-1.581268
1.250205    -0.000000    -0.000000    -0.000000    -0.000000    -0.000000    1.000000    0.000000    0.000000    0.000000    0.000000    0.000000    
3.399585    -0.000000    -0.000000    -0.000000    -0.000000    -0.000000    -0.000000    1.000000    0.000000    0.000000    0.000000    0.000000    
16.646788    -0.000000    -0.000000    -0.000000    -0.000000    1.000000    0.000000    0.000000    0.000000    0.000000    0.000000    0.000000    
23.094929    -0.000000    -0.000000    -0.000000    -0.000000    -0.000000    -0.000000    -0.000000    1.000000    0.000000    0.000000    0.000000    
49.589334    -0.000000    -0.000000    -0.000000    1.000000    0.000000    0.000000    0.000000    0.000000    0.000000    0.000000    0.000000    
60.336236    -0.000000    -0.000000    -0.000000    -0.000000    -0.000000    -0.000000    -0.000000    -0.000000    1.000000    0.000000    0.000000    
100.077843    -0.000000    -0.000000    1.000000    0.000000    0.000000    0.000000    0.000000    0.000000    0.000000    0.000000    0.000000    
115.123507    -0.000000    -0.000000    -0.000000    -0.000000    -0.000000    -0.000000    -0.000000    -0.000000    -0.000000    1.000000    0.000000    
168.112316    -0.000000    1.000000    0.000000    0.000000    0.000000    0.000000    0.000000    0.000000    0.000000    0.000000    0.000000    
187.456741    0.000000    0.000000    0.000000    0.000000    0.000000    0.000000    0.000000    0.000000    0.000000    0.000000    1.000000    
253.692753    1.000000    0.000000    0.000000    0.000000    0.000000    0.000000    0.000000    0.000000    0.000000    0.000000    0.000000    

-1.570796
1.233701    -0.000000    -0.000000    -0.000000    -0.000000    -0.000000    1.000000    0.000000    0.000000    0.000000    0.000000    0.000000    
3.426946    -0.000000    -0.000000    -0.000000    -0.000000    -0.000000    -0.000000    1.000000    0.000000    0.000000    0.000000    0.000000    
16.586419    -0.000000    -0.000000    -0.000000    -0.000000    1.000000    0.000000    0.000000    0.000000    0.000000    0.000000    0.000000    
23.166155    -0.000000    -0.000000    -0.000000    -0.000000    -0.000000    -0.000000    -0.000000    1.000000    0.000000    0.000000    0.000000    
49.485100    -0.000000    -0.000000    -0.000000    1.000000    0.000000    0.000000    0.000000    0.000000    0.000000    0.000000    0.000000    
60.451327    -0.000000    -0.000000    -0.000000    -0.000000    -0.000000    -0.000000    -0.000000    -0.000000    1.000000    0.000000    0.000000    
99.929745    -0.000000    -0.000000    1.000000    0.000000    0.000000    0.000000    0.000000    0.000000    0.000000    0.000000    0.000000    
115.282463    -0.000000    -0.000000    -0.000000    -0.000000    -0.000000    -0.000000    -0.000000    -0.000000    -0.000000    1.000000    0.000000    
167.920353    -0.000000    1.000000    0.000000    0.000000    0.000000    0.000000    0.000000    0.000000    0.000000    0.000000    0.000000    
187.659561    0.000000    0.000000    0.000000    0.000000    0.000000    0.000000    0.000000    0.000000    0.000000    0.000000    1.000000    
253.456924    1.000000    0.000000    0.000000    0.000000    0.000000    0.000000    0.000000    0.000000    0.000000    0.000000    0.000000    

-1.560324
1.217306    -0.000000    -0.000000    -0.000000    -0.000000    -0.000000    1.000000    0.000000    0.000000    0.000000    0.000000    0.000000    
3.454416    -0.000000    -0.000000    -0.000000    -0.000000    -0.000000    -0.000000    1.000000    0.000000    0.000000    0.000000    0.000000    
16.526159    -0.000000    -0.000000    -0.000000    -0.000000    1.000000    0.000000    0.000000    0.000000    0.000000    0.000000    0.000000    
23.237490    -0.000000    -0.000000    -0.000000    -0.000000    -0.000000    -0.000000    -0.000000    1.000000    0.000000    0.000000    0.000000    
49.380976    -0.000000    -0.000000    -0.000000    1.000000    0.000000    0.000000    0.000000    0.000000    0.000000    0.000000    0.000000    
60.566527    -0.000000    -0.000000    -0.000000    -0.000000    -0.000000    -0.000000    -0.000000    -0.000000    1.000000    0.000000    0.000000    
99.781755    -0.000000    -0.000000    1.000000    0.000000    0.000000    0.000000    0.000000    0.000000    0.000000    0.000000    0.000000    
115.441528    -0.000000    -0.000000    -0.000000    -0.000000    -0.000000    -0.000000    -0.000000    -0.000000    -0.000000    1.000000    0.000000    
167.728499    -0.000000    1.000000    0.000000    0.000000    0.000000    0.000000    0.000000    0.000000    0.000000    0.000000    0.000000    
187.862491    0.000000    0.000000    0.000000    0.000000    0.000000    0.000000    0.000000    0.000000    0.000000    0.000000    1.000000    
253.221205    1.000000    0.000000    0.000000    0.000000    0.000000    0.000000    0.000000    0.000000    0.000000    0.000000    0.000000    

-1.549852
1.201021    -0.000000    -0.000000    -0.000000    -0.000000    -0.000000    1.000000    0.000000    0.000000    0.000000    0.000000    0.000000    
3.481996    -0.000000    -0.000000    -0.000000    -0.000000    -0.000000    -0.000000    1.000000    0.000000    0.000000    0.000000    0.000000    
16.466009    -0.000000    -0.000000    -0.000000    -0.000000    1.000000    0.000000    0.000000    0.000000    0.000000    0.000000    0.000000    
23.308935    -0.000000    -0.000000    -0.000000    -0.000000    -0.000000    -0.000000    -0.000000    1.000000    0.000000    0.000000    0.000000    
49.276961    -0.000000    -0.000000    -0.000000    1.000000    0.000000    0.000000    0.000000    0.000000    0.000000    0.000000    0.000000    
60.681837    -0.000000    -0.000000    -0.000000    -0.000000    -0.000000    -0.000000    -0.000000    -0.000000    1.000000    0.000000    0.000000    
99.633876    -0.000000    -0.000000    1.000000    0.000000    0.000000    0.000000    0.000000    0.000000    0.000000    0.000000    0.000000    
115.600702    -0.000000    -0.000000    -0.000000    -0.000000    -0.000000    -0.000000    -0.000000    -0.000000    -0.000000    1.000000    0.000000    
167.536754    -0.000000    1.000000    0.000000    0.000000    0.000000    0.000000    0.000000    0.000000    0.000000    0.000000    0.000000    
188.065531    0.000000    0.000000    0.000000    0.000000    0.000000    0.000000    0.000000    0.000000    0.000000    0.000000    1.000000    
252.985596    1.000000    0.000000    0.000000    0.000000    0.000000    0.000000    0.000000    0.000000    0.000000    0.000000    0.000000    

-1.539380
1.184846    -0.000000    -0.000000    -0.000000    -0.000000    -0.000000    1.000000    0.000000    0.000000    0.000000    0.000000    0.000000    
3.509686    -0.000000    -0.000000    -0.000000    -0.000000    -0.000000    -0.000000    1.000000    0.000000    0.000000    0.000000    0.000000    
16.405969    -0.000000    -0.000000    -0.000000    -0.000000    1.000000    0.000000    0.000000    0.000000    0.000000    0.000000    0.000000    
23.380490    -0.000000    -0.000000    -0.000000    -0.000000    -0.000000    -0.000000    -0.000000    1.000000    0.000000    0.000000    0.000000    
49.173056    -0.000000    -0.000000    -0.000000    1.000000    0.000000    0.000000    0.000000    0.000000    0.000000    0.000000    0.000000    
60.797257    -0.000000    -0.000000    -0.000000    -0.000000    -0.000000    -0.000000    -0.000000    -0.000000    1.000000    0.000000    0.000000    
99.486106    -0.000000    -0.000000    1.000000    0.000000    0.000000    0.000000    0.000000    0.000000    0.000000    0.000000    0.000000    
115.759987    -0.000000    -0.000000    -0.000000    -0.000000    -0.000000    -0.000000    -0.000000    -0.000000    -0.000000    1.000000    0.000000    
167.345119    -0.000000    1.000000    0.000000    0.000000    0.000000    0.000000    0.000000    0.000000    0.000000    0.000000    0.000000    
188.268681    0.000000    0.000000    0.000000    0.000000    0.000000    0.000000    0.000000    0.000000    0.000000    0.000000    1.000000    
252.750096    1.000000    0.000000    0.000000    0.000000    0.000000    0.000000    0.000000    0.000000    0.000000    0.000000    0.000000    

-1.528908
1.168780    -0.000000    -0.000000    -0.000000    -0.000000    -0.000000    1.000000    0.000000    0.000000    0.000000    0.000000    0.000000    
3.537486    -0.000000    -0.000000    -0.000000    -0.000000    -0.000000    -0.000000    1.000000    0.000000    0.000000    0.000000    0.000000    
16.346039    -0.000000    -0.000000    -0.000000    -0.000000    1.000000    0.000000    0.000000    0.000000    0.000000    0.000000    0.000000    
23.452154    -0.000000    -0.000000    -0.000000    -0.000000    -0.000000    -0.000000    -0.000000    1.000000    0.000000    0.000000    0.000000    
49.069261    -0.000000    -0.000000    -0.000000    1.000000    0.000000    0.000000    0.000000    0.000000    0.000000    0.000000    0.000000    
60.912786    -0.000000    -0.000000    -0.000000    -0.000000    -0.000000    -0.000000    -0.000000    -0.000000    1.000000    0.000000    0.000000    
99.338446    -0.000000    -0.000000    1.000000    0.000000    0.000000    0.000000    0.000000    0.000000    0.000000    0.000000    0.000000    
115.919381    -0.000000    -0.000000    -0.000000    -0.000000    -0.000000    -0.000000    -0.000000    -0.000000    -0.000000    1.000000    0.000000    
167.153594    -0.000000    1.000000    0.000000    0.000000    0.000000    0.000000    0.000000    0.000000    0.000000    0.000000    0.000000    
188.471940    0.000000    0.000000    0.000000    0.000000    0.000000    0.000000    0.000000    0.000000    0.000000    0.000000    1.000000    
252.514706    1.000000    0.000000    0.000000    0.000000    0.000000    0.000000    0.000000    0.000000    0.000000    0.000000    0.000000    

-1.518436
1.152825    -0.000000    -0.000000    -0.000000    -0.000000    -0.000000    1.000000    0.000000    0.000000    0.000000    0.000000    0.000000    
3.565395    -0.000000    -0.000000    -0.000000    -0.000000    -0.000000    -0.000000    1.000000    0.000000    0.000000    0.000000    0.000000    
16.286218    -0.000000    -0.000000    -0.000000    -0.000000    1.000000    0.000000    0.000000    0.000000    0.000000    0.000000    0.000000    
23.523928    -0.000000    -0.000000    -0.000000    -0.000000    -0.000000    -0.000000    -0.000000    1.000000    0.000000    0.000000    0.000000    
48.965575    -0.000000    -0.000000    -0.000000    1.000000    0.000000    0.000000    0.000000    0.000000    0.000000    0.000000    0.000000    
61.028425    -0.000000    -0.000000    -0.000000    -0.000000    -0.000000    -0.000000    -0.000000    -0.000000    1.000000    0.000000    0.000000    
99.190895    -0.000000    -0.000000    1.000000    0.000000    0.000000    0.000000    0.000000    0.000000    0.000000    0.000000    0.000000    
116.078885    -0.000000    -0.000000    -0.000000    -0.000000    -0.000000    -0.000000    -0.000000    -0.000000    -0.000000    1.000000    0.000000    
166.962179    -0.000000    1.000000    0.000000    0.000000    0.000000    0.000000    0.000000    0.000000    0.000000    0.000000    0.000000    
188.675308    0.000000    0.000000    0.000000    0.000000    0.000000    0.000000    0.000000    0.000000    0.000000    0.000000    1.000000    
252.279425    1.000000    0.000000    0.000000    0.000000    0.000000    0.000000    0.000000    0.000000    0.000000    0.000000    0.000000    

-1.507964
1.136978    -0.000000    -0.000000    -0.000000    -0.000000    -0.000000    1.000000    0.000000    0.000000    0.000000    0.000000    0.000000    
3.593413    -0.000000    -0.000000    -0.000000    -0.000000    -0.000000    -0.000000    1.000000    0.000000    0.000000    0.000000    0.000000    
16.226507    -0.000000    -0.000000    -0.000000    -0.000000    1.000000    0.000000    0.000000    0.000000    0.000000    0.000000    0.000000    
23.595812    -0.000000    -0.000000    -0.000000    -0.000000    -0.000000    -0.000000    -0.000000    1.000000    0.000000    0.000000    0.000000    
48.861999    -0.000000    -0.000000    -0.000000    1.000000    0.000000    0.000000    0.000000    0.000000    0.000000    0.000000    0.000000    
61.144173    -0.000000    -0.000000    -0.000000    -0.000000    -0.000000    -0.000000    -0.000000    -0.000000    1.000000    0.000000    0.000000    
99.043454    -0.000000    -0.000000    1.000000    0.000000    0.000000    0.000000    0.000000    0.000000    0.000000    0.000000    0.000000    
116.238498    -0.000000    -0.000000    -0.000000    -0.000000    -0.000000    -0.000000    -0.000000    -0.000000    -0.000000    1.000000    0.000000    
166.770873    -0.000000    1.000000    0.000000    0.000000    0.000000    0.000000    0.000000    0.000000    0.000000    0.000000    0.000000    
188.878787    0.000000    0.000000    0.000000    0.000000    0.000000    0.000000    0.000000    0.000000    0.000000    0.000000    1.000000    
252.044255    1.000000    0.000000    0.000000    0.000000    0.000000    0.000000    0.000000    0.000000    0.000000    0.000000    0.000000    

-1.497492
1.121242    -0.000000    -0.000000    -0.000000    -0.000000    -0.000000    1.000000    0.000000    0.000000    0.000000    0.000000    0.000000    
3.621542    -0.000000    -0.000000    -0.000000    -0.000000    -0.000000    -0.000000    1.000000    0.000000    0.000000    0.000000    0.000000    
16.166905    -0.000000    -0.000000    -0.000000    -0.000000    1.000000    0.000000    0.000000    0.000000    0.000000    0.000000    0.000000    
23.667805    -0.000000    -0.000000    -0.000000    -0.000000    -0.000000    -0.000000    -0.000000    1.000000    0.000000    0.000000    0.000000    
48.758532    -0.000000    -0.000000    -0.000000    1.000000    0.000000    0.000000    0.000000    0.000000    0.000000    0.000000    0.000000    
61.260031    -0.000000    -0.000000    -0.000000    -0.000000    -0.000000    -0.000000    -0.000000    -0.000000    1.000000    0.000000    0.000000    
98.896123    -0.000000    -0.000000    1.000000    0.000000    0.000000    0.000000    0.000000    0.000000    0.000000    0.000000    0.000000    
116.398221    -0.000000    -0.000000    -0.000000    -0.000000    -0.000000    -0.000000    -0.000000    -0.000000    -0.000000    1.000000    0.000000    
166.579677    -0.000000    1.000000    0.000000    0.000000    0.000000    0.000000    0.000000    0.000000    0.000000    0.000000    0.000000    
189.082375    0.000000    0.000000    0.000000    0.000000    0.000000    0.000000    0.000000    0.000000    0.000000    0.000000    1.000000    
251.809194    1.000000    0.000000    0.000000    0.000000    0.000000    0.000000    0.000000    0.000000    0.000000    0.000000    0.000000    

-1.487021
1.105615    -0.000000    -0.000000    -0.000000    -0.000000    -0.000000    1.000000    0.000000    0.000000    0.000000    0.000000    0.000000    
3.649780    -0.000000    -0.000000    -0.000000    -0.000000    -0.000000    -0.000000    1.000000    0.000000    0.000000    0.000000    0.000000    
16.107414    -0.000000    -0.000000    -0.000000    -0.000000    1.000000    0.000000    0.000000    0.000000    0.000000    0.000000    0.000000    
23.739908    -0.000000    -0.000000    -0.000000    -0.000000    -0.000000    -0.000000    -0.000000    1.000000    0.000000    0.000000    0.000000    
48.655176    -0.000000    -0.000000    -0.000000    1.000000    0.000000    0.000000    0.000000    0.000000    0.000000    0.000000    0.000000    
61.375999    -0.000000    -0.000000    -0.000000    -0.000000    -0.000000    -0.000000    -0.000000    -0.000000    1.000000    0.000000    0.000000    
98.748901    -0.000000    -0.000000    1.000000    0.000000    0.000000    0.000000    0.000000    0.000000    0.000000    0.000000    0.000000    
116.558054    -0.000000    -0.000000    -0.000000    -0.000000    -0.000000    -0.000000    -0.000000    -0.000000    -0.000000    1.000000    0.000000    
166.388590    -0.000000    1.000000    0.000000    0.000000    0.000000    0.000000    0.000000    0.000000    0.000000    0.000000    0.000000    
189.286072    0.000000    0.000000    0.000000    0.000000    0.000000    0.000000    0.000000    0.000000    0.000000    0.000000    1.000000    
251.574242    1.000000    0.000000    0.000000    0.000000    0.000000    0.000000    0.000000    0.000000    0.000000    0.000000    0.000000    

-1.476549
1.090098    -0.000000    -0.000000    -0.000000    -0.000000    -0.000000    1.000000    0.000000    0.000000    0.000000    0.000000    0.000000    
3.678127    -0.000000    -0.000000    -0.000000    -0.000000    -0.000000    -0.000000    1.000000    0.000000    0.000000    0.000000    0.000000    
16.048032    -0.000000    -0.000000    -0.000000    -0.000000    1.000000    0.000000    0.000000    0.000000    0.000000    0.000000    0.000000    
23.812120    -0.000000    -0.000000    -0.000000    -0.000000    -0.000000    -0.000000    -0.000000    1.000000    0.000000    0.000000    0.000000    
48.551929    -0.000000    -0.000000    -0.000000    1.000000    0.000000    0.000000    0.000000    0.000000    0.000000    0.000000    0.000000    
61.492077    -0.000000    -0.000000    -0.000000    -0.000000    -0.000000    -0.000000    -0.000000    -0.000000    1.000000    0.000000    0.000000    
98.601789    -0.000000    -0.000000    1.000000    0.000000    0.000000    0.000000    0.000000    0.000000    0.000000    0.000000    0.000000    
116.717996    -0.000000    -0.000000    -0.000000    -0.000000    -0.000000    -0.000000    -0.000000    -0.000000    -0.000000    1.000000    0.000000    
166.197613    -0.000000    1.000000    0.000000    0.000000    0.000000    0.000000    0.000000    0.000000    0.000000    0.000000    0.000000    
189.489880    0.000000    0.000000    0.000000    0.000000    0.000000    0.000000    0.000000    0.000000    0.000000    0.000000    1.000000    
251.339401    1.000000    0.000000    0.000000    0.000000    0.000000    0.000000    0.000000    0.000000    0.000000    0.000000    0.000000    

-1.466077
1.074690    -0.000000    -0.000000    -0.000000    -0.000000    -0.000000    1.000000    0.000000    0.000000    0.000000    0.000000    0.000000    
3.706585    -0.000000    -0.000000    -0.000000    -0.000000    -0.000000    -0.000000    1.000000    0.000000    0.000000    0.000000    0.000000    
15.988759    -0.000000    -0.000000    -0.000000    -0.000000    1.000000    0.000000    0.000000    0.000000    0.000000    0.000000    0.000000    
23.884443    -0.000000    -0.000000    -0.000000    -0.000000    -0.000000    -0.000000    -0.000000    1.000000    0.000000    0.000000    0.000000    
48.448791    -0.000000    -0.000000    -0.000000    1.000000    0.000000    0.000000    0.000000    0.000000    0.000000    0.000000    0.000000    
61.608264    -0.000000    -0.000000    -0.000000    -0.000000    -0.000000    -0.000000    -0.000000    -0.000000    1.000000    0.000000    0.000000    
98.454787    -0.000000    -0.000000    1.000000    0.000000    0.000000    0.000000    0.000000    0.000000    0.000000    0.000000    0.000000    
116.878049    -0.000000    -0.000000    -0.000000    -0.000000    -0.000000    -0.000000    -0.000000    -0.000000    -0.000000    1.000000    0.000000    
166.006746    -0.000000    1.000000    0.000000    0.000000    0.000000    0.000000    0.000000    0.000000    0.000000    0.000000    0.000000    
189.693797    0.000000    0.000000    0.000000    0.000000    0.000000    0.000000    0.000000    0.000000    0.000000    0.000000    1.000000    
251.104668    1.000000    0.000000    0.000000    0.000000    0.000000    0.000000    0.000000    0.000000    0.000000    0.000000    0.000000    

-1.455605
1.059392    -0.000000    -0.000000    -0.000000    -0.000000    -0.000000    1.000000    0.000000    0.000000    0.000000    0.000000    0.000000    
3.735152    -0.000000    -0.000000    -0.000000    -0.000000    -0.000000    -0.000000    1.000000    0.000000    0.000000    0.000000    0.000000    
15.929596    -0.000000    -0.000000    -0.000000    -0.000000    1.000000    0.000000    0.000000    0.000000    0.000000    0.000000    0.000000    
23.956875    -0.000000    -0.000000    -0.000000    -0.000000    -0.000000    -0.000000    -0.000000    1.000000    0.000000    0.000000    0.000000    
48.345764    -0.000000    -0.000000    -0.000000    1.000000    0.000000    0.000000    0.000000    0.000000    0.000000    0.000000    0.000000    
61.724561    -0.000000    -0.000000    -0.000000    -0.000000    -0.000000    -0.000000    -0.000000    -0.000000    1.000000    0.000000    0.000000    
98.307894    -0.000000    -0.000000    1.000000    0.000000    0.000000    0.000000    0.000000    0.000000    0.000000    0.000000    0.000000    
117.038210    -0.000000    -0.000000    -0.000000    -0.000000    -0.000000    -0.000000    -0.000000    -0.000000    -0.000000    1.000000    0.000000    
165.815989    -0.000000    1.000000    0.000000    0.000000    0.000000    0.000000    0.000000    0.000000    0.000000    0.000000    0.000000    
189.897823    0.000000    0.000000    0.000000    0.000000    0.000000    0.000000    0.000000    0.000000    0.000000    0.000000    1.000000    
250.870046    1.000000    0.000000    0.000000    0.000000    0.000000    0.000000    0.000000    0.000000    0.000000    0.000000    0.000000    

-1.445133
1.044204    -0.000000    -0.000000    -0.000000    -0.000000    -0.000000    1.000000    0.000000    0.000000    0.000000    0.000000    0.000000    
3.763828    -0.000000    -0.000000    -0.000000    -0.000000    -0.000000    -0.000000    1.000000    0.000000    0.000000    0.000000    0.000000    
15.870543    -0.000000    -0.000000    -0.000000    -0.000000    1.000000    0.000000    0.000000    0.000000    0.000000    0.000000    0.000000    
24.029416    -0.000000    -0.000000    -0.000000    -0.000000    -0.000000    -0.000000    -0.000000    1.000000    0.000000    0.000000    0.000000    
48.242846    -0.000000    -0.000000    -0.000000    1.000000    0.000000    0.000000    0.000000    0.000000    0.000000    0.000000    0.000000    
61.840967    -0.000000    -0.000000    -0.000000    -0.000000    -0.000000    -0.000000    -0.000000    -0.000000    1.000000    0.000000    0.000000    
98.161111    -0.000000    -0.000000    1.000000    0.000000    0.000000    0.000000    0.000000    0.000000    0.000000    0.000000    0.000000    
117.198482    -0.000000    -0.000000    -0.000000    -0.000000    -0.000000    -0.000000    -0.000000    -0.000000    -0.000000    1.000000    0.000000    
165.625341    -0.000000    1.000000    0.000000    0.000000    0.000000    0.000000    0.000000    0.000000    0.000000    0.000000    0.000000    
190.101960    0.000000    0.000000    0.000000    0.000000    0.000000    0.000000    0.000000    0.000000    0.000000    0.000000    1.000000    
250.635533    1.000000    0.000000    0.000000    0.000000    0.000000    0.000000    0.000000    0.000000    0.000000    0.000000    0.000000    

-1.434661
1.029126    -0.000000    -0.000000    -0.000000    -0.000000    -0.000000    1.000000    0.000000    0.000000    0.000000    0.000000    0.000000    
3.792615    -0.000000    -0.000000    -0.000000    -0.000000    -0.000000    -0.000000    1.000000    0.000000    0.000000    0.000000    0.000000    
15.811600    -0.000000    -0.000000    -0.000000    -0.000000    1.000000    0.000000    0.000000    0.000000    0.000000    0.000000    0.000000    
24.102067    -0.000000    -0.000000    -0.000000    -0.000000    -0.000000    -0.000000    -0.000000    1.000000    0.000000    0.000000    0.000000    
48.140037    -0.000000    -0.000000    -0.000000    1.000000    0.000000    0.000000    0.000000    0.000000    0.000000    0.000000    0.000000    
61.957483    -0.000000    -0.000000    -0.000000    -0.000000    -0.000000    -0.000000    -0.000000    -0.000000    1.000000    0.000000    0.000000    
98.014438    -0.000000    -0.000000    1.000000    0.000000    0.000000    0.000000    0.000000    0.000000    0.000000    0.000000    0.000000    
117.358863    -0.000000    -0.000000    -0.000000    -0.000000    -0.000000    -0.000000    -0.000000    -0.000000    -0.000000    1.000000    0.000000    
165.434802    -0.000000    1.000000    0.000000    0.000000    0.000000    0.000000    0.000000    0.000000    0.000000    0.000000    0.000000    
190.306206    0.000000    0.000000    0.000000    0.000000    0.000000    0.000000    0.000000    0.000000    0.000000    0.000000    1.000000    
250.401130    1.000000    0.000000    0.000000    0.000000    0.000000    0.000000    0.000000    0.000000    0.000000    0.000000    0.000000    

-1.424189
1.014157    -0.000000    -0.000000    -0.000000    -0.000000    -0.000000    1.000000    0.000000    0.000000    0.000000    0.000000    0.000000    
3.821511    -0.000000    -0.000000    -0.000000    -0.000000    -0.000000    -0.000000    1.000000    0.000000    0.000000    0.000000    0.000000    
15.752766    -0.000000    -0.000000    -0.000000    -0.000000    1.000000    0.000000    0.000000    0.000000    0.000000    0.000000    0.000000    
24.174828    -0.000000    -0.000000    -0.000000    -0.000000    -0.000000    -0.000000    -0.000000    1.000000    0.000000    0.000000    0.000000    
48.037339    -0.000000    -0.000000    -0.000000    1.000000    0.000000    0.000000    0.000000    0.000000    0.000000    0.000000    0.000000    
62.074109    -0.000000    -0.000000    -0.000000    -0.000000    -0.000000    -0.000000    -0.000000    -0.000000    1.000000    0.000000    0.000000    
97.867875    -0.000000    -0.000000    1.000000    0.000000    0.000000    0.000000    0.000000    0.000000    0.000000    0.000000    0.000000    
117.519354    -0.000000    -0.000000    -0.000000    -0.000000    -0.000000    -0.000000    -0.000000    -0.000000    -0.000000    1.000000    0.000000    
165.244374    -0.000000    1.000000    0.000000    0.000000    0.000000    0.000000    0.000000    0.000000    0.000000    0.000000    0.000000    
190.510561    0.000000    0.000000    0.000000    0.000000    0.000000    0.000000    0.000000    0.000000    0.000000    0.000000    1.000000    
250.166837    1.000000    0.000000    0.000000    0.000000    0.000000    0.000000    0.000000    0.000000    0.000000    0.000000    0.000000    

-1.413717
0.999297    -0.000000    -0.000000    -0.000000    -0.000000    -0.000000    1.000000    0.000000    0.000000    0.000000    0.000000    0.000000    
3.850516    -0.000000    -0.000000    -0.000000    -0.000000    -0.000000    -0.000000    1.000000    0.000000    0.000000    0.000000    0.000000    
15.694042    -0.000000    -0.000000    -0.000000    -0.000000    1.000000    0.000000    0.000000    0.000000    0.000000    0.000000    0.000000    
24.247699    -0.000000    -0.000000    -0.000000    -0.000000    -0.000000    -0.000000    -0.000000    1.000000    0.000000    0.000000    0.000000    
47.934749    -0.000000    -0.000000    -0.000000    1.000000    0.000000    0.000000    0.000000    0.000000    0.000000    0.000000    0.000000    
62.190845    -0.000000    -0.000000    -0.000000    -0.000000    -0.000000    -0.000000    -0.000000    -0.000000    1.000000    0.000000    0.000000    
97.721421    -0.000000    -0.000000    1.000000    0.000000    0.000000    0.000000    0.000000    0.000000    0.000000    0.000000    0.000000    
117.679954    -0.000000    -0.000000    -0.000000    -0.000000    -0.000000    -0.000000    -0.000000    -0.000000    -0.000000    1.000000    0.000000    
165.054055    -0.000000    1.000000    0.000000    0.000000    0.000000    0.000000    0.000000    0.000000    0.000000    0.000000    0.000000    
190.715026    0.000000    0.000000    0.000000    0.000000    0.000000    0.000000    0.000000    0.000000    0.000000    0.000000    1.000000    
249.932653    1.000000    0.000000    0.000000    0.000000    0.000000    0.000000    0.000000    0.000000    0.000000    0.000000    0.000000    

-1.403245
0.984548    -0.000000    -0.000000    -0.000000    -0.000000    -0.000000    1.000000    0.000000    0.000000    0.000000    0.000000    0.000000    
3.879632    -0.000000    -0.000000    -0.000000    -0.000000    -0.000000    -0.000000    1.000000    0.000000    0.000000    0.000000    0.000000    
15.635427    -0.000000    -0.000000    -0.000000    -0.000000    1.000000    0.000000    0.000000    0.000000    0.000000    0.000000    0.000000    
24.320679    -0.000000    -0.000000    -0.000000    -0.000000    -0.000000    -0.000000    -0.000000    1.000000    0.000000    0.000000    0.000000    
47.832270    -0.000000    -0.000000    -0.000000    1.000000    0.000000    0.000000    0.000000    0.000000    0.000000    0.000000    0.000000    
62.307690    -0.000000    -0.000000    -0.000000    -0.000000    -0.000000    -0.000000    -0.000000    -0.000000    1.000000    0.000000    0.000000    
97.575076    -0.000000    -0.000000    1.000000    0.000000    0.000000    0.000000    0.000000    0.000000    0.000000    0.000000    0.000000    
117.840664    -0.000000    -0.000000    -0.000000    -0.000000    -0.000000    -0.000000    -0.000000    -0.000000    -0.000000    1.000000    0.000000    
164.863846    -0.000000    1.000000    0.000000    0.000000    0.000000    0.000000    0.000000    0.000000    0.000000    0.000000    0.000000    
190.919601    0.000000    0.000000    0.000000    0.000000    0.000000    0.000000    0.000000    0.000000    0.000000    0.000000    1.000000    
249.698579    1.000000    0.000000    0.000000    0.000000    0.000000    0.000000    0.000000    0.000000    0.000000    0.000000    0.000000    

-1.392773
0.969908    -0.000000    -0.000000    -0.000000    -0.000000    -0.000000    1.000000    0.000000    0.000000    0.000000    0.000000    0.000000    
3.908857    -0.000000    -0.000000    -0.000000    -0.000000    -0.000000    -0.000000    1.000000    0.000000    0.000000    0.000000    0.000000    
15.576922    -0.000000    -0.000000    -0.000000    -0.000000    1.000000    0.000000    0.000000    0.000000    0.000000    0.000000    0.000000    
24.393769    -0.000000    -0.000000    -0.000000    -0.000000    -0.000000    -0.000000    -0.000000    1.000000    0.000000    0.000000    0.000000    
47.729900    -0.000000    -0.000000    -0.000000    1.000000    0.000000    0.000000    0.000000    0.000000    0.000000    0.000000    0.000000    
62.424645    -0.000000    -0.000000    -0.000000    -0.000000    -0.000000    -0.000000    -0.000000    -0.000000    1.000000    0.000000    0.000000    
97.428842    -0.000000    -0.000000    1.000000    0.000000    0.000000    0.000000    0.000000    0.000000    0.000000    0.000000    0.000000    
118.001484    -0.000000    -0.000000    -0.000000    -0.000000    -0.000000    -0.000000    -0.000000    -0.000000    -0.000000    1.000000    0.000000    
164.673746    -0.000000    1.000000    0.000000    0.000000    0.000000    0.000000    0.000000    0.000000    0.000000    0.000000    0.000000    
191.124286    0.000000    0.000000    0.000000    0.000000    0.000000    0.000000    0.000000    0.000000    0.000000    0.000000    1.000000    
249.464614    1.000000    0.000000    0.000000    0.000000    0.000000    0.000000    0.000000    0.000000    0.000000    0.000000    0.000000    

-1.382301
0.955378    -0.000000    -0.000000    -0.000000    -0.000000    -0.000000    1.000000    0.000000    0.000000    0.000000    0.000000    0.000000    
3.938191    -0.000000    -0.000000    -0.000000    -0.000000    -0.000000    -0.000000    1.000000    0.000000    0.000000    0.000000    0.000000    
15.518527    -0.000000    -0.000000    -0.000000    -0.000000    1.000000    0.000000    0.000000    0.000000    0.000000    0.000000    0.000000    
24.466969    -0.000000    -0.000000    -0.000000    -0.000000    -0.000000    -0.000000    -0.000000    1.000000    0.000000    0.000000    0.000000    
47.627640    -0.000000    -0.000000    -0.000000    1.000000    0.000000    0.000000    0.000000    0.000000    0.000000    0.000000    0.000000    
62.541709    -0.000000    -0.000000    -0.000000    -0.000000    -0.000000    -0.000000    -0.000000    -0.000000    1.000000    0.000000    0.000000    
97.282717    -0.000000    -0.000000    1.000000    0.000000    0.000000    0.000000    0.000000    0.000000    0.000000    0.000000    0.000000    
118.162413    -0.000000    -0.000000    -0.000000    -0.000000    -0.000000    -0.000000    -0.000000    -0.000000    -0.000000    1.000000    0.000000    
164.483756    -0.000000    1.000000    0.000000    0.000000    0.000000    0.000000    0.000000    0.000000    0.000000    0.000000    0.000000    
191.329080    0.000000    0.000000    0.000000    0.000000    0.000000    0.000000    0.000000    0.000000    0.000000    0.000000    1.000000    
249.230760    1.000000    0.000000    0.000000    0.000000    0.000000    0.000000    0.000000    0.000000    0.000000    0.000000    0.000000    

-1.371829
0.940957    -0.000000    -0.000000    -0.000000    -0.000000    -0.000000    1.000000    0.000000    0.000000    0.000000    0.000000    0.000000    
3.967636    -0.000000    -0.000000    -0.000000    -0.000000    -0.000000    -0.000000    1.000000    0.000000    0.000000    0.000000    0.000000    
15.460242    -0.000000    -0.000000    -0.000000    -0.000000    1.000000    0.000000    0.000000    0.000000    0.000000    0.000000    0.000000    
24.540278    -0.000000    -0.000000    -0.000000    -0.000000    -0.000000    -0.000000    -0.000000    1.000000    0.000000    0.000000    0.000000    
47.525490    -0.000000    -0.000000    -0.000000    1.000000    0.000000    0.000000    0.000000    0.000000    0.000000    0.000000    0.000000    
62.658883    -0.000000    -0.000000    -0.000000    -0.000000    -0.000000    -0.000000    -0.000000    -0.000000    1.000000    0.000000    0.000000    
97.136701    -0.000000    -0.000000    1.000000    0.000000    0.000000    0.000000    0.000000    0.000000    0.000000    0.000000    0.000000    
118.323452    -0.000000    -0.000000    -0.000000    -0.000000    -0.000000    -0.000000    -0.000000    -0.000000    -0.000000    1.000000    0.000000    
164.293876    -0.000000    1.000000    0.000000    0.000000    0.000000    0.000000    0.000000    0.000000    0.000000    0.000000    0.000000    
191.533984    0.000000    0.000000    0.000000    0.000000    0.000000    0.000000    0.000000    0.000000    0.000000    0.000000    1.000000    
248.997014    1.000000    0.000000    0.000000    0.000000    0.000000    0.000000    0.000000    0.000000    0.000000    0.000000    0.000000    

-1.361357
0.926646    -0.000000    -0.000000    -0.000000    -0.000000    -0.000000    1.000000    0.000000    0.000000    0.000000    0.000000    0.000000    
3.997190    -0.000000    -0.000000    -0.000000    -0.000000    -0.000000    -0.000000    1.000000    0.000000    0.000000    0.000000    0.000000    
15.402066    -0.000000    -0.000000    -0.000000    -0.000000    1.000000    0.000000    0.000000    0.000000    0.000000    0.000000    0.000000    
24.613697    -0.000000    -0.000000    -0.000000    -0.000000    -0.000000    -0.000000    -0.000000    1.000000    0.000000    0.000000    0.000000    
47.423449    -0.000000    -0.000000    -0.000000    1.000000    0.000000    0.000000    0.000000    0.000000    0.000000    0.000000    0.000000    
62.776167    -0.000000    -0.000000    -0.000000    -0.000000    -0.000000    -0.000000    -0.000000    -0.000000    1.000000    0.000000    0.000000    
96.990796    -0.000000    -0.000000    1.000000    0.000000    0.000000    0.000000    0.000000    0.000000    0.000000    0.000000    0.000000    
118.484601    -0.000000    -0.000000    -0.000000    -0.000000    -0.000000    -0.000000    -0.000000    -0.000000    -0.000000    1.000000    0.000000    
164.104106    -0.000000    1.000000    0.000000    0.000000    0.000000    0.000000    0.000000    0.000000    0.000000    0.000000    0.000000    
191.738998    0.000000    0.000000    0.000000    0.000000    0.000000    0.000000    0.000000    0.000000    0.000000    0.000000    1.000000    
248.763379    1.000000    0.000000    0.000000    0.000000    0.000000    0.000000    0.000000    0.000000    0.000000    0.000000    0.000000    

-1.350885
0.912445    -0.000000    -0.000000    -0.000000    -0.000000    -0.000000    1.000000    0.000000    0.000000    0.000000    0.000000    0.000000    
4.026853    -0.000000    -0.000000    -0.000000    -0.000000    -0.000000    -0.000000    1.000000    0.000000    0.000000    0.000000    0.000000    
15.344000    -0.000000    -0.000000    -0.000000    -0.000000    1.000000    0.000000    0.000000    0.000000    0.000000    0.000000    0.000000    
24.687225    -0.000000    -0.000000    -0.000000    -0.000000    -0.000000    -0.000000    -0.000000    1.000000    0.000000    0.000000    0.000000    
47.321518    -0.000000    -0.000000    -0.000000    1.000000    0.000000    0.000000    0.000000    0.000000    0.000000    0.000000    0.000000    
62.893561    -0.000000    -0.000000    -0.000000    -0.000000    -0.000000    -0.000000    -0.000000    -0.000000    1.000000    0.000000    0.000000    
96.845000    -0.000000    -0.000000    1.000000    0.000000    0.000000    0.000000    0.000000    0.000000    0.000000    0.000000    0.000000    
118.645859    -0.000000    -0.000000    -0.000000    -0.000000    -0.000000    -0.000000    -0.000000    -0.000000    -0.000000    1.000000    0.000000    
163.914445    -0.000000    1.000000    0.000000    0.000000    0.000000    0.000000    0.000000    0.000000    0.000000    0.000000    0.000000    
191.944121    0.000000    0.000000    0.000000    0.000000    0.000000    0.000000    0.000000    0.000000    0.000000    0.000000    1.000000    
248.529853    1.000000    0.000000    0.000000    0.000000    0.000000    0.000000    0.000000    0.000000    0.000000    0.000000    0.000000    

-1.340413
0.898353    -0.000000    -0.000000    -0.000000    -0.000000    -0.000000    1.000000    0.000000    0.000000    0.000000    0.000000    0.000000    
4.056627    -0.000000    -0.000000    -0.000000    -0.000000    -0.000000    -0.000000    1.000000    0.000000    0.000000    0.000000    0.000000    
15.286043    -0.000000    -0.000000    -0.000000    -0.000000    1.000000    0.000000    0.000000    0.000000    0.000000    0.000000    0.000000    
24.760864    -0.000000    -0.000000    -0.000000    -0.000000    -0.000000    -0.000000    -0.000000    1.000000    0.000000    0.000000    0.000000    
47.219697    -0.000000    -0.000000    -0.000000    1.000000    0.000000    0.000000    0.000000    0.000000    0.000000    0.000000    0.000000    
63.011064    -0.000000    -0.000000    -0.000000    -0.000000    -0.000000    -0.000000    -0.000000    -0.000000    1.000000    0.000000    0.000000    
96.699313    -0.000000    -0.000000    1.000000    0.000000    0.000000    0.000000    0.000000    0.000000    0.000000    0.000000    0.000000    
118.807227    -0.000000    -0.000000    -0.000000    -0.000000    -0.000000    -0.000000    -0.000000    -0.000000    -0.000000    1.000000    0.000000    
163.724893    -0.000000    1.000000    0.000000    0.000000    0.000000    0.000000    0.000000    0.000000    0.000000    0.000000    0.000000    
192.149354    0.000000    0.000000    0.000000    0.000000    0.000000    0.000000    0.000000    0.000000    0.000000    0.000000    1.000000    
248.296437    1.000000    0.000000    0.000000    0.000000    0.000000    0.000000    0.000000    0.000000    0.000000    0.000000    0.000000    

-1.329941
0.884371    -0.000000    -0.000000    -0.000000    -0.000000    -0.000000    1.000000    0.000000    0.000000    0.000000    0.000000    0.000000    
4.086510    -0.000000    -0.000000    -0.000000    -0.000000    -0.000000    -0.000000    1.000000    0.000000    0.000000    0.000000    0.000000    
15.228196    -0.000000    -0.000000    -0.000000    -0.000000    1.000000    0.000000    0.000000    0.000000    0.000000    0.000000    0.000000    
24.834611    -0.000000    -0.000000    -0.000000    -0.000000    -0.000000    -0.000000    -0.000000    1.000000    0.000000    0.000000    0.000000    
47.117985    -0.000000    -0.000000    -0.000000    1.000000    0.000000    0.000000    0.000000    0.000000    0.000000    0.000000    0.000000    
63.128676    -0.000000    -0.000000    -0.000000    -0.000000    -0.000000    -0.000000    -0.000000    -0.000000    1.000000    0.000000    0.000000    
96.553737    -0.000000    -0.000000    1.000000    0.000000    0.000000    0.000000    0.000000    0.000000    0.000000    0.000000    0.000000    
118.968705    -0.000000    -0.000000    -0.000000    -0.000000    -0.000000    -0.000000    -0.000000    -0.000000    -0.000000    1.000000    0.000000    
163.535452    -0.000000    1.000000    0.000000    0.000000    0.000000    0.000000    0.000000    0.000000    0.000000    0.000000    0.000000    
192.354697    0.000000    0.000000    0.000000    0.000000    0.000000    0.000000    0.000000    0.000000    0.000000    0.000000    1.000000    
248.063130    1.000000    0.000000    0.000000    0.000000    0.000000    0.000000    0.000000    0.000000    0.000000    0.000000    0.000000    

-1.319469
0.870499    -0.000000    -0.000000    -0.000000    -0.000000    -0.000000    1.000000    0.000000    0.000000    0.000000    0.000000    0.000000    
4.116502    -0.000000    -0.000000    -0.000000    -0.000000    -0.000000    -0.000000    1.000000    0.000000    0.000000    0.000000    0.000000    
15.170459    -0.000000    -0.000000    -0.000000    -0.000000    1.000000    0.000000    0.000000    0.000000    0.000000    0.000000    0.000000    
24.908469    -0.000000    -0.000000    -0.000000    -0.000000    -0.000000    -0.000000    -0.000000    1.000000    0.000000    0.000000    0.000000    
47.016383    -0.000000    -0.000000    -0.000000    1.000000    0.000000    0.000000    0.000000    0.000000    0.000000    0.000000    0.000000    
63.246399    -0.000000    -0.000000    -0.000000    -0.000000    -0.000000    -0.000000    -0.000000    -0.000000    1.000000    0.000000    0.000000    
96.408270    -0.000000    -0.000000    1.000000    0.000000    0.000000    0.000000    0.000000    0.000000    0.000000    0.000000    0.000000    
119.130292    -0.000000    -0.000000    -0.000000    -0.000000    -0.000000    -0.000000    -0.000000    -0.000000    -0.000000    1.000000    0.000000    
163.346120    -0.000000    1.000000    0.000000    0.000000    0.000000    0.000000    0.000000    0.000000    0.000000    0.000000    0.000000    
192.560149    0.000000    0.000000    0.000000    0.000000    0.000000    0.000000    0.000000    0.000000    0.000000    0.000000    1.000000    
247.829934    1.000000    0.000000    0.000000    0.000000    0.000000    0.000000    0.000000    0.000000    0.000000    0.000000    0.000000    

-1.308997
0.856736    -0.000000    -0.000000    -0.000000    -0.000000    -0.000000    1.000000    0.000000    0.000000    0.000000    0.000000    0.000000    
4.146605    -0.000000    -0.000000    -0.000000    -0.000000    -0.000000    -0.000000    1.000000    0.000000    0.000000    0.000000    0.000000    
15.112832    -0.000000    -0.000000    -0.000000    -0.000000    1.000000    0.000000    0.000000    0.000000    0.000000    0.000000    0.000000    
24.982436    -0.000000    -0.000000    -0.000000    -0.000000    -0.000000    -0.000000    -0.000000    1.000000    0.000000    0.000000    0.000000    
46.914890    -0.000000    -0.000000    -0.000000    1.000000    0.000000    0.000000    0.000000    0.000000    0.000000    0.000000    0.000000    
63.364231    -0.000000    -0.000000    -0.000000    -0.000000    -0.000000    -0.000000    -0.000000    -0.000000    1.000000    0.000000    0.000000    
96.262912    -0.000000    -0.000000    1.000000    0.000000    0.000000    0.000000    0.000000    0.000000    0.000000    0.000000    0.000000    
119.291989    -0.000000    -0.000000    -0.000000    -0.000000    -0.000000    -0.000000    -0.000000    -0.000000    -0.000000    1.000000    0.000000    
163.156898    -0.000000    1.000000    0.000000    0.000000    0.000000    0.000000    0.000000    0.000000    0.000000    0.000000    0.000000    
192.765711    0.000000    0.000000    0.000000    0.000000    0.000000    0.000000    0.000000    0.000000    0.000000    0.000000    1.000000    
247.596847    1.000000    0.000000    0.000000    0.000000    0.000000    0.000000    0.000000    0.000000    0.000000    0.000000    0.000000    

-1.298525
0.843084    -0.000000    -0.000000    -0.000000    -0.000000    -0.000000    1.000000    0.000000    0.000000    0.000000    0.000000    0.000000    
4.176817    -0.000000    -0.000000    -0.000000    -0.000000    -0.000000    -0.000000    1.000000    0.000000    0.000000    0.000000    0.000000    
15.055314    -0.000000    -0.000000    -0.000000    -0.000000    1.000000    0.000000    0.000000    0.000000    0.000000    0.000000    0.000000    
25.056513    -0.000000    -0.000000    -0.000000    -0.000000    -0.000000    -0.000000    -0.000000    1.000000    0.000000    0.000000    0.000000    
46.813508    -0.000000    -0.000000    -0.000000    1.000000    0.000000    0.000000    0.000000    0.000000    0.000000    0.000000    0.000000    
63.482173    -0.000000    -0.000000    -0.000000    -0.000000    -0.000000    -0.000000    -0.000000    -0.000000    1.000000    0.000000    0.000000    
96.117665    -0.000000    -0.000000    1.000000    0.000000    0.000000    0.000000    0.000000    0.000000    0.000000    0.000000    0.000000    
119.453796    -0.000000    -0.000000    -0.000000    -0.000000    -0.000000    -0.000000    -0.000000    -0.000000    -0.000000    1.000000    0.000000    
162.967785    -0.000000    1.000000    0.000000    0.000000    0.000000    0.000000    0.000000    0.000000    0.000000    0.000000    0.000000    
192.971383    0.000000    0.000000    0.000000    0.000000    0.000000    0.000000    0.000000    0.000000    0.000000    0.000000    1.000000    
247.363869    1.000000    0.000000    0.000000    0.000000    0.000000    0.000000    0.000000    0.000000    0.000000    0.000000    0.000000    

-1.288053
0.829540    -0.000000    -0.000000    -0.000000    -0.000000    -0.000000    1.000000    0.000000    0.000000    0.000000    0.000000    0.000000    
4.207138    -0.000000    -0.000000    -0.000000    -0.000000    -0.000000    -0.000000    1.000000    0.000000    0.000000    0.000000    0.000000    
14.997906    -0.000000    -0.000000    -0.000000    -0.000000    1.000000    0.000000    0.000000    0.000000    0.000000    0.000000    0.000000    
25.130700    -0.000000    -0.000000    -0.000000    -0.000000    -0.000000    -0.000000    -0.000000    1.000000    0.000000    0.000000    0.000000    
46.712234    -0.000000    -0.000000    -0.000000    1.000000    0.000000    0.000000    0.000000    0.000000    0.000000    0.000000    0.000000    
63.600224    -0.000000    -0.000000    -0.000000    -0.000000    -0.000000    -0.000000    -0.000000    -0.000000    1.000000    0.000000    0.000000    
95.972527    -0.000000    -0.000000    1.000000    0.000000    0.000000    0.000000    0.000000    0.000000    0.000000    0.000000    0.000000    
119.615712    -0.000000    -0.000000    -0.000000    -0.000000    -0.000000    -0.000000    -0.000000    -0.000000    -0.000000    1.000000    0.000000    
162.778782    -0.000000    1.000000    0.000000    0.000000    0.000000    0.000000    0.000000    0.000000    0.000000    0.000000    0.000000    
193.177164    0.000000    0.000000    0.000000    0.000000    0.000000    0.000000    0.000000    0.000000    0.000000    0.000000    1.000000    
247.131001    1.000000    0.000000    0.000000    0.000000    0.000000    0.000000    0.000000    0.000000    0.000000    0.000000    0.000000    

-1.277581
0.816107    -0.000000    -0.000000    -0.000000    -0.000000    -0.000000    1.000000    0.000000    0.000000    0.000000    0.000000    0.000000    
4.237569    -0.000000    -0.000000    -0.000000    -0.000000    -0.000000    -0.000000    1.000000    0.000000    0.000000    0.000000    0.000000    
14.940607    -0.000000    -0.000000    -0.000000    -0.000000    1.000000    0.000000    0.000000    0.000000    0.000000    0.000000    0.000000    
25.204996    -0.000000    -0.000000    -0.000000    -0.000000    -0.000000    -0.000000    -0.000000    1.000000    0.000000    0.000000    0.000000    
46.611071    -0.000000    -0.000000    -0.000000    1.000000    0.000000    0.000000    0.000000    0.000000    0.000000    0.000000    0.000000    
63.718385    -0.000000    -0.000000    -0.000000    -0.000000    -0.000000    -0.000000    -0.000000    -0.000000    1.000000    0.000000    0.000000    
95.827498    -0.000000    -0.000000    1.000000    0.000000    0.000000    0.000000    0.000000    0.000000    0.000000    0.000000    0.000000    
119.777738    -0.000000    -0.000000    -0.000000    -0.000000    -0.000000    -0.000000    -0.000000    -0.000000    -0.000000    1.000000    0.000000    
162.589889    -0.000000    1.000000    0.000000    0.000000    0.000000    0.000000    0.000000    0.000000    0.000000    0.000000    0.000000    
193.383055    0.000000    0.000000    0.000000    0.000000    0.000000    0.000000    0.000000    0.000000    0.000000    0.000000    1.000000    
246.898243    1.000000    0.000000    0.000000    0.000000    0.000000    0.000000    0.000000    0.000000    0.000000    0.000000    0.000000    

-1.267109
0.802783    -0.000000    -0.000000    -0.000000    -0.000000    -0.000000    1.000000    0.000000    0.000000    0.000000    0.000000    0.000000    
4.268110    -0.000000    -0.000000    -0.000000    -0.000000    -0.000000    -0.000000    1.000000    0.000000    0.000000    0.000000    0.000000    
14.883418    -0.000000    -0.000000    -0.000000    -0.000000    1.000000    0.000000    0.000000    0.000000    0.000000    0.000000    0.000000    
25.279402    -0.000000    -0.000000    -0.000000    -0.000000    -0.000000    -0.000000    -0.000000    1.000000    0.000000    0.000000    0.000000    
46.510017    -0.000000    -0.000000    -0.000000    1.000000    0.000000    0.000000    0.000000    0.000000    0.000000    0.000000    0.000000    
63.836656    -0.000000    -0.000000    -0.000000    -0.000000    -0.000000    -0.000000    -0.000000    -0.000000    1.000000    0.000000    0.000000    
95.682580    -0.000000    -0.000000    1.000000    0.000000    0.000000    0.000000    0.000000    0.000000    0.000000    0.000000    0.000000    
119.939874    -0.000000    -0.000000    -0.000000    -0.000000    -0.000000    -0.000000    -0.000000    -0.000000    -0.000000    1.000000    0.000000    
162.401105    -0.000000    1.000000    0.000000    0.000000    0.000000    0.000000    0.000000    0.000000    0.000000    0.000000    0.000000    
193.589055    0.000000    0.000000    0.000000    0.000000    0.000000    0.000000    0.000000    0.000000    0.000000    0.000000    1.000000    
246.665595    1.000000    0.000000    0.000000    0.000000    0.000000    0.000000    0.000000    0.000000    0.000000    0.000000    0.000000    

-1.256637
0.789568    -0.000000    -0.000000    -0.000000    -0.000000    -0.000000    1.000000    0.000000    0.000000    0.000000    0.000000    0.000000    
4.298761    -0.000000    -0.000000    -0.000000    -0.000000    -0.000000    -0.000000    1.000000    0.000000    0.000000    0.000000    0.000000    
14.826339    -0.000000    -0.000000    -0.000000    -0.000000    1.000000    0.000000    0.000000    0.000000    0.000000    0.000000    0.000000    
25.353917    -0.000000    -0.000000    -0.000000    -0.000000    -0.000000    -0.000000    -0.000000    1.000000    0.000000    0.000000    0.000000    
46.409073    -0.000000    -0.000000    -0.000000    1.000000    0.000000    0.000000    0.000000    0.000000    0.000000    0.000000    0.000000    
63.955037    -0.000000    -0.000000    -0.000000    -0.000000    -0.000000    -0.000000    -0.000000    -0.000000    1.000000    0.000000    0.000000    
95.537771    -0.000000    -0.000000    1.000000    0.000000    0.000000    0.000000    0.000000    0.000000    0.000000    0.000000    0.000000    
120.102119    -0.000000    -0.000000    -0.000000    -0.000000    -0.000000    -0.000000    -0.000000    -0.000000    -0.000000    1.000000    0.000000    
162.212431    -0.000000    1.000000    0.000000    0.000000    0.000000    0.000000    0.000000    0.000000    0.000000    0.000000    0.000000    
193.795166    0.000000    0.000000    0.000000    0.000000    0.000000    0.000000    0.000000    0.000000    0.000000    0.000000    1.000000    
246.433056    1.000000    0.000000    0.000000    0.000000    0.000000    0.000000    0.000000    0.000000    0.000000    0.000000    0.000000    

-1.246165
0.776464    -0.000000    -0.000000    -0.000000    -0.000000    -0.000000    1.000000    0.000000    0.000000    0.000000    0.000000    0.000000    
4.329521    -0.000000    -0.000000    -0.000000    -0.000000    -0.000000    -0.000000    1.000000    0.000000    0.000000    0.000000    0.000000    
14.769370    -0.000000    -0.000000    -0.000000    -0.000000    1.000000    0.000000    0.000000    0.000000    0.000000    0.000000    0.000000    
25.428542    -0.000000    -0.000000    -0.000000    -0.000000    -0.000000    -0.000000    -0.000000    1.000000    0.000000    0.000000    0.000000    
46.308239    -0.000000    -0.000000    -0.000000    1.000000    0.000000    0.000000    0.000000    0.000000    0.000000    0.000000    0.000000    
64.073527    -0.000000    -0.000000    -0.000000    -0.000000    -0.000000    -0.000000    -0.000000    -0.000000    1.000000    0.000000    0.000000    
95.393071    -0.000000    -0.000000    1.000000    0.000000    0.000000    0.000000    0.000000    0.000000    0.000000    0.000000    0.000000    
120.264474    -0.000000    -0.000000    -0.000000    -0.000000    -0.000000    -0.000000    -0.000000    -0.000000    -0.000000    1.000000    0.000000    
162.023867    -0.000000    1.000000    0.000000    0.000000    0.000000    0.000000    0.000000    0.000000    0.000000    0.000000    0.000000    
194.001385    0.000000    0.000000    0.000000    0.000000    0.000000    0.000000    0.000000    0.000000    0.000000    0.000000    1.000000    
246.200626    1.000000    0.000000    0.000000    0.000000    0.000000    0.000000    0.000000    0.000000    0.000000    0.000000    0.000000    

-1.235693
0.763469    -0.000000    -0.000000    -0.000000    -0.000000    -0.000000    1.000000    0.000000    0.000000    0.000000    0.000000    0.000000    
4.360391    -0.000000    -0.000000    -0.000000    -0.000000    -0.000000    -0.000000    1.000000    0.000000    0.000000    0.000000    0.000000    
14.712510    -0.000000    -0.000000    -0.000000    -0.000000    1.000000    0.000000    0.000000    0.000000    0.000000    0.000000    0.000000    
25.503277    -0.000000    -0.000000    -0.000000    -0.000000    -0.000000    -0.000000    -0.000000    1.000000    0.000000    0.000000    0.000000    
46.207514    -0.000000    -0.000000    -0.000000    1.000000    0.000000    0.000000    0.000000    0.000000    0.000000    0.000000    0.000000    
64.192126    -0.000000    -0.000000    -0.000000    -0.000000    -0.000000    -0.000000    -0.000000    -0.000000    1.000000    0.000000    0.000000    
95.248482    -0.000000    -0.000000    1.000000    0.000000    0.000000    0.000000    0.000000    0.000000    0.000000    0.000000    0.000000    
120.426939    -0.000000    -0.000000    -0.000000    -0.000000    -0.000000    -0.000000    -0.000000    -0.000000    -0.000000    1.000000    0.000000    
161.835413    -0.000000    1.000000    0.000000    0.000000    0.000000    0.000000    0.000000    0.000000    0.000000    0.000000    0.000000    
194.207715    0.000000    0.000000    0.000000    0.000000    0.000000    0.000000    0.000000    0.000000    0.000000    0.000000    1.000000    
245.968307    1.000000    0.000000    0.000000    0.000000    0.000000    0.000000    0.000000    0.000000    0.000000    0.000000    0.000000    

-1.225221
0.750583    -0.000000    -0.000000    -0.000000    -0.000000    -0.000000    1.000000    0.000000    0.000000    0.000000    0.000000    0.000000    
4.391371    -0.000000    -0.000000    -0.000000    -0.000000    -0.000000    -0.000000    1.000000    0.000000    0.000000    0.000000    0.000000    
14.655759    -0.000000    -0.000000    -0.000000    -0.000000    1.000000    0.000000    0.000000    0.000000    0.000000    0.000000    0.000000    
25.578122    -0.000000    -0.000000    -0.000000    -0.000000    -0.000000    -0.000000    -0.000000    1.000000    0.000000    0.000000    0.000000    
46.106899    -0.000000    -0.000000    -0.000000    1.000000    0.000000    0.000000    0.000000    0.000000    0.000000    0.000000    0.000000    
64.310836    -0.000000    -0.000000    -0.000000    -0.000000    -0.000000    -0.000000    -0.000000    -0.000000    1.000000    0.000000    0.000000    
95.104001    -0.000000    -0.000000    1.000000    0.000000    0.000000    0.000000    0.000000    0.000000    0.000000    0.000000    0.000000    
120.589513    -0.000000    -0.000000    -0.000000    -0.000000    -0.000000    -0.000000    -0.000000    -0.000000    -0.000000    1.000000    0.000000    
161.647068    -0.000000    1.000000    0.000000    0.000000    0.000000    0.000000    0.000000    0.000000    0.000000    0.000000    0.000000    
194.414154    0.000000    0.000000    0.000000    0.000000    0.000000    0.000000    0.000000    0.000000    0.000000    0.000000    1.000000    
245.736097    1.000000    0.000000    0.000000    0.000000    0.000000    0.000000    0.000000    0.000000    0.000000    0.000000    0.000000    

-1.214749
0.737808    -0.000000    -0.000000    -0.000000    -0.000000    -0.000000    1.000000    0.000000    0.000000    0.000000    0.000000    0.000000    
4.422460    -0.000000    -0.000000    -0.000000    -0.000000    -0.000000    -0.000000    1.000000    0.000000    0.000000    0.000000    0.000000    
14.599119    -0.000000    -0.000000    -0.000000    -0.000000    1.000000    0.000000    0.000000    0.000000    0.000000    0.000000    0.000000    
25.653076    -0.000000    -0.000000    -0.000000    -0.000000    -0.000000    -0.000000    -0.000000    1.000000    0.000000    0.000000    0.000000    
46.006393    -0.000000    -0.000000    -0.000000    1.000000    0.000000    0.000000    0.000000    0.000000    0.000000    0.000000    0.000000    
64.429655    -0.000000    -0.000000    -0.000000    -0.000000    -0.000000    -0.000000    -0.000000    -0.000000    1.000000    0.000000    0.000000    
94.959631    -0.000000    -0.000000    1.000000    0.000000    0.000000    0.000000    0.000000    0.000000    0.000000    0.000000    0.000000    
120.752197    -0.000000    -0.000000    -0.000000    -0.000000    -0.000000    -0.000000    -0.000000    -0.000000    -0.000000    1.000000    0.000000    
161.458832    -0.000000    1.000000    0.000000    0.000000    0.000000    0.000000    0.000000    0.000000    0.000000    0.000000    0.000000    
194.620703    0.000000    0.000000    0.000000    0.000000    0.000000    0.000000    0.000000    0.000000    0.000000    0.000000    1.000000    
245.503997    1.000000    0.000000    0.000000    0.000000    0.000000    0.000000    0.000000    0.000000    0.000000    0.000000    0.000000    

-1.204277
0.725142    -0.000000    -0.000000    -0.000000    -0.000000    -0.000000    1.000000    0.000000    0.000000    0.000000    0.000000    0.000000    
4.453659    -0.000000    -0.000000    -0.000000    -0.000000    -0.000000    -0.000000    1.000000    0.000000    0.000000    0.000000    0.000000    
14.542588    -0.000000    -0.000000    -0.000000    -0.000000    1.000000    0.000000    0.000000    0.000000    0.000000    0.000000    0.000000    
25.728140    -0.000000    -0.000000    -0.000000    -0.000000    -0.000000    -0.000000    -0.000000    1.000000    0.000000    0.000000    0.000000    
45.905997    -0.000000    -0.000000    -0.000000    1.000000    0.000000    0.000000    0.000000    0.000000    0.000000    0.000000    0.000000    
64.548584    -0.000000    -0.000000    -0.000000    -0.000000    -0.000000    -0.000000    -0.000000    -0.000000    1.000000    0.000000    0.000000    
94.815370    -0.000000    -0.000000    1.000000    0.000000    0.000000    0.000000    0.000000    0.000000    0.000000    0.000000    0.000000    
120.914991    -0.000000    -0.000000    -0.000000    -0.000000    -0.000000    -0.000000    -0.000000    -0.000000    -0.000000    1.000000    0.000000    
161.270707    -0.000000    1.000000    0.000000    0.000000    0.000000    0.000000    0.000000    0.000000    0.000000    0.000000    0.000000    
194.827362    0.000000    0.000000    0.000000    0.000000    0.000000    0.000000    0.000000    0.000000    0.000000    0.000000    1.000000    
245.272006    1.000000    0.000000    0.000000    0.000000    0.000000    0.000000    0.000000    0.000000    0.000000    0.000000    0.000000    

-1.193805
0.712585    -0.000000    -0.000000    -0.000000    -0.000000    -0.000000    1.000000    0.000000    0.000000    0.000000    0.000000    0.000000    
4.484968    -0.000000    -0.000000    -0.000000    -0.000000    -0.000000    -0.000000    1.000000    0.000000    0.000000    0.000000    0.000000    
14.486167    -0.000000    -0.000000    -0.000000    -0.000000    1.000000    0.000000    0.000000    0.000000    0.000000    0.000000    0.000000    
25.803313    -0.000000    -0.000000    -0.000000    -0.000000    -0.000000    -0.000000    -0.000000    1.000000    0.000000    0.000000    0.000000    
45.805711    -0.000000    -0.000000    -0.000000    1.000000    0.000000    0.000000    0.000000    0.000000    0.000000    0.000000    0.000000    
64.667622    -0.000000    -0.000000    -0.000000    -0.000000    -0.000000    -0.000000    -0.000000    -0.000000    1.000000    0.000000    0.000000    
94.671219    -0.000000    -0.000000    1.000000    0.000000    0.000000    0.000000    0.000000    0.000000    0.000000    0.000000    0.000000    
121.077894    -0.000000    -0.000000    -0.000000    -0.000000    -0.000000    -0.000000    -0.000000    -0.000000    -0.000000    1.000000    0.000000    
161.082691    -0.000000    1.000000    0.000000    0.000000    0.000000    0.000000    0.000000    0.000000    0.000000    0.000000    0.000000    
195.034130    0.000000    0.000000    0.000000    0.000000    0.000000    0.000000    0.000000    0.000000    0.000000    0.000000    1.000000    
245.040126    1.000000    0.000000    0.000000    0.000000    0.000000    0.000000    0.000000    0.000000    0.000000    0.000000    0.000000    

-1.183333
0.700139    -0.000000    -0.000000    -0.000000    -0.000000    -0.000000    1.000000    0.000000    0.000000    0.000000    0.000000    0.000000    
4.516386    -0.000000    -0.000000    -0.000000    -0.000000    -0.000000    -0.000000    1.000000    0.000000    0.000000    0.000000    0.000000    
14.429855    -0.000000    -0.000000    -0.000000    -0.000000    1.000000    0.000000    0.000000    0.000000    0.000000    0.000000    0.000000    
25.878596    -0.000000    -0.000000    -0.000000    -0.000000    -0.000000    -0.000000    -0.000000    1.000000    0.000000    0.000000    0.000000    
45.705535    -0.000000    -0.000000    -0.000000    1.000000    0.000000    0.000000    0.000000    0.000000    0.000000    0.000000    0.000000    
64.786770    -0.000000    -0.000000    -0.000000    -0.000000    -0.000000    -0.000000    -0.000000    -0.000000    1.000000    0.000000    0.000000    
94.527178    -0.000000    -0.000000    1.000000    0.000000    0.000000    0.000000    0.000000    0.000000    0.000000    0.000000    0.000000    
121.240907    -0.000000    -0.000000    -0.000000    -0.000000    -0.000000    -0.000000    -0.000000    -0.000000    -0.000000    1.000000    0.000000    
160.894784    -0.000000    1.000000    0.000000    0.000000    0.000000    0.000000    0.000000    0.000000    0.000000    0.000000    0.000000    
195.241008    0.000000    0.000000    0.000000    0.000000    0.000000    0.000000    0.000000    0.000000    0.000000    0.000000    1.000000    
244.808354    1.000000    0.000000    0.000000    0.000000    0.000000    0.000000    0.000000    0.000000    0.000000    0.000000    0.000000    

-1.172861
0.687802    -0.000000    -0.000000    -0.000000    -0.000000    -0.000000    1.000000    0.000000    0.000000    0.000000    0.000000    0.000000    
4.547914    -0.000000    -0.000000    -0.000000    -0.000000    -0.000000    -0.000000    1.000000    0.000000    0.000000    0.000000    0.000000    
14.373653    -0.000000    -0.000000    -0.000000    -0.000000    1.000000    0.000000    0.000000    0.000000    0.000000    0.000000    0.000000    
25.953989    -0.000000    -0.000000    -0.000000    -0.000000    -0.000000    -0.000000    -0.000000    1.000000    0.000000    0.000000    0.000000    
45.605468    -0.000000    -0.000000    -0.000000    1.000000    0.000000    0.000000    0.000000    0.000000    0.000000    0.000000    0.000000    
64.906028    -0.000000    -0.000000    -0.000000    -0.000000    -0.000000    -0.000000    -0.000000    -0.000000    1.000000    0.000000    0.000000    
94.383246    -0.000000    -0.000000    1.000000    0.000000    0.000000    0.000000    0.000000    0.000000    0.000000    0.000000    0.000000    
121.404030    -0.000000    -0.000000    -0.000000    -0.000000    -0.000000    -0.000000    -0.000000    -0.000000    -0.000000    1.000000    0.000000    
160.706988    -0.000000    1.000000    0.000000    0.000000    0.000000    0.000000    0.000000    0.000000    0.000000    0.000000    0.000000    
195.447995    0.000000    0.000000    0.000000    0.000000    0.000000    0.000000    0.000000    0.000000    0.000000    0.000000    1.000000    
244.576693    1.000000    0.000000    0.000000    0.000000    0.000000    0.000000    0.000000    0.000000    0.000000    0.000000    0.000000    

-1.162389
0.675574    -0.000000    -0.000000    -0.000000    -0.000000    -0.000000    1.000000    0.000000    0.000000    0.000000    0.000000    0.000000    
4.579551    -0.000000    -0.000000    -0.000000    -0.000000    -0.000000    -0.000000    1.000000    0.000000    0.000000    0.000000    0.000000    
14.317561    -0.000000    -0.000000    -0.000000    -0.000000    1.000000    0.000000    0.000000    0.000000    0.000000    0.000000    0.000000    
26.029492    -0.000000    -0.000000    -0.000000    -0.000000    -0.000000    -0.000000    -0.000000    1.000000    0.000000    0.000000    0.000000    
45.505511    -0.000000    -0.000000    -0.000000    1.000000    0.000000    0.000000    0.000000    0.000000    0.000000    0.000000    0.000000    
65.025395    -0.000000    -0.000000    -0.000000    -0.000000    -0.000000    -0.000000    -0.000000    -0.000000    1.000000    0.000000    0.000000    
94.239424    -0.000000    -0.000000    1.000000    0.000000    0.000000    0.000000    0.000000    0.000000    0.000000    0.000000    0.000000    
121.567262    -0.000000    -0.000000    -0.000000    -0.000000    -0.000000    -0.000000    -0.000000    -0.000000    -0.000000    1.000000    0.000000    
160.519301    -0.000000    1.000000    0.000000    0.000000    0.000000    0.000000    0.000000    0.000000    0.000000    0.000000    0.000000    
195.655092    0.000000    0.000000    0.000000    0.000000    0.000000    0.000000    0.000000    0.000000    0.000000    0.000000    1.000000    
244.345141    1.000000    0.000000    0.000000    0.000000    0.000000    0.000000    0.000000    0.000000    0.000000    0.000000    0.000000    

-1.151917
0.663457    -0.000000    -0.000000    -0.000000    -0.000000    -0.000000    1.000000    0.000000    0.000000    0.000000    0.000000    0.000000    
4.611299    -0.000000    -0.000000    -0.000000    -0.000000    -0.000000    -0.000000    1.000000    0.000000    0.000000    0.000000    0.000000    
14.261578    -0.000000    -0.000000    -0.000000    -0.000000    1.000000    0.000000    0.000000    0.000000    0.000000    0.000000    0.000000    
26.105104    -0.000000    -0.000000    -0.000000    -0.000000    -0.000000    -0.000000    -0.000000    1.000000    0.000000    0.000000    0.000000    
45.405663    -0.000000    -0.000000    -0.000000    1.000000    0.000000    0.000000    0.000000    0.000000    0.000000    0.000000    0.000000    
65.144872    -0.000000    -0.000000    -0.000000    -0.000000    -0.000000    -0.000000    -0.000000    -0.000000    1.000000    0.000000    0.000000    
94.095712    -0.000000    -0.000000    1.000000    0.000000    0.000000    0.000000    0.000000    0.000000    0.000000    0.000000    0.000000    
121.730604    -0.000000    -0.000000    -0.000000    -0.000000    -0.000000    -0.000000    -0.000000    -0.000000    -0.000000    1.000000    0.000000    
160.331723    -0.000000    1.000000    0.000000    0.000000    0.000000    0.000000    0.000000    0.000000    0.000000    0.000000    0.000000    
195.862299    0.000000    0.000000    0.000000    0.000000    0.000000    0.000000    0.000000    0.000000    0.000000    0.000000    1.000000    
244.113699    1.000000    0.000000    0.000000    0.000000    0.000000    0.000000    0.000000    0.000000    0.000000    0.000000    0.000000    

-1.141445
0.651449    -0.000000    -0.000000    -0.000000    -0.000000    -0.000000    1.000000    0.000000    0.000000    0.000000    0.000000    0.000000    
4.643155    -0.000000    -0.000000    -0.000000    -0.000000    -0.000000    -0.000000    1.000000    0.000000    0.000000    0.000000    0.000000    
14.205705    -0.000000    -0.000000    -0.000000    -0.000000    1.000000    0.000000    0.000000    0.000000    0.000000    0.000000    0.000000    
26.180825    -0.000000    -0.000000    -0.000000    -0.000000    -0.000000    -0.000000    -0.000000    1.000000    0.000000    0.000000    0.000000    
45.305926    -0.000000    -0.000000    -0.000000    1.000000    0.000000    0.000000    0.000000    0.000000    0.000000    0.000000    0.000000    
65.264459    -0.000000    -0.000000    -0.000000    -0.000000    -0.000000    -0.000000    -0.000000    -0.000000    1.000000    0.000000    0.000000    
93.952109    -0.000000    -0.000000    1.000000    0.000000    0.000000    0.000000    0.000000    0.000000    0.000000    0.000000    0.000000    
121.894056    -0.000000    -0.000000    -0.000000    -0.000000    -0.000000    -0.000000    -0.000000    -0.000000    -0.000000    1.000000    0.000000    
160.144256    -0.000000    1.000000    0.000000    0.000000    0.000000    0.000000    0.000000    0.000000    0.000000    0.000000    0.000000    
196.069616    0.000000    0.000000    0.000000    0.000000    0.000000    0.000000    0.000000    0.000000    0.000000    0.000000    1.000000    
243.882366    1.000000    0.000000    0.000000    0.000000    0.000000    0.000000    0.000000    0.000000    0.000000    0.000000    0.000000    

-1.130973
0.639550    -0.000000    -0.000000    -0.000000    -0.000000    -0.000000    1.000000    0.000000    0.000000    0.000000    0.000000    0.000000    
4.675122    -0.000000    -0.000000    -0.000000    -0.000000    -0.000000    -0.000000    1.000000    0.000000    0.000000    0.000000    0.000000    
14.149942    -0.000000    -0.000000    -0.000000    -0.000000    1.000000    0.000000    0.000000    0.000000    0.000000    0.000000    0.000000    
26.256657    -0.000000    -0.000000    -0.000000    -0.000000    -0.000000    -0.000000    -0.000000    1.000000    0.000000    0.000000    0.000000    
45.206297    -0.000000    -0.000000    -0.000000    1.000000    0.000000    0.000000    0.000000    0.000000    0.000000    0.000000    0.000000    
65.384155    -0.000000    -0.000000    -0.000000    -0.000000    -0.000000    -0.000000    -0.000000    -0.000000    1.000000    0.000000    0.000000    
93.808616    -0.000000    -0.000000    1.000000    0.000000    0.000000    0.000000    0.000000    0.000000    0.000000    0.000000    0.000000    
122.057617    -0.000000    -0.000000    -0.000000    -0.000000    -0.000000    -0.000000    -0.000000    -0.000000    -0.000000    1.000000    0.000000    
159.956898    -0.000000    1.000000    0.000000    0.000000    0.000000    0.000000    0.000000    0.000000    0.000000    0.000000    0.000000    
196.277042    0.000000    0.000000    0.000000    0.000000    0.000000    0.000000    0.000000    0.000000    0.000000    0.000000    1.000000    
243.651143    1.000000    0.000000    0.000000    0.000000    0.000000    0.000000    0.000000    0.000000    0.000000    0.000000    0.000000    

-1.120501
0.627762    -0.000000    -0.000000    -0.000000    -0.000000    -0.000000    1.000000    0.000000    0.000000    0.000000    0.000000    0.000000    
4.707198    -0.000000    -0.000000    -0.000000    -0.000000    -0.000000    -0.000000    1.000000    0.000000    0.000000    0.000000    0.000000    
14.094289    -0.000000    -0.000000    -0.000000    -0.000000    1.000000    0.000000    0.000000    0.000000    0.000000    0.000000    0.000000    
26.332598    -0.000000    -0.000000    -0.000000    -0.000000    -0.000000    -0.000000    -0.000000    1.000000    0.000000    0.000000    0.000000    
45.106779    -0.000000    -0.000000    -0.000000    1.000000    0.000000    0.000000    0.000000    0.000000    0.000000    0.000000    0.000000    
65.503961    -0.000000    -0.000000    -0.000000    -0.000000    -0.000000    -0.000000    -0.000000    -0.000000    1.000000    0.000000    0.000000    
93.665232    -0.000000    -0.000000    1.000000    0.000000    0.000000    0.000000    0.000000    0.000000    0.000000    0.000000    0.000000    
122.221288    -0.000000    -0.000000    -0.000000    -0.000000    -0.000000    -0.000000    -0.000000    -0.000000    -0.000000    1.000000    0.000000    
159.769650    -0.000000    1.000000    0.000000    0.000000    0.000000    0.000000    0.000000    0.000000    0.000000    0.000000    0.000000    
196.484578    0.000000    0.000000    0.000000    0.000000    0.000000    0.000000    0.000000    0.000000    0.000000    0.000000    1.000000    
243.420030    1.000000    0.000000    0.000000    0.000000    0.000000    0.000000    0.000000    0.000000    0.000000    0.000000    0.000000    

-1.110029
0.616083    -0.000000    -0.000000    -0.000000    -0.000000    -0.000000    1.000000    0.000000    0.000000    0.000000    0.000000    0.000000    
4.739384    -0.000000    -0.000000    -0.000000    -0.000000    -0.000000    -0.000000    1.000000    0.000000    0.000000    0.000000    0.000000    
14.038745    -0.000000    -0.000000    -0.000000    -0.000000    1.000000    0.000000    0.000000    0.000000    0.000000    0.000000    0.000000    
26.408649    -0.000000    -0.000000    -0.000000    -0.000000    -0.000000    -0.000000    -0.000000    1.000000    0.000000    0.000000    0.000000    
45.007370    -0.000000    -0.000000    -0.000000    1.000000    0.000000    0.000000    0.000000    0.000000    0.000000    0.000000    0.000000    
65.623877    -0.000000    -0.000000    -0.000000    -0.000000    -0.000000    -0.000000    -0.000000    -0.000000    1.000000    0.000000    0.000000    
93.521959    -0.000000    -0.000000    1.000000    0.000000    0.000000    0.000000    0.000000    0.000000    0.000000    0.000000    0.000000    
122.385068    -0.000000    -0.000000    -0.000000    -0.000000    -0.000000    -0.000000    -0.000000    -0.000000    -0.000000    1.000000    0.000000    
159.582511    -0.000000    1.000000    0.000000    0.000000    0.000000    0.000000    0.000000    0.000000    0.000000    0.000000    0.000000    
196.692223    0.000000    0.000000    0.000000    0.000000    0.000000    0.000000    0.000000    0.000000    0.000000    0.000000    1.000000    
243.189026    1.000000    0.000000    0.000000    0.000000    0.000000    0.000000    0.000000    0.000000    0.000000    0.000000    0.000000    

-1.099557
0.604513    -0.000000    -0.000000    -0.000000    -0.000000    -0.000000    1.000000    0.000000    0.000000    0.000000    0.000000    0.000000    
4.771680    -0.000000    -0.000000    -0.000000    -0.000000    -0.000000    -0.000000    1.000000    0.000000    0.000000    0.000000    0.000000    
13.983310    -0.000000    -0.000000    -0.000000    -0.000000    1.000000    0.000000    0.000000    0.000000    0.000000    0.000000    0.000000    
26.484809    -0.000000    -0.000000    -0.000000    -0.000000    -0.000000    -0.000000    -0.000000    1.000000    0.000000    0.000000    0.000000    
44.908071    -0.000000    -0.000000    -0.000000    1.000000    0.000000    0.000000    0.000000    0.000000    0.000000    0.000000    0.000000    
65.743902    -0.000000    -0.000000    -0.000000    -0.000000    -0.000000    -0.000000    -0.000000    -0.000000    1.000000    0.000000    0.000000    
93.378795    -0.000000    -0.000000    1.000000    0.000000    0.000000    0.000000    0.000000    0.000000    0.000000    0.000000    0.000000    
122.548959    -0.000000    -0.000000    -0.000000    -0.000000    -0.000000    -0.000000    -0.000000    -0.000000    -0.000000    1.000000    0.000000    
159.395482    -0.000000    1.000000    0.000000    0.000000    0.000000    0.000000    0.000000    0.000000    0.000000    0.000000    0.000000    
196.899979    0.000000    0.000000    0.000000    0.000000    0.000000    0.000000    0.000000    0.000000    0.000000    0.000000    1.000000    
242.958132    1.000000    0.000000    0.000000    0.000000    0.000000    0.000000    0.000000    0.000000    0.000000    0.000000    0.000000    

-1.089085
0.593054    -0.000000    -0.000000    -0.000000    -0.000000    -0.000000    1.000000    0.000000    0.000000    0.000000    0.000000    0.000000    
4.804085    -0.000000    -0.000000    -0.000000    -0.000000    -0.000000    -0.000000    1.000000    0.000000    0.000000    0.000000    0.000000    
13.927986    -0.000000    -0.000000    -0.000000    -0.000000    1.000000    0.000000    0.000000    0.000000    0.000000    0.000000    0.000000    
26.561079    -0.000000    -0.000000    -0.000000    -0.000000    -0.000000    -0.000000    -0.000000    1.000000    0.000000    0.000000    0.000000    
44.808881    -0.000000    -0.000000    -0.000000    1.000000    0.000000    0.000000    0.000000    0.000000    0.000000    0.000000    0.000000    
65.864037    -0.000000    -0.000000    -0.000000    -0.000000    -0.000000    -0.000000    -0.000000    -0.000000    1.000000    0.000000    0.000000    
93.235740    -0.000000    -0.000000    1.000000    0.000000    0.000000    0.000000    0.000000    0.000000    0.000000    0.000000    0.000000    
122.712959    -0.000000    -0.000000    -0.000000    -0.000000    -0.000000    -0.000000    -0.000000    -0.000000    -0.000000    1.000000    0.000000    
159.208563    -0.000000    1.000000    0.000000    0.000000    0.000000    0.000000    0.000000    0.000000    0.000000    0.000000    0.000000    
197.107843    0.000000    0.000000    0.000000    0.000000    0.000000    0.000000    0.000000    0.000000    0.000000    0.000000    1.000000    
242.727348    1.000000    0.000000    0.000000    0.000000    0.000000    0.000000    0.000000    0.000000    0.000000    0.000000    0.000000    

-1.078613
0.581704    -0.000000    -0.000000    -0.000000    -0.000000    -0.000000    1.000000    0.000000    0.000000    0.000000    0.000000    0.000000    
4.836600    -0.000000    -0.000000    -0.000000    -0.000000    -0.000000    -0.000000    1.000000    0.000000    0.000000    0.000000    0.000000    
13.872771    -0.000000    -0.000000    -0.000000    -0.000000    1.000000    0.000000    0.000000    0.000000    0.000000    0.000000    0.000000    
26.637459    -0.000000    -0.000000    -0.000000    -0.000000    -0.000000    -0.000000    -0.000000    1.000000    0.000000    0.000000    0.000000    
44.709801    -0.000000    -0.000000    -0.000000    1.000000    0.000000    0.000000    0.000000    0.000000    0.000000    0.000000    0.000000    
65.984282    -0.000000    -0.000000    -0.000000    -0.000000    -0.000000    -0.000000    -0.000000    -0.000000    1.000000    0.000000    0.000000    
93.092795    -0.000000    -0.000000    1.000000    0.000000    0.000000    0.000000    0.000000    0.000000    0.000000    0.000000    0.000000    
122.877068    -0.000000    -0.000000    -0.000000    -0.000000    -0.000000    -0.000000    -0.000000    -0.000000    -0.000000    1.000000    0.000000    
159.021753    -0.000000    1.000000    0.000000    0.000000    0.000000    0.000000    0.000000    0.000000    0.000000    0.000000    0.000000    
197.315818    0.000000    0.000000    0.000000    0.000000    0.000000    0.000000    0.000000    0.000000    0.000000    0.000000    1.000000    
242.496674    1.000000    0.000000    0.000000    0.000000    0.000000    0.000000    0.000000    0.000000    0.000000    0.000000    0.000000    

-1.068142
0.570463    -0.000000    -0.000000    -0.000000    -0.000000    -0.000000    1.000000    0.000000    0.000000    0.000000    0.000000    0.000000    
4.869224    -0.000000    -0.000000    -0.000000    -0.000000    -0.000000    -0.000000    1.000000    0.000000    0.000000    0.000000    0.000000    
13.817665    -0.000000    -0.000000    -0.000000    -0.000000    1.000000    0.000000    0.000000    0.000000    0.000000    0.000000    0.000000    
26.713949    -0.000000    -0.000000    -0.000000    -0.000000    -0.000000    -0.000000    -0.000000    1.000000    0.000000    0.000000    0.000000    
44.610831    -0.000000    -0.000000    -0.000000    1.000000    0.000000    0.000000    0.000000    0.000000    0.000000    0.000000    0.000000    
66.104636    -0.000000    -0.000000    -0.000000    -0.000000    -0.000000    -0.000000    -0.000000    -0.000000    1.000000    0.000000    0.000000    
92.949960    -0.000000    -0.000000    1.000000    0.000000    0.000000    0.000000    0.000000    0.000000    0.000000    0.000000    0.000000    
123.041288    -0.000000    -0.000000    -0.000000    -0.000000    -0.000000    -0.000000    -0.000000    -0.000000    -0.000000    1.000000    0.000000    
158.835053    -0.000000    1.000000    0.000000    0.000000    0.000000    0.000000    0.000000    0.000000    0.000000    0.000000    0.000000    
197.523902    0.000000    0.000000    0.000000    0.000000    0.000000    0.000000    0.000000    0.000000    0.000000    0.000000    1.000000    
242.266109    1.000000    0.000000    0.000000    0.000000    0.000000    0.000000    0.000000    0.000000    0.000000    0.000000    0.000000    

-1.057670
0.559332    -0.000000    -0.000000    -0.000000    -0.000000    -0.000000    1.000000    0.000000    0.000000    0.000000    0.000000    0.000000    
4.901958    -0.000000    -0.000000    -0.000000    -0.000000    -0.000000    -0.000000    1.000000    0.000000    0.000000    0.000000    0.000000    
13.762670    -0.000000    -0.000000    -0.000000    -0.000000    1.000000    0.000000    0.000000    0.000000    0.000000    0.000000    0.000000    
26.790548    -0.000000    -0.000000    -0.000000    -0.000000    -0.000000    -0.000000    -0.000000    1.000000    0.000000    0.000000    0.000000    
44.511971    -0.000000    -0.000000    -0.000000    1.000000    0.000000    0.000000    0.000000    0.000000    0.000000    0.000000    0.000000    
66.225100    -0.000000    -0.000000    -0.000000    -0.000000    -0.000000    -0.000000    -0.000000    -0.000000    1.000000    0.000000    0.000000    
92.807235    -0.000000    -0.000000    1.000000    0.000000    0.000000    0.000000    0.000000    0.000000    0.000000    0.000000    0.000000    
123.205616    -0.000000    -0.000000    -0.000000    -0.000000    -0.000000    -0.000000    -0.000000    -0.000000    -0.000000    1.000000    0.000000    
158.648462    -0.000000    1.000000    0.000000    0.000000    0.000000    0.000000    0.000000    0.000000    0.000000    0.000000    0.000000    
197.732096    0.000000    0.000000    0.000000    0.000000    0.000000    0.000000    0.000000    0.000000    0.000000    0.000000    1.000000    
242.035653    1.000000    0.000000    0.000000    0.000000    0.000000    0.000000    0.000000    0.000000    0.000000    0.000000    0.000000    

-1.047198
0.548311    -0.000000    -0.000000    -0.000000    -0.000000    -0.000000    1.000000    0.000000    0.000000    0.000000    0.000000    0.000000    
4.934802    -0.000000    -0.000000    -0.000000    -0.000000    -0.000000    -0.000000    1.000000    0.000000    0.000000    0.000000    0.000000    
13.707784    -0.000000    -0.000000    -0.000000    -0.000000    1.000000    0.000000    0.000000    0.000000    0.000000    0.000000    0.000000    
26.867256    -0.000000    -0.000000    -0.000000    -0.000000    -0.000000    -0.000000    -0.000000    1.000000    0.000000    0.000000    0.000000    
44.413220    -0.000000    -0.000000    -0.000000    1.000000    0.000000    0.000000    0.000000    0.000000    0.000000    0.000000    0.000000    
66.345674    -0.000000    -0.000000    -0.000000    -0.000000    -0.000000    -0.000000    -0.000000    -0.000000    1.000000    0.000000    0.000000    
92.664619    -0.000000    -0.000000    1.000000    0.000000    0.000000    0.000000    0.000000    0.000000    0.000000    0.000000    0.000000    
123.370055    -0.000000    -0.000000    -0.000000    -0.000000    -0.000000    -0.000000    -0.000000    -0.000000    -0.000000    1.000000    0.000000    
158.461982    -0.000000    1.000000    0.000000    0.000000    0.000000    0.000000    0.000000    0.000000    0.000000    0.000000    0.000000    
197.940399    0.000000    0.000000    0.000000    0.000000    0.000000    0.000000    0.000000    0.000000    0.000000    0.000000    1.000000    
241.805308    1.000000    0.000000    0.000000    0.000000    0.000000    0.000000    0.000000    0.000000    0.000000    0.000000    0.000000    

-1.036726
0.537400    -0.000000    -0.000000    -0.000000    -0.000000    -0.000000    1.000000    0.000000    0.000000    0.000000    0.000000    0.000000    
4.967756    -0.000000    -0.000000    -0.000000    -0.000000    -0.000000    -0.000000    1.000000    0.000000    0.000000    0.000000    0.000000    
13.653008    -0.000000    -0.000000    -0.000000    -0.000000    1.000000    0.000000    0.000000    0.000000    0.000000    0.000000    0.000000    
26.944075    -0.000000    -0.000000    -0.000000    -0.000000    -0.000000    -0.000000    -0.000000    1.000000    0.000000    0.000000    0.000000    
44.314579    -0.000000    -0.000000    -0.000000    1.000000    0.000000    0.000000    0.000000    0.000000    0.000000    0.000000    0.000000    
66.466357    -0.000000    -0.000000    -0.000000    -0.000000    -0.000000    -0.000000    -0.000000    -0.000000    1.000000    0.000000    0.000000    
92.522113    -0.000000    -0.000000    1.000000    0.000000    0.000000    0.000000    0.000000    0.000000    0.000000    0.000000    0.000000    
123.534603    -0.000000    -0.000000    -0.000000    -0.000000    -0.000000    -0.000000    -0.000000    -0.000000    -0.000000    1.000000    0.000000    
158.275611    -0.000000    1.000000    0.000000    0.000000    0.000000    0.000000    0.000000    0.000000    0.000000    0.000000    0.000000    
198.148813    0.000000    0.000000    0.000000    0.000000    0.000000    0.000000    0.000000    0.000000    0.000000    0.000000    1.000000    
241.575072    1.000000    0.000000    0.000000    0.000000    0.000000    0.000000    0.000000    0.000000    0.000000    0.000000    0.000000    

-1.026254
0.526598    -0.000000    -0.000000    -0.000000    -0.000000    -0.000000    1.000000    0.000000    0.000000    0.000000    0.000000    0.000000    
5.000819    -0.000000    -0.000000    -0.000000    -0.000000    -0.000000    -0.000000    1.000000    0.000000    0.000000    0.000000    0.000000    
13.598341    -0.000000    -0.000000    -0.000000    -0.000000    1.000000    0.000000    0.000000    0.000000    0.000000    0.000000    0.000000    
27.021003    -0.000000    -0.000000    -0.000000    -0.000000    -0.000000    -0.000000    -0.000000    1.000000    0.000000    0.000000    0.000000    
44.216047    -0.000000    -0.000000    -0.000000    1.000000    0.000000    0.000000    0.000000    0.000000    0.000000    0.000000    0.000000    
66.587150    -0.000000    -0.000000    -0.000000    -0.000000    -0.000000    -0.000000    -0.000000    -0.000000    1.000000    0.000000    0.000000    
92.379717    -0.000000    -0.000000    1.000000    0.000000    0.000000    0.000000    0.000000    0.000000    0.000000    0.000000    0.000000    
123.699261    -0.000000    -0.000000    -0.000000    -0.000000    -0.000000    -0.000000    -0.000000    -0.000000    -0.000000    1.000000    0.000000    
158.089349    -0.000000    1.000000    0.000000    0.000000    0.000000    0.000000    0.000000    0.000000    0.000000    0.000000    0.000000    
198.357335    0.000000    0.000000    0.000000    0.000000    0.000000    0.000000    0.000000    0.000000    0.000000    0.000000    1.000000    
241.344946    1.000000    0.000000    0.000000    0.000000    0.000000    0.000000    0.000000    0.000000    0.000000    0.000000    0.000000    

-1.015782
0.515906    -0.000000    -0.000000    -0.000000    -0.000000    -0.000000    1.000000    0.000000    0.000000    0.000000    0.000000    0.000000    
5.033992    -0.000000    -0.000000    -0.000000    -0.000000    -0.000000    -0.000000    1.000000    0.000000    0.000000    0.000000    0.000000    
13.543784    -0.000000    -0.000000    -0.000000    -0.000000    1.000000    0.000000    0.000000    0.000000    0.000000    0.000000    0.000000    
27.098041    -0.000000    -0.000000    -0.000000    -0.000000    -0.000000    -0.000000    -0.000000    1.000000    0.000000    0.000000    0.000000    
44.117625    -0.000000    -0.000000    -0.000000    1.000000    0.000000    0.000000    0.000000    0.000000    0.000000    0.000000    0.000000    
66.708053    -0.000000    -0.000000    -0.000000    -0.000000    -0.000000    -0.000000    -0.000000    -0.000000    1.000000    0.000000    0.000000    
92.237430    -0.000000    -0.000000    1.000000    0.000000    0.000000    0.000000    0.000000    0.000000    0.000000    0.000000    0.000000    
123.864029    -0.000000    -0.000000    -0.000000    -0.000000    -0.000000    -0.000000    -0.000000    -0.000000    -0.000000    1.000000    0.000000    
157.903198    -0.000000    1.000000    0.000000    0.000000    0.000000    0.000000    0.000000    0.000000    0.000000    0.000000    0.000000    
198.565968    0.000000    0.000000    0.000000    0.000000    0.000000    0.000000    0.000000    0.000000    0.000000    0.000000    1.000000    
241.114929    1.000000    0.000000    0.000000    0.000000    0.000000    0.000000    0.000000    0.000000    0.000000    0.000000    0.000000    

-1.005310
0.505324    -0.000000    -0.000000    -0.000000    -0.000000    -0.000000    1.000000    0.000000    0.000000    0.000000    0.000000    0.000000    
5.067274    -0.000000    -0.000000    -0.000000    -0.000000    -0.000000    -0.000000    1.000000    0.000000    0.000000    0.000000    0.000000    
13.489337    -0.000000    -0.000000    -0.000000    -0.000000    1.000000    0.000000    0.000000    0.000000    0.000000    0.000000    0.000000    
27.175188    -0.000000    -0.000000    -0.000000    -0.000000    -0.000000    -0.000000    -0.000000    1.000000    0.000000    0.000000    0.000000    
44.019313    -0.000000    -0.000000    -0.000000    1.000000    0.000000    0.000000    0.000000    0.000000    0.000000    0.000000    0.000000    
66.829065    -0.000000    -0.000000    -0.000000    -0.000000    -0.000000    -0.000000    -0.000000    -0.000000    1.000000    0.000000    0.000000    
92.095253    -0.000000    -0.000000    1.000000    0.000000    0.000000    0.000000    0.000000    0.000000    0.000000    0.000000    0.000000    
124.028906    -0.000000    -0.000000    -0.000000    -0.000000    -0.000000    -0.000000    -0.000000    -0.000000    -0.000000    1.000000    0.000000    
157.717156    -0.000000    1.000000    0.000000    0.000000    0.000000    0.000000    0.000000    0.000000    0.000000    0.000000    0.000000    
198.774710    0.000000    0.000000    0.000000    0.000000    0.000000    0.000000    0.000000    0.000000    0.000000    0.000000    1.000000    
240.885022    1.000000    0.000000    0.000000    0.000000    0.000000    0.000000    0.000000    0.000000    0.000000    0.000000    0.000000    

-0.994838
0.494851    -0.000000    -0.000000    -0.000000    -0.000000    -0.000000    1.000000    0.000000    0.000000    0.000000    0.000000    0.000000    
5.100666    -0.000000    -0.000000    -0.000000    -0.000000    -0.000000    -0.000000    1.000000    0.000000    0.000000    0.000000    0.000000    
13.434999    -0.000000    -0.000000    -0.000000    -0.000000    1.000000    0.000000    0.000000    0.000000    0.000000    0.000000    0.000000    
27.252445    -0.000000    -0.000000    -0.000000    -0.000000    -0.000000    -0.000000    -0.000000    1.000000    0.000000    0.000000    0.000000    
43.921110    -0.000000    -0.000000    -0.000000    1.000000    0.000000    0.000000    0.000000    0.000000    0.000000    0.000000    0.000000    
66.950187    -0.000000    -0.000000    -0.000000    -0.000000    -0.000000    -0.000000    -0.000000    -0.000000    1.000000    0.000000    0.000000    
91.953185    -0.000000    -0.000000    1.000000    0.000000    0.000000    0.000000    0.000000    0.000000    0.000000    0.000000    0.000000    
124.193893    -0.000000    -0.000000    -0.000000    -0.000000    -0.000000    -0.000000    -0.000000    -0.000000    -0.000000    1.000000    0.000000    
157.531223    -0.000000    1.000000    0.000000    0.000000    0.000000    0.000000    0.000000    0.000000    0.000000    0.000000    0.000000    
198.983562    0.000000    0.000000    0.000000    0.000000    0.000000    0.000000    0.000000    0.000000    0.000000    0.000000    1.000000    
240.655225    1.000000    0.000000    0.000000    0.000000    0.000000    0.000000    0.000000    0.000000    0.000000    0.000000    0.000000    

-0.984366
0.484488    -0.000000    -0.000000    -0.000000    -0.000000    -0.000000    1.000000    0.000000    0.000000    0.000000    0.000000    0.000000    
5.134168    -0.000000    -0.000000    -0.000000    -0.000000    -0.000000    -0.000000    1.000000    0.000000    0.000000    0.000000    0.000000    
13.380771    -0.000000    -0.000000    -0.000000    -0.000000    1.000000    0.000000    0.000000    0.000000    0.000000    0.000000    0.000000    
27.329812    -0.000000    -0.000000    -0.000000    -0.000000    -0.000000    -0.000000    -0.000000    1.000000    0.000000    0.000000    0.000000    
43.823017    -0.000000    -0.000000    -0.000000    1.000000    0.000000    0.000000    0.000000    0.000000    0.000000    0.000000    0.000000    
67.071419    -0.000000    -0.000000    -0.000000    -0.000000    -0.000000    -0.000000    -0.000000    -0.000000    1.000000    0.000000    0.000000    
91.811227    -0.000000    -0.000000    1.000000    0.000000    0.000000    0.000000    0.000000    0.000000    0.000000    0.000000    0.000000    
124.358989    -0.000000    -0.000000    -0.000000    -0.000000    -0.000000    -0.000000    -0.000000    -0.000000    -0.000000    1.000000    0.000000    
157.345401    -0.000000    1.000000    0.000000    0.000000    0.000000    0.000000    0.000000    0.000000    0.000000    0.000000    0.000000    
199.192523    0.000000    0.000000    0.000000    0.000000    0.000000    0.000000    0.000000    0.000000    0.000000    0.000000    1.000000    
240.425537    1.000000    0.000000    0.000000    0.000000    0.000000    0.000000    0.000000    0.000000    0.000000    0.000000    0.000000    

-0.973894
0.474234    -0.000000    -0.000000    -0.000000    -0.000000    -0.000000    1.000000    0.000000    0.000000    0.000000    0.000000    0.000000    
5.167780    -0.000000    -0.000000    -0.000000    -0.000000    -0.000000    -0.000000    1.000000    0.000000    0.000000    0.000000    0.000000    
13.326653    -0.000000    -0.000000    -0.000000    -0.000000    1.000000    0.000000    0.000000    0.000000    0.000000    0.000000    0.000000    
27.407288    -0.000000    -0.000000    -0.000000    -0.000000    -0.000000    -0.000000    -0.000000    1.000000    0.000000    0.000000    0.000000    
43.725034    -0.000000    -0.000000    -0.000000    1.000000    0.000000    0.000000    0.000000    0.000000    0.000000    0.000000    0.000000    
67.192760    -0.000000    -0.000000    -0.000000    -0.000000    -0.000000    -0.000000    -0.000000    -0.000000    1.000000    0.000000    0.000000    
91.669379    -0.000000    -0.000000    1.000000    0.000000    0.000000    0.000000    0.000000    0.000000    0.000000    0.000000    0.000000    
124.524196    -0.000000    -0.000000    -0.000000    -0.000000    -0.000000    -0.000000    -0.000000    -0.000000    -0.000000    1.000000    0.000000    
157.159687    -0.000000    1.000000    0.000000    0.000000    0.000000    0.000000    0.000000    0.000000    0.000000    0.000000    0.000000    
199.401594    0.000000    0.000000    0.000000    0.000000    0.000000    0.000000    0.000000    0.000000    0.000000    0.000000    1.000000    
240.195959    1.000000    0.000000    0.000000    0.000000    0.000000    0.000000    0.000000    0.000000    0.000000    0.000000    0.000000    

-0.963422
0.464091    -0.000000    -0.000000    -0.000000    -0.000000    -0.000000    1.000000    0.000000    0.000000    0.000000    0.000000    0.000000    
5.201501    -0.000000    -0.000000    -0.000000    -0.000000    -0.000000    -0.000000    1.000000    0.000000    0.000000    0.000000    0.000000    
13.272644    -0.000000    -0.000000    -0.000000    -0.000000    1.000000    0.000000    0.000000    0.000000    0.000000    0.000000    0.000000    
27.484874    -0.000000    -0.000000    -0.000000    -0.000000    -0.000000    -0.000000    -0.000000    1.000000    0.000000    0.000000    0.000000    
43.627161    -0.000000    -0.000000    -0.000000    1.000000    0.000000    0.000000    0.000000    0.000000    0.000000    0.000000    0.000000    
67.314211    -0.000000    -0.000000    -0.000000    -0.000000    -0.000000    -0.000000    -0.000000    -0.000000    1.000000    0.000000    0.000000    
91.527641    -0.000000    -0.000000    1.000000    0.000000    0.000000    0.000000    0.000000    0.000000    0.000000    0.000000    0.000000    
124.689511    -0.000000    -0.000000    -0.000000    -0.000000    -0.000000    -0.000000    -0.000000    -0.000000    -0.000000    1.000000    0.000000    
156.974084    -0.000000    1.000000    0.000000    0.000000    0.000000    0.000000    0.000000    0.000000    0.000000    0.000000    0.000000    
199.610775    0.000000    0.000000    0.000000    0.000000    0.000000    0.000000    0.000000    0.000000    0.000000    0.000000    1.000000    
239.966491    1.000000    0.000000    0.000000    0.000000    0.000000    0.000000    0.000000    0.000000    0.000000    0.000000    0.000000    

-0.952950
0.454057    -0.000000    -0.000000    -0.000000    -0.000000    -0.000000    1.000000    0.000000    0.000000    0.000000    0.000000    0.000000    
5.235332    -0.000000    -0.000000    -0.000000    -0.000000    -0.000000    -0.000000    1.000000    0.000000    0.000000    0.000000    0.000000    
13.218745    -0.000000    -0.000000    -0.000000    -0.000000    1.000000    0.000000    0.000000    0.000000    0.000000    0.000000    0.000000    
27.562570    -0.000000    -0.000000    -0.000000    -0.000000    -0.000000    -0.000000    -0.000000    1.000000    0.000000    0.000000    0.000000    
43.529397    -0.000000    -0.000000    -0.000000    1.000000    0.000000    0.000000    0.000000    0.000000    0.000000    0.000000    0.000000    
67.435772    -0.000000    -0.000000    -0.000000    -0.000000    -0.000000    -0.000000    -0.000000    -0.000000    1.000000    0.000000    0.000000    
91.386012    -0.000000    -0.000000    1.000000    0.000000    0.000000    0.000000    0.000000    0.000000    0.000000    0.000000    0.000000    
124.854937    -0.000000    -0.000000    -0.000000    -0.000000    -0.000000    -0.000000    -0.000000    -0.000000    -0.000000    1.000000    0.000000    
156.788590    -0.000000    1.000000    0.000000    0.000000    0.000000    0.000000    0.000000    0.000000    0.000000    0.000000    0.000000    
199.820066    0.000000    0.000000    0.000000    0.000000    0.000000    0.000000    0.000000    0.000000    0.000000    0.000000    1.000000    
239.737132    1.000000    0.000000    0.000000    0.000000    0.000000    0.000000    0.000000    0.000000    0.000000    0.000000    0.000000    

-0.942478
0.444132    -0.000000    -0.000000    -0.000000    -0.000000    -0.000000    1.000000    0.000000    0.000000    0.000000    0.000000    0.000000    
5.269272    -0.000000    -0.000000    -0.000000    -0.000000    -0.000000    -0.000000    1.000000    0.000000    0.000000    0.000000    0.000000    
13.164956    -0.000000    -0.000000    -0.000000    -0.000000    1.000000    0.000000    0.000000    0.000000    0.000000    0.000000    0.000000    
27.640375    -0.000000    -0.000000    -0.000000    -0.000000    -0.000000    -0.000000    -0.000000    1.000000    0.000000    0.000000    0.000000    
43.431742    -0.000000    -0.000000    -0.000000    1.000000    0.000000    0.000000    0.000000    0.000000    0.000000    0.000000    0.000000    
67.557442    -0.000000    -0.000000    -0.000000    -0.000000    -0.000000    -0.000000    -0.000000    -0.000000    1.000000    0.000000    0.000000    
91.244493    -0.000000    -0.000000    1.000000    0.000000    0.000000    0.000000    0.000000    0.000000    0.000000    0.000000    0.000000    
125.020472    -0.000000    -0.000000    -0.000000    -0.000000    -0.000000    -0.000000    -0.000000    -0.000000    -0.000000    1.000000    0.000000    
156.603206    -0.000000    1.000000    0.000000    0.000000    0.000000    0.000000    0.000000    0.000000    0.000000    0.000000    0.000000    
200.029466    0.000000    0.000000    0.000000    0.000000    0.000000    0.000000    0.000000    0.000000    0.000000    0.000000    1.000000    
239.507883    1.000000    0.000000    0.000000    0.000000    0.000000    0.000000    0.000000    0.000000    0.000000    0.000000    0.000000    

-0.932006
0.434317    -0.000000    -0.000000    -0.000000    -0.000000    -0.000000    1.000000    0.000000    0.000000    0.000000    0.000000    0.000000    
5.303322    -0.000000    -0.000000    -0.000000    -0.000000    -0.000000    -0.000000    1.000000    0.000000    0.000000    0.000000    0.000000    
13.111276    -0.000000    -0.000000    -0.000000    -0.000000    1.000000    0.000000    0.000000    0.000000    0.000000    0.000000    0.000000    
27.718290    -0.000000    -0.000000    -0.000000    -0.000000    -0.000000    -0.000000    -0.000000    1.000000    0.000000    0.000000    0.000000    
43.334198    -0.000000    -0.000000    -0.000000    1.000000    0.000000    0.000000    0.000000    0.000000    0.000000    0.000000    0.000000    
67.679222    -0.000000    -0.000000    -0.000000    -0.000000    -0.000000    -0.000000    -0.000000    -0.000000    1.000000    0.000000    0.000000    
91.103083    -0.000000    -0.000000    1.000000    0.000000    0.000000    0.000000    0.000000    0.000000    0.000000    0.000000    0.000000    
125.186117    -0.000000    -0.000000    -0.000000    -0.000000    -0.000000    -0.000000    -0.000000    -0.000000    -0.000000    1.000000    0.000000    
156.417932    -0.000000    1.000000    0.000000    0.000000    0.000000    0.000000    0.000000    0.000000    0.000000    0.000000    0.000000    
200.238975    0.000000    0.000000    0.000000    0.000000    0.000000    0.000000    0.000000    0.000000    0.000000    0.000000    1.000000    
239.278744    1.000000    0.000000    0.000000    0.000000    0.000000    0.000000    0.000000    0.000000    0.000000    0.000000    0.000000    

-0.921534
0.424612    -0.000000    -0.000000    -0.000000    -0.000000    -0.000000    1.000000    0.000000    0.000000    0.000000    0.000000    0.000000    
5.337482    -0.000000    -0.000000    -0.000000    -0.000000    -0.000000    -0.000000    1.000000    0.000000    0.000000    0.000000    0.000000    
13.057706    -0.000000    -0.000000    -0.000000    -0.000000    1.000000    0.000000    0.000000    0.000000    0.000000    0.000000    0.000000    
27.796315    -0.000000    -0.000000    -0.000000    -0.000000    -0.000000    -0.000000    -0.000000    1.000000    0.000000    0.000000    0.000000    
43.236763    -0.000000    -0.000000    -0.000000    1.000000    0.000000    0.000000    0.000000    0.000000    0.000000    0.000000    0.000000    
67.801112    -0.000000    -0.000000    -0.000000    -0.000000    -0.000000    -0.000000    -0.000000    -0.000000    1.000000    0.000000    0.000000    
90.961783    -0.000000    -0.000000    1.000000    0.000000    0.000000    0.000000    0.000000    0.000000    0.000000    0.000000    0.000000    
125.351872    -0.000000    -0.000000    -0.000000    -0.000000    -0.000000    -0.000000    -0.000000    -0.000000    -0.000000    1.000000    0.000000    
156.232767    -0.000000    1.000000    0.000000    0.000000    0.000000    0.000000    0.000000    0.000000    0.000000    0.000000    0.000000    
200.448595    0.000000    0.000000    0.000000    0.000000    0.000000    0.000000    0.000000    0.000000    0.000000    0.000000    1.000000    
239.049714    1.000000    0.000000    0.000000    0.000000    0.000000    0.000000    0.000000    0.000000    0.000000    0.000000    0.000000    

-0.911062
0.415017    -0.000000    -0.000000    -0.000000    -0.000000    -0.000000    1.000000    0.000000    0.000000    0.000000    0.000000    0.000000    
5.371752    -0.000000    -0.000000    -0.000000    -0.000000    -0.000000    -0.000000    1.000000    0.000000    0.000000    0.000000    0.000000    
13.004246    -0.000000    -0.000000    -0.000000    -0.000000    1.000000    0.000000    0.000000    0.000000    0.000000    0.000000    0.000000    
27.874450    -0.000000    -0.000000    -0.000000    -0.000000    -0.000000    -0.000000    -0.000000    1.000000    0.000000    0.000000    0.000000    
43.139438    -0.000000    -0.000000    -0.000000    1.000000    0.000000    0.000000    0.000000    0.000000    0.000000    0.000000    0.000000    
67.923111    -0.000000    -0.000000    -0.000000    -0.000000    -0.000000    -0.000000    -0.000000    -0.000000    1.000000    0.000000    0.000000    
90.820593    -0.000000    -0.000000    1.000000    0.000000    0.000000    0.000000    0.000000    0.000000    0.000000    0.000000    0.000000    
125.517736    -0.000000    -0.000000    -0.000000    -0.000000    -0.000000    -0.000000    -0.000000    -0.000000    -0.000000    1.000000    0.000000    
156.047712    -0.000000    1.000000    0.000000    0.000000    0.000000    0.000000    0.000000    0.000000    0.000000    0.000000    0.000000    
200.658324    0.000000    0.000000    0.000000    0.000000    0.000000    0.000000    0.000000    0.000000    0.000000    0.000000    1.000000    
238.820794    1.000000    0.000000    0.000000    0.000000    0.000000    0.000000    0.000000    0.000000    0.000000    0.000000    0.000000    

-0.900590
0.405531    -0.000000    -0.000000    -0.000000    -0.000000    -0.000000    1.000000    0.000000    0.000000    0.000000    0.000000    0.000000    
5.406131    -0.000000    -0.000000    -0.000000    -0.000000    -0.000000    -0.000000    1.000000    0.000000    0.000000    0.000000    0.000000    
12.950895    -0.000000    -0.000000    -0.000000    -0.000000    1.000000    0.000000    0.000000    0.000000    0.000000    0.000000    0.000000    
27.952694    -0.000000    -0.000000    -0.000000    -0.000000    -0.000000    -0.000000    -0.000000    1.000000    0.000000    0.000000    0.000000    
43.042222    -0.000000    -0.000000    -0.000000    1.000000    0.000000    0.000000    0.000000    0.000000    0.000000    0.000000    0.000000    
68.045220    -0.000000    -0.000000    -0.000000    -0.000000    -0.000000    -0.000000    -0.000000    -0.000000    1.000000    0.000000    0.000000    
90.679513    -0.000000    -0.000000    1.000000    0.000000    0.000000    0.000000    0.000000    0.000000    0.000000    0.000000    0.000000    
125.683710    -0.000000    -0.000000    -0.000000    -0.000000    -0.000000    -0.000000    -0.000000    -0.000000    -0.000000    1.000000    0.000000    
155.862767    -0.000000    1.000000    0.000000    0.000000    0.000000    0.000000    0.000000    0.000000    0.000000    0.000000    0.000000    
200.868163    0.000000    0.000000    0.000000    0.000000    0.000000    0.000000    0.000000    0.000000    0.000000    0.000000    1.000000    
238.591984    1.000000    0.000000    0.000000    0.000000    0.000000    0.000000    0.000000    0.000000    0.000000    0.000000    0.000000    

-0.890118
0.396155    -0.000000    -0.000000    -0.000000    -0.000000    -0.000000    1.000000    0.000000    0.000000    0.000000    0.000000    0.000000    
5.440619    -0.000000    -0.000000    -0.000000    -0.000000    -0.000000    -0.000000    1.000000    0.000000    0.000000    0.000000    0.000000    
12.897654    -0.000000    -0.000000    -0.000000    -0.000000    1.000000    0.000000    0.000000    0.000000    0.000000    0.000000    0.000000    
28.031047    -0.000000    -0.000000    -0.000000    -0.000000    -0.000000    -0.000000    -0.000000    1.000000    0.000000    0.000000    0.000000    
42.945116    -0.000000    -0.000000    -0.000000    1.000000    0.000000    0.000000    0.000000    0.000000    0.000000    0.000000    0.000000    
68.167439    -0.000000    -0.000000    -0.000000    -0.000000    -0.000000    -0.000000    -0.000000    -0.000000    1.000000    0.000000    0.000000    
90.538542    -0.000000    -0.000000    1.000000    0.000000    0.000000    0.000000    0.000000    0.000000    0.000000    0.000000    0.000000    
125.849793    -0.000000    -0.000000    -0.000000    -0.000000    -0.000000    -0.000000    -0.000000    -0.000000    -0.000000    1.000000    0.000000    
155.677931    -0.000000    1.000000    0.000000    0.000000    0.000000    0.000000    0.000000    0.000000    0.000000    0.000000    0.000000    
201.078111    0.000000    0.000000    0.000000    0.000000    0.000000    0.000000    0.000000    0.000000    0.000000    0.000000    1.000000    
238.363283    1.000000    0.000000    0.000000    0.000000    0.000000    0.000000    0.000000    0.000000    0.000000    0.000000    0.000000    

-0.879646
0.386888    -0.000000    -0.000000    -0.000000    -0.000000    -0.000000    1.000000    0.000000    0.000000    0.000000    0.000000    0.000000    
5.475218    -0.000000    -0.000000    -0.000000    -0.000000    -0.000000    -0.000000    1.000000    0.000000    0.000000    0.000000    0.000000    
12.844522    -0.000000    -0.000000    -0.000000    -0.000000    1.000000    0.000000    0.000000    0.000000    0.000000    0.000000    0.000000    
28.109511    -0.000000    -0.000000    -0.000000    -0.000000    -0.000000    -0.000000    -0.000000    1.000000    0.000000    0.000000    0.000000    
42.848120    -0.000000    -0.000000    -0.000000    1.000000    0.000000    0.000000    0.000000    0.000000    0.000000    0.000000    0.000000    
68.289767    -0.000000    -0.000000    -0.000000    -0.000000    -0.000000    -0.000000    -0.000000    -0.000000    1.000000    0.000000    0.000000    
90.397681    -0.000000    -0.000000    1.000000    0.000000    0.000000    0.000000    0.000000    0.000000    0.000000    0.000000    0.000000    
126.015986    -0.000000    -0.000000    -0.000000    -0.000000    -0.000000    -0.000000    -0.000000    -0.000000    -0.000000    1.000000    0.000000    
155.493205    -0.000000    1.000000    0.000000    0.000000    0.000000    0.000000    0.000000    0.000000    0.000000    0.000000    0.000000    
201.288169    0.000000    0.000000    0.000000    0.000000    0.000000    0.000000    0.000000    0.000000    0.000000    0.000000    1.000000    
238.134692    1.000000    0.000000    0.000000    0.000000    0.000000    0.000000    0.000000    0.000000    0.000000    0.000000    0.000000    

-0.869174
0.377732    -0.000000    -0.000000    -0.000000    -0.000000    -0.000000    1.000000    0.000000    0.000000    0.000000    0.000000    0.000000    
5.509926    -0.000000    -0.000000    -0.000000    -0.000000    -0.000000    -0.000000    1.000000    0.000000    0.000000    0.000000    0.000000    
12.791501    -0.000000    -0.000000    -0.000000    -0.000000    1.000000    0.000000    0.000000    0.000000    0.000000    0.000000    0.000000    
28.188084    -0.000000    -0.000000    -0.000000    -0.000000    -0.000000    -0.000000    -0.000000    1.000000    0.000000    0.000000    0.000000    
42.751233    -0.000000    -0.000000    -0.000000    1.000000    0.000000    0.000000    0.000000    0.000000    0.000000    0.000000    0.000000    
68.412205    -0.000000    -0.000000    -0.000000    -0.000000    -0.000000    -0.000000    -0.000000    -0.000000    1.000000    0.000000    0.000000    
90.256929    -0.000000    -0.000000    1.000000    0.000000    0.000000    0.000000    0.000000    0.000000    0.000000    0.000000    0.000000    
126.182289    -0.000000    -0.000000    -0.000000    -0.000000    -0.000000    -0.000000    -0.000000    -0.000000    -0.000000    1.000000    0.000000    
155.308588    -0.000000    1.000000    0.000000    0.000000    0.000000    0.000000    0.000000    0.000000    0.000000    0.000000    0.000000    
201.498337    0.000000    0.000000    0.000000    0.000000    0.000000    0.000000    0.000000    0.000000    0.000000    0.000000    1.000000    
237.906211    1.000000    0.000000    0.000000    0.000000    0.000000    0.000000    0.000000    0.000000    0.000000    0.000000    0.000000    

-0.858702
0.368685    -0.000000    -0.000000    -0.000000    -0.000000    -0.000000    1.000000    0.000000    0.000000    0.000000    0.000000    0.000000    
5.544744    -0.000000    -0.000000    -0.000000    -0.000000    -0.000000    -0.000000    1.000000    0.000000    0.000000    0.000000    0.000000    
12.738589    -0.000000    -0.000000    -0.000000    -0.000000    1.000000    0.000000    0.000000    0.000000    0.000000    0.000000    0.000000    
28.266766    -0.000000    -0.000000    -0.000000    -0.000000    -0.000000    -0.000000    -0.000000    1.000000    0.000000    0.000000    0.000000    
42.654456    -0.000000    -0.000000    -0.000000    1.000000    0.000000    0.000000    0.000000    0.000000    0.000000    0.000000    0.000000    
68.534752    -0.000000    -0.000000    -0.000000    -0.000000    -0.000000    -0.000000    -0.000000    -0.000000    1.000000    0.000000    0.000000    
90.116287    -0.000000    -0.000000    1.000000    0.000000    0.000000    0.000000    0.000000    0.000000    0.000000    0.000000    0.000000    
126.348702    -0.000000    -0.000000    -0.000000    -0.000000    -0.000000    -0.000000    -0.000000    -0.000000    -0.000000    1.000000    0.000000    
155.124082    -0.000000    1.000000    0.000000    0.000000    0.000000    0.000000    0.000000    0.000000    0.000000    0.000000    0.000000    
201.708614    0.000000    0.000000    0.000000    0.000000    0.000000    0.000000    0.000000    0.000000    0.000000    0.000000    1.000000    
237.677839    1.000000    0.000000    0.000000    0.000000    0.000000    0.000000    0.000000    0.000000    0.000000    0.000000    0.000000    

-0.848230
0.359747    -0.000000    -0.000000    -0.000000    -0.000000    -0.000000    1.000000    0.000000    0.000000    0.000000    0.000000    0.000000    
5.579671    -0.000000    -0.000000    -0.000000    -0.000000    -0.000000    -0.000000    1.000000    0.000000    0.000000    0.000000    0.000000    
12.685786    -0.000000    -0.000000    -0.000000    -0.000000    1.000000    0.000000    0.000000    0.000000    0.000000    0.000000    0.000000    
28.345559    -0.000000    -0.000000    -0.000000    -0.000000    -0.000000    -0.000000    -0.000000    1.000000    0.000000    0.000000    0.000000    
42.557789    -0.000000    -0.000000    -0.000000    1.000000    0.000000    0.000000    0.000000    0.000000    0.000000    0.000000    0.000000    
68.657410    -0.000000    -0.000000    -0.000000    -0.000000    -0.000000    -0.000000    -0.000000    -0.000000    1.000000    0.000000    0.000000    
89.975755    -0.000000    -0.000000    1.000000    0.000000    0.000000    0.000000    0.000000    0.000000    0.000000    0.000000    0.000000    
126.515224    -0.000000    -0.000000    -0.000000    -0.000000    -0.000000    -0.000000    -0.000000    -0.000000    -0.000000    1.000000    0.000000    
154.939684    -0.000000    1.000000    0.000000    0.000000    0.000000    0.000000    0.000000    0.000000    0.000000    0.000000    0.000000    
201.919001    0.000000    0.000000    0.000000    0.000000    0.000000    0.000000    0.000000    0.000000    0.000000    0.000000    1.000000    
237.449577    1.000000    0.000000    0.000000    0.000000    0.000000    0.000000    0.000000    0.000000    0.000000    0.000000    0.000000    

-0.837758
0.350919    -0.000000    -0.000000    -0.000000    -0.000000    -0.000000    1.000000    0.000000    0.000000    0.000000    0.000000    0.000000    
5.614708    -0.000000    -0.000000    -0.000000    -0.000000    -0.000000    -0.000000    1.000000    0.000000    0.000000    0.000000    0.000000    
12.633094    -0.000000    -0.000000    -0.000000    -0.000000    1.000000    0.000000    0.000000    0.000000    0.000000    0.000000    0.000000    
28.424461    -0.000000    -0.000000    -0.000000    -0.000000    -0.000000    -0.000000    -0.000000    1.000000    0.000000    0.000000    0.000000    
42.461231    -0.000000    -0.000000    -0.000000    1.000000    0.000000    0.000000    0.000000    0.000000    0.000000    0.000000    0.000000    
68.780176    -0.000000    -0.000000    -0.000000    -0.000000    -0.000000    -0.000000    -0.000000    -0.000000    1.000000    0.000000    0.000000    
89.835333    -0.000000    -0.000000    1.000000    0.000000    0.000000    0.000000    0.000000    0.000000    0.000000    0.000000    0.000000    
126.681856    -0.000000    -0.000000    -0.000000    -0.000000    -0.000000    -0.000000    -0.000000    -0.000000    -0.000000    1.000000    0.000000    
154.755397    -0.000000    1.000000    0.000000    0.000000    0.000000    0.000000    0.000000    0.000000    0.000000    0.000000    0.000000    
202.129498    0.000000    0.000000    0.000000    0.000000    0.000000    0.000000    0.000000    0.000000    0.000000    0.000000    1.000000    
237.221425    1.000000    0.000000    0.000000    0.000000    0.000000    0.000000    0.000000    0.000000    0.000000    0.000000    0.000000    

-0.827286
0.342201    -0.000000    -0.000000    -0.000000    -0.000000    -0.000000    1.000000    0.000000    0.000000    0.000000    0.000000    0.000000    
5.649855    -0.000000    -0.000000    -0.000000    -0.000000    -0.000000    -0.000000    1.000000    0.000000    0.000000    0.000000    0.000000    
12.580511    -0.000000    -0.000000    -0.000000    -0.000000    1.000000    0.000000    0.000000    0.000000    0.000000    0.000000    0.000000    
28.503472    -0.000000    -0.000000    -0.000000    -0.000000    -0.000000    -0.000000    -0.000000    1.000000    0.000000    0.000000    0.000000    
42.364783    -0.000000    -0.000000    -0.000000    1.000000    0.000000    0.000000    0.000000    0.000000    0.000000    0.000000    0.000000    
68.903053    -0.000000    -0.000000    -0.000000    -0.000000    -0.000000    -0.000000    -0.000000    -0.000000    1.000000    0.000000    0.000000    
89.695020    -0.000000    -0.000000    1.000000    0.000000    0.000000    0.000000    0.000000    0.000000    0.000000    0.000000    0.000000    
126.848597    -0.000000    -0.000000    -0.000000    -0.000000    -0.000000    -0.000000    -0.000000    -0.000000    -0.000000    1.000000    0.000000    
154.571219    -0.000000    1.000000    0.000000    0.000000    0.000000    0.000000    0.000000    0.000000    0.000000    0.000000    0.000000    
202.340105    0.000000    0.000000    0.000000    0.000000    0.000000    0.000000    0.000000    0.000000    0.000000    0.000000    1.000000    
236.993382    1.000000    0.000000    0.000000    0.000000    0.000000    0.000000    0.000000    0.000000    0.000000    0.000000    0.000000    

-0.816814
0.333593    -0.000000    -0.000000    -0.000000    -0.000000    -0.000000    1.000000    0.000000    0.000000    0.000000    0.000000    0.000000    
5.685111    -0.000000    -0.000000    -0.000000    -0.000000    -0.000000    -0.000000    1.000000    0.000000    0.000000    0.000000    0.000000    
12.528037    -0.000000    -0.000000    -0.000000    -0.000000    1.000000    0.000000    0.000000    0.000000    0.000000    0.000000    0.000000    
28.582594    -0.000000    -0.000000    -0.000000    -0.000000    -0.000000    -0.000000    -0.000000    1.000000    0.000000    0.000000    0.000000    
42.268445    -0.000000    -0.000000    -0.000000    1.000000    0.000000    0.000000    0.000000    0.000000    0.000000    0.000000    0.000000    
69.026039    -0.000000    -0.000000    -0.000000    -0.000000    -0.000000    -0.000000    -0.000000    -0.000000    1.000000    0.000000    0.000000    
89.554816    -0.000000    -0.000000    1.000000    0.000000    0.000000    0.000000    0.000000    0.000000    0.000000    0.000000    0.000000    
127.015448    -0.000000    -0.000000    -0.000000    -0.000000    -0.000000    -0.000000    -0.000000    -0.000000    -0.000000    1.000000    0.000000    
154.387151    -0.000000    1.000000    0.000000    0.000000    0.000000    0.000000    0.000000    0.000000    0.000000    0.000000    0.000000    
202.550821    0.000000    0.000000    0.000000    0.000000    0.000000    0.000000    0.000000    0.000000    0.000000    0.000000    1.000000    
236.765449    1.000000    0.000000    0.000000    0.000000    0.000000    0.000000    0.000000    0.000000    0.000000    0.000000    0.000000    

-0.806342
0.325094    -0.000000    -0.000000    -0.000000    -0.000000    -0.000000    1.000000    0.000000    0.000000    0.000000    0.000000    0.000000    
5.720478    -0.000000    -0.000000    -0.000000    -0.000000    -0.000000    -0.000000    1.000000    0.000000    0.000000    0.000000    0.000000    
12.475673    -0.000000    -0.000000    -0.000000    -0.000000    1.000000    0.000000    0.000000    0.000000    0.000000    0.000000    0.000000    
28.661825    -0.000000    -0.000000    -0.000000    -0.000000    -0.000000    -0.000000    -0.000000    1.000000    0.000000    0.000000    0.000000    
42.172216    -0.000000    -0.000000    -0.000000    1.000000    0.000000    0.000000    0.000000    0.000000    0.000000    0.000000    0.000000    
69.149135    -0.000000    -0.000000    -0.000000    -0.000000    -0.000000    -0.000000    -0.000000    -0.000000    1.000000    0.000000    0.000000    
89.414723    -0.000000    -0.000000    1.000000    0.000000    0.000000    0.000000    0.000000    0.000000    0.000000    0.000000    0.000000    
127.182409    -0.000000    -0.000000    -0.000000    -0.000000    -0.000000    -0.000000    -0.000000    -0.000000    -0.000000    1.000000    0.000000    
154.203193    -0.000000    1.000000    0.000000    0.000000    0.000000    0.000000    0.000000    0.000000    0.000000    0.000000    0.000000    
202.761646    0.000000    0.000000    0.000000    0.000000    0.000000    0.000000    0.000000    0.000000    0.000000    0.000000    1.000000    
236.537626    1.000000    0.000000    0.000000    0.000000    0.000000    0.000000    0.000000    0.000000    0.000000    0.000000    0.000000    

-0.795870
0.316705    -0.000000    -0.000000    -0.000000    -0.000000    -0.000000    1.000000    0.000000    0.000000    0.000000    0.000000    0.000000    
5.755953    -0.000000    -0.000000    -0.000000    -0.000000    -0.000000    -0.000000    1.000000    0.000000    0.000000    0.000000    0.000000    
12.423419    -0.000000    -0.000000    -0.000000    -0.000000    1.000000    0.000000    0.000000    0.000000    0.000000    0.000000    0.000000    
28.741165    -0.000000    -0.000000    -0.000000    -0.000000    -0.000000    -0.000000    -0.000000    1.000000    0.000000    0.000000    0.000000    
42.076097    -0.000000    -0.000000    -0.000000    1.000000    0.000000    0.000000    0.000000    0.000000    0.000000    0.000000    0.000000    
69.272341    -0.000000    -0.000000    -0.000000    -0.000000    -0.000000    -0.000000    -0.000000    -0.000000    1.000000    0.000000    0.000000    
89.274739    -0.000000    -0.000000    1.000000    0.000000    0.000000    0.000000    0.000000    0.000000    0.000000    0.000000    0.000000    
127.349480    -0.000000    -0.000000    -0.000000    -0.000000    -0.000000    -0.000000    -0.000000    -0.000000    -0.000000    1.000000    0.000000    
154.019344    -0.000000    1.000000    0.000000    0.000000    0.000000    0.000000    0.000000    0.000000    0.000000    0.000000    0.000000    
202.972582    0.000000    0.000000    0.000000    0.000000    0.000000    0.000000    0.000000    0.000000    0.000000    0.000000    1.000000    
236.309912    1.000000    0.000000    0.000000    0.000000    0.000000    0.000000    0.000000    0.000000    0.000000    0.000000    0.000000    

-0.785398
0.308425    -0.000000    -0.000000    -0.000000    -0.000000    -0.000000    1.000000    0.000000    0.000000    0.000000    0.000000    0.000000    
5.791539    -0.000000    -0.000000    -0.000000    -0.000000    -0.000000    -0.000000    1.000000    0.000000    0.000000    0.000000    0.000000    
12.371275    -0.000000    -0.000000    -0.000000    -0.000000    1.000000    0.000000    0.000000    0.000000    0.000000    0.000000    0.000000    
28.820616    -0.000000    -0.000000    -0.000000    -0.000000    -0.000000    -0.000000    -0.000000    1.000000    0.000000    0.000000    0.000000    
41.980088    -0.000000    -0.000000    -0.000000    1.000000    0.000000    0.000000    0.000000    0.000000    0.000000    0.000000    0.000000    
69.395656    -0.000000    -0.000000    -0.000000    -0.000000    -0.000000    -0.000000    -0.000000    -0.000000    1.000000    0.000000    0.000000    
89.134865    -0.000000    -0.000000    1.000000    0.000000    0.000000    0.000000    0.000000    0.000000    0.000000    0.000000    0.000000    
127.516660    -0.000000    -0.000000    -0.000000    -0.000000    -0.000000    -0.000000    -0.000000    -0.000000    -0.000000    1.000000    0.000000    
153.835605    -0.000000    1.000000    0.000000    0.000000    0.000000    0.000000    0.000000    0.000000    0.000000    0.000000    0.000000    
203.183627    0.000000    0.000000    0.000000    0.000000    0.000000    0.000000    0.000000    0.000000    0.000000    0.000000    1.000000    
236.082308    1.000000    0.000000    0.000000    0.000000    0.000000    0.000000    0.000000    0.000000    0.000000    0.000000    0.000000    

-0.774926
0.300255    -0.000000    -0.000000    -0.000000    -0.000000    -0.000000    1.000000    0.000000    0.000000    0.000000    0.000000    0.000000    
5.827234    -0.000000    -0.000000    -0.000000    -0.000000    -0.000000    -0.000000    1.000000    0.000000    0.000000    0.000000    0.000000    
12.319240    -0.000000    -0.000000    -0.000000    -0.000000    1.000000    0.000000    0.000000    0.000000    0.000000    0.000000    0.000000    
28.900176    -0.000000    -0.000000    -0.000000    -0.000000    -0.000000    -0.000000    -0.000000    1.000000    0.000000    0.000000    0.000000    
41.884189    -0.000000    -0.000000    -0.000000    1.000000    0.000000    0.000000    0.000000    0.000000    0.000000    0.000000    0.000000    
69.519081    -0.000000    -0.000000    -0.000000    -0.000000    -0.000000    -0.000000    -0.000000    -0.000000    1.000000    0.000000    0.000000    
88.995100    -0.000000    -0.000000    1.000000    0.000000    0.000000    0.000000    0.000000    0.000000    0.000000    0.000000    0.000000    
127.683949    -0.000000    -0.000000    -0.000000    -0.000000    -0.000000    -0.000000    -0.000000    -0.000000    -0.000000    1.000000    0.000000    
153.651975    -0.000000    1.000000    0.000000    0.000000    0.000000    0.000000    0.000000    0.000000    0.000000    0.000000    0.000000    
203.394781    0.000000    0.000000    0.000000    0.000000    0.000000    0.000000    0.000000    0.000000    0.000000    0.000000    1.000000    
235.854814    1.000000    0.000000    0.000000    0.000000    0.000000    0.000000    0.000000    0.000000    0.000000    0.000000    0.000000    

-0.764454
0.292195    -0.000000    -0.000000    -0.000000    -0.000000    -0.000000    1.000000    0.000000    0.000000    0.000000    0.000000    0.000000    
5.863038    -0.000000    -0.000000    -0.000000    -0.000000    -0.000000    -0.000000    1.000000    0.000000    0.000000    0.000000    0.000000    
12.267315    -0.000000    -0.000000    -0.000000    -0.000000    1.000000    0.000000    0.000000    0.000000    0.000000    0.000000    0.000000    
28.979845    -0.000000    -0.000000    -0.000000    -0.000000    -0.000000    -0.000000    -0.000000    1.000000    0.000000    0.000000    0.000000    
41.788399    -0.000000    -0.000000    -0.000000    1.000000    0.000000    0.000000    0.000000    0.000000    0.000000    0.000000    0.000000    
69.642615    -0.000000    -0.000000    -0.000000    -0.000000    -0.000000    -0.000000    -0.000000    -0.000000    1.000000    0.000000    0.000000    
88.855445    -0.000000    -0.000000    1.000000    0.000000    0.000000    0.000000    0.000000    0.000000    0.000000    0.000000    0.000000    
127.851349    -0.000000    -0.000000    -0.000000    -0.000000    -0.000000    -0.000000    -0.000000    -0.000000    -0.000000    1.000000    0.000000    
153.468455    -0.000000    1.000000    0.000000    0.000000    0.000000    0.000000    0.000000    0.000000    0.000000    0.000000    0.000000    
203.606046    0.000000    0.000000    0.000000    0.000000    0.000000    0.000000    0.000000    0.000000    0.000000    0.000000    1.000000    
235.627429    1.000000    0.000000    0.000000    0.000000    0.000000    0.000000    0.000000    0.000000    0.000000    0.000000    0.000000    

-0.753982
0.284245    -0.000000    -0.000000    -0.000000    -0.000000    -0.000000    1.000000    0.000000    0.000000    0.000000    0.000000    0.000000    
5.898953    -0.000000    -0.000000    -0.000000    -0.000000    -0.000000    -0.000000    1.000000    0.000000    0.000000    0.000000    0.000000    
12.215500    -0.000000    -0.000000    -0.000000    -0.000000    1.000000    0.000000    0.000000    0.000000    0.000000    0.000000    0.000000    
29.059625    -0.000000    -0.000000    -0.000000    -0.000000    -0.000000    -0.000000    -0.000000    1.000000    0.000000    0.000000    0.000000    
41.692718    -0.000000    -0.000000    -0.000000    1.000000    0.000000    0.000000    0.000000    0.000000    0.000000    0.000000    0.000000    
69.766260    -0.000000    -0.000000    -0.000000    -0.000000    -0.000000    -0.000000    -0.000000    -0.000000    1.000000    0.000000    0.000000    
88.715900    -0.000000    -0.000000    1.000000    0.000000    0.000000    0.000000    0.000000    0.000000    0.000000    0.000000    0.000000    
128.018858    -0.000000    -0.000000    -0.000000    -0.000000    -0.000000    -0.000000    -0.000000    -0.000000    -0.000000    1.000000    0.000000    
153.285045    -0.000000    1.000000    0.000000    0.000000    0.000000    0.000000    0.000000    0.000000    0.000000    0.000000    0.000000    
203.817420    0.000000    0.000000    0.000000    0.000000    0.000000    0.000000    0.000000    0.000000    0.000000    0.000000    1.000000    
235.400154    1.000000    0.000000    0.000000    0.000000    0.000000    0.000000    0.000000    0.000000    0.000000    0.000000    0.000000    

-0.743510
0.276404    -0.000000    -0.000000    -0.000000    -0.000000    -0.000000    1.000000    0.000000    0.000000    0.000000    0.000000    0.000000    
5.934977    -0.000000    -0.000000    -0.000000    -0.000000    -0.000000    -0.000000    1.000000    0.000000    0.000000    0.000000    0.000000    
12.163794    -0.000000    -0.000000    -0.000000    -0.000000    1.000000    0.000000    0.000000    0.000000    0.000000    0.000000    0.000000    
29.139514    -0.000000    -0.000000    -0.000000    -0.000000    -0.000000    -0.000000    -0.000000    1.000000    0.000000    0.000000    0.000000    
41.597148    -0.000000    -0.000000    -0.000000    1.000000    0.000000    0.000000    0.000000    0.000000    0.000000    0.000000    0.000000    
69.890013    -0.000000    -0.000000    -0.000000    -0.000000    -0.000000    -0.000000    -0.000000    -0.000000    1.000000    0.000000    0.000000    
88.576464    -0.000000    -0.000000    1.000000    0.000000    0.000000    0.000000    0.000000    0.000000    0.000000    0.000000    0.000000    
128.186477    -0.000000    -0.000000    -0.000000    -0.000000    -0.000000    -0.000000    -0.000000    -0.000000    -0.000000    1.000000    0.000000    
153.101745    -0.000000    1.000000    0.000000    0.000000    0.000000    0.000000    0.000000    0.000000    0.000000    0.000000    0.000000    
204.028904    0.000000    0.000000    0.000000    0.000000    0.000000    0.000000    0.000000    0.000000    0.000000    0.000000    1.000000    
235.172989    1.000000    0.000000    0.000000    0.000000    0.000000    0.000000    0.000000    0.000000    0.000000    0.000000    0.000000    

-0.733038
0.268673    -0.000000    -0.000000    -0.000000    -0.000000    -0.000000    1.000000    0.000000    0.000000    0.000000    0.000000    0.000000    
5.971111    -0.000000    -0.000000    -0.000000    -0.000000    -0.000000    -0.000000    1.000000    0.000000    0.000000    0.000000    0.000000    
12.112198    -0.000000    -0.000000    -0.000000    -0.000000    1.000000    0.000000    0.000000    0.000000    0.000000    0.000000    0.000000    
29.219512    -0.000000    -0.000000    -0.000000    -0.000000    -0.000000    -0.000000    -0.000000    1.000000    0.000000    0.000000    0.000000    
41.501687    -0.000000    -0.000000    -0.000000    1.000000    0.000000    0.000000    0.000000    0.000000    0.000000    0.000000    0.000000    
70.013877    -0.000000    -0.000000    -0.000000    -0.000000    -0.000000    -0.000000    -0.000000    -0.000000    1.000000    0.000000    0.000000    
88.437139    -0.000000    -0.000000    1.000000    0.000000    0.000000    0.000000    0.000000    0.000000    0.000000    0.000000    0.000000    
128.354205    -0.000000    -0.000000    -0.000000    -0.000000    -0.000000    -0.000000    -0.000000    -0.000000    -0.000000    1.000000    0.000000    
152.918554    -0.000000    1.000000    0.000000    0.000000    0.000000    0.000000    0.000000    0.000000    0.000000    0.000000    0.000000    
204.240497    0.000000    0.000000    0.000000    0.000000    0.000000    0.000000    0.000000    0.000000    0.000000    0.000000    1.000000    
234.945933    1.000000    0.000000    0.000000    0.000000    0.000000    0.000000    0.000000    0.000000    0.000000    0.000000    0.000000    

-0.722566
0.261051    -0.000000    -0.000000    -0.000000    -0.000000    -0.000000    1.000000    0.000000    0.000000    0.000000    0.000000    0.000000    
6.007354    -0.000000    -0.000000    -0.000000    -0.000000    -0.000000    -0.000000    1.000000    0.000000    0.000000    0.000000    0.000000    
12.060711    -0.000000    -0.000000    -0.000000    -0.000000    1.000000    0.000000    0.000000    0.000000    0.000000    0.000000    0.000000    
29.299620    -0.000000    -0.000000    -0.000000    -0.000000    -0.000000    -0.000000    -0.000000    1.000000    0.000000    0.000000    0.000000    
41.406335    -0.000000    -0.000000    -0.000000    1.000000    0.000000    0.000000    0.000000    0.000000    0.000000    0.000000    0.000000    
70.137850    -0.000000    -0.000000    -0.000000    -0.000000    -0.000000    -0.000000    -0.000000    -0.000000    1.000000    0.000000    0.000000    
88.297922    -0.000000    -0.000000    1.000000    0.000000    0.000000    0.000000    0.000000    0.000000    0.000000    0.000000    0.000000    
128.522043    -0.000000    -0.000000    -0.000000    -0.000000    -0.000000    -0.000000    -0.000000    -0.000000    -0.000000    1.000000    0.000000    
152.735473    -0.000000    1.000000    0.000000    0.000000    0.000000    0.000000    0.000000    0.000000    0.000000    0.000000    0.000000    
204.452200    0.000000    0.000000    0.000000    0.000000    0.000000    0.000000    0.000000    0.000000    0.000000    0.000000    1.000000    
234.718987    1.000000    0.000000    0.000000    0.000000    0.000000    0.000000    0.000000    0.000000    0.000000    0.000000    0.000000    

-0.712094
0.253539    -0.000000    -0.000000    -0.000000    -0.000000    -0.000000    1.000000    0.000000    0.000000    0.000000    0.000000    0.000000    
6.043707    -0.000000    -0.000000    -0.000000    -0.000000    -0.000000    -0.000000    1.000000    0.000000    0.000000    0.000000    0.000000    
12.009335    -0.000000    -0.000000    -0.000000    -0.000000    1.000000    0.000000    0.000000    0.000000    0.000000    0.000000    0.000000    
29.379838    -0.000000    -0.000000    -0.000000    -0.000000    -0.000000    -0.000000    -0.000000    1.000000    0.000000    0.000000    0.000000    
41.311093    -0.000000    -0.000000    -0.000000    1.000000    0.000000    0.000000    0.000000    0.000000    0.000000    0.000000    0.000000    
70.261933    -0.000000    -0.000000    -0.000000    -0.000000    -0.000000    -0.000000    -0.000000    -0.000000    1.000000    0.000000    0.000000    
88.158816    -0.000000    -0.000000    1.000000    0.000000    0.000000    0.000000    0.000000    0.000000    0.000000    0.000000    0.000000    
128.689991    -0.000000    -0.000000    -0.000000    -0.000000    -0.000000    -0.000000    -0.000000    -0.000000    -0.000000    1.000000    0.000000    
152.552501    -0.000000    1.000000    0.000000    0.000000    0.000000    0.000000    0.000000    0.000000    0.000000    0.000000    0.000000    
204.664013    0.000000    0.000000    0.000000    0.000000    0.000000    0.000000    0.000000    0.000000    0.000000    0.000000    1.000000    
234.492150    1.000000    0.000000    0.000000    0.000000    0.000000    0.000000    0.000000    0.000000    0.000000    0.000000    0.000000    

-0.701622
0.246137    -0.000000    -0.000000    -0.000000    -0.000000    -0.000000    1.000000    0.000000    0.000000    0.000000    0.000000    0.000000    
6.080170    -0.000000    -0.000000    -0.000000    -0.000000    -0.000000    -0.000000    1.000000    0.000000    0.000000    0.000000    0.000000    
11.958068    -0.000000    -0.000000    -0.000000    -0.000000    1.000000    0.000000    0.000000    0.000000    0.000000    0.000000    0.000000    
29.460166    -0.000000    -0.000000    -0.000000    -0.000000    -0.000000    -0.000000    -0.000000    1.000000    0.000000    0.000000    0.000000    
41.215961    -0.000000    -0.000000    -0.000000    1.000000    0.000000    0.000000    0.000000    0.000000    0.000000    0.000000    0.000000    
70.386126    -0.000000    -0.000000    -0.000000    -0.000000    -0.000000    -0.000000    -0.000000    -0.000000    1.000000    0.000000    0.000000    
88.019819    -0.000000    -0.000000    1.000000    0.000000    0.000000    0.000000    0.000000    0.000000    0.000000    0.000000    0.000000    
128.858049    -0.000000    -0.000000    -0.000000    -0.000000    -0.000000    -0.000000    -0.000000    -0.000000    -0.000000    1.000000    0.000000    
152.369639    -0.000000    1.000000    0.000000    0.000000    0.000000    0.000000    0.000000    0.000000    0.000000    0.000000    0.000000    
204.875935    0.000000    0.000000    0.000000    0.000000    0.000000    0.000000    0.000000    0.000000    0.000000    0.000000    1.000000    
234.265424    1.000000    0.000000    0.000000    0.000000    0.000000    0.000000    0.000000    0.000000    0.000000    0.000000    0.000000    

-0.691150
0.238844    -0.000000    -0.000000    -0.000000    -0.000000    -0.000000    1.000000    0.000000    0.000000    0.000000    0.000000    0.000000    
6.116742    -0.000000    -0.000000    -0.000000    -0.000000    -0.000000    -0.000000    1.000000    0.000000    0.000000    0.000000    0.000000    
11.906910    -0.000000    -0.000000    -0.000000    -0.000000    1.000000    0.000000    0.000000    0.000000    0.000000    0.000000    0.000000    
29.540603    -0.000000    -0.000000    -0.000000    -0.000000    -0.000000    -0.000000    -0.000000    1.000000    0.000000    0.000000    0.000000    
41.120939    -0.000000    -0.000000    -0.000000    1.000000    0.000000    0.000000    0.000000    0.000000    0.000000    0.000000    0.000000    
70.510428    -0.000000    -0.000000    -0.000000    -0.000000    -0.000000    -0.000000    -0.000000    -0.000000    1.000000    0.000000    0.000000    
87.880932    -0.000000    -0.000000    1.000000    0.000000    0.000000    0.000000    0.000000    0.000000    0.000000    0.000000    0.000000    
129.026216    -0.000000    -0.000000    -0.000000    -0.000000    -0.000000    -0.000000    -0.000000    -0.000000    -0.000000    1.000000    0.000000    
152.186887    -0.000000    1.000000    0.000000    0.000000    0.000000    0.000000    0.000000    0.000000    0.000000    0.000000    0.000000    
205.087967    0.000000    0.000000    0.000000    0.000000    0.000000    0.000000    0.000000    0.000000    0.000000    0.000000    1.000000    
234.038806    1.000000    0.000000    0.000000    0.000000    0.000000    0.000000    0.000000    0.000000    0.000000    0.000000    0.000000    

-0.680678
0.231662    -0.000000    -0.000000    -0.000000    -0.000000    -0.000000    1.000000    0.000000    0.000000    0.000000    0.000000    0.000000    
6.153424    -0.000000    -0.000000    -0.000000    -0.000000    -0.000000    -0.000000    1.000000    0.000000    0.000000    0.000000    0.000000    
11.855862    -0.000000    -0.000000    -0.000000    -0.000000    1.000000    0.000000    0.000000    0.000000    0.000000    0.000000    0.000000    
29.621150    -0.000000    -0.000000    -0.000000    -0.000000    -0.000000    -0.000000    -0.000000    1.000000    0.000000    0.000000    0.000000    
41.026026    -0.000000    -0.000000    -0.000000    1.000000    0.000000    0.000000    0.000000    0.000000    0.000000    0.000000    0.000000    
70.634840    -0.000000    -0.000000    -0.000000    -0.000000    -0.000000    -0.000000    -0.000000    -0.000000    1.000000    0.000000    0.000000    
87.742154    -0.000000    -0.000000    1.000000    0.000000    0.000000    0.000000    0.000000    0.000000    0.000000    0.000000    0.000000    
129.194492    -0.000000    -0.000000    -0.000000    -0.000000    -0.000000    -0.000000    -0.000000    -0.000000    -0.000000    1.000000    0.000000    
152.004245    -0.000000    1.000000    0.000000    0.000000    0.000000    0.000000    0.000000    0.000000    0.000000    0.000000    0.000000    
205.300109    0.000000    0.000000    0.000000    0.000000    0.000000    0.000000    0.000000    0.000000    0.000000    0.000000    1.000000    
233.812299    1.000000    0.000000    0.000000    0.000000    0.000000    0.000000    0.000000    0.000000    0.000000    0.000000    0.000000    

-0.670206
0.224588    -0.000000    -0.000000    -0.000000    -0.000000    -0.000000    1.000000    0.000000    0.000000    0.000000    0.000000    0.000000    
6.190216    -0.000000    -0.000000    -0.000000    -0.000000    -0.000000    -0.000000    1.000000    0.000000    0.000000    0.000000    0.000000    
11.804924    -0.000000    -0.000000    -0.000000    -0.000000    1.000000    0.000000    0.000000    0.000000    0.000000    0.000000    0.000000    
29.701807    -0.000000    -0.000000    -0.000000    -0.000000    -0.000000    -0.000000    -0.000000    1.000000    0.000000    0.000000    0.000000    
40.931223    -0.000000    -0.000000    -0.000000    1.000000    0.000000    0.000000    0.000000    0.000000    0.000000    0.000000    0.000000    
70.759361    -0.000000    -0.000000    -0.000000    -0.000000    -0.000000    -0.000000    -0.000000    -0.000000    1.000000    0.000000    0.000000    
87.603486    -0.000000    -0.000000    1.000000    0.000000    0.000000    0.000000    0.000000    0.000000    0.000000    0.000000    0.000000    
129.362879    -0.000000    -0.000000    -0.000000    -0.000000    -0.000000    -0.000000    -0.000000    -0.000000    -0.000000    1.000000    0.000000    
151.821712    -0.000000    1.000000    0.000000    0.000000    0.000000    0.000000    0.000000    0.000000    0.000000    0.000000    0.000000    
205.512360    0.000000    0.000000    0.000000    0.000000    0.000000    0.000000    0.000000    0.000000    0.000000    0.000000    1.000000    
233.585901    1.000000    0.000000    0.000000    0.000000    0.000000    0.000000    0.000000    0.000000    0.000000    0.000000    0.000000    

-0.659734
0.217625    -0.000000    -0.000000    -0.000000    -0.000000    -0.000000    1.000000    0.000000    0.000000    0.000000    0.000000    0.000000    
6.227117    -0.000000    -0.000000    -0.000000    -0.000000    -0.000000    -0.000000    1.000000    0.000000    0.000000    0.000000    0.000000    
11.754096    -0.000000    -0.000000    -0.000000    -0.000000    1.000000    0.000000    0.000000    0.000000    0.000000    0.000000    0.000000    
29.782573    -0.000000    -0.000000    -0.000000    -0.000000    -0.000000    -0.000000    -0.000000    1.000000    0.000000    0.000000    0.000000    
40.836530    -0.000000    -0.000000    -0.000000    1.000000    0.000000    0.000000    0.000000    0.000000    0.000000    0.000000    0.000000    
70.883992    -0.000000    -0.000000    -0.000000    -0.000000    -0.000000    -0.000000    -0.000000    -0.000000    1.000000    0.000000    0.000000    
87.464928    -0.000000    -0.000000    1.000000    0.000000    0.000000    0.000000    0.000000    0.000000    0.000000    0.000000    0.000000    
129.531375    -0.000000    -0.000000    -0.000000    -0.000000    -0.000000    -0.000000    -0.000000    -0.000000    -0.000000    1.000000    0.000000    
151.639289    -0.000000    1.000000    0.000000    0.000000    0.000000    0.000000    0.000000    0.000000    0.000000    0.000000    0.000000    
205.724721    0.000000    0.000000    0.000000    0.000000    0.000000    0.000000    0.000000    0.000000    0.000000    0.000000    1.000000    
233.359613    1.000000    0.000000    0.000000    0.000000    0.000000    0.000000    0.000000    0.000000    0.000000    0.000000    0.000000    

-0.649262
0.210771    -0.000000    -0.000000    -0.000000    -0.000000    -0.000000    1.000000    0.000000    0.000000    0.000000    0.000000    0.000000    
6.264128    -0.000000    -0.000000    -0.000000    -0.000000    -0.000000    -0.000000    1.000000    0.000000    0.000000    0.000000    0.000000    
11.703377    -0.000000    -0.000000    -0.000000    -0.000000    1.000000    0.000000    0.000000    0.000000    0.000000    0.000000    0.000000    
29.863449    -0.000000    -0.000000    -0.000000    -0.000000    -0.000000    -0.000000    -0.000000    1.000000    0.000000    0.000000    0.000000    
40.741946    -0.000000    -0.000000    -0.000000    1.000000    0.000000    0.000000    0.000000    0.000000    0.000000    0.000000    0.000000    
71.008733    -0.000000    -0.000000    -0.000000    -0.000000    -0.000000    -0.000000    -0.000000    -0.000000    1.000000    0.000000    0.000000    
87.326479    -0.000000    -0.000000    1.000000    0.000000    0.000000    0.000000    0.000000    0.000000    0.000000    0.000000    0.000000    
129.699981    -0.000000    -0.000000    -0.000000    -0.000000    -0.000000    -0.000000    -0.000000    -0.000000    -0.000000    1.000000    0.000000    
151.456975    -0.000000    1.000000    0.000000    0.000000    0.000000    0.000000    0.000000    0.000000    0.000000    0.000000    0.000000    
205.937192    0.000000    0.000000    0.000000    0.000000    0.000000    0.000000    0.000000    0.000000    0.000000    0.000000    1.000000    
233.133435    1.000000    0.000000    0.000000    0.000000    0.000000    0.000000    0.000000    0.000000    0.000000    0.000000    0.000000    

-0.638791
0.204027    -0.000000    -0.000000    -0.000000    -0.000000    -0.000000    1.000000    0.000000    0.000000    0.000000    0.000000    0.000000    
6.301249    -0.000000    -0.000000    -0.000000    -0.000000    -0.000000    -0.000000    1.000000    0.000000    0.000000    0.000000    0.000000    
11.652768    -0.000000    -0.000000    -0.000000    -0.000000    1.000000    0.000000    0.000000    0.000000    0.000000    0.000000    0.000000    
29.944435    -0.000000    -0.000000    -0.000000    -0.000000    -0.000000    -0.000000    -0.000000    1.000000    0.000000    0.000000    0.000000    
40.647472    -0.000000    -0.000000    -0.000000    1.000000    0.000000    0.000000    0.000000    0.000000    0.000000    0.000000    0.000000    
71.133584    -0.000000    -0.000000    -0.000000    -0.000000    -0.000000    -0.000000    -0.000000    -0.000000    1.000000    0.000000    0.000000    
87.188140    -0.000000    -0.000000    1.000000    0.000000    0.000000    0.000000    0.000000    0.000000    0.000000    0.000000    0.000000    
129.868696    -0.000000    -0.000000    -0.000000    -0.000000    -0.000000    -0.000000    -0.000000    -0.000000    -0.000000    1.000000    0.000000    
151.274771    -0.000000    1.000000    0.000000    0.000000    0.000000    0.000000    0.000000    0.000000    0.000000    0.000000    0.000000    
206.149772    0.000000    0.000000    0.000000    0.000000    0.000000    0.000000    0.000000    0.000000    0.000000    0.000000    1.000000    
232.907366    1.000000    0.000000    0.000000    0.000000    0.000000    0.000000    0.000000    0.000000    0.000000    0.000000    0.000000    

-0.628319
0.197392    -0.000000    -0.000000    -0.000000    -0.000000    -0.000000    1.000000    0.000000    0.000000    0.000000    0.000000    0.000000    
6.338479    -0.000000    -0.000000    -0.000000    -0.000000    -0.000000    -0.000000    1.000000    0.000000    0.000000    0.000000    0.000000    
11.602268    -0.000000    -0.000000    -0.000000    -0.000000    1.000000    0.000000    0.000000    0.000000    0.000000    0.000000    0.000000    
30.025530    -0.000000    -0.000000    -0.000000    -0.000000    -0.000000    -0.000000    -0.000000    1.000000    0.000000    0.000000    0.000000    
40.553108    -0.000000    -0.000000    -0.000000    1.000000    0.000000    0.000000    0.000000    0.000000    0.000000    0.000000    0.000000    
71.258544    -0.000000    -0.000000    -0.000000    -0.000000    -0.000000    -0.000000    -0.000000    -0.000000    1.000000    0.000000    0.000000    
87.049911    -0.000000    -0.000000    1.000000    0.000000    0.000000    0.000000    0.000000    0.000000    0.000000    0.000000    0.000000    
130.037521    -0.000000    -0.000000    -0.000000    -0.000000    -0.000000    -0.000000    -0.000000    -0.000000    -0.000000    1.000000    0.000000    
151.092677    -0.000000    1.000000    0.000000    0.000000    0.000000    0.000000    0.000000    0.000000    0.000000    0.000000    0.000000    
206.362462    0.000000    0.000000    0.000000    0.000000    0.000000    0.000000    0.000000    0.000000    0.000000    0.000000    1.000000    
232.681407    1.000000    0.000000    0.000000    0.000000    0.000000    0.000000    0.000000    0.000000    0.000000    0.000000    0.000000    

-0.617847
0.190867    -0.000000    -0.000000    -0.000000    -0.000000    -0.000000    1.000000    0.000000    0.000000    0.000000    0.000000    0.000000    
6.375819    -0.000000    -0.000000    -0.000000    -0.000000    -0.000000    -0.000000    1.000000    0.000000    0.000000    0.000000    0.000000    
11.551878    -0.000000    -0.000000    -0.000000    -0.000000    1.000000    0.000000    0.000000    0.000000    0.000000    0.000000    0.000000    
30.106735    -0.000000    -0.000000    -0.000000    -0.000000    -0.000000    -0.000000    -0.000000    1.000000    0.000000    0.000000    0.000000    
40.458853    -0.000000    -0.000000    -0.000000    1.000000    0.000000    0.000000    0.000000    0.000000    0.000000    0.000000    0.000000    
71.383614    -0.000000    -0.000000    -0.000000    -0.000000    -0.000000    -0.000000    -0.000000    -0.000000    1.000000    0.000000    0.000000    
86.911791    -0.000000    -0.000000    1.000000    0.000000    0.000000    0.000000    0.000000    0.000000    0.000000    0.000000    0.000000    
130.206456    -0.000000    -0.000000    -0.000000    -0.000000    -0.000000    -0.000000    -0.000000    -0.000000    -0.000000    1.000000    0.000000    
150.910693    -0.000000    1.000000    0.000000    0.000000    0.000000    0.000000    0.000000    0.000000    0.000000    0.000000    0.000000    
206.575261    0.000000    0.000000    0.000000    0.000000    0.000000    0.000000    0.000000    0.000000    0.000000    0.000000    1.000000    
232.455557    1.000000    0.000000    0.000000    0.000000    0.000000    0.000000    0.000000    0.000000    0.000000    0.000000    0.000000    

-0.607375
0.184452    -0.000000    -0.000000    -0.000000    -0.000000    -0.000000    1.000000    0.000000    0.000000    0.000000    0.000000    0.000000    
6.413269    -0.000000    -0.000000    -0.000000    -0.000000    -0.000000    -0.000000    1.000000    0.000000    0.000000    0.000000    0.000000    
11.501598    -0.000000    -0.000000    -0.000000    -0.000000    1.000000    0.000000    0.000000    0.000000    0.000000    0.000000    0.000000    
30.188049    -0.000000    -0.000000    -0.000000    -0.000000    -0.000000    -0.000000    -0.000000    1.000000    0.000000    0.000000    0.000000    
40.364708    -0.000000    -0.000000    -0.000000    1.000000    0.000000    0.000000    0.000000    0.000000    0.000000    0.000000    0.000000    
71.508793    -0.000000    -0.000000    -0.000000    -0.000000    -0.000000    -0.000000    -0.000000    -0.000000    1.000000    0.000000    0.000000    
86.773781    -0.000000    -0.000000    1.000000    0.000000    0.000000    0.000000    0.000000    0.000000    0.000000    0.000000    0.000000    
130.375500    -0.000000    -0.000000    -0.000000    -0.000000    -0.000000    -0.000000    -0.000000    -0.000000    -0.000000    1.000000    0.000000    
150.728818    -0.000000    1.000000    0.000000    0.000000    0.000000    0.000000    0.000000    0.000000    0.000000    0.000000    0.000000    
206.788171    0.000000    0.000000    0.000000    0.000000    0.000000    0.000000    0.000000    0.000000    0.000000    0.000000    1.000000    
232.229818    1.000000    0.000000    0.000000    0.000000    0.000000    0.000000    0.000000    0.000000    0.000000    0.000000    0.000000    

-0.596903
0.178146    -0.000000    -0.000000    -0.000000    -0.000000    -0.000000    1.000000    0.000000    0.000000    0.000000    0.000000    0.000000    
6.450828    -0.000000    -0.000000    -0.000000    -0.000000    -0.000000    -0.000000    1.000000    0.000000    0.000000    0.000000    0.000000    
11.451428    -0.000000    -0.000000    -0.000000    -0.000000    1.000000    0.000000    0.000000    0.000000    0.000000    0.000000    0.000000    
30.269474    -0.000000    -0.000000    -0.000000    -0.000000    -0.000000    -0.000000    -0.000000    1.000000    0.000000    0.000000    0.000000    
40.270673    -0.000000    -0.000000    -0.000000    1.000000    0.000000    0.000000    0.000000    0.000000    0.000000    0.000000    0.000000    
71.634082    -0.000000    -0.000000    -0.000000    -0.000000    -0.000000    -0.000000    -0.000000    -0.000000    1.000000    0.000000    0.000000    
86.635881    -0.000000    -0.000000    1.000000    0.000000    0.000000    0.000000    0.000000    0.000000    0.000000    0.000000    0.000000    
130.544654    -0.000000    -0.000000    -0.000000    -0.000000    -0.000000    -0.000000    -0.000000    -0.000000    -0.000000    1.000000    0.000000    
150.547053    -0.000000    1.000000    0.000000    0.000000    0.000000    0.000000    0.000000    0.000000    0.000000    0.000000    0.000000    
207.001190    0.000000    0.000000    0.000000    0.000000    0.000000    0.000000    0.000000    0.000000    0.000000    0.000000    1.000000    
232.004188    1.000000    0.000000    0.000000    0.000000    0.000000    0.000000    0.000000    0.000000    0.000000    0.000000    0.000000    

-0.586431
0.171950    -0.000000    -0.000000    -0.000000    -0.000000    -0.000000    1.000000    0.000000    0.000000    0.000000    0.000000    0.000000    
6.488497    -0.000000    -0.000000    -0.000000    -0.000000    -0.000000    -0.000000    1.000000    0.000000    0.000000    0.000000    0.000000    
11.401367    -0.000000    -0.000000    -0.000000    -0.000000    1.000000    0.000000    0.000000    0.000000    0.000000    0.000000    0.000000    
30.351007    -0.000000    -0.000000    -0.000000    -0.000000    -0.000000    -0.000000    -0.000000    1.000000    0.000000    0.000000    0.000000    
40.176747    -0.000000    -0.000000    -0.000000    1.000000    0.000000    0.000000    0.000000    0.000000    0.000000    0.000000    0.000000    
71.759481    -0.000000    -0.000000    -0.000000    -0.000000    -0.000000    -0.000000    -0.000000    -0.000000    1.000000    0.000000    0.000000    
86.498090    -0.000000    -0.000000    1.000000    0.000000    0.000000    0.000000    0.000000    0.000000    0.000000    0.000000    0.000000    
130.713918    -0.000000    -0.000000    -0.000000    -0.000000    -0.000000    -0.000000    -0.000000    -0.000000    -0.000000    1.000000    0.000000    
150.365397    -0.000000    1.000000    0.000000    0.000000    0.000000    0.000000    0.000000    0.000000    0.000000    0.000000    0.000000    
207.214318    0.000000    0.000000    0.000000    0.000000    0.000000    0.000000    0.000000    0.000000    0.000000    0.000000    1.000000    
231.778667    1.000000    0.000000    0.000000    0.000000    0.000000    0.000000    0.000000    0.000000    0.000000    0.000000    0.000000    

-0.575959
0.165864    -0.000000    -0.000000    -0.000000    -0.000000    -0.000000    1.000000    0.000000    0.000000    0.000000    0.000000    0.000000    
6.526276    -0.000000    -0.000000    -0.000000    -0.000000    -0.000000    -0.000000    1.000000    0.000000    0.000000    0.000000    0.000000    
11.351416    -0.000000    -0.000000    -0.000000    -0.000000    1.000000    0.000000    0.000000    0.000000    0.000000    0.000000    0.000000    
30.432651    -0.000000    -0.000000    -0.000000    -0.000000    -0.000000    -0.000000    -0.000000    1.000000    0.000000    0.000000    0.000000    
40.082931    -0.000000    -0.000000    -0.000000    1.000000    0.000000    0.000000    0.000000    0.000000    0.000000    0.000000    0.000000    
71.884989    -0.000000    -0.000000    -0.000000    -0.000000    -0.000000    -0.000000    -0.000000    -0.000000    1.000000    0.000000    0.000000    
86.360409    -0.000000    -0.000000    1.000000    0.000000    0.000000    0.000000    0.000000    0.000000    0.000000    0.000000    0.000000    
130.883291    -0.000000    -0.000000    -0.000000    -0.000000    -0.000000    -0.000000    -0.000000    -0.000000    -0.000000    1.000000    0.000000    
150.183851    -0.000000    1.000000    0.000000    0.000000    0.000000    0.000000    0.000000    0.000000    0.000000    0.000000    0.000000    
207.427557    0.000000    0.000000    0.000000    0.000000    0.000000    0.000000    0.000000    0.000000    0.000000    0.000000    1.000000    
231.553256    1.000000    0.000000    0.000000    0.000000    0.000000    0.000000    0.000000    0.000000    0.000000    0.000000    0.000000    

-0.565487
0.159888    -0.000000    -0.000000    -0.000000    -0.000000    -0.000000    1.000000    0.000000    0.000000    0.000000    0.000000    0.000000    
6.564164    -0.000000    -0.000000    -0.000000    -0.000000    -0.000000    -0.000000    1.000000    0.000000    0.000000    0.000000    0.000000    
11.301574    -0.000000    -0.000000    -0.000000    -0.000000    1.000000    0.000000    0.000000    0.000000    0.000000    0.000000    0.000000    
30.514404    -0.000000    -0.000000    -0.000000    -0.000000    -0.000000    -0.000000    -0.000000    1.000000    0.000000    0.000000    0.000000    
39.989224    -0.000000    -0.000000    -0.000000    1.000000    0.000000    0.000000    0.000000    0.000000    0.000000    0.000000    0.000000    
72.010608    -0.000000    -0.000000    -0.000000    -0.000000    -0.000000    -0.000000    -0.000000    -0.000000    1.000000    0.000000    0.000000    
86.222838    -0.000000    -0.000000    1.000000    0.000000    0.000000    0.000000    0.000000    0.000000    0.000000    0.000000    0.000000    
131.052774    -0.000000    -0.000000    -0.000000    -0.000000    -0.000000    -0.000000    -0.000000    -0.000000    -0.000000    1.000000    0.000000    
150.002415    -0.000000    1.000000    0.000000    0.000000    0.000000    0.000000    0.000000    0.000000    0.000000    0.000000    0.000000    
207.640905    0.000000    0.000000    0.000000    0.000000    0.000000    0.000000    0.000000    0.000000    0.000000    0.000000    1.000000    
231.327955    1.000000    0.000000    0.000000    0.000000    0.000000    0.000000    0.000000    0.000000    0.000000    0.000000    0.000000    

-0.555015
0.154021    -0.000000    -0.000000    -0.000000    -0.000000    -0.000000    1.000000    0.000000    0.000000    0.000000    0.000000    0.000000    
6.602162    -0.000000    -0.000000    -0.000000    -0.000000    -0.000000    -0.000000    1.000000    0.000000    0.000000    0.000000    0.000000    
11.251842    -0.000000    -0.000000    -0.000000    -0.000000    1.000000    0.000000    0.000000    0.000000    0.000000    0.000000    0.000000    
30.596267    -0.000000    -0.000000    -0.000000    -0.000000    -0.000000    -0.000000    -0.000000    1.000000    0.000000    0.000000    0.000000    
39.895628    -0.000000    -0.000000    -0.000000    1.000000    0.000000    0.000000    0.000000    0.000000    0.000000    0.000000    0.000000    
72.136335    -0.000000    -0.000000    -0.000000    -0.000000    -0.000000    -0.000000    -0.000000    -0.000000    1.000000    0.000000    0.000000    
86.085376    -0.000000    -0.000000    1.000000    0.000000    0.000000    0.000000    0.000000    0.000000    0.000000    0.000000    0.000000    
131.222367    -0.000000    -0.000000    -0.000000    -0.000000    -0.000000    -0.000000    -0.000000    -0.000000    -0.000000    1.000000    0.000000    
149.821088    -0.000000    1.000000    0.000000    0.000000    0.000000    0.000000    0.000000    0.000000    0.000000    0.000000    0.000000    
207.854362    0.000000    0.000000    0.000000    0.000000    0.000000    0.000000    0.000000    0.000000    0.000000    0.000000    1.000000    
231.102764    1.000000    0.000000    0.000000    0.000000    0.000000    0.000000    0.000000    0.000000    0.000000    0.000000    0.000000    

-0.544543
0.148263    -0.000000    -0.000000    -0.000000    -0.000000    -0.000000    1.000000    0.000000    0.000000    0.000000    0.000000    0.000000    
6.640270    -0.000000    -0.000000    -0.000000    -0.000000    -0.000000    -0.000000    1.000000    0.000000    0.000000    0.000000    0.000000    
11.202220    -0.000000    -0.000000    -0.000000    -0.000000    1.000000    0.000000    0.000000    0.000000    0.000000    0.000000    0.000000    
30.678240    -0.000000    -0.000000    -0.000000    -0.000000    -0.000000    -0.000000    -0.000000    1.000000    0.000000    0.000000    0.000000    
39.802141    -0.000000    -0.000000    -0.000000    1.000000    0.000000    0.000000    0.000000    0.000000    0.000000    0.000000    0.000000    
72.262173    -0.000000    -0.000000    -0.000000    -0.000000    -0.000000    -0.000000    -0.000000    -0.000000    1.000000    0.000000    0.000000    
85.948024    -0.000000    -0.000000    1.000000    0.000000    0.000000    0.000000    0.000000    0.000000    0.000000    0.000000    0.000000    
131.392069    -0.000000    -0.000000    -0.000000    -0.000000    -0.000000    -0.000000    -0.000000    -0.000000    -0.000000    1.000000    0.000000    
149.639871    -0.000000    1.000000    0.000000    0.000000    0.000000    0.000000    0.000000    0.000000    0.000000    0.000000    0.000000    
208.067929    0.000000    0.000000    0.000000    0.000000    0.000000    0.000000    0.000000    0.000000    0.000000    0.000000    1.000000    
230.877682    1.000000    0.000000    0.000000    0.000000    0.000000    0.000000    0.000000    0.000000    0.000000    0.000000    0.000000    

-0.534071
0.142616    -0.000000    -0.000000    -0.000000    -0.000000    -0.000000    1.000000    0.000000    0.000000    0.000000    0.000000    0.000000    
6.678487    -0.000000    -0.000000    -0.000000    -0.000000    -0.000000    -0.000000    1.000000    0.000000    0.000000    0.000000    0.000000    
11.152708    -0.000000    -0.000000    -0.000000    -0.000000    1.000000    0.000000    0.000000    0.000000    0.000000    0.000000    0.000000    
30.760322    -0.000000    -0.000000    -0.000000    -0.000000    -0.000000    -0.000000    -0.000000    1.000000    0.000000    0.000000    0.000000    
39.708763    -0.000000    -0.000000    -0.000000    1.000000    0.000000    0.000000    0.000000    0.000000    0.000000    0.000000    0.000000    
72.388120    -0.000000    -0.000000    -0.000000    -0.000000    -0.000000    -0.000000    -0.000000    -0.000000    1.000000    0.000000    0.000000    
85.810782    -0.000000    -0.000000    1.000000    0.000000    0.000000    0.000000    0.000000    0.000000    0.000000    0.000000    0.000000    
131.561881    -0.000000    -0.000000    -0.000000    -0.000000    -0.000000    -0.000000    -0.000000    -0.000000    -0.000000    1.000000    0.000000    
149.458764    -0.000000    1.000000    0.000000    0.000000    0.000000    0.000000    0.000000    0.000000    0.000000    0.000000    0.000000    
208.281606    0.000000    0.000000    0.000000    0.000000    0.000000    0.000000    0.000000    0.000000    0.000000    0.000000    1.000000    
230.652710    1.000000    0.000000    0.000000    0.000000    0.000000    0.000000    0.000000    0.000000    0.000000    0.000000    0.000000    

-0.523599
0.137078    -0.000000    -0.000000    -0.000000    -0.000000    -0.000000    1.000000    0.000000    0.000000    0.000000    0.000000    0.000000    
6.716814    -0.000000    -0.000000    -0.000000    -0.000000    -0.000000    -0.000000    1.000000    0.000000    0.000000    0.000000    0.000000    
11.103305    -0.000000    -0.000000    -0.000000    -0.000000    1.000000    0.000000    0.000000    0.000000    0.000000    0.000000    0.000000    
30.842514    -0.000000    -0.000000    -0.000000    -0.000000    -0.000000    -0.000000    -0.000000    1.000000    0.000000    0.000000    0.000000    
39.615495    -0.000000    -0.000000    -0.000000    1.000000    0.000000    0.000000    0.000000    0.000000    0.000000    0.000000    0.000000    
72.514177    -0.000000    -0.000000    -0.000000    -0.000000    -0.000000    -0.000000    -0.000000    -0.000000    1.000000    0.000000    0.000000    
85.673649    -0.000000    -0.000000    1.000000    0.000000    0.000000    0.000000    0.000000    0.000000    0.000000    0.000000    0.000000    
131.731803    -0.000000    -0.000000    -0.000000    -0.000000    -0.000000    -0.000000    -0.000000    -0.000000    -0.000000    1.000000    0.000000    
149.277767    -0.000000    1.000000    0.000000    0.000000    0.000000    0.000000    0.000000    0.000000    0.000000    0.000000    0.000000    
208.495393    0.000000    0.000000    0.000000    0.000000    0.000000    0.000000    0.000000    0.000000    0.000000    0.000000    1.000000    
230.427847    1.000000    0.000000    0.000000    0.000000    0.000000    0.000000    0.000000    0.000000    0.000000    0.000000    0.000000    

-0.513127
0.131650    -0.000000    -0.000000    -0.000000    -0.000000    -0.000000    1.000000    0.000000    0.000000    0.000000    0.000000    0.000000    
6.755251    -0.000000    -0.000000    -0.000000    -0.000000    -0.000000    -0.000000    1.000000    0.000000    0.000000    0.000000    0.000000    
11.054012    -0.000000    -0.000000    -0.000000    -0.000000    1.000000    0.000000    0.000000    0.000000    0.000000    0.000000    0.000000    
30.924815    -0.000000    -0.000000    -0.000000    -0.000000    -0.000000    -0.000000    -0.000000    1.000000    0.000000    0.000000    0.000000    
39.522337    -0.000000    -0.000000    -0.000000    1.000000    0.000000    0.000000    0.000000    0.000000    0.000000    0.000000    0.000000    
72.640343    -0.000000    -0.000000    -0.000000    -0.000000    -0.000000    -0.000000    -0.000000    -0.000000    1.000000    0.000000    0.000000    
85.536626    -0.000000    -0.000000    1.000000    0.000000    0.000000    0.000000    0.000000    0.000000    0.000000    0.000000    0.000000    
131.901835    -0.000000    -0.000000    -0.000000    -0.000000    -0.000000    -0.000000    -0.000000    -0.000000    -0.000000    1.000000    0.000000    
149.096879    -0.000000    1.000000    0.000000    0.000000    0.000000    0.000000    0.000000    0.000000    0.000000    0.000000    0.000000    
208.709289    0.000000    0.000000    0.000000    0.000000    0.000000    0.000000    0.000000    0.000000    0.000000    0.000000    1.000000    
230.203094    1.000000    0.000000    0.000000    0.000000    0.000000    0.000000    0.000000    0.000000    0.000000    0.000000    0.000000    

-0.502655
0.126331    -0.000000    -0.000000    -0.000000    -0.000000    -0.000000    1.000000    0.000000    0.000000    0.000000    0.000000    0.000000    
6.793797    -0.000000    -0.000000    -0.000000    -0.000000    -0.000000    -0.000000    1.000000    0.000000    0.000000    0.000000    0.000000    
11.004828    -0.000000    -0.000000    -0.000000    -0.000000    1.000000    0.000000    0.000000    0.000000    0.000000    0.000000    0.000000    
31.007226    -0.000000    -0.000000    -0.000000    -0.000000    -0.000000    -0.000000    -0.000000    1.000000    0.000000    0.000000    0.000000    
39.429289    -0.000000    -0.000000    -0.000000    1.000000    0.000000    0.000000    0.000000    0.000000    0.000000    0.000000    0.000000    
72.766619    -0.000000    -0.000000    -0.000000    -0.000000    -0.000000    -0.000000    -0.000000    -0.000000    1.000000    0.000000    0.000000    
85.399713    -0.000000    -0.000000    1.000000    0.000000    0.000000    0.000000    0.000000    0.000000    0.000000    0.000000    0.000000    
132.071976    -0.000000    -0.000000    -0.000000    -0.000000    -0.000000    -0.000000    -0.000000    -0.000000    -0.000000    1.000000    0.000000    
148.916100    -0.000000    1.000000    0.000000    0.000000    0.000000    0.000000    0.000000    0.000000    0.000000    0.000000    0.000000    
208.923295    0.000000    0.000000    0.000000    0.000000    0.000000    0.000000    0.000000    0.000000    0.000000    0.000000    1.000000    
229.978451    1.000000    0.000000    0.000000    0.000000    0.000000    0.000000    0.000000    0.000000    0.000000    0.000000    0.000000    

-0.492183
0.121122    -0.000000    -0.000000    -0.000000    -0.000000    -0.000000    1.000000    0.000000    0.000000    0.000000    0.000000    0.000000    
6.832453    -0.000000    -0.000000    -0.000000    -0.000000    -0.000000    -0.000000    1.000000    0.000000    0.000000    0.000000    0.000000    
10.955754    -0.000000    -0.000000    -0.000000    -0.000000    1.000000    0.000000    0.000000    0.000000    0.000000    0.000000    0.000000    
31.089747    -0.000000    -0.000000    -0.000000    -0.000000    -0.000000    -0.000000    -0.000000    1.000000    0.000000    0.000000    0.000000    
39.336350    -0.000000    -0.000000    -0.000000    1.000000    0.000000    0.000000    0.000000    0.000000    0.000000    0.000000    0.000000    
72.893005    -0.000000    -0.000000    -0.000000    -0.000000    -0.000000    -0.000000    -0.000000    -0.000000    1.000000    0.000000    0.000000    
85.262909    -0.000000    -0.000000    1.000000    0.000000    0.000000    0.000000    0.000000    0.000000    0.000000    0.000000    0.000000    
132.242226    -0.000000    -0.000000    -0.000000    -0.000000    -0.000000    -0.000000    -0.000000    -0.000000    -0.000000    1.000000    0.000000    
148.735432    -0.000000    1.000000    0.000000    0.000000    0.000000    0.000000    0.000000    0.000000    0.000000    0.000000    0.000000    
209.137411    0.000000    0.000000    0.000000    0.000000    0.000000    0.000000    0.000000    0.000000    0.000000    0.000000    1.000000    
229.753918    1.000000    0.000000    0.000000    0.000000    0.000000    0.000000    0.000000    0.000000    0.000000    0.000000    0.000000    

-0.481711
0.116023    -0.000000    -0.000000    -0.000000    -0.000000    -0.000000    1.000000    0.000000    0.000000    0.000000    0.000000    0.000000    
6.871219    -0.000000    -0.000000    -0.000000    -0.000000    -0.000000    -0.000000    1.000000    0.000000    0.000000    0.000000    0.000000    
10.906790    -0.000000    -0.000000    -0.000000    -0.000000    1.000000    0.000000    0.000000    0.000000    0.000000    0.000000    0.000000    
31.172378    -0.000000    -0.000000    -0.000000    -0.000000    -0.000000    -0.000000    -0.000000    1.000000    0.000000    0.000000    0.000000    
39.243521    -0.000000    -0.000000    -0.000000    1.000000    0.000000    0.000000    0.000000    0.000000    0.000000    0.000000    0.000000    
73.019501    -0.000000    -0.000000    -0.000000    -0.000000    -0.000000    -0.000000    -0.000000    -0.000000    1.000000    0.000000    0.000000    
85.126215    -0.000000    -0.000000    1.000000    0.000000    0.000000    0.000000    0.000000    0.000000    0.000000    0.000000    0.000000    
132.412587    -0.000000    -0.000000    -0.000000    -0.000000    -0.000000    -0.000000    -0.000000    -0.000000    -0.000000    1.000000    0.000000    
148.554873    -0.000000    1.000000    0.000000    0.000000    0.000000    0.000000    0.000000    0.000000    0.000000    0.000000    0.000000    
209.351636    0.000000    0.000000    0.000000    0.000000    0.000000    0.000000    0.000000    0.000000    0.000000    0.000000    1.000000    
229.529494    1.000000    0.000000    0.000000    0.000000    0.000000    0.000000    0.000000    0.000000    0.000000    0.000000    0.000000    

-0.471239
0.111033    -0.000000    -0.000000    -0.000000    -0.000000    -0.000000    1.000000    0.000000    0.000000    0.000000    0.000000    0.000000    
6.910094    -0.000000    -0.000000    -0.000000    -0.000000    -0.000000    -0.000000    1.000000    0.000000    0.000000    0.000000    0.000000    
10.857936    -0.000000    -0.000000    -0.000000    -0.000000    1.000000    0.000000    0.000000    0.000000    0.000000    0.000000    0.000000    
31.255118    -0.000000    -0.000000    -0.000000    -0.000000    -0.000000    -0.000000    -0.000000    1.000000    0.000000    0.000000    0.000000    
39.150802    -0.000000    -0.000000    -0.000000    1.000000    0.000000    0.000000    0.000000    0.000000    0.000000    0.000000    0.000000    
73.146106    -0.000000    -0.000000    -0.000000    -0.000000    -0.000000    -0.000000    -0.000000    -0.000000    1.000000    0.000000    0.000000    
84.989631    -0.000000    -0.000000    1.000000    0.000000    0.000000    0.000000    0.000000    0.000000    0.000000    0.000000    0.000000    
132.583057    -0.000000    -0.000000    -0.000000    -0.000000    -0.000000    -0.000000    -0.000000    -0.000000    -0.000000    1.000000    0.000000    
148.374424    -0.000000    1.000000    0.000000    0.000000    0.000000    0.000000    0.000000    0.000000    0.000000    0.000000    0.000000    
209.565971    0.000000    0.000000    0.000000    0.000000    0.000000    0.000000    0.000000    0.000000    0.000000    0.000000    1.000000    
229.305180    1.000000    0.000000    0.000000    0.000000    0.000000    0.000000    0.000000    0.000000    0.000000    0.000000    0.000000    

-0.460767
0.106153    -0.000000    -0.000000    -0.000000    -0.000000    -0.000000    1.000000    0.000000    0.000000    0.000000    0.000000    0.000000    
6.949079    -0.000000    -0.000000    -0.000000    -0.000000    -0.000000    -0.000000    1.000000    0.000000    0.000000    0.000000    0.000000    
10.809191    -0.000000    -0.000000    -0.000000    -0.000000    1.000000    0.000000    0.000000    0.000000    0.000000    0.000000    0.000000    
31.337968    -0.000000    -0.000000    -0.000000    -0.000000    -0.000000    -0.000000    -0.000000    1.000000    0.000000    0.000000    0.000000    
39.058192    -0.000000    -0.000000    -0.000000    1.000000    0.000000    0.000000    0.000000    0.000000    0.000000    0.000000    0.000000    
73.272820    -0.000000    -0.000000    -0.000000    -0.000000    -0.000000    -0.000000    -0.000000    -0.000000    1.000000    0.000000    0.000000    
84.853156    -0.000000    -0.000000    1.000000    0.000000    0.000000    0.000000    0.000000    0.000000    0.000000    0.000000    0.000000    
132.753636    -0.000000    -0.000000    -0.000000    -0.000000    -0.000000    -0.000000    -0.000000    -0.000000    -0.000000    1.000000    0.000000    
148.194084    -0.000000    1.000000    0.000000    0.000000    0.000000    0.000000    0.000000    0.000000    0.000000    0.000000    0.000000    
209.780415    0.000000    0.000000    0.000000    0.000000    0.000000    0.000000    0.000000    0.000000    0.000000    0.000000    1.000000    
229.080975    1.000000    0.000000    0.000000    0.000000    0.000000    0.000000    0.000000    0.000000    0.000000    0.000000    0.000000    

-0.450295
0.101383    -0.000000    -0.000000    -0.000000    -0.000000    -0.000000    1.000000    0.000000    0.000000    0.000000    0.000000    0.000000    
6.988173    -0.000000    -0.000000    -0.000000    -0.000000    -0.000000    -0.000000    1.000000    0.000000    0.000000    0.000000    0.000000    
10.760556    -0.000000    -0.000000    -0.000000    -0.000000    1.000000    0.000000    0.000000    0.000000    0.000000    0.000000    0.000000    
31.420927    -0.000000    -0.000000    -0.000000    -0.000000    -0.000000    -0.000000    -0.000000    1.000000    0.000000    0.000000    0.000000    
38.965692    -0.000000    -0.000000    -0.000000    1.000000    0.000000    0.000000    0.000000    0.000000    0.000000    0.000000    0.000000    
73.399645    -0.000000    -0.000000    -0.000000    -0.000000    -0.000000    -0.000000    -0.000000    -0.000000    1.000000    0.000000    0.000000    
84.716791    -0.000000    -0.000000    1.000000    0.000000    0.000000    0.000000    0.000000    0.000000    0.000000    0.000000    0.000000    
132.924326    -0.000000    -0.000000    -0.000000    -0.000000    -0.000000    -0.000000    -0.000000    -0.000000    -0.000000    1.000000    0.000000    
148.013854    -0.000000    1.000000    0.000000    0.000000    0.000000    0.000000    0.000000    0.000000    0.000000    0.000000    0.000000    
209.994970    0.000000    0.000000    0.000000    0.000000    0.000000    0.000000    0.000000    0.000000    0.000000    0.000000    1.000000    
228.856880    1.000000    0.000000    0.000000    0.000000    0.000000    0.000000    0.000000    0.000000    0.000000    0.000000    0.000000    

-0.439823
0.096722    -0.000000    -0.000000    -0.000000    -0.000000    -0.000000    1.000000    0.000000    0.000000    0.000000    0.000000    0.000000    
7.027378    -0.000000    -0.000000    -0.000000    -0.000000    -0.000000    -0.000000    1.000000    0.000000    0.000000    0.000000    0.000000    
10.712030    -0.000000    -0.000000    -0.000000    -0.000000    1.000000    0.000000    0.000000    0.000000    0.000000    0.000000    0.000000    
31.503997    -0.000000    -0.000000    -0.000000    -0.000000    -0.000000    -0.000000    -0.000000    1.000000    0.000000    0.000000    0.000000    
38.873301    -0.000000    -0.000000    -0.000000    1.000000    0.000000    0.000000    0.000000    0.000000    0.000000    0.000000    0.000000    
73.526579    -0.000000    -0.000000    -0.000000    -0.000000    -0.000000    -0.000000    -0.000000    -0.000000    1.000000    0.000000    0.000000    
84.580536    -0.000000    -0.000000    1.000000    0.000000    0.000000    0.000000    0.000000    0.000000    0.000000    0.000000    0.000000    
133.095125    -0.000000    -0.000000    -0.000000    -0.000000    -0.000000    -0.000000    -0.000000    -0.000000    -0.000000    1.000000    0.000000    
147.833734    -0.000000    1.000000    0.000000    0.000000    0.000000    0.000000    0.000000    0.000000    0.000000    0.000000    0.000000    
210.209634    0.000000    0.000000    0.000000    0.000000    0.000000    0.000000    0.000000    0.000000    0.000000    0.000000    1.000000    
228.632895    1.000000    0.000000    0.000000    0.000000    0.000000    0.000000    0.000000    0.000000    0.000000    0.000000    0.000000    

-0.429351
0.092171    -0.000000    -0.000000    -0.000000    -0.000000    -0.000000    1.000000    0.000000    0.000000    0.000000    0.000000    0.000000    
7.066692    -0.000000    -0.000000    -0.000000    -0.000000    -0.000000    -0.000000    1.000000    0.000000    0.000000    0.000000    0.000000    
10.663614    -0.000000    -0.000000    -0.000000    -0.000000    1.000000    0.000000    0.000000    0.000000    0.000000    0.000000    0.000000    
31.587175    -0.000000    -0.000000    -0.000000    -0.000000    -0.000000    -0.000000    -0.000000    1.000000    0.000000    0.000000    0.000000    
38.781020    -0.000000    -0.000000    -0.000000    1.000000    0.000000    0.000000    0.000000    0.000000    0.000000    0.000000    0.000000    
73.653623    -0.000000    -0.000000    -0.000000    -0.000000    -0.000000    -0.000000    -0.000000    -0.000000    1.000000    0.000000    0.000000    
84.444390    -0.000000    -0.000000    1.000000    0.000000    0.000000    0.000000    0.000000    0.000000    0.000000    0.000000    0.000000    
133.266033    -0.000000    -0.000000    -0.000000    -0.000000    -0.000000    -0.000000    -0.000000    -0.000000    -0.000000    1.000000    0.000000    
147.653723    -0.000000    1.000000    0.000000    0.000000    0.000000    0.000000    0.000000    0.000000    0.000000    0.000000    0.000000    
210.424407    0.000000    0.000000    0.000000    0.000000    0.000000    0.000000    0.000000    0.000000    0.000000    0.000000    1.000000    
228.409020    1.000000    0.000000    0.000000    0.000000    0.000000    0.000000    0.000000    0.000000    0.000000    0.000000    0.000000    

-0.418879
0.087730    -0.000000    -0.000000    -0.000000    -0.000000    -0.000000    1.000000    0.000000    0.000000    0.000000    0.000000    0.000000    
7.106115    -0.000000    -0.000000    -0.000000    -0.000000    -0.000000    -0.000000    1.000000    0.000000    0.000000    0.000000    0.000000    
10.615308    -0.000000    -0.000000    -0.000000    -0.000000    1.000000    0.000000    0.000000    0.000000    0.000000    0.000000    0.000000    
31.670464    -0.000000    -0.000000    -0.000000    -0.000000    -0.000000    -0.000000    -0.000000    1.000000    0.000000    0.000000    0.000000    
38.688849    -0.000000    -0.000000    -0.000000    1.000000    0.000000    0.000000    0.000000    0.000000    0.000000    0.000000    0.000000    
73.780776    -0.000000    -0.000000    -0.000000    -0.000000    -0.000000    -0.000000    -0.000000    -0.000000    1.000000    0.000000    0.000000    
84.308354    -0.000000    -0.000000    1.000000    0.000000    0.000000    0.000000    0.000000    0.000000    0.000000    0.000000    0.000000    
133.437052    -0.000000    -0.000000    -0.000000    -0.000000    -0.000000    -0.000000    -0.000000    -0.000000    -0.000000    1.000000    0.000000    
147.473822    -0.000000    1.000000    0.000000    0.000000    0.000000    0.000000    0.000000    0.000000    0.000000    0.000000    0.000000    
210.639290    0.000000    0.000000    0.000000    0.000000    0.000000    0.000000    0.000000    0.000000    0.000000    0.000000    1.000000    
228.185254    1.000000    0.000000    0.000000    0.000000    0.000000    0.000000    0.000000    0.000000    0.000000    0.000000    0.000000    

-0.408407
0.083398    -0.000000    -0.000000    -0.000000    -0.000000    -0.000000    1.000000    0.000000    0.000000    0.000000    0.000000    0.000000    
7.145648    -0.000000    -0.000000    -0.000000    -0.000000    -0.000000    -0.000000    1.000000    0.000000    0.000000    0.000000    0.000000    
10.567111    -0.000000    -0.000000    -0.000000    -0.000000    1.000000    0.000000    0.000000    0.000000    0.000000    0.000000    0.000000    
31.753862    -0.000000    -0.000000    -0.000000    -0.000000    -0.000000    -0.000000    -0.000000    1.000000    0.000000    0.000000    0.000000    
38.596788    -0.000000    -0.000000    -0.000000    1.000000    0.000000    0.000000    0.000000    0.000000    0.000000    0.000000    0.000000    
73.908039    -0.000000    -0.000000    -0.000000    -0.000000    -0.000000    -0.000000    -0.000000    -0.000000    1.000000    0.000000    0.000000    
84.172428    -0.000000    -0.000000    1.000000    0.000000    0.000000    0.000000    0.000000    0.000000    0.000000    0.000000    0.000000    
133.608179    -0.000000    -0.000000    -0.000000    -0.000000    -0.000000    -0.000000    -0.000000    -0.000000    -0.000000    1.000000    0.000000    
147.294031    -0.000000    1.000000    0.000000    0.000000    0.000000    0.000000    0.000000    0.000000    0.000000    0.000000    0.000000    
210.854283    0.000000    0.000000    0.000000    0.000000    0.000000    0.000000    0.000000    0.000000    0.000000    0.000000    1.000000    
227.961598    1.000000    0.000000    0.000000    0.000000    0.000000    0.000000    0.000000    0.000000    0.000000    0.000000    0.000000    

-0.397935
0.079176    -0.000000    -0.000000    -0.000000    -0.000000    -0.000000    1.000000    0.000000    0.000000    0.000000    0.000000    0.000000    
7.185291    -0.000000    -0.000000    -0.000000    -0.000000    -0.000000    -0.000000    1.000000    0.000000    0.000000    0.000000    0.000000    
10.519024    -0.000000    -0.000000    -0.000000    -0.000000    1.000000    0.000000    0.000000    0.000000    0.000000    0.000000    0.000000    
31.837370    -0.000000    -0.000000    -0.000000    -0.000000    -0.000000    -0.000000    -0.000000    1.000000    0.000000    0.000000    0.000000    
38.504836    -0.000000    -0.000000    -0.000000    1.000000    0.000000    0.000000    0.000000    0.000000    0.000000    0.000000    0.000000    
74.035412    -0.000000    -0.000000    -0.000000    -0.000000    -0.000000    -0.000000    -0.000000    -0.000000    1.000000    0.000000    0.000000    
84.036611    -0.000000    -0.000000    1.000000    0.000000    0.000000    0.000000    0.000000    0.000000    0.000000    0.000000    0.000000    
133.779417    -0.000000    -0.000000    -0.000000    -0.000000    -0.000000    -0.000000    -0.000000    -0.000000    -0.000000    1.000000    0.000000    
147.114349    -0.000000    1.000000    0.000000    0.000000    0.000000    0.000000    0.000000    0.000000    0.000000    0.000000    0.000000    
211.069386    0.000000    0.000000    0.000000    0.000000    0.000000    0.000000    0.000000    0.000000    0.000000    0.000000    1.000000    
227.738051    1.000000    0.000000    0.000000    0.000000    0.000000    0.000000    0.000000    0.000000    0.000000    0.000000    0.000000    

-0.387463
0.075064    -0.000000    -0.000000    -0.000000    -0.000000    -0.000000    1.000000    0.000000    0.000000    0.000000    0.000000    0.000000    
7.225044    -0.000000    -0.000000    -0.000000    -0.000000    -0.000000    -0.000000    1.000000    0.000000    0.000000    0.000000    0.000000    
10.471047    -0.000000    -0.000000    -0.000000    -0.000000    1.000000    0.000000    0.000000    0.000000    0.000000    0.000000    0.000000    
31.920987    -0.000000    -0.000000    -0.000000    -0.000000    -0.000000    -0.000000    -0.000000    1.000000    0.000000    0.000000    0.000000    
38.412994    -0.000000    -0.000000    -0.000000    1.000000    0.000000    0.000000    0.000000    0.000000    0.000000    0.000000    0.000000    
74.162894    -0.000000    -0.000000    -0.000000    -0.000000    -0.000000    -0.000000    -0.000000    -0.000000    1.000000    0.000000    0.000000    
83.900904    -0.000000    -0.000000    1.000000    0.000000    0.000000    0.000000    0.000000    0.000000    0.000000    0.000000    0.000000    
133.950764    -0.000000    -0.000000    -0.000000    -0.000000    -0.000000    -0.000000    -0.000000    -0.000000    -0.000000    1.000000    0.000000    
146.934777    -0.000000    1.000000    0.000000    0.000000    0.000000    0.000000    0.000000    0.000000    0.000000    0.000000    0.000000    
211.284598    0.000000    0.000000    0.000000    0.000000    0.000000    0.000000    0.000000    0.000000    0.000000    0.000000    1.000000    
227.514614    1.000000    0.000000    0.000000    0.000000    0.000000    0.000000    0.000000    0.000000    0.000000    0.000000    0.000000    

-0.376991
0.071061    -0.000000    -0.000000    -0.000000    -0.000000    -0.000000    1.000000    0.000000    0.000000    0.000000    0.000000    0.000000    
7.264906    -0.000000    -0.000000    -0.000000    -0.000000    -0.000000    -0.000000    1.000000    0.000000    0.000000    0.000000    0.000000    
10.423180    -0.000000    -0.000000    -0.000000    -0.000000    1.000000    0.000000    0.000000    0.000000    0.000000    0.000000    0.000000    
32.004715    -0.000000    -0.000000    -0.000000    -0.000000    -0.000000    -0.000000    -0.000000    1.000000    0.000000    0.000000    0.000000    
38.321261    -0.000000    -0.000000    -0.000000    1.000000    0.000000    0.000000    0.000000    0.000000    0.000000    0.000000    0.000000    
74.290486    -0.000000    -0.000000    -0.000000    -0.000000    -0.000000    -0.000000    -0.000000    -0.000000    1.000000    0.000000    0.000000    
83.765306    -0.000000    -0.000000    1.000000    0.000000    0.000000    0.000000    0.000000    0.000000    0.000000    0.000000    0.000000    
134.122221    -0.000000    -0.000000    -0.000000    -0.000000    -0.000000    -0.000000    -0.000000    -0.000000    -0.000000    1.000000    0.000000    
146.755315    -0.000000    1.000000    0.000000    0.000000    0.000000    0.000000    0.000000    0.000000    0.000000    0.000000    0.000000    
211.499920    0.000000    0.000000    0.000000    0.000000    0.000000    0.000000    0.000000    0.000000    0.000000    0.000000    1.000000    
227.291287    1.000000    0.000000    0.000000    0.000000    0.000000    0.000000    0.000000    0.000000    0.000000    0.000000    0.000000    

-0.366519
0.067168    -0.000000    -0.000000    -0.000000    -0.000000    -0.000000    1.000000    0.000000    0.000000    0.000000    0.000000    0.000000    
7.304878    -0.000000    -0.000000    -0.000000    -0.000000    -0.000000    -0.000000    1.000000    0.000000    0.000000    0.000000    0.000000    
10.375422    -0.000000    -0.000000    -0.000000    -0.000000    1.000000    0.000000    0.000000    0.000000    0.000000    0.000000    0.000000    
32.088551    -0.000000    -0.000000    -0.000000    -0.000000    -0.000000    -0.000000    -0.000000    1.000000    0.000000    0.000000    0.000000    
38.229638    -0.000000    -0.000000    -0.000000    1.000000    0.000000    0.000000    0.000000    0.000000    0.000000    0.000000    0.000000    
74.418188    -0.000000    -0.000000    -0.000000    -0.000000    -0.000000    -0.000000    -0.000000    -0.000000    1.000000    0.000000    0.000000    
83.629819    -0.000000    -0.000000    1.000000    0.000000    0.000000    0.000000    0.000000    0.000000    0.000000    0.000000    0.000000    
134.293788    -0.000000    -0.000000    -0.000000    -0.000000    -0.000000    -0.000000    -0.000000    -0.000000    -0.000000    1.000000    0.000000    
146.575962    -0.000000    1.000000    0.000000    0.000000    0.000000    0.000000    0.000000    0.000000    0.000000    0.000000    0.000000    
211.715351    0.000000    0.000000    0.000000    0.000000    0.000000    0.000000    0.000000    0.000000    0.000000    0.000000    1.000000    
227.068069    1.000000    0.000000    0.000000    0.000000    0.000000    0.000000    0.000000    0.000000    0.000000    0.000000    0.000000    

-0.356047
0.063385    -0.000000    -0.000000    -0.000000    -0.000000    -0.000000    1.000000    0.000000    0.000000    0.000000    0.000000    0.000000    
7.344960    -0.000000    -0.000000    -0.000000    -0.000000    -0.000000    -0.000000    1.000000    0.000000    0.000000    0.000000    0.000000    
10.327773    -0.000000    -0.000000    -0.000000    -0.000000    1.000000    0.000000    0.000000    0.000000    0.000000    0.000000    0.000000    
32.172498    -0.000000    -0.000000    -0.000000    -0.000000    -0.000000    -0.000000    -0.000000    1.000000    0.000000    0.000000    0.000000    
38.138125    -0.000000    -0.000000    -0.000000    1.000000    0.000000    0.000000    0.000000    0.000000    0.000000    0.000000    0.000000    
74.545999    -0.000000    -0.000000    -0.000000    -0.000000    -0.000000    -0.000000    -0.000000    -0.000000    1.000000    0.000000    0.000000    
83.494441    -0.000000    -0.000000    1.000000    0.000000    0.000000    0.000000    0.000000    0.000000    0.000000    0.000000    0.000000    
134.465464    -0.000000    -0.000000    -0.000000    -0.000000    -0.000000    -0.000000    -0.000000    -0.000000    -0.000000    1.000000    0.000000    
146.396719    -0.000000    1.000000    0.000000    0.000000    0.000000    0.000000    0.000000    0.000000    0.000000    0.000000    0.000000    
211.930893    0.000000    0.000000    0.000000    0.000000    0.000000    0.000000    0.000000    0.000000    0.000000    0.000000    1.000000    
226.844961    1.000000    0.000000    0.000000    0.000000    0.000000    0.000000    0.000000    0.000000    0.000000    0.000000    0.000000    

-0.345575
0.059711    -0.000000    -0.000000    -0.000000    -0.000000    -0.000000    1.000000    0.000000    0.000000    0.000000    0.000000    0.000000    
7.385151    -0.000000    -0.000000    -0.000000    -0.000000    -0.000000    -0.000000    1.000000    0.000000    0.000000    0.000000    0.000000    
10.280235    -0.000000    -0.000000    -0.000000    -0.000000    1.000000    0.000000    0.000000    0.000000    0.000000    0.000000    0.000000    
32.256554    -0.000000    -0.000000    -0.000000    -0.000000    -0.000000    -0.000000    -0.000000    1.000000    0.000000    0.000000    0.000000    
38.046722    -0.000000    -0.000000    -0.000000    1.000000    0.000000    0.000000    0.000000    0.000000    0.000000    0.000000    0.000000    
74.673920    -0.000000    -0.000000    -0.000000    -0.000000    -0.000000    -0.000000    -0.000000    -0.000000    1.000000    0.000000    0.000000    
83.359172    -0.000000    -0.000000    1.000000    0.000000    0.000000    0.000000    0.000000    0.000000    0.000000    0.000000    0.000000    
134.637250    -0.000000    -0.000000    -0.000000    -0.000000    -0.000000    -0.000000    -0.000000    -0.000000    -0.000000    1.000000    0.000000    
146.217586    -0.000000    1.000000    0.000000    0.000000    0.000000    0.000000    0.000000    0.000000    0.000000    0.000000    0.000000    
212.146543    0.000000    0.000000    0.000000    0.000000    0.000000    0.000000    0.000000    0.000000    0.000000    0.000000    1.000000    
226.621963    1.000000    0.000000    0.000000    0.000000    0.000000    0.000000    0.000000    0.000000    0.000000    0.000000    0.000000    

-0.335103
0.056147    -0.000000    -0.000000    -0.000000    -0.000000    -0.000000    1.000000    0.000000    0.000000    0.000000    0.000000    0.000000    
7.425452    -0.000000    -0.000000    -0.000000    -0.000000    -0.000000    -0.000000    1.000000    0.000000    0.000000    0.000000    0.000000    
10.232806    -0.000000    -0.000000    -0.000000    -0.000000    1.000000    0.000000    0.000000    0.000000    0.000000    0.000000    0.000000    
32.340720    -0.000000    -0.000000    -0.000000    -0.000000    -0.000000    -0.000000    -0.000000    1.000000    0.000000    0.000000    0.000000    
37.955428    -0.000000    -0.000000    -0.000000    1.000000    0.000000    0.000000    0.000000    0.000000    0.000000    0.000000    0.000000    
74.801951    -0.000000    -0.000000    -0.000000    -0.000000    -0.000000    -0.000000    -0.000000    -0.000000    1.000000    0.000000    0.000000    
83.224014    -0.000000    -0.000000    1.000000    0.000000    0.000000    0.000000    0.000000    0.000000    0.000000    0.000000    0.000000    
134.809146    -0.000000    -0.000000    -0.000000    -0.000000    -0.000000    -0.000000    -0.000000    -0.000000    -0.000000    1.000000    0.000000    
146.038562    -0.000000    1.000000    0.000000    0.000000    0.000000    0.000000    0.000000    0.000000    0.000000    0.000000    0.000000    
212.362304    0.000000    0.000000    0.000000    0.000000    0.000000    0.000000    0.000000    0.000000    0.000000    0.000000    1.000000    
226.399075    1.000000    0.000000    0.000000    0.000000    0.000000    0.000000    0.000000    0.000000    0.000000    0.000000    0.000000    

-0.324631
0.052693    -0.000000    -0.000000    -0.000000    -0.000000    -0.000000    1.000000    0.000000    0.000000    0.000000    0.000000    0.000000    
7.465862    -0.000000    -0.000000    -0.000000    -0.000000    -0.000000    -0.000000    1.000000    0.000000    0.000000    0.000000    0.000000    
10.185487    -0.000000    -0.000000    -0.000000    -0.000000    1.000000    0.000000    0.000000    0.000000    0.000000    0.000000    0.000000    
32.424995    -0.000000    -0.000000    -0.000000    -0.000000    -0.000000    -0.000000    -0.000000    1.000000    0.000000    0.000000    0.000000    
37.864244    -0.000000    -0.000000    -0.000000    1.000000    0.000000    0.000000    0.000000    0.000000    0.000000    0.000000    0.000000    
74.930091    -0.000000    -0.000000    -0.000000    -0.000000    -0.000000    -0.000000    -0.000000    -0.000000    1.000000    0.000000    0.000000    
83.088964    -0.000000    -0.000000    1.000000    0.000000    0.000000    0.000000    0.000000    0.000000    0.000000    0.000000    0.000000    
134.981151    -0.000000    -0.000000    -0.000000    -0.000000    -0.000000    -0.000000    -0.000000    -0.000000    -0.000000    1.000000    0.000000    
145.859648    -0.000000    1.000000    0.000000    0.000000    0.000000    0.000000    0.000000    0.000000    0.000000    0.000000    0.000000    
212.578174    0.000000    0.000000    0.000000    0.000000    0.000000    0.000000    0.000000    0.000000    0.000000    0.000000    1.000000    
226.176296    1.000000    0.000000    0.000000    0.000000    0.000000    0.000000    0.000000    0.000000    0.000000    0.000000    0.000000    

-0.314159
0.049348    -0.000000    -0.000000    -0.000000    -0.000000    -0.000000    1.000000    0.000000    0.000000    0.000000    0.000000    0.000000    
7.506382    -0.000000    -0.000000    -0.000000    -0.000000    -0.000000    -0.000000    1.000000    0.000000    0.000000    0.000000    0.000000    
10.138277    -0.000000    -0.000000    -0.000000    -0.000000    1.000000    0.000000    0.000000    0.000000    0.000000    0.000000    0.000000    
32.509380    -0.000000    -0.000000    -0.000000    -0.000000    -0.000000    -0.000000    -0.000000    1.000000    0.000000    0.000000    0.000000    
37.773169    -0.000000    -0.000000    -0.000000    1.000000    0.000000    0.000000    0.000000    0.000000    0.000000    0.000000    0.000000    
75.058341    -0.000000    -0.000000    -0.000000    -0.000000    -0.000000    -0.000000    -0.000000    -0.000000    1.000000    0.000000    0.000000    
82.954025    -0.000000    -0.000000    1.000000    0.000000    0.000000    0.000000    0.000000    0.000000    0.000000    0.000000    0.000000    
135.153266    -0.000000    -0.000000    -0.000000    -0.000000    -0.000000    -0.000000    -0.000000    -0.000000    -0.000000    1.000000    0.000000    
145.680844    -0.000000    1.000000    0.000000    0.000000    0.000000    0.000000    0.000000    0.000000    0.000000    0.000000    0.000000    
212.794154    0.000000    0.000000    0.000000    0.000000    0.000000    0.000000    0.000000    0.000000    0.000000    0.000000    1.000000    
225.953627    1.000000    0.000000    0.000000    0.000000    0.000000    0.000000    0.000000    0.000000    0.000000    0.000000    0.000000    

-0.303687
0.046113    -0.000000    -0.000000    -0.000000    -0.000000    -0.000000    1.000000    0.000000    0.000000    0.000000    0.000000    0.000000    
7.547012    -0.000000    -0.000000    -0.000000    -0.000000    -0.000000    -0.000000    1.000000    0.000000    0.000000    0.000000    0.000000    
10.091177    -0.000000    -0.000000    -0.000000    -0.000000    1.000000    0.000000    0.000000    0.000000    0.000000    0.000000    0.000000    
32.593875    -0.000000    -0.000000    -0.000000    -0.000000    -0.000000    -0.000000    -0.000000    1.000000    0.000000    0.000000    0.000000    
37.682204    -0.000000    -0.000000    -0.000000    1.000000    0.000000    0.000000    0.000000    0.000000    0.000000    0.000000    0.000000    
75.186701    -0.000000    -0.000000    -0.000000    -0.000000    -0.000000    -0.000000    -0.000000    -0.000000    1.000000    0.000000    0.000000    
82.819195    -0.000000    -0.000000    1.000000    0.000000    0.000000    0.000000    0.000000    0.000000    0.000000    0.000000    0.000000    
135.325491    -0.000000    -0.000000    -0.000000    -0.000000    -0.000000    -0.000000    -0.000000    -0.000000    -0.000000    1.000000    0.000000    
145.502149    -0.000000    1.000000    0.000000    0.000000    0.000000    0.000000    0.000000    0.000000    0.000000    0.000000    0.000000    
213.010244    0.000000    0.000000    0.000000    0.000000    0.000000    0.000000    0.000000    0.000000    0.000000    0.000000    1.000000    
225.731067    1.000000    0.000000    0.000000    0.000000    0.000000    0.000000    0.000000    0.000000    0.000000    0.000000    0.000000    

-0.293215
0.042988    -0.000000    -0.000000    -0.000000    -0.000000    -0.000000    1.000000    0.000000    0.000000    0.000000    0.000000    0.000000    
7.587752    -0.000000    -0.000000    -0.000000    -0.000000    -0.000000    -0.000000    1.000000    0.000000    0.000000    0.000000    0.000000    
10.044187    -0.000000    -0.000000    -0.000000    -0.000000    1.000000    0.000000    0.000000    0.000000    0.000000    0.000000    0.000000    
32.678479    -0.000000    -0.000000    -0.000000    -0.000000    -0.000000    -0.000000    -0.000000    1.000000    0.000000    0.000000    0.000000    
37.591349    -0.000000    -0.000000    -0.000000    1.000000    0.000000    0.000000    0.000000    0.000000    0.000000    0.000000    0.000000    
75.315171    -0.000000    -0.000000    -0.000000    -0.000000    -0.000000    -0.000000    -0.000000    -0.000000    1.000000    0.000000    0.000000    
82.684475    -0.000000    -0.000000    1.000000    0.000000    0.000000    0.000000    0.000000    0.000000    0.000000    0.000000    0.000000    
135.497825    -0.000000    -0.000000    -0.000000    -0.000000    -0.000000    -0.000000    -0.000000    -0.000000    -0.000000    1.000000    0.000000    
145.323564    -0.000000    1.000000    0.000000    0.000000    0.000000    0.000000    0.000000    0.000000    0.000000    0.000000    0.000000    
213.226443    0.000000    0.000000    0.000000    0.000000    0.000000    0.000000    0.000000    0.000000    0.000000    0.000000    1.000000    
225.508617    1.000000    0.000000    0.000000    0.000000    0.000000    0.000000    0.000000    0.000000    0.000000    0.000000    0.000000    

-0.282743
0.039972    -0.000000    -0.000000    -0.000000    -0.000000    -0.000000    1.000000    0.000000    0.000000    0.000000    0.000000    0.000000    
7.628601    -0.000000    -0.000000    -0.000000    -0.000000    -0.000000    -0.000000    1.000000    0.000000    0.000000    0.000000    0.000000    
9.997306    -0.000000    -0.000000    -0.000000    -0.000000    1.000000    0.000000    0.000000    0.000000    0.000000    0.000000    0.000000    
32.763194    -0.000000    -0.000000    -0.000000    -0.000000    -0.000000    -0.000000    -0.000000    1.000000    0.000000    0.000000    0.000000    
37.500604    -0.000000    -0.000000    -0.000000    1.000000    0.000000    0.000000    0.000000    0.000000    0.000000    0.000000    0.000000    
75.443750    -0.000000    -0.000000    -0.000000    -0.000000    -0.000000    -0.000000    -0.000000    -0.000000    1.000000    0.000000    0.000000    
82.549865    -0.000000    -0.000000    1.000000    0.000000    0.000000    0.000000    0.000000    0.000000    0.000000    0.000000    0.000000    
135.670269    -0.000000    -0.000000    -0.000000    -0.000000    -0.000000    -0.000000    -0.000000    -0.000000    -0.000000    1.000000    0.000000    
145.145089    -0.000000    1.000000    0.000000    0.000000    0.000000    0.000000    0.000000    0.000000    0.000000    0.000000    0.000000    
213.442752    0.000000    0.000000    0.000000    0.000000    0.000000    0.000000    0.000000    0.000000    0.000000    0.000000    1.000000    
225.286277    1.000000    0.000000    0.000000    0.000000    0.000000    0.000000    0.000000    0.000000    0.000000    0.000000    0.000000    

-0.272271
0.037066    -0.000000    -0.000000    -0.000000    -0.000000    -0.000000    1.000000    0.000000    0.000000    0.000000    0.000000    0.000000    
7.669560    -0.000000    -0.000000    -0.000000    -0.000000    -0.000000    -0.000000    1.000000    0.000000    0.000000    0.000000    0.000000    
9.950535    -0.000000    -0.000000    -0.000000    -0.000000    1.000000    0.000000    0.000000    0.000000    0.000000    0.000000    0.000000    
32.848017    -0.000000    -0.000000    -0.000000    -0.000000    -0.000000    -0.000000    -0.000000    1.000000    0.000000    0.000000    0.000000    
37.409968    -0.000000    -0.000000    -0.000000    1.000000    0.000000    0.000000    0.000000    0.000000    0.000000    0.000000    0.000000    
75.572438    -0.000000    -0.000000    -0.000000    -0.000000    -0.000000    -0.000000    -0.000000    -0.000000    1.000000    0.000000    0.000000    
82.415364    -0.000000    -0.000000    1.000000    0.000000    0.000000    0.000000    0.000000    0.000000    0.000000    0.000000    0.000000    
135.842822    -0.000000    -0.000000    -0.000000    -0.000000    -0.000000    -0.000000    -0.000000    -0.000000    -0.000000    1.000000    0.000000    
144.966723    -0.000000    1.000000    0.000000    0.000000    0.000000    0.000000    0.000000    0.000000    0.000000    0.000000    0.000000    
213.659170    0.000000    0.000000    0.000000    0.000000    0.000000    0.000000    0.000000    0.000000    0.000000    0.000000    1.000000    
225.064046    1.000000    0.000000    0.000000    0.000000    0.000000    0.000000    0.000000    0.000000    0.000000    0.000000    0.000000    

-0.261799
0.034269    -0.000000    -0.000000    -0.000000    -0.000000    -0.000000    1.000000    0.000000    0.000000    0.000000    0.000000    0.000000    
7.710628    -0.000000    -0.000000    -0.000000    -0.000000    -0.000000    -0.000000    1.000000    0.000000    0.000000    0.000000    0.000000    
9.903874    -0.000000    -0.000000    -0.000000    -0.000000    1.000000    0.000000    0.000000    0.000000    0.000000    0.000000    0.000000    
32.932951    -0.000000    -0.000000    -0.000000    -0.000000    -0.000000    -0.000000    -0.000000    1.000000    0.000000    0.000000    0.000000    
37.319442    -0.000000    -0.000000    -0.000000    1.000000    0.000000    0.000000    0.000000    0.000000    0.000000    0.000000    0.000000    
75.701237    -0.000000    -0.000000    -0.000000    -0.000000    -0.000000    -0.000000    -0.000000    -0.000000    1.000000    0.000000    0.000000    
82.280973    -0.000000    -0.000000    1.000000    0.000000    0.000000    0.000000    0.000000    0.000000    0.000000    0.000000    0.000000    
136.015486    -0.000000    -0.000000    -0.000000    -0.000000    -0.000000    -0.000000    -0.000000    -0.000000    -0.000000    1.000000    0.000000    
144.788467    -0.000000    1.000000    0.000000    0.000000    0.000000    0.000000    0.000000    0.000000    0.000000    0.000000    0.000000    
213.875698    0.000000    0.000000    0.000000    0.000000    0.000000    0.000000    0.000000    0.000000    0.000000    0.000000    1.000000    
224.841925    1.000000    0.000000    0.000000    0.000000    0.000000    0.000000    0.000000    0.000000    0.000000    0.000000    0.000000    

-0.251327
0.031583    -0.000000    -0.000000    -0.000000    -0.000000    -0.000000    1.000000    0.000000    0.000000    0.000000    0.000000    0.000000    
7.751807    -0.000000    -0.000000    -0.000000    -0.000000    -0.000000    -0.000000    1.000000    0.000000    0.000000    0.000000    0.000000    
9.857322    -0.000000    -0.000000    -0.000000    -0.000000    1.000000    0.000000    0.000000    0.000000    0.000000    0.000000    0.000000    
33.017994    -0.000000    -0.000000    -0.000000    -0.000000    -0.000000    -0.000000    -0.000000    1.000000    0.000000    0.000000    0.000000    
37.229025    -0.000000    -0.000000    -0.000000    1.000000    0.000000    0.000000    0.000000    0.000000    0.000000    0.000000    0.000000    
75.830145    -0.000000    -0.000000    -0.000000    -0.000000    -0.000000    -0.000000    -0.000000    -0.000000    1.000000    0.000000    0.000000    
82.146691    -0.000000    -0.000000    1.000000    0.000000    0.000000    0.000000    0.000000    0.000000    0.000000    0.000000    0.000000    
136.188259    -0.000000    -0.000000    -0.000000    -0.000000    -0.000000    -0.000000    -0.000000    -0.000000    -0.000000    1.000000    0.000000    
144.610321    -0.000000    1.000000    0.000000    0.000000    0.000000    0.000000    0.000000    0.000000    0.000000    0.000000    0.000000    
214.092336    0.000000    0.000000    0.000000    0.000000    0.000000    0.000000    0.000000    0.000000    0.000000    0.000000    1.000000    
224.619914    1.000000    0.000000    0.000000    0.000000    0.000000    0.000000    0.000000    0.000000    0.000000    0.000000    0.000000    

-0.240855
0.029006    -0.000000    -0.000000    -0.000000    -0.000000    -0.000000    1.000000    0.000000    0.000000    0.000000    0.000000    0.000000    
7.793094    -0.000000    -0.000000    -0.000000    -0.000000    -0.000000    -0.000000    1.000000    0.000000    0.000000    0.000000    0.000000    
9.810880    -0.000000    -0.000000    -0.000000    -0.000000    1.000000    0.000000    0.000000    0.000000    0.000000    0.000000    0.000000    
33.103147    -0.000000    -0.000000    -0.000000    -0.000000    -0.000000    -0.000000    -0.000000    1.000000    0.000000    0.000000    0.000000    
37.138718    -0.000000    -0.000000    -0.000000    1.000000    0.000000    0.000000    0.000000    0.000000    0.000000    0.000000    0.000000    
75.959162    -0.000000    -0.000000    -0.000000    -0.000000    -0.000000    -0.000000    -0.000000    -0.000000    1.000000    0.000000    0.000000    
82.012520    -0.000000    -0.000000    1.000000    0.000000    0.000000    0.000000    0.000000    0.000000    0.000000    0.000000    0.000000    
136.361141    -0.000000    -0.000000    -0.000000    -0.000000    -0.000000    -0.000000    -0.000000    -0.000000    -0.000000    1.000000    0.000000    
144.432284    -0.000000    1.000000    0.000000    0.000000    0.000000    0.000000    0.000000    0.000000    0.000000    0.000000    0.000000    
214.309083    0.000000    0.000000    0.000000    0.000000    0.000000    0.000000    0.000000    0.000000    0.000000    0.000000    1.000000    
224.398012    1.000000    0.000000    0.000000    0.000000    0.000000    0.000000    0.000000    0.000000    0.000000    0.000000    0.000000    

-0.230383
0.026538    -0.000000    -0.000000    -0.000000    -0.000000    -0.000000    1.000000    0.000000    0.000000    0.000000    0.000000    0.000000    
7.834492    -0.000000    -0.000000    -0.000000    -0.000000    -0.000000    -0.000000    1.000000    0.000000    0.000000    0.000000    0.000000    
9.764548    -0.000000    -0.000000    -0.000000    -0.000000    1.000000    0.000000    0.000000    0.000000    0.000000    0.000000    0.000000    
33.188409    -0.000000    -0.000000    -0.000000    -0.000000    -0.000000    -0.000000    -0.000000    1.000000    0.000000    0.000000    0.000000    
37.048521    -0.000000    -0.000000    -0.000000    1.000000    0.000000    0.000000    0.000000    0.000000    0.000000    0.000000    0.000000    
76.088290    -0.000000    -0.000000    -0.000000    -0.000000    -0.000000    -0.000000    -0.000000    -0.000000    1.000000    0.000000    0.000000    
81.878457    -0.000000    -0.000000    1.000000    0.000000    0.000000    0.000000    0.000000    0.000000    0.000000    0.000000    0.000000    
136.534133    -0.000000    -0.000000    -0.000000    -0.000000    -0.000000    -0.000000    -0.000000    -0.000000    -0.000000    1.000000    0.000000    
144.254357    -0.000000    1.000000    0.000000    0.000000    0.000000    0.000000    0.000000    0.000000    0.000000    0.000000    0.000000    
214.525941    0.000000    0.000000    0.000000    0.000000    0.000000    0.000000    0.000000    0.000000    0.000000    0.000000    1.000000    
224.176220    1.000000    0.000000    0.000000    0.000000    0.000000    0.000000    0.000000    0.000000    0.000000    0.000000    0.000000    

-0.219911
0.024181    -0.000000    -0.000000    -0.000000    -0.000000    -0.000000    1.000000    0.000000    0.000000    0.000000    0.000000    0.000000    
7.875999    -0.000000    -0.000000    -0.000000    -0.000000    -0.000000    -0.000000    1.000000    0.000000    0.000000    0.000000    0.000000    
9.718325    -0.000000    -0.000000    -0.000000    -0.000000    1.000000    0.000000    0.000000    0.000000    0.000000    0.000000    0.000000    
33.273781    -0.000000    -0.000000    -0.000000    -0.000000    -0.000000    -0.000000    -0.000000    1.000000    0.000000    0.000000    0.000000    
36.958433    -0.000000    -0.000000    -0.000000    1.000000    0.000000    0.000000    0.000000    0.000000    0.000000    0.000000    0.000000    
76.217527    -0.000000    -0.000000    -0.000000    -0.000000    -0.000000    -0.000000    -0.000000    -0.000000    1.000000    0.000000    0.000000    
81.744505    -0.000000    -0.000000    1.000000    0.000000    0.000000    0.000000    0.000000    0.000000    0.000000    0.000000    0.000000    
136.707235    -0.000000    -0.000000    -0.000000    -0.000000    -0.000000    -0.000000    -0.000000    -0.000000    -0.000000    1.000000    0.000000    
144.076540    -0.000000    1.000000    0.000000    0.000000    0.000000    0.000000    0.000000    0.000000    0.000000    0.000000    0.000000    
214.742907    0.000000    0.000000    0.000000    0.000000    0.000000    0.000000    0.000000    0.000000    0.000000    0.000000    1.000000    
223.954538    1.000000    0.000000    0.000000    0.000000    0.000000    0.000000    0.000000    0.000000    0.000000    0.000000    0.000000    

-0.209440
0.021932    -0.000000    -0.000000    -0.000000    -0.000000    -0.000000    1.000000    0.000000    0.000000    0.000000    0.000000    0.000000    
7.917616    -0.000000    -0.000000    -0.000000    -0.000000    -0.000000    -0.000000    1.000000    0.000000    0.000000    0.000000    0.000000    
9.672212    -0.000000    -0.000000    -0.000000    -0.000000    1.000000    0.000000    0.000000    0.000000    0.000000    0.000000    0.000000    
33.359263    -0.000000    -0.000000    -0.000000    -0.000000    -0.000000    -0.000000    -0.000000    1.000000    0.000000    0.000000    0.000000    
36.868456    -0.000000    -0.000000    -0.000000    1.000000    0.000000    0.000000    0.000000    0.000000    0.000000    0.000000    0.000000    
76.346873    -0.000000    -0.000000    -0.000000    -0.000000    -0.000000    -0.000000    -0.000000    -0.000000    1.000000    0.000000    0.000000    
81.610662    -0.000000    -0.000000    1.000000    0.000000    0.000000    0.000000    0.000000    0.000000    0.000000    0.000000    0.000000    
136.880447    -0.000000    -0.000000    -0.000000    -0.000000    -0.000000    -0.000000    -0.000000    -0.000000    -0.000000    1.000000    0.000000    
143.898832    -0.000000    1.000000    0.000000    0.000000    0.000000    0.000000    0.000000    0.000000    0.000000    0.000000    0.000000    
214.959984    0.000000    0.000000    0.000000    0.000000    0.000000    0.000000    0.000000    0.000000    0.000000    0.000000    1.000000    
223.732966    1.000000    0.000000    0.000000    0.000000    0.000000    0.000000    0.000000    0.000000    0.000000    0.000000    0.000000    

-0.198968
0.019794    -0.000000    -0.000000    -0.000000    -0.000000    -0.000000    1.000000    0.000000    0.000000    0.000000    0.000000    0.000000    
7.959342    -0.000000    -0.000000    -0.000000    -0.000000    -0.000000    -0.000000    1.000000    0.000000    0.000000    0.000000    0.000000    
9.626209    -0.000000    -0.000000    -0.000000    -0.000000    1.000000    0.000000    0.000000    0.000000    0.000000    0.000000    0.000000    
33.444854    -0.000000    -0.000000    -0.000000    -0.000000    -0.000000    -0.000000    -0.000000    1.000000    0.000000    0.000000    0.000000    
36.778587    -0.000000    -0.000000    -0.000000    1.000000    0.000000    0.000000    0.000000    0.000000    0.000000    0.000000    0.000000    
76.476329    -0.000000    -0.000000    -0.000000    -0.000000    -0.000000    -0.000000    -0.000000    -0.000000    1.000000    0.000000    0.000000    
81.476929    -0.000000    -0.000000    1.000000    0.000000    0.000000    0.000000    0.000000    0.000000    0.000000    0.000000    0.000000    
137.053768    -0.000000    -0.000000    -0.000000    -0.000000    -0.000000    -0.000000    -0.000000    -0.000000    -0.000000    1.000000    0.000000    
143.721234    -0.000000    1.000000    0.000000    0.000000    0.000000    0.000000    0.000000    0.000000    0.000000    0.000000    0.000000    
215.177170    0.000000    0.000000    0.000000    0.000000    0.000000    0.000000    0.000000    0.000000    0.000000    0.000000    1.000000    
223.511503    1.000000    0.000000    0.000000    0.000000    0.000000    0.000000    0.000000    0.000000    0.000000    0.000000    0.000000    

-0.188496
0.017765    -0.000000    -0.000000    -0.000000    -0.000000    -0.000000    1.000000    0.000000    0.000000    0.000000    0.000000    0.000000    
8.001179    -0.000000    -0.000000    -0.000000    -0.000000    -0.000000    -0.000000    1.000000    0.000000    0.000000    0.000000    0.000000    
9.580315    -0.000000    -0.000000    -0.000000    -0.000000    1.000000    0.000000    0.000000    0.000000    0.000000    0.000000    0.000000    
33.530555    -0.000000    -0.000000    -0.000000    -0.000000    -0.000000    -0.000000    -0.000000    1.000000    0.000000    0.000000    0.000000    
36.688829    -0.000000    -0.000000    -0.000000    1.000000    0.000000    0.000000    0.000000    0.000000    0.000000    0.000000    0.000000    
76.605895    -0.000000    -0.000000    -0.000000    -0.000000    -0.000000    -0.000000    -0.000000    -0.000000    1.000000    0.000000    0.000000    
81.343306    -0.000000    -0.000000    1.000000    0.000000    0.000000    0.000000    0.000000    0.000000    0.000000    0.000000    0.000000    
137.227199    -0.000000    -0.000000    -0.000000    -0.000000    -0.000000    -0.000000    -0.000000    -0.000000    -0.000000    1.000000    0.000000    
143.543746    -0.000000    1.000000    0.000000    0.000000    0.000000    0.000000    0.000000    0.000000    0.000000    0.000000    0.000000    
215.394466    0.000000    0.000000    0.000000    0.000000    0.000000    0.000000    0.000000    0.000000    0.000000    0.000000    1.000000    
223.290149    1.000000    0.000000    0.000000    0.000000    0.000000    0.000000    0.000000    0.000000    0.000000    0.000000    0.000000    

-0.178024
0.015846    -0.000000    -0.000000    -0.000000    -0.000000    -0.000000    1.000000    0.000000    0.000000    0.000000    0.000000    0.000000    
8.043124    -0.000000    -0.000000    -0.000000    -0.000000    -0.000000    -0.000000    1.000000    0.000000    0.000000    0.000000    0.000000    
9.534531    -0.000000    -0.000000    -0.000000    -0.000000    1.000000    0.000000    0.000000    0.000000    0.000000    0.000000    0.000000    
33.616366    -0.000000    -0.000000    -0.000000    -0.000000    -0.000000    -0.000000    -0.000000    1.000000    0.000000    0.000000    0.000000    
36.599180    -0.000000    -0.000000    -0.000000    1.000000    0.000000    0.000000    0.000000    0.000000    0.000000    0.000000    0.000000    
76.735571    -0.000000    -0.000000    -0.000000    -0.000000    -0.000000    -0.000000    -0.000000    -0.000000    1.000000    0.000000    0.000000    
81.209792    -0.000000    -0.000000    1.000000    0.000000    0.000000    0.000000    0.000000    0.000000    0.000000    0.000000    0.000000    
137.400739    -0.000000    -0.000000    -0.000000    -0.000000    -0.000000    -0.000000    -0.000000    -0.000000    -0.000000    1.000000    0.000000    
143.366367    -0.000000    1.000000    0.000000    0.000000    0.000000    0.000000    0.000000    0.000000    0.000000    0.000000    0.000000    
215.611871    0.000000    0.000000    0.000000    0.000000    0.000000    0.000000    0.000000    0.000000    0.000000    0.000000    1.000000    
223.068906    1.000000    0.000000    0.000000    0.000000    0.000000    0.000000    0.000000    0.000000    0.000000    0.000000    0.000000    

-0.167552
0.014037    -0.000000    -0.000000    -0.000000    -0.000000    -0.000000    1.000000    0.000000    0.000000    0.000000    0.000000    0.000000    
8.085180    -0.000000    -0.000000    -0.000000    -0.000000    -0.000000    -0.000000    1.000000    0.000000    0.000000    0.000000    0.000000    
9.488857    -0.000000    -0.000000    -0.000000    -0.000000    1.000000    0.000000    0.000000    0.000000    0.000000    0.000000    0.000000    
33.702286    -0.000000    -0.000000    -0.000000    -0.000000    -0.000000    -0.000000    -0.000000    1.000000    0.000000    0.000000    0.000000    
36.509641    -0.000000    -0.000000    -0.000000    1.000000    0.000000    0.000000    0.000000    0.000000    0.000000    0.000000    0.000000    
76.865356    -0.000000    -0.000000    -0.000000    -0.000000    -0.000000    -0.000000    -0.000000    -0.000000    1.000000    0.000000    0.000000    
81.076388    -0.000000    -0.000000    1.000000    0.000000    0.000000    0.000000    0.000000    0.000000    0.000000    0.000000    0.000000    
137.574390    -0.000000    -0.000000    -0.000000    -0.000000    -0.000000    -0.000000    -0.000000    -0.000000    -0.000000    1.000000    0.000000    
143.189098    -0.000000    1.000000    0.000000    0.000000    0.000000    0.000000    0.000000    0.000000    0.000000    0.000000    0.000000    
215.829386    0.000000    0.000000    0.000000    0.000000    0.000000    0.000000    0.000000    0.000000    0.000000    0.000000    1.000000    
222.847772    1.000000    0.000000    0.000000    0.000000    0.000000    0.000000    0.000000    0.000000    0.000000    0.000000    0.000000    

-0.157080
0.012337    -0.000000    -0.000000    -0.000000    -0.000000    -0.000000    1.000000    0.000000    0.000000    0.000000    0.000000    0.000000    
8.127345    -0.000000    -0.000000    -0.000000    -0.000000    -0.000000    -0.000000    1.000000    0.000000    0.000000    0.000000    0.000000    
9.443292    -0.000000    -0.000000    -0.000000    -0.000000    1.000000    0.000000    0.000000    0.000000    0.000000    0.000000    0.000000    
33.788317    -0.000000    -0.000000    -0.000000    -0.000000    -0.000000    -0.000000    -0.000000    1.000000    0.000000    0.000000    0.000000    
36.420211    -0.000000    -0.000000    -0.000000    1.000000    0.000000    0.000000    0.000000    0.000000    0.000000    0.000000    0.000000    
76.995251    -0.000000    -0.000000    -0.000000    -0.000000    -0.000000    -0.000000    -0.000000    -0.000000    1.000000    0.000000    0.000000    
80.943093    -0.000000    -0.000000    1.000000    0.000000    0.000000    0.000000    0.000000    0.000000    0.000000    0.000000    0.000000    
137.748150    -0.000000    -0.000000    -0.000000    -0.000000    -0.000000    -0.000000    -0.000000    -0.000000    -0.000000    1.000000    0.000000    
143.011939    -0.000000    1.000000    0.000000    0.000000    0.000000    0.000000    0.000000    0.000000    0.000000    0.000000    0.000000    
216.047011    0.000000    0.000000    0.000000    0.000000    0.000000    0.000000    0.000000    0.000000    0.000000    0.000000    1.000000    
222.626747    1.000000    0.000000    0.000000    0.000000    0.000000    0.000000    0.000000    0.000000    0.000000    0.000000    0.000000    

-0.146608
0.010747    -0.000000    -0.000000    -0.000000    -0.000000    -0.000000    1.000000    0.000000    0.000000    0.000000    0.000000    0.000000    
8.169620    -0.000000    -0.000000    -0.000000    -0.000000    -0.000000    -0.000000    1.000000    0.000000    0.000000    0.000000    0.000000    
9.397837    -0.000000    -0.000000    -0.000000    -0.000000    1.000000    0.000000    0.000000    0.000000    0.000000    0.000000    0.000000    
33.874456    -0.000000    -0.000000    -0.000000    -0.000000    -0.000000    -0.000000    -0.000000    1.000000    0.000000    0.000000    0.000000    
36.330891    -0.000000    -0.000000    -0.000000    1.000000    0.000000    0.000000    0.000000    0.000000    0.000000    0.000000    0.000000    
77.125256    -0.000000    -0.000000    -0.000000    -0.000000    -0.000000    -0.000000    -0.000000    -0.000000    1.000000    0.000000    0.000000    
80.809908    -0.000000    -0.000000    1.000000    0.000000    0.000000    0.000000    0.000000    0.000000    0.000000    0.000000    0.000000    
137.922019    -0.000000    -0.000000    -0.000000    -0.000000    -0.000000    -0.000000    -0.000000    -0.000000    -0.000000    1.000000    0.000000    
142.834889    -0.000000    1.000000    0.000000    0.000000    0.000000    0.000000    0.000000    0.000000    0.000000    0.000000    0.000000    
216.264746    0.000000    0.000000    0.000000    0.000000    0.000000    0.000000    0.000000    0.000000    0.000000    0.000000    1.000000    
222.405833    1.000000    0.000000    0.000000    0.000000    0.000000    0.000000    0.000000    0.000000    0.000000    0.000000    0.000000    

-0.136136
0.009266    -0.000000    -0.000000    -0.000000    -0.000000    -0.000000    1.000000    0.000000    0.000000    0.000000    0.000000    0.000000    
8.212004    -0.000000    -0.000000    -0.000000    -0.000000    -0.000000    -0.000000    1.000000    0.000000    0.000000    0.000000    0.000000    
9.352492    -0.000000    -0.000000    -0.000000    -0.000000    1.000000    0.000000    0.000000    0.000000    0.000000    0.000000    0.000000    
33.960706    -0.000000    -0.000000    -0.000000    -0.000000    -0.000000    -0.000000    -0.000000    1.000000    0.000000    0.000000    0.000000    
36.241681    -0.000000    -0.000000    -0.000000    1.000000    0.000000    0.000000    0.000000    0.000000    0.000000    0.000000    0.000000    
77.255370    -0.000000    -0.000000    -0.000000    -0.000000    -0.000000    -0.000000    -0.000000    -0.000000    1.000000    0.000000    0.000000    
80.676833    -0.000000    -0.000000    1.000000    0.000000    0.000000    0.000000    0.000000    0.000000    0.000000    0.000000    0.000000    
138.095998    -0.000000    -0.000000    -0.000000    -0.000000    -0.000000    -0.000000    -0.000000    -0.000000    -0.000000    1.000000    0.000000    
142.657949    -0.000000    1.000000    0.000000    0.000000    0.000000    0.000000    0.000000    0.000000    0.000000    0.000000    0.000000    
216.482590    0.000000    0.000000    0.000000    0.000000    0.000000    0.000000    0.000000    0.000000    0.000000    0.000000    1.000000    
222.185028    1.000000    0.000000    0.000000    0.000000    0.000000    0.000000    0.000000    0.000000    0.000000    0.000000    0.000000    

-0.125664
0.007896    -0.000000    -0.000000    -0.000000    -0.000000    -0.000000    1.000000    0.000000    0.000000    0.000000    0.000000    0.000000    
8.254498    -0.000000    -0.000000    -0.000000    -0.000000    -0.000000    -0.000000    1.000000    0.000000    0.000000    0.000000    0.000000    
9.307256    -0.000000    -0.000000    -0.000000    -0.000000    1.000000    0.000000    0.000000    0.000000    0.000000    0.000000    0.000000    
34.047065    -0.000000    -0.000000    -0.000000    -0.000000    -0.000000    -0.000000    -0.000000    1.000000    0.000000    0.000000    0.000000    
36.152580    -0.000000    -0.000000    -0.000000    1.000000    0.000000    0.000000    0.000000    0.000000    0.000000    0.000000    0.000000    
77.385594    -0.000000    -0.000000    -0.000000    -0.000000    -0.000000    -0.000000    -0.000000    -0.000000    1.000000    0.000000    0.000000    
80.543868    -0.000000    -0.000000    1.000000    0.000000    0.000000    0.000000    0.000000    0.000000    0.000000    0.000000    0.000000    
138.270087    -0.000000    -0.000000    -0.000000    -0.000000    -0.000000    -0.000000    -0.000000    -0.000000    -0.000000    1.000000    0.000000    
142.481118    -0.000000    1.000000    0.000000    0.000000    0.000000    0.000000    0.000000    0.000000    0.000000    0.000000    0.000000    
216.700543    0.000000    0.000000    0.000000    0.000000    0.000000    0.000000    0.000000    0.000000    0.000000    0.000000    1.000000    
221.964332    1.000000    0.000000    0.000000    0.000000    0.000000    0.000000    0.000000    0.000000    0.000000    0.000000    0.000000    

-0.115192
0.006635    -0.000000    -0.000000    -0.000000    -0.000000    -0.000000    1.000000    0.000000    0.000000    0.000000    0.000000    0.000000    
8.297102    -0.000000    -0.000000    -0.000000    -0.000000    -0.000000    -0.000000    1.000000    0.000000    0.000000    0.000000    0.000000    
9.262130    -0.000000    -0.000000    -0.000000    -0.000000    1.000000    0.000000    0.000000    0.000000    0.000000    0.000000    0.000000    
34.133533    -0.000000    -0.000000    -0.000000    -0.000000    -0.000000    -0.000000    -0.000000    1.000000    0.000000    0.000000    0.000000    
36.063589    -0.000000    -0.000000    -0.000000    1.000000    0.000000    0.000000    0.000000    0.000000    0.000000    0.000000    0.000000    
77.515928    -0.000000    -0.000000    -0.000000    -0.000000    -0.000000    -0.000000    -0.000000    -0.000000    1.000000    0.000000    0.000000    
80.411012    -0.000000    -0.000000    1.000000    0.000000    0.000000    0.000000    0.000000    0.000000    0.000000    0.000000    0.000000    
138.444286    -0.000000    -0.000000    -0.000000    -0.000000    -0.000000    -0.000000    -0.000000    -0.000000    -0.000000    1.000000    0.000000    
142.304398    -0.000000    1.000000    0.000000    0.000000    0.000000    0.000000    0.000000    0.000000    0.000000    0.000000    0.000000    
216.918607    0.000000    0.000000    0.000000    0.000000    0.000000    0.000000    0.000000    0.000000    0.000000    0.000000    1.000000    
221.743747    1.000000    0.000000    0.000000    0.000000    0.000000    0.000000    0.000000    0.000000    0.000000    0.000000    0.000000    

-0.104720
0.005483    -0.000000    -0.000000    -0.000000    -0.000000    -0.000000    1.000000    0.000000    0.000000    0.000000    0.000000    0.000000    
8.339816    -0.000000    -0.000000    -0.000000    -0.000000    -0.000000    -0.000000    1.000000    0.000000    0.000000    0.000000    0.000000    
9.217114    -0.000000    -0.000000    -0.000000    -0.000000    1.000000    0.000000    0.000000    0.000000    0.000000    0.000000    0.000000    
34.220112    -0.000000    -0.000000    -0.000000    -0.000000    -0.000000    -0.000000    -0.000000    1.000000    0.000000    0.000000    0.000000    
35.974708    -0.000000    -0.000000    -0.000000    1.000000    0.000000    0.000000    0.000000    0.000000    0.000000    0.000000    0.000000    
77.646371    -0.000000    -0.000000    -0.000000    -0.000000    -0.000000    -0.000000    -0.000000    -0.000000    1.000000    0.000000    0.000000    
80.278266    -0.000000    -0.000000    1.000000    0.000000    0.000000    0.000000    0.000000    0.000000    0.000000    0.000000    0.000000    
138.618594    -0.000000    -0.000000    -0.000000    -0.000000    -0.000000    -0.000000    -0.000000    -0.000000    -0.000000    1.000000    0.000000    
142.127786    -0.000000    1.000000    0.000000    0.000000    0.000000    0.000000    0.000000    0.000000    0.000000    0.000000    0.000000    
217.136780    0.000000    0.000000    0.000000    0.000000    0.000000    0.000000    0.000000    0.000000    0.000000    0.000000    1.000000    
221.523271    1.000000    0.000000    0.000000    0.000000    0.000000    0.000000    0.000000    0.000000    0.000000    0.000000    0.000000    

-0.094248
0.004441    -0.000000    -0.000000    -0.000000    -0.000000    -0.000000    1.000000    0.000000    0.000000    0.000000    0.000000    0.000000    
8.382639    -0.000000    -0.000000    -0.000000    -0.000000    -0.000000    -0.000000    1.000000    0.000000    0.000000    0.000000    0.000000    
9.172207    -0.000000    -0.000000    -0.000000    -0.000000    1.000000    0.000000    0.000000    0.000000    0.000000    0.000000    0.000000    
34.306800    -0.000000    -0.000000    -0.000000    -0.000000    -0.000000    -0.000000    -0.000000    1.000000    0.000000    0.000000    0.000000    
35.885936    -0.000000    -0.000000    -0.000000    1.000000    0.000000    0.000000    0.000000    0.000000    0.000000    0.000000    0.000000    
77.776924    -0.000000    -0.000000    -0.000000    -0.000000    -0.000000    -0.000000    -0.000000    -0.000000    1.000000    0.000000    0.000000    
80.145629    -0.000000    -0.000000    1.000000    0.000000    0.000000    0.000000    0.000000    0.000000    0.000000    0.000000    0.000000    
138.793012    -0.000000    -0.000000    -0.000000    -0.000000    -0.000000    -0.000000    -0.000000    -0.000000    -0.000000    1.000000    0.000000    
141.951285    -0.000000    1.000000    0.000000    0.000000    0.000000    0.000000    0.000000    0.000000    0.000000    0.000000    0.000000    
217.355063    0.000000    0.000000    0.000000    0.000000    0.000000    0.000000    0.000000    0.000000    0.000000    0.000000    1.000000    
221.302904    1.000000    0.000000    0.000000    0.000000    0.000000    0.000000    0.000000    0.000000    0.000000    0.000000    0.000000    

-0.083776
0.003509    -0.000000    -0.000000    -0.000000    -0.000000    -0.000000    1.000000    0.000000    0.000000    0.000000    0.000000    0.000000    
8.425572    -0.000000    -0.000000    -0.000000    -0.000000    -0.000000    -0.000000    1.000000    0.000000    0.000000    0.000000    0.000000    
9.127410    -0.000000    -0.000000    -0.000000    -0.000000    1.000000    0.000000    0.000000    0.000000    0.000000    0.000000    0.000000    
34.393597    -0.000000    -0.000000    -0.000000    -0.000000    -0.000000    -0.000000    -0.000000    1.000000    0.000000    0.000000    0.000000    
35.797274    -0.000000    -0.000000    -0.000000    1.000000    0.000000    0.000000    0.000000    0.000000    0.000000    0.000000    0.000000    
77.907587    -0.000000    -0.000000    -0.000000    -0.000000    -0.000000    -0.000000    -0.000000    -0.000000    1.000000    0.000000    0.000000    
80.013102    -0.000000    -0.000000    1.000000    0.000000    0.000000    0.000000    0.000000    0.000000    0.000000    0.000000    0.000000    
138.967539    -0.000000    -0.000000    -0.000000    -0.000000    -0.000000    -0.000000    -0.000000    -0.000000    -0.000000    1.000000    0.000000    
141.774893    -0.000000    1.000000    0.000000    0.000000    0.000000    0.000000    0.000000    0.000000    0.000000    0.000000    0.000000    
217.573455    0.000000    0.000000    0.000000    0.000000    0.000000    0.000000    0.000000    0.000000    0.000000    0.000000    1.000000    
221.082648    1.000000    0.000000    0.000000    0.000000    0.000000    0.000000    0.000000    0.000000    0.000000    0.000000    0.000000    

-0.073304
0.002687    -0.000000    -0.000000    -0.000000    -0.000000    -0.000000    1.000000    0.000000    0.000000    0.000000    0.000000    0.000000    
8.468614    -0.000000    -0.000000    -0.000000    -0.000000    -0.000000    -0.000000    1.000000    0.000000    0.000000    0.000000    0.000000    
9.082723    -0.000000    -0.000000    -0.000000    -0.000000    1.000000    0.000000    0.000000    0.000000    0.000000    0.000000    0.000000    
34.480505    -0.000000    -0.000000    -0.000000    -0.000000    -0.000000    -0.000000    -0.000000    1.000000    0.000000    0.000000    0.000000    
35.708722    -0.000000    -0.000000    -0.000000    1.000000    0.000000    0.000000    0.000000    0.000000    0.000000    0.000000    0.000000    
78.038359    -0.000000    -0.000000    -0.000000    -0.000000    -0.000000    -0.000000    -0.000000    -0.000000    1.000000    0.000000    0.000000    
79.880685    -0.000000    -0.000000    1.000000    0.000000    0.000000    0.000000    0.000000    0.000000    0.000000    0.000000    0.000000    
139.142176    -0.000000    -0.000000    -0.000000    -0.000000    -0.000000    -0.000000    -0.000000    -0.000000    -0.000000    1.000000    0.000000    
141.598611    -0.000000    1.000000    0.000000    0.000000    0.000000    0.000000    0.000000    0.000000    0.000000    0.000000    0.000000    
217.791957    0.000000    0.000000    0.000000    0.000000    0.000000    0.000000    0.000000    0.000000    0.000000    0.000000    1.000000    
220.862501    1.000000    0.000000    0.000000    0.000000    0.000000    0.000000    0.000000    0.000000    0.000000    0.000000    0.000000    

-0.062832
0.001974    -0.000000    -0.000000    -0.000000    -0.000000    -0.000000    1.000000    0.000000    0.000000    0.000000    0.000000    0.000000    
8.511766    -0.000000    -0.000000    -0.000000    -0.000000    -0.000000    -0.000000    1.000000    0.000000    0.000000    0.000000    0.000000    
9.038145    -0.000000    -0.000000    -0.000000    -0.000000    1.000000    0.000000    0.000000    0.000000    0.000000    0.000000    0.000000    
34.567522    -0.000000    -0.000000    -0.000000    -0.000000    -0.000000    -0.000000    -0.000000    1.000000    0.000000    0.000000    0.000000    
35.620280    -0.000000    -0.000000    -0.000000    1.000000    0.000000    0.000000    0.000000    0.000000    0.000000    0.000000    0.000000    
78.169241    -0.000000    -0.000000    -0.000000    -0.000000    -0.000000    -0.000000    -0.000000    -0.000000    1.000000    0.000000    0.000000    
79.748377    -0.000000    -0.000000    1.000000    0.000000    0.000000    0.000000    0.000000    0.000000    0.000000    0.000000    0.000000    
139.316923    -0.000000    -0.000000    -0.000000    -0.000000    -0.000000    -0.000000    -0.000000    -0.000000    -0.000000    1.000000    0.000000    
141.422439    -0.000000    1.000000    0.000000    0.000000    0.000000    0.000000    0.000000    0.000000    0.000000    0.000000    0.000000    
218.010569    0.000000    0.000000    0.000000    0.000000    0.000000    0.000000    0.000000    0.000000    0.000000    0.000000    1.000000    
220.642463    1.000000    0.000000    0.000000    0.000000    0.000000    0.000000    0.000000    0.000000    0.000000    0.000000    0.000000    

-0.052360
0.001371    -0.000000    -0.000000    -0.000000    -0.000000    -0.000000    1.000000    0.000000    0.000000    0.000000    0.000000    0.000000    
8.555028    -0.000000    -0.000000    -0.000000    -0.000000    -0.000000    -0.000000    1.000000    0.000000    0.000000    0.000000    0.000000    
8.993677    -0.000000    -0.000000    -0.000000    -0.000000    1.000000    0.000000    0.000000    0.000000    0.000000    0.000000    0.000000    
34.654648    -0.000000    -0.000000    -0.000000    -0.000000    -0.000000    -0.000000    -0.000000    1.000000    0.000000    0.000000    0.000000    
35.531947    -0.000000    -0.000000    -0.000000    1.000000    0.000000    0.000000    0.000000    0.000000    0.000000    0.000000    0.000000    
78.300232    -0.000000    -0.000000    -0.000000    -0.000000    -0.000000    -0.000000    -0.000000    -0.000000    1.000000    0.000000    0.000000    
79.616180    -0.000000    -0.000000    1.000000    0.000000    0.000000    0.000000    0.000000    0.000000    0.000000    0.000000    0.000000    
139.491780    -0.000000    -0.000000    -0.000000    -0.000000    -0.000000    -0.000000    -0.000000    -0.000000    -0.000000    1.000000    0.000000    
141.246376    -0.000000    1.000000    0.000000    0.000000    0.000000    0.000000    0.000000    0.000000    0.000000    0.000000    0.000000    
218.229290    0.000000    0.000000    0.000000    0.000000    0.000000    0.000000    0.000000    0.000000    0.000000    0.000000    1.000000    
220.422536    1.000000    0.000000    0.000000    0.000000    0.000000    0.000000    0.000000    0.000000    0.000000    0.000000    0.000000    

-0.041888
0.000877    -0.000000    -0.000000    -0.000000    -0.000000    -0.000000    1.000000    0.000000    0.000000    0.000000    0.000000    0.000000    
8.598399    -0.000000    -0.000000    -0.000000    -0.000000    -0.000000    -0.000000    1.000000    0.000000    0.000000    0.000000    0.000000    
8.949319    -0.000000    -0.000000    -0.000000    -0.000000    1.000000    0.000000    0.000000    0.000000    0.000000    0.000000    0.000000    
34.741885    -0.000000    -0.000000    -0.000000    -0.000000    -0.000000    -0.000000    -0.000000    1.000000    0.000000    0.000000    0.000000    
35.443723    -0.000000    -0.000000    -0.000000    1.000000    0.000000    0.000000    0.000000    0.000000    0.000000    0.000000    0.000000    
78.431334    -0.000000    -0.000000    -0.000000    -0.000000    -0.000000    -0.000000    -0.000000    -0.000000    1.000000    0.000000    0.000000    
79.484091    -0.000000    -0.000000    1.000000    0.000000    0.000000    0.000000    0.000000    0.000000    0.000000    0.000000    0.000000    
139.666746    -0.000000    -0.000000    -0.000000    -0.000000    -0.000000    -0.000000    -0.000000    -0.000000    -0.000000    1.000000    0.000000    
141.070423    -0.000000    1.000000    0.000000    0.000000    0.000000    0.000000    0.000000    0.000000    0.000000    0.000000    0.000000    
218.448121    0.000000    0.000000    0.000000    0.000000    0.000000    0.000000    0.000000    0.000000    0.000000    0.000000    1.000000    
220.202718    1.000000    0.000000    0.000000    0.000000    0.000000    0.000000    0.000000    0.000000    0.000000    0.000000    0.000000    

-0.031416
0.000493    -0.000000    -0.000000    -0.000000    -0.000000    -0.000000    1.000000    0.000000    0.000000    0.000000    0.000000    0.000000    
8.641880    -0.000000    -0.000000    -0.000000    -0.000000    -0.000000    -0.000000    1.000000    0.000000    0.000000    0.000000    0.000000    
8.905070    -0.000000    -0.000000    -0.000000    -0.000000    1.000000    0.000000    0.000000    0.000000    0.000000    0.000000    0.000000    
34.829231    -0.000000    -0.000000    -0.000000    -0.000000    -0.000000    -0.000000    -0.000000    1.000000    0.000000    0.000000    0.000000    
35.355610    -0.000000    -0.000000    -0.000000    1.000000    0.000000    0.000000    0.000000    0.000000    0.000000    0.000000    0.000000    
78.562545    -0.000000    -0.000000    -0.000000    -0.000000    -0.000000    -0.000000    -0.000000    -0.000000    1.000000    0.000000    0.000000    
79.352113    -0.000000    -0.000000    1.000000    0.000000    0.000000    0.000000    0.000000    0.000000    0.000000    0.000000    0.000000    
139.841822    -0.000000    -0.000000    -0.000000    -0.000000    -0.000000    -0.000000    -0.000000    -0.000000    -0.000000    1.000000    0.000000    
140.894579    -0.000000    1.000000    0.000000    0.000000    0.000000    0.000000    0.000000    0.000000    0.000000    0.000000    0.000000    
218.667062    0.000000    0.000000    0.000000    0.000000    0.000000    0.000000    0.000000    0.000000    0.000000    0.000000    1.000000    
219.983009    1.000000    0.000000    0.000000    0.000000    0.000000    0.000000    0.000000    0.000000    0.000000    0.000000    0.000000    

-0.020944
0.000219    -0.000000    -0.000000    -0.000000    -0.000000    -0.000000    1.000000    0.000000    0.000000    0.000000    0.000000    0.000000    
8.685471    -0.000000    -0.000000    -0.000000    -0.000000    -0.000000    -0.000000    1.000000    0.000000    0.000000    0.000000    0.000000    
8.860931    -0.000000    -0.000000    -0.000000    -0.000000    1.000000    0.000000    0.000000    0.000000    0.000000    0.000000    0.000000    
34.916686    -0.000000    -0.000000    -0.000000    -0.000000    -0.000000    -0.000000    -0.000000    1.000000    0.000000    0.000000    0.000000    
35.267606    -0.000000    -0.000000    -0.000000    1.000000    0.000000    0.000000    0.000000    0.000000    0.000000    0.000000    0.000000    
78.693865    -0.000000    -0.000000    -0.000000    -0.000000    -0.000000    -0.000000    -0.000000    -0.000000    1.000000    0.000000    0.000000    
79.220244    -0.000000    -0.000000    1.000000    0.000000    0.000000    0.000000    0.000000    0.000000    0.000000    0.000000    0.000000    
140.017007    -0.000000    -0.000000    -0.000000    -0.000000    -0.000000    -0.000000    -0.000000    -0.000000    -0.000000    1.000000    0.000000    
140.718846    -0.000000    1.000000    0.000000    0.000000    0.000000    0.000000    0.000000    0.000000    0.000000    0.000000    0.000000    
218.886112    0.000000    0.000000    0.000000    0.000000    0.000000    0.000000    0.000000    0.000000    0.000000    0.000000    1.000000    
219.763411    1.000000    0.000000    0.000000    0.000000    0.000000    0.000000    0.000000    0.000000    0.000000    0.000000    0.000000    

-0.010472
0.000055    -0.000000    -0.000000    -0.000000    -0.000000    -0.000000    1.000000    0.000000    0.000000    0.000000    0.000000    0.000000    
8.729172    -0.000000    -0.000000    -0.000000    -0.000000    -0.000000    -0.000000    1.000000    0.000000    0.000000    0.000000    0.000000    
8.816901    -0.000000    -0.000000    -0.000000    -0.000000    1.000000    0.000000    0.000000    0.000000    0.000000    0.000000    0.000000    
35.004252    -0.000000    -0.000000    -0.000000    -0.000000    -0.000000    -0.000000    -0.000000    1.000000    0.000000    0.000000    0.000000    
35.179711    -0.000000    -0.000000    -0.000000    1.000000    0.000000    0.000000    0.000000    0.000000    0.000000    0.000000    0.000000    
78.825295    -0.000000    -0.000000    -0.000000    -0.000000    -0.000000    -0.000000    -0.000000    -0.000000    1.000000    0.000000    0.000000    
79.088485    -0.000000    -0.000000    1.000000    0.000000    0.000000    0.000000    0.000000    0.000000    0.000000    0.000000    0.000000    
140.192302    -0.000000    -0.000000    -0.000000    -0.000000    -0.000000    -0.000000    -0.000000    -0.000000    -0.000000    1.000000    0.000000    
140.543222    -0.000000    1.000000    0.000000    0.000000    0.000000    0.000000    0.000000    0.000000    0.000000    0.000000    0.000000    
219.105273    0.000000    0.000000    0.000000    0.000000    0.000000    0.000000    0.000000    0.000000    0.000000    0.000000    1.000000    
219.543922    1.000000    0.000000    0.000000    0.000000    0.000000    0.000000    0.000000    0.000000    0.000000    0.000000    0.000000    

0.000000
0.000000    -0.000000    -0.000000    -0.000000    -0.000000    -0.000000    1.000000    0.000000    0.000000    0.000000    0.000000    0.000000    
8.772982    -0.000000    -0.000000    -0.000000    -0.000000    -0.000000    -0.000000    1.000000    0.000000    0.000000    0.000000    0.000000    
8.772982    -0.000000    -0.000000    -0.000000    -0.000000    1.000000    0.000000    0.000000    0.000000    0.000000    0.000000    0.000000    
35.091927    -0.000000    -0.000000    -0.000000    -0.000000    -0.000000    -0.000000    -0.000000    1.000000    0.000000    0.000000    0.000000    
35.091927    -0.000000    -0.000000    -0.000000    1.000000    0.000000    0.000000    0.000000    0.000000    0.000000    0.000000    0.000000    
78.956835    -0.000000    -0.000000    -0.000000    -0.000000    -0.000000    -0.000000    -0.000000    -0.000000    1.000000    0.000000    0.000000    
78.956835    -0.000000    -0.000000    1.000000    0.000000    0.000000    0.000000    0.000000    0.000000    0.000000    0.000000    0.000000    
140.367707    -0.000000    -0.000000    -0.000000    -0.000000    -0.000000    -0.000000    -0.000000    -0.000000    -0.000000    1.000000    0.000000    
140.367707    -0.000000    1.000000    0.000000    0.000000    0.000000    0.000000    0.000000    0.000000    0.000000    0.000000    0.000000    
219.324542    1.000000    0.000000    0.000000    0.000000    0.000000    0.000000    0.000000    0.000000    0.000000    0.000000    0.000000    
219.324542    0.000000    0.000000    0.000000    0.000000    0.000000    0.000000    0.000000    0.000000    0.000000    0.000000    1.000000    

0.010472
0.000055    -0.000000    -0.000000    -0.000000    -0.000000    -0.000000    1.000000    0.000000    0.000000    0.000000    0.000000    0.000000    
8.729172    -0.000000    -0.000000    -0.000000    -0.000000    1.000000    0.000000    0.000000    0.000000    0.000000    0.000000    0.000000    
8.816901    -0.000000    -0.000000    -0.000000    -0.000000    -0.000000    -0.000000    1.000000    0.000000    0.000000    0.000000    0.000000    
35.004252    -0.000000    -0.000000    -0.000000    1.000000    0.000000    0.000000    0.000000    0.000000    0.000000    0.000000    0.000000    
35.179711    -0.000000    -0.000000    -0.000000    -0.000000    -0.000000    -0.000000    -0.000000    1.000000    0.000000    0.000000    0.000000    
78.825295    -0.000000    -0.000000    1.000000    0.000000    0.000000    0.000000    0.000000    0.000000    0.000000    0.000000    0.000000    
79.088485    -0.000000    -0.000000    -0.000000    -0.000000    -0.000000    -0.000000    -0.000000    -0.000000    1.000000    0.000000    0.000000    
140.192302    -0.000000    1.000000    0.000000    0.000000    0.000000    0.000000    0.000000    0.000000    0.000000    0.000000    0.000000    
140.543222    -0.000000    -0.000000    -0.000000    -0.000000    -0.000000    -0.000000    -0.000000    -0.000000    -0.000000    1.000000    0.000000    
219.105273    1.000000    0.000000    0.000000    0.000000    0.000000    0.000000    0.000000    0.000000    0.000000    0.000000    0.000000    
219.543922    0.000000    0.000000    0.000000    0.000000    0.000000    0.000000    0.000000    0.000000    0.000000    0.000000    1.000000    

0.020944
0.000219    -0.000000    -0.000000    -0.000000    -0.000000    -0.000000    1.000000    0.000000    0.000000    0.000000    0.000000    0.000000    
8.685471    -0.000000    -0.000000    -0.000000    -0.000000    1.000000    0.000000    0.000000    0.000000    0.000000    0.000000    0.000000    
8.860931    -0.000000    -0.000000    -0.000000    -0.000000    -0.000000    -0.000000    1.000000    0.000000    0.000000    0.000000    0.000000    
34.916686    -0.000000    -0.000000    -0.000000    1.000000    0.000000    0.000000    0.000000    0.000000    0.000000    0.000000    0.000000    
35.267606    -0.000000    -0.000000    -0.000000    -0.000000    -0.000000    -0.000000    -0.000000    1.000000    0.000000    0.000000    0.000000    
78.693865    -0.000000    -0.000000    1.000000    0.000000    0.000000    0.000000    0.000000    0.000000    0.000000    0.000000    0.000000    
79.220244    -0.000000    -0.000000    -0.000000    -0.000000    -0.000000    -0.000000    -0.000000    -0.000000    1.000000    0.000000    0.000000    
140.017007    -0.000000    1.000000    0.000000    0.000000    0.000000    0.000000    0.000000    0.000000    0.000000    0.000000    0.000000    
140.718846    -0.000000    -0.000000    -0.000000    -0.000000    -0.000000    -0.000000    -0.000000    -0.000000    -0.000000    1.000000    0.000000    
218.886112    1.000000    0.000000    0.000000    0.000000    0.000000    0.000000    0.000000    0.000000    0.000000    0.000000    0.000000    
219.763411    0.000000    0.000000    0.000000    0.000000    0.000000    0.000000    0.000000    0.000000    0.000000    0.000000    1.000000    

0.031416
0.000493    -0.000000    -0.000000    -0.000000    -0.000000    -0.000000    1.000000    0.000000    0.000000    0.000000    0.000000    0.000000    
8.641880    -0.000000    -0.000000    -0.000000    -0.000000    1.000000    0.000000    0.000000    0.000000    0.000000    0.000000    0.000000    
8.905070    -0.000000    -0.000000    -0.000000    -0.000000    -0.000000    -0.000000    1.000000    0.000000    0.000000    0.000000    0.000000    
34.829231    -0.000000    -0.000000    -0.000000    1.000000    0.000000    0.000000    0.000000    0.000000    0.000000    0.000000    0.000000    
35.355610    -0.000000    -0.000000    -0.000000    -0.000000    -0.000000    -0.000000    -0.000000    1.000000    0.000000    0.000000    0.000000    
78.562545    -0.000000    -0.000000    1.000000    0.000000    0.000000    0.000000    0.000000    0.000000    0.000000    0.000000    0.000000    
79.352113    -0.000000    -0.000000    -0.000000    -0.000000    -0.000000    -0.000000    -0.000000    -0.000000    1.000000    0.000000    0.000000    
139.841822    -0.000000    1.000000    0.000000    0.000000    0.000000    0.000000    0.000000    0.000000    0.000000    0.000000    0.000000    
140.894579    -0.000000    -0.000000    -0.000000    -0.000000    -0.000000    -0.000000    -0.000000    -0.000000    -0.000000    1.000000    0.000000    
218.667062    1.000000    0.000000    0.000000    0.000000    0.000000    0.000000    0.000000    0.000000    0.000000    0.000000    0.000000    
219.983009    0.000000    0.000000    0.000000    0.000000    0.000000    0.000000    0.000000    0.000000    0.000000    0.000000    1.000000    

0.041888
0.000877    -0.000000    -0.000000    -0.000000    -0.000000    -0.000000    1.000000    0.000000    0.000000    0.000000    0.000000    0.000000    
8.598399    -0.000000    -0.000000    -0.000000    -0.000000    1.000000    0.000000    0.000000    0.000000    0.000000    0.000000    0.000000    
8.949319    -0.000000    -0.000000    -0.000000    -0.000000    -0.000000    -0.000000    1.000000    0.000000    0.000000    0.000000    0.000000    
34.741885    -0.000000    -0.000000    -0.000000    1.000000    0.000000    0.000000    0.000000    0.000000    0.000000    0.000000    0.000000    
35.443723    -0.000000    -0.000000    -0.000000    -0.000000    -0.000000    -0.000000    -0.000000    1.000000    0.000000    0.000000    0.000000    
78.431334    -0.000000    -0.000000    1.000000    0.000000    0.000000    0.000000    0.000000    0.000000    0.000000    0.000000    0.000000    
79.484091    -0.000000    -0.000000    -0.000000    -0.000000    -0.000000    -0.000000    -0.000000    -0.000000    1.000000    0.000000    0.000000    
139.666746    -0.000000    1.000000    0.000000    0.000000    0.000000    0.000000    0.000000    0.000000    0.000000    0.000000    0.000000    
141.070423    -0.000000    -0.000000    -0.000000    -0.000000    -0.000000    -0.000000    -0.000000    -0.000000    -0.000000    1.000000    0.000000    
218.448121    1.000000    0.000000    0.000000    0.000000    0.000000    0.000000    0.000000    0.000000    0.000000    0.000000    0.000000    
220.202718    0.000000    0.000000    0.000000    0.000000    0.000000    0.000000    0.000000    0.000000    0.000000    0.000000    1.000000    

0.052360
0.001371    -0.000000    -0.000000    -0.000000    -0.000000    -0.000000    1.000000    0.000000    0.000000    0.000000    0.000000    0.000000    
8.555028    -0.000000    -0.000000    -0.000000    -0.000000    1.000000    0.000000    0.000000    0.000000    0.000000    0.000000    0.000000    
8.993677    -0.000000    -0.000000    -0.000000    -0.000000    -0.000000    -0.000000    1.000000    0.000000    0.000000    0.000000    0.000000    
34.654648    -0.000000    -0.000000    -0.000000    1.000000    0.000000    0.000000    0.000000    0.000000    0.000000    0.000000    0.000000    
35.531947    -0.000000    -0.000000    -0.000000    -0.000000    -0.000000    -0.000000    -0.000000    1.000000    0.000000    0.000000    0.000000    
78.300232    -0.000000    -0.000000    1.000000    0.000000    0.000000    0.000000    0.000000    0.000000    0.000000    0.000000    0.000000    
79.616180    -0.000000    -0.000000    -0.000000    -0.000000    -0.000000    -0.000000    -0.000000    -0.000000    1.000000    0.000000    0.000000    
139.491780    -0.000000    1.000000    0.000000    0.000000    0.000000    0.000000    0.000000    0.000000    0.000000    0.000000    0.000000    
141.246376    -0.000000    -0.000000    -0.000000    -0.000000    -0.000000    -0.000000    -0.000000    -0.000000    -0.000000    1.000000    0.000000    
218.229290    1.000000    0.000000    0.000000    0.000000    0.000000    0.000000    0.000000    0.000000    0.000000    0.000000    0.000000    
220.422536    0.000000    0.000000    0.000000    0.000000    0.000000    0.000000    0.000000    0.000000    0.000000    0.000000    1.000000    

0.062832
0.001974    -0.000000    -0.000000    -0.000000    -0.000000    -0.000000    1.000000    0.000000    0.000000    0.000000    0.000000    0.000000    
8.511766    -0.000000    -0.000000    -0.000000    -0.000000    1.000000    0.000000    0.000000    0.000000    0.000000    0.000000    0.000000    
9.038145    -0.000000    -0.000000    -0.000000    -0.000000    -0.000000    -0.000000    1.000000    0.000000    0.000000    0.000000    0.000000    
34.567522    -0.000000    -0.000000    -0.000000    1.000000    0.000000    0.000000    0.000000    0.000000    0.000000    0.000000    0.000000    
35.620280    -0.000000    -0.000000    -0.000000    -0.000000    -0.000000    -0.000000    -0.000000    1.000000    0.000000    0.000000    0.000000    
78.169241    -0.000000    -0.000000    1.000000    0.000000    0.000000    0.000000    0.000000    0.000000    0.000000    0.000000    0.000000    
79.748377    -0.000000    -0.000000    -0.000000    -0.000000    -0.000000    -0.000000    -0.000000    -0.000000    1.000000    0.000000    0.000000    
139.316923    -0.000000    1.000000    0.000000    0.000000    0.000000    0.000000    0.000000    0.000000    0.000000    0.000000    0.000000    
141.422439    -0.000000    -0.000000    -0.000000    -0.000000    -0.000000    -0.000000    -0.000000    -0.000000    -0.000000    1.000000    0.000000    
218.010569    1.000000    0.000000    0.000000    0.000000    0.000000    0.000000    0.000000    0.000000    0.000000    0.000000    0.000000    
220.642463    0.000000    0.000000    0.000000    0.000000    0.000000    0.000000    0.000000    0.000000    0.000000    0.000000    1.000000    

0.073304
0.002687    -0.000000    -0.000000    -0.000000    -0.000000    -0.000000    1.000000    0.000000    0.000000    0.000000    0.000000    0.000000    
8.468614    -0.000000    -0.000000    -0.000000    -0.000000    1.000000    0.000000    0.000000    0.000000    0.000000    0.000000    0.000000    
9.082723    -0.000000    -0.000000    -0.000000    -0.000000    -0.000000    -0.000000    1.000000    0.000000    0.000000    0.000000    0.000000    
34.480505    -0.000000    -0.000000    -0.000000    1.000000    0.000000    0.000000    0.000000    0.000000    0.000000    0.000000    0.000000    
35.708722    -0.000000    -0.000000    -0.000000    -0.000000    -0.000000    -0.000000    -0.000000    1.000000    0.000000    0.000000    0.000000    
78.038359    -0.000000    -0.000000    1.000000    0.000000    0.000000    0.000000    0.000000    0.000000    0.000000    0.000000    0.000000    
79.880685    -0.000000    -0.000000    -0.000000    -0.000000    -0.000000    -0.000000    -0.000000    -0.000000    1.000000    0.000000    0.000000    
139.142176    -0.000000    1.000000    0.000000    0.000000    0.000000    0.000000    0.000000    0.000000    0.000000    0.000000    0.000000    
141.598611    -0.000000    -0.000000    -0.000000    -0.000000    -0.000000    -0.000000    -0.000000    -0.000000    -0.000000    1.000000    0.000000    
217.791957    1.000000    0.000000    0.000000    0.000000    0.000000    0.000000    0.000000    0.000000    0.000000    0.000000    0.000000    
220.862501    0.000000    0.000000    0.000000    0.000000    0.000000    0.000000    0.000000    0.000000    0.000000    0.000000    1.000000    

0.083776
0.003509    -0.000000    -0.000000    -0.000000    -0.000000    -0.000000    1.000000    0.000000    0.000000    0.000000    0.000000    0.000000    
8.425572    -0.000000    -0.000000    -0.000000    -0.000000    1.000000    0.000000    0.000000    0.000000    0.000000    0.000000    0.000000    
9.127410    -0.000000    -0.000000    -0.000000    -0.000000    -0.000000    -0.000000    1.000000    0.000000    0.000000    0.000000    0.000000    
34.393597    -0.000000    -0.000000    -0.000000    1.000000    0.000000    0.000000    0.000000    0.000000    0.000000    0.000000    0.000000    
35.797274    -0.000000    -0.000000    -0.000000    -0.000000    -0.000000    -0.000000    -0.000000    1.000000    0.000000    0.000000    0.000000    
77.907587    -0.000000    -0.000000    1.000000    0.000000    0.000000    0.000000    0.000000    0.000000    0.000000    0.000000    0.000000    
80.013102    -0.000000    -0.000000    -0.000000    -0.000000    -0.000000    -0.000000    -0.000000    -0.000000    1.000000    0.000000    0.000000    
138.967539    -0.000000    1.000000    0.000000    0.000000    0.000000    0.000000    0.000000    0.000000    0.000000    0.000000    0.000000    
141.774893    -0.000000    -0.000000    -0.000000    -0.000000    -0.000000    -0.000000    -0.000000    -0.000000    -0.000000    1.000000    0.000000    
217.573455    1.000000    0.000000    0.000000    0.000000    0.000000    0.000000    0.000000    0.000000    0.000000    0.000000    0.000000    
221.082648    0.000000    0.000000    0.000000    0.000000    0.000000    0.000000    0.000000    0.000000    0.000000    0.000000    1.000000    

0.094248
0.004441    -0.000000    -0.000000    -0.000000    -0.000000    -0.000000    1.000000    0.000000    0.000000    0.000000    0.000000    0.000000    
8.382639    -0.000000    -0.000000    -0.000000    -0.000000    1.000000    0.000000    0.000000    0.000000    0.000000    0.000000    0.000000    
9.172207    -0.000000    -0.000000    -0.000000    -0.000000    -0.000000    -0.000000    1.000000    0.000000    0.000000    0.000000    0.000000    
34.306800    -0.000000    -0.000000    -0.000000    1.000000    0.000000    0.000000    0.000000    0.000000    0.000000    0.000000    0.000000    
35.885936    -0.000000    -0.000000    -0.000000    -0.000000    -0.000000    -0.000000    -0.000000    1.000000    0.000000    0.000000    0.000000    
77.776924    -0.000000    -0.000000    1.000000    0.000000    0.000000    0.000000    0.000000    0.000000    0.000000    0.000000    0.000000    
80.145629    -0.000000    -0.000000    -0.000000    -0.000000    -0.000000    -0.000000    -0.000000    -0.000000    1.000000    0.000000    0.000000    
138.793012    -0.000000    1.000000    0.000000    0.000000    0.000000    0.000000    0.000000    0.000000    0.000000    0.000000    0.000000    
141.951285    -0.000000    -0.000000    -0.000000    -0.000000    -0.000000    -0.000000    -0.000000    -0.000000    -0.000000    1.000000    0.000000    
217.355063    1.000000    0.000000    0.000000    0.000000    0.000000    0.000000    0.000000    0.000000    0.000000    0.000000    0.000000    
221.302904    0.000000    0.000000    0.000000    0.000000    0.000000    0.000000    0.000000    0.000000    0.000000    0.000000    1.000000    

0.104720
0.005483    -0.000000    -0.000000    -0.000000    -0.000000    -0.000000    1.000000    0.000000    0.000000    0.000000    0.000000    0.000000    
8.339816    -0.000000    -0.000000    -0.000000    -0.000000    1.000000    0.000000    0.000000    0.000000    0.000000    0.000000    0.000000    
9.217114    -0.000000    -0.000000    -0.000000    -0.000000    -0.000000    -0.000000    1.000000    0.000000    0.000000    0.000000    0.000000    
34.220112    -0.000000    -0.000000    -0.000000    1.000000    0.000000    0.000000    0.000000    0.000000    0.000000    0.000000    0.000000    
35.974708    -0.000000    -0.000000    -0.000000    -0.000000    -0.000000    -0.000000    -0.000000    1.000000    0.000000    0.000000    0.000000    
77.646371    -0.000000    -0.000000    1.000000    0.000000    0.000000    0.000000    0.000000    0.000000    0.000000    0.000000    0.000000    
80.278266    -0.000000    -0.000000    -0.000000    -0.000000    -0.000000    -0.000000    -0.000000    -0.000000    1.000000    0.000000    0.000000    
138.618594    -0.000000    1.000000    0.000000    0.000000    0.000000    0.000000    0.000000    0.000000    0.000000    0.000000    0.000000    
142.127786    -0.000000    -0.000000    -0.000000    -0.000000    -0.000000    -0.000000    -0.000000    -0.000000    -0.000000    1.000000    0.000000    
217.136780    1.000000    0.000000    0.000000    0.000000    0.000000    0.000000    0.000000    0.000000    0.000000    0.000000    0.000000    
221.523271    0.000000    0.000000    0.000000    0.000000    0.000000    0.000000    0.000000    0.000000    0.000000    0.000000    1.000000    

0.115192
0.006635    -0.000000    -0.000000    -0.000000    -0.000000    -0.000000    1.000000    0.000000    0.000000    0.000000    0.000000    0.000000    
8.297102    -0.000000    -0.000000    -0.000000    -0.000000    1.000000    0.000000    0.000000    0.000000    0.000000    0.000000    0.000000    
9.262130    -0.000000    -0.000000    -0.000000    -0.000000    -0.000000    -0.000000    1.000000    0.000000    0.000000    0.000000    0.000000    
34.133533    -0.000000    -0.000000    -0.000000    1.000000    0.000000    0.000000    0.000000    0.000000    0.000000    0.000000    0.000000    
36.063589    -0.000000    -0.000000    -0.000000    -0.000000    -0.000000    -0.000000    -0.000000    1.000000    0.000000    0.000000    0.000000    
77.515928    -0.000000    -0.000000    1.000000    0.000000    0.000000    0.000000    0.000000    0.000000    0.000000    0.000000    0.000000    
80.411012    -0.000000    -0.000000    -0.000000    -0.000000    -0.000000    -0.000000    -0.000000    -0.000000    1.000000    0.000000    0.000000    
138.444286    -0.000000    1.000000    0.000000    0.000000    0.000000    0.000000    0.000000    0.000000    0.000000    0.000000    0.000000    
142.304398    -0.000000    -0.000000    -0.000000    -0.000000    -0.000000    -0.000000    -0.000000    -0.000000    -0.000000    1.000000    0.000000    
216.918607    1.000000    0.000000    0.000000    0.000000    0.000000    0.000000    0.000000    0.000000    0.000000    0.000000    0.000000    
221.743747    0.000000    0.000000    0.000000    0.000000    0.000000    0.000000    0.000000    0.000000    0.000000    0.000000    1.000000    

0.125664
0.007896    -0.000000    -0.000000    -0.000000    -0.000000    -0.000000    1.000000    0.000000    0.000000    0.000000    0.000000    0.000000    
8.254498    -0.000000    -0.000000    -0.000000    -0.000000    1.000000    0.000000    0.000000    0.000000    0.000000    0.000000    0.000000    
9.307256    -0.000000    -0.000000    -0.000000    -0.000000    -0.000000    -0.000000    1.000000    0.000000    0.000000    0.000000    0.000000    
34.047065    -0.000000    -0.000000    -0.000000    1.000000    0.000000    0.000000    0.000000    0.000000    0.000000    0.000000    0.000000    
36.152580    -0.000000    -0.000000    -0.000000    -0.000000    -0.000000    -0.000000    -0.000000    1.000000    0.000000    0.000000    0.000000    
77.385594    -0.000000    -0.000000    1.000000    0.000000    0.000000    0.000000    0.000000    0.000000    0.000000    0.000000    0.000000    
80.543868    -0.000000    -0.000000    -0.000000    -0.000000    -0.000000    -0.000000    -0.000000    -0.000000    1.000000    0.000000    0.000000    
138.270087    -0.000000    1.000000    0.000000    0.000000    0.000000    0.000000    0.000000    0.000000    0.000000    0.000000    0.000000    
142.481118    -0.000000    -0.000000    -0.000000    -0.000000    -0.000000    -0.000000    -0.000000    -0.000000    -0.000000    1.000000    0.000000    
216.700543    1.000000    0.000000    0.000000    0.000000    0.000000    0.000000    0.000000    0.000000    0.000000    0.000000    0.000000    
221.964332    0.000000    0.000000    0.000000    0.000000    0.000000    0.000000    0.000000    0.000000    0.000000    0.000000    1.000000    

0.136136
0.009266    -0.000000    -0.000000    -0.000000    -0.000000    -0.000000    1.000000    0.000000    0.000000    0.000000    0.000000    0.000000    
8.212004    -0.000000    -0.000000    -0.000000    -0.000000    1.000000    0.000000    0.000000    0.000000    0.000000    0.000000    0.000000    
9.352492    -0.000000    -0.000000    -0.000000    -0.000000    -0.000000    -0.000000    1.000000    0.000000    0.000000    0.000000    0.000000    
33.960706    -0.000000    -0.000000    -0.000000    1.000000    0.000000    0.000000    0.000000    0.000000    0.000000    0.000000    0.000000    
36.241681    -0.000000    -0.000000    -0.000000    -0.000000    -0.000000    -0.000000    -0.000000    1.000000    0.000000    0.000000    0.000000    
77.255370    -0.000000    -0.000000    1.000000    0.000000    0.000000    0.000000    0.000000    0.000000    0.000000    0.000000    0.000000    
80.676833    -0.000000    -0.000000    -0.000000    -0.000000    -0.000000    -0.000000    -0.000000    -0.000000    1.000000    0.000000    0.000000    
138.095998    -0.000000    1.000000    0.000000    0.000000    0.000000    0.000000    0.000000    0.000000    0.000000    0.000000    0.000000    
142.657949    -0.000000    -0.000000    -0.000000    -0.000000    -0.000000    -0.000000    -0.000000    -0.000000    -0.000000    1.000000    0.000000    
216.482590    1.000000    0.000000    0.000000    0.000000    0.000000    0.000000    0.000000    0.000000    0.000000    0.000000    0.000000    
222.185028    0.000000    0.000000    0.000000    0.000000    0.000000    0.000000    0.000000    0.000000    0.000000    0.000000    1.000000    

0.146608
0.010747    -0.000000    -0.000000    -0.000000    -0.000000    -0.000000    1.000000    0.000000    0.000000    0.000000    0.000000    0.000000    
8.169620    -0.000000    -0.000000    -0.000000    -0.000000    1.000000    0.000000    0.000000    0.000000    0.000000    0.000000    0.000000    
9.397837    -0.000000    -0.000000    -0.000000    -0.000000    -0.000000    -0.000000    1.000000    0.000000    0.000000    0.000000    0.000000    
33.874456    -0.000000    -0.000000    -0.000000    1.000000    0.000000    0.000000    0.000000    0.000000    0.000000    0.000000    0.000000    
36.330891    -0.000000    -0.000000    -0.000000    -0.000000    -0.000000    -0.000000    -0.000000    1.000000    0.000000    0.000000    0.000000    
77.125256    -0.000000    -0.000000    1.000000    0.000000    0.000000    0.000000    0.000000    0.000000    0.000000    0.000000    0.000000    
80.809908    -0.000000    -0.000000    -0.000000    -0.000000    -0.000000    -0.000000    -0.000000    -0.000000    1.000000    0.000000    0.000000    
137.922019    -0.000000    1.000000    0.000000    0.000000    0.000000    0.000000    0.000000    0.000000    0.000000    0.000000    0.000000    
142.834889    -0.000000    -0.000000    -0.000000    -0.000000    -0.000000    -0.000000    -0.000000    -0.000000    -0.000000    1.000000    0.000000    
216.264746    1.000000    0.000000    0.000000    0.000000    0.000000    0.000000    0.000000    0.000000    0.000000    0.000000    0.000000    
222.405833    0.000000    0.000000    0.000000    0.000000    0.000000    0.000000    0.000000    0.000000    0.000000    0.000000    1.000000    

0.157080
0.012337    -0.000000    -0.000000    -0.000000    -0.000000    -0.000000    1.000000    0.000000    0.000000    0.000000    0.000000    0.000000    
8.127345    -0.000000    -0.000000    -0.000000    -0.000000    1.000000    0.000000    0.000000    0.000000    0.000000    0.000000    0.000000    
9.443292    -0.000000    -0.000000    -0.000000    -0.000000    -0.000000    -0.000000    1.000000    0.000000    0.000000    0.000000    0.000000    
33.788317    -0.000000    -0.000000    -0.000000    1.000000    0.000000    0.000000    0.000000    0.000000    0.000000    0.000000    0.000000    
36.420211    -0.000000    -0.000000    -0.000000    -0.000000    -0.000000    -0.000000    -0.000000    1.000000    0.000000    0.000000    0.000000    
76.995251    -0.000000    -0.000000    1.000000    0.000000    0.000000    0.000000    0.000000    0.000000    0.000000    0.000000    0.000000    
80.943093    -0.000000    -0.000000    -0.000000    -0.000000    -0.000000    -0.000000    -0.000000    -0.000000    1.000000    0.000000    0.000000    
137.748150    -0.000000    1.000000    0.000000    0.000000    0.000000    0.000000    0.000000    0.000000    0.000000    0.000000    0.000000    
143.011939    -0.000000    -0.000000    -0.000000    -0.000000    -0.000000    -0.000000    -0.000000    -0.000000    -0.000000    1.000000    0.000000    
216.047011    1.000000    0.000000    0.000000    0.000000    0.000000    0.000000    0.000000    0.000000    0.000000    0.000000    0.000000    
222.626747    0.000000    0.000000    0.000000    0.000000    0.000000    0.000000    0.000000    0.000000    0.000000    0.000000    1.000000    

0.167552
0.014037    -0.000000    -0.000000    -0.000000    -0.000000    -0.000000    1.000000    0.000000    0.000000    0.000000    0.000000    0.000000    
8.085180    -0.000000    -0.000000    -0.000000    -0.000000    1.000000    0.000000    0.000000    0.000000    0.000000    0.000000    0.000000    
9.488857    -0.000000    -0.000000    -0.000000    -0.000000    -0.000000    -0.000000    1.000000    0.000000    0.000000    0.000000    0.000000    
33.702286    -0.000000    -0.000000    -0.000000    1.000000    0.000000    0.000000    0.000000    0.000000    0.000000    0.000000    0.000000    
36.509641    -0.000000    -0.000000    -0.000000    -0.000000    -0.000000    -0.000000    -0.000000    1.000000    0.000000    0.000000    0.000000    
76.865356    -0.000000    -0.000000    1.000000    0.000000    0.000000    0.000000    0.000000    0.000000    0.000000    0.000000    0.000000    
81.076388    -0.000000    -0.000000    -0.000000    -0.000000    -0.000000    -0.000000    -0.000000    -0.000000    1.000000    0.000000    0.000000    
137.574390    -0.000000    1.000000    0.000000    0.000000    0.000000    0.000000    0.000000    0.000000    0.000000    0.000000    0.000000    
143.189098    -0.000000    -0.000000    -0.000000    -0.000000    -0.000000    -0.000000    -0.000000    -0.000000    -0.000000    1.000000    0.000000    
215.829386    1.000000    0.000000    0.000000    0.000000    0.000000    0.000000    0.000000    0.000000    0.000000    0.000000    0.000000    
222.847772    0.000000    0.000000    0.000000    0.000000    0.000000    0.000000    0.000000    0.000000    0.000000    0.000000    1.000000    

0.178024
0.015846    -0.000000    -0.000000    -0.000000    -0.000000    -0.000000    1.000000    0.000000    0.000000    0.000000    0.000000    0.000000    
8.043124    -0.000000    -0.000000    -0.000000    -0.000000    1.000000    0.000000    0.000000    0.000000    0.000000    0.000000    0.000000    
9.534531    -0.000000    -0.000000    -0.000000    -0.000000    -0.000000    -0.000000    1.000000    0.000000    0.000000    0.000000    0.000000    
33.616366    -0.000000    -0.000000    -0.000000    1.000000    0.000000    0.000000    0.000000    0.000000    0.000000    0.000000    0.000000    
36.599180    -0.000000    -0.000000    -0.000000    -0.000000    -0.000000    -0.000000    -0.000000    1.000000    0.000000    0.000000    0.000000    
76.735571    -0.000000    -0.000000    1.000000    0.000000    0.000000    0.000000    0.000000    0.000000    0.000000    0.000000    0.000000    
81.209792    -0.000000    -0.000000    -0.000000    -0.000000    -0.000000    -0.000000    -0.000000    -0.000000    1.000000    0.000000    0.000000    
137.400739    -0.000000    1.000000    0.000000    0.000000    0.000000    0.000000    0.000000    0.000000    0.000000    0.000000    0.000000    
143.366367    -0.000000    -0.000000    -0.000000    -0.000000    -0.000000    -0.000000    -0.000000    -0.000000    -0.000000    1.000000    0.000000    
215.611871    1.000000    0.000000    0.000000    0.000000    0.000000    0.000000    0.000000    0.000000    0.000000    0.000000    0.000000    
223.068906    0.000000    0.000000    0.000000    0.000000    0.000000    0.000000    0.000000    0.000000    0.000000    0.000000    1.000000    

0.188496
0.017765    -0.000000    -0.000000    -0.000000    -0.000000    -0.000000    1.000000    0.000000    0.000000    0.000000    0.000000    0.000000    
8.001179    -0.000000    -0.000000    -0.000000    -0.000000    1.000000    0.000000    0.000000    0.000000    0.000000    0.000000    0.000000    
9.580315    -0.000000    -0.000000    -0.000000    -0.000000    -0.000000    -0.000000    1.000000    0.000000    0.000000    0.000000    0.000000    
33.530555    -0.000000    -0.000000    -0.000000    1.000000    0.000000    0.000000    0.000000    0.000000    0.000000    0.000000    0.000000    
36.688829    -0.000000    -0.000000    -0.000000    -0.000000    -0.000000    -0.000000    -0.000000    1.000000    0.000000    0.000000    0.000000    
76.605895    -0.000000    -0.000000    1.000000    0.000000    0.000000    0.000000    0.000000    0.000000    0.000000    0.000000    0.000000    
81.343306    -0.000000    -0.000000    -0.000000    -0.000000    -0.000000    -0.000000    -0.000000    -0.000000    1.000000    0.000000    0.000000    
137.227199    -0.000000    1.000000    0.000000    0.000000    0.000000    0.000000    0.000000    0.000000    0.000000    0.000000    0.000000    
143.543746    -0.000000    -0.000000    -0.000000    -0.000000    -0.000000    -0.000000    -0.000000    -0.000000    -0.000000    1.000000    0.000000    
215.394466    1.000000    0.000000    0.000000    0.000000    0.000000    0.000000    0.000000    0.000000    0.000000    0.000000    0.000000    
223.290149    0.000000    0.000000    0.000000    0.000000    0.000000    0.000000    0.000000    0.000000    0.000000    0.000000    1.000000    

0.198968
0.019794    -0.000000    -0.000000    -0.000000    -0.000000    -0.000000    1.000000    0.000000    0.000000    0.000000    0.000000    0.000000    
7.959342    -0.000000    -0.000000    -0.000000    -0.000000    1.000000    0.000000    0.000000    0.000000    0.000000    0.000000    0.000000    
9.626209    -0.000000    -0.000000    -0.000000    -0.000000    -0.000000    -0.000000    1.000000    0.000000    0.000000    0.000000    0.000000    
33.444854    -0.000000    -0.000000    -0.000000    1.000000    0.000000    0.000000    0.000000    0.000000    0.000000    0.000000    0.000000    
36.778587    -0.000000    -0.000000    -0.000000    -0.000000    -0.000000    -0.000000    -0.000000    1.000000    0.000000    0.000000    0.000000    
76.476329    -0.000000    -0.000000    1.000000    0.000000    0.000000    0.000000    0.000000    0.000000    0.000000    0.000000    0.000000    
81.476929    -0.000000    -0.000000    -0.000000    -0.000000    -0.000000    -0.000000    -0.000000    -0.000000    1.000000    0.000000    0.000000    
137.053768    -0.000000    1.000000    0.000000    0.000000    0.000000    0.000000    0.000000    0.000000    0.000000    0.000000    0.000000    
143.721234    -0.000000    -0.000000    -0.000000    -0.000000    -0.000000    -0.000000    -0.000000    -0.000000    -0.000000    1.000000    0.000000    
215.177170    1.000000    0.000000    0.000000    0.000000    0.000000    0.000000    0.000000    0.000000    0.000000    0.000000    0.000000    
223.511503    0.000000    0.000000    0.000000    0.000000    0.000000    0.000000    0.000000    0.000000    0.000000    0.000000    1.000000    

0.209440
0.021932    -0.000000    -0.000000    -0.000000    -0.000000    -0.000000    1.000000    0.000000    0.000000    0.000000    0.000000    0.000000    
7.917616    -0.000000    -0.000000    -0.000000    -0.000000    1.000000    0.000000    0.000000    0.000000    0.000000    0.000000    0.000000    
9.672212    -0.000000    -0.000000    -0.000000    -0.000000    -0.000000    -0.000000    1.000000    0.000000    0.000000    0.000000    0.000000    
33.359263    -0.000000    -0.000000    -0.000000    1.000000    0.000000    0.000000    0.000000    0.000000    0.000000    0.000000    0.000000    
36.868456    -0.000000    -0.000000    -0.000000    -0.000000    -0.000000    -0.000000    -0.000000    1.000000    0.000000    0.000000    0.000000    
76.346873    -0.000000    -0.000000    1.000000    0.000000    0.000000    0.000000    0.000000    0.000000    0.000000    0.000000    0.000000    
81.610662    -0.000000    -0.000000    -0.000000    -0.000000    -0.000000    -0.000000    -0.000000    -0.000000    1.000000    0.000000    0.000000    
136.880447    -0.000000    1.000000    0.000000    0.000000    0.000000    0.000000    0.000000    0.000000    0.000000    0.000000    0.000000    
143.898832    -0.000000    -0.000000    -0.000000    -0.000000    -0.000000    -0.000000    -0.000000    -0.000000    -0.000000    1.000000    0.000000    
214.959984    1.000000    0.000000    0.000000    0.000000    0.000000    0.000000    0.000000    0.000000    0.000000    0.000000    0.000000    
223.732966    0.000000    0.000000    0.000000    0.000000    0.000000    0.000000    0.000000    0.000000    0.000000    0.000000    1.000000    

0.219911
0.024181    -0.000000    -0.000000    -0.000000    -0.000000    -0.000000    1.000000    0.000000    0.000000    0.000000    0.000000    0.000000    
7.875999    -0.000000    -0.000000    -0.000000    -0.000000    1.000000    0.000000    0.000000    0.000000    0.000000    0.000000    0.000000    
9.718325    -0.000000    -0.000000    -0.000000    -0.000000    -0.000000    -0.000000    1.000000    0.000000    0.000000    0.000000    0.000000    
33.273781    -0.000000    -0.000000    -0.000000    1.000000    0.000000    0.000000    0.000000    0.000000    0.000000    0.000000    0.000000    
36.958433    -0.000000    -0.000000    -0.000000    -0.000000    -0.000000    -0.000000    -0.000000    1.000000    0.000000    0.000000    0.000000    
76.217527    -0.000000    -0.000000    1.000000    0.000000    0.000000    0.000000    0.000000    0.000000    0.000000    0.000000    0.000000    
81.744505    -0.000000    -0.000000    -0.000000    -0.000000    -0.000000    -0.000000    -0.000000    -0.000000    1.000000    0.000000    0.000000    
136.707235    -0.000000    1.000000    0.000000    0.000000    0.000000    0.000000    0.000000    0.000000    0.000000    0.000000    0.000000    
144.076540    -0.000000    -0.000000    -0.000000    -0.000000    -0.000000    -0.000000    -0.000000    -0.000000    -0.000000    1.000000    0.000000    
214.742907    1.000000    0.000000    0.000000    0.000000    0.000000    0.000000    0.000000    0.000000    0.000000    0.000000    0.000000    
223.954538    0.000000    0.000000    0.000000    0.000000    0.000000    0.000000    0.000000    0.000000    0.000000    0.000000    1.000000    

0.230383
0.026538    -0.000000    -0.000000    -0.000000    -0.000000    -0.000000    1.000000    0.000000    0.000000    0.000000    0.000000    0.000000    
7.834492    -0.000000    -0.000000    -0.000000    -0.000000    1.000000    0.000000    0.000000    0.000000    0.000000    0.000000    0.000000    
9.764548    -0.000000    -0.000000    -0.000000    -0.000000    -0.000000    -0.000000    1.000000    0.000000    0.000000    0.000000    0.000000    
33.188409    -0.000000    -0.000000    -0.000000    1.000000    0.000000    0.000000    0.000000    0.000000    0.000000    0.000000    0.000000    
37.048521    -0.000000    -0.000000    -0.000000    -0.000000    -0.000000    -0.000000    -0.000000    1.000000    0.000000    0.000000    0.000000    
76.088290    -0.000000    -0.000000    1.000000    0.000000    0.000000    0.000000    0.000000    0.000000    0.000000    0.000000    0.000000    
81.878457    -0.000000    -0.000000    -0.000000    -0.000000    -0.000000    -0.000000    -0.000000    -0.000000    1.000000    0.000000    0.000000    
136.534133    -0.000000    1.000000    0.000000    0.000000    0.000000    0.000000    0.000000    0.000000    0.000000    0.000000    0.000000    
144.254357    -0.000000    -0.000000    -0.000000    -0.000000    -0.000000    -0.000000    -0.000000    -0.000000    -0.000000    1.000000    0.000000    
214.525941    1.000000    0.000000    0.000000    0.000000    0.000000    0.000000    0.000000    0.000000    0.000000    0.000000    0.000000    
224.176220    0.000000    0.000000    0.000000    0.000000    0.000000    0.000000    0.000000    0.000000    0.000000    0.000000    1.000000    

0.240855
0.029006    -0.000000    -0.000000    -0.000000    -0.000000    -0.000000    1.000000    0.000000    0.000000    0.000000    0.000000    0.000000    
7.793094    -0.000000    -0.000000    -0.000000    -0.000000    1.000000    0.000000    0.000000    0.000000    0.000000    0.000000    0.000000    
9.810880    -0.000000    -0.000000    -0.000000    -0.000000    -0.000000    -0.000000    1.000000    0.000000    0.000000    0.000000    0.000000    
33.103147    -0.000000    -0.000000    -0.000000    1.000000    0.000000    0.000000    0.000000    0.000000    0.000000    0.000000    0.000000    
37.138718    -0.000000    -0.000000    -0.000000    -0.000000    -0.000000    -0.000000    -0.000000    1.000000    0.000000    0.000000    0.000000    
75.959162    -0.000000    -0.000000    1.000000    0.000000    0.000000    0.000000    0.000000    0.000000    0.000000    0.000000    0.000000    
82.012520    -0.000000    -0.000000    -0.000000    -0.000000    -0.000000    -0.000000    -0.000000    -0.000000    1.000000    0.000000    0.000000    
136.361141    -0.000000    1.000000    0.000000    0.000000    0.000000    0.000000    0.000000    0.000000    0.000000    0.000000    0.000000    
144.432284    -0.000000    -0.000000    -0.000000    -0.000000    -0.000000    -0.000000    -0.000000    -0.000000    -0.000000    1.000000    0.000000    
214.309083    1.000000    0.000000    0.000000    0.000000    0.000000    0.000000    0.000000    0.000000    0.000000    0.000000    0.000000    
224.398012    0.000000    0.000000    0.000000    0.000000    0.000000    0.000000    0.000000    0.000000    0.000000    0.000000    1.000000    

0.251327
0.031583    -0.000000    -0.000000    -0.000000    -0.000000    -0.000000    1.000000    0.000000    0.000000    0.000000    0.000000    0.000000    
7.751807    -0.000000    -0.000000    -0.000000    -0.000000    1.000000    0.000000    0.000000    0.000000    0.000000    0.000000    0.000000    
9.857322    -0.000000    -0.000000    -0.000000    -0.000000    -0.000000    -0.000000    1.000000    0.000000    0.000000    0.000000    0.000000    
33.017994    -0.000000    -0.000000    -0.000000    1.000000    0.000000    0.000000    0.000000    0.000000    0.000000    0.000000    0.000000    
37.229025    -0.000000    -0.000000    -0.000000    -0.000000    -0.000000    -0.000000    -0.000000    1.000000    0.000000    0.000000    0.000000    
75.830145    -0.000000    -0.000000    1.000000    0.000000    0.000000    0.000000    0.000000    0.000000    0.000000    0.000000    0.000000    
82.146691    -0.000000    -0.000000    -0.000000    -0.000000    -0.000000    -0.000000    -0.000000    -0.000000    1.000000    0.000000    0.000000    
136.188259    -0.000000    1.000000    0.000000    0.000000    0.000000    0.000000    0.000000    0.000000    0.000000    0.000000    0.000000    
144.610321    -0.000000    -0.000000    -0.000000    -0.000000    -0.000000    -0.000000    -0.000000    -0.000000    -0.000000    1.000000    0.000000    
214.092336    1.000000    0.000000    0.000000    0.000000    0.000000    0.000000    0.000000    0.000000    0.000000    0.000000    0.000000    
224.619914    0.000000    0.000000    0.000000    0.000000    0.000000    0.000000    0.000000    0.000000    0.000000    0.000000    1.000000    

0.261799
0.034269    -0.000000    -0.000000    -0.000000    -0.000000    -0.000000    1.000000    0.000000    0.000000    0.000000    0.000000    0.000000    
7.710628    -0.000000    -0.000000    -0.000000    -0.000000    1.000000    0.000000    0.000000    0.000000    0.000000    0.000000    0.000000    
9.903874    -0.000000    -0.000000    -0.000000    -0.000000    -0.000000    -0.000000    1.000000    0.000000    0.000000    0.000000    0.000000    
32.932951    -0.000000    -0.000000    -0.000000    1.000000    0.000000    0.000000    0.000000    0.000000    0.000000    0.000000    0.000000    
37.319442    -0.000000    -0.000000    -0.000000    -0.000000    -0.000000    -0.000000    -0.000000    1.000000    0.000000    0.000000    0.000000    
75.701237    -0.000000    -0.000000    1.000000    0.000000    0.000000    0.000000    0.000000    0.000000    0.000000    0.000000    0.000000    
82.280973    -0.000000    -0.000000    -0.000000    -0.000000    -0.000000    -0.000000    -0.000000    -0.000000    1.000000    0.000000    0.000000    
136.015486    -0.000000    1.000000    0.000000    0.000000    0.000000    0.000000    0.000000    0.000000    0.000000    0.000000    0.000000    
144.788467    -0.000000    -0.000000    -0.000000    -0.000000    -0.000000    -0.000000    -0.000000    -0.000000    -0.000000    1.000000    0.000000    
213.875698    1.000000    0.000000    0.000000    0.000000    0.000000    0.000000    0.000000    0.000000    0.000000    0.000000    0.000000    
224.841925    0.000000    0.000000    0.000000    0.000000    0.000000    0.000000    0.000000    0.000000    0.000000    0.000000    1.000000    

0.272271
0.037066    -0.000000    -0.000000    -0.000000    -0.000000    -0.000000    1.000000    0.000000    0.000000    0.000000    0.000000    0.000000    
7.669560    -0.000000    -0.000000    -0.000000    -0.000000    1.000000    0.000000    0.000000    0.000000    0.000000    0.000000    0.000000    
9.950535    -0.000000    -0.000000    -0.000000    -0.000000    -0.000000    -0.000000    1.000000    0.000000    0.000000    0.000000    0.000000    
32.848017    -0.000000    -0.000000    -0.000000    1.000000    0.000000    0.000000    0.000000    0.000000    0.000000    0.000000    0.000000    
37.409968    -0.000000    -0.000000    -0.000000    -0.000000    -0.000000    -0.000000    -0.000000    1.000000    0.000000    0.000000    0.000000    
75.572438    -0.000000    -0.000000    1.000000    0.000000    0.000000    0.000000    0.000000    0.000000    0.000000    0.000000    0.000000    
82.415364    -0.000000    -0.000000    -0.000000    -0.000000    -0.000000    -0.000000    -0.000000    -0.000000    1.000000    0.000000    0.000000    
135.842822    -0.000000    1.000000    0.000000    0.000000    0.000000    0.000000    0.000000    0.000000    0.000000    0.000000    0.000000    
144.966723    -0.000000    -0.000000    -0.000000    -0.000000    -0.000000    -0.000000    -0.000000    -0.000000    -0.000000    1.000000    0.000000    
213.659170    1.000000    0.000000    0.000000    0.000000    0.000000    0.000000    0.000000    0.000000    0.000000    0.000000    0.000000    
225.064046    0.000000    0.000000    0.000000    0.000000    0.000000    0.000000    0.000000    0.000000    0.000000    0.000000    1.000000    

0.282743
0.039972    -0.000000    -0.000000    -0.000000    -0.000000    -0.000000    1.000000    0.000000    0.000000    0.000000    0.000000    0.000000    
7.628601    -0.000000    -0.000000    -0.000000    -0.000000    1.000000    0.000000    0.000000    0.000000    0.000000    0.000000    0.000000    
9.997306    -0.000000    -0.000000    -0.000000    -0.000000    -0.000000    -0.000000    1.000000    0.000000    0.000000    0.000000    0.000000    
32.763194    -0.000000    -0.000000    -0.000000    1.000000    0.000000    0.000000    0.000000    0.000000    0.000000    0.000000    0.000000    
37.500604    -0.000000    -0.000000    -0.000000    -0.000000    -0.000000    -0.000000    -0.000000    1.000000    0.000000    0.000000    0.000000    
75.443750    -0.000000    -0.000000    1.000000    0.000000    0.000000    0.000000    0.000000    0.000000    0.000000    0.000000    0.000000    
82.549865    -0.000000    -0.000000    -0.000000    -0.000000    -0.000000    -0.000000    -0.000000    -0.000000    1.000000    0.000000    0.000000    
135.670269    -0.000000    1.000000    0.000000    0.000000    0.000000    0.000000    0.000000    0.000000    0.000000    0.000000    0.000000    
145.145089    -0.000000    -0.000000    -0.000000    -0.000000    -0.000000    -0.000000    -0.000000    -0.000000    -0.000000    1.000000    0.000000    
213.442752    1.000000    0.000000    0.000000    0.000000    0.000000    0.000000    0.000000    0.000000    0.000000    0.000000    0.000000    
225.286277    0.000000    0.000000    0.000000    0.000000    0.000000    0.000000    0.000000    0.000000    0.000000    0.000000    1.000000    

0.293215
0.042988    -0.000000    -0.000000    -0.000000    -0.000000    -0.000000    1.000000    0.000000    0.000000    0.000000    0.000000    0.000000    
7.587752    -0.000000    -0.000000    -0.000000    -0.000000    1.000000    0.000000    0.000000    0.000000    0.000000    0.000000    0.000000    
10.044187    -0.000000    -0.000000    -0.000000    -0.000000    -0.000000    -0.000000    1.000000    0.000000    0.000000    0.000000    0.000000    
32.678479    -0.000000    -0.000000    -0.000000    1.000000    0.000000    0.000000    0.000000    0.000000    0.000000    0.000000    0.000000    
37.591349    -0.000000    -0.000000    -0.000000    -0.000000    -0.000000    -0.000000    -0.000000    1.000000    0.000000    0.000000    0.000000    
75.315171    -0.000000    -0.000000    1.000000    0.000000    0.000000    0.000000    0.000000    0.000000    0.000000    0.000000    0.000000    
82.684475    -0.000000    -0.000000    -0.000000    -0.000000    -0.000000    -0.000000    -0.000000    -0.000000    1.000000    0.000000    0.000000    
135.497825    -0.000000    1.000000    0.000000    0.000000    0.000000    0.000000    0.000000    0.000000    0.000000    0.000000    0.000000    
145.323564    -0.000000    -0.000000    -0.000000    -0.000000    -0.000000    -0.000000    -0.000000    -0.000000    -0.000000    1.000000    0.000000    
213.226443    1.000000    0.000000    0.000000    0.000000    0.000000    0.000000    0.000000    0.000000    0.000000    0.000000    0.000000    
225.508617    0.000000    0.000000    0.000000    0.000000    0.000000    0.000000    0.000000    0.000000    0.000000    0.000000    1.000000    

0.303687
0.046113    -0.000000    -0.000000    -0.000000    -0.000000    -0.000000    1.000000    0.000000    0.000000    0.000000    0.000000    0.000000    
7.547012    -0.000000    -0.000000    -0.000000    -0.000000    1.000000    0.000000    0.000000    0.000000    0.000000    0.000000    0.000000    
10.091177    -0.000000    -0.000000    -0.000000    -0.000000    -0.000000    -0.000000    1.000000    0.000000    0.000000    0.000000    0.000000    
32.593875    -0.000000    -0.000000    -0.000000    1.000000    0.000000    0.000000    0.000000    0.000000    0.000000    0.000000    0.000000    
37.682204    -0.000000    -0.000000    -0.000000    -0.000000    -0.000000    -0.000000    -0.000000    1.000000    0.000000    0.000000    0.000000    
75.186701    -0.000000    -0.000000    1.000000    0.000000    0.000000    0.000000    0.000000    0.000000    0.000000    0.000000    0.000000    
82.819195    -0.000000    -0.000000    -0.000000    -0.000000    -0.000000    -0.000000    -0.000000    -0.000000    1.000000    0.000000    0.000000    
135.325491    -0.000000    1.000000    0.000000    0.000000    0.000000    0.000000    0.000000    0.000000    0.000000    0.000000    0.000000    
145.502149    -0.000000    -0.000000    -0.000000    -0.000000    -0.000000    -0.000000    -0.000000    -0.000000    -0.000000    1.000000    0.000000    
213.010244    1.000000    0.000000    0.000000    0.000000    0.000000    0.000000    0.000000    0.000000    0.000000    0.000000    0.000000    
225.731067    0.000000    0.000000    0.000000    0.000000    0.000000    0.000000    0.000000    0.000000    0.000000    0.000000    1.000000    

0.314159
0.049348    -0.000000    -0.000000    -0.000000    -0.000000    -0.000000    1.000000    0.000000    0.000000    0.000000    0.000000    0.000000    
7.506382    -0.000000    -0.000000    -0.000000    -0.000000    1.000000    0.000000    0.000000    0.000000    0.000000    0.000000    0.000000    
10.138277    -0.000000    -0.000000    -0.000000    -0.000000    -0.000000    -0.000000    1.000000    0.000000    0.000000    0.000000    0.000000    
32.509380    -0.000000    -0.000000    -0.000000    1.000000    0.000000    0.000000    0.000000    0.000000    0.000000    0.000000    0.000000    
37.773169    -0.000000    -0.000000    -0.000000    -0.000000    -0.000000    -0.000000    -0.000000    1.000000    0.000000    0.000000    0.000000    
75.058341    -0.000000    -0.000000    1.000000    0.000000    0.000000    0.000000    0.000000    0.000000    0.000000    0.000000    0.000000    
82.954025    -0.000000    -0.000000    -0.000000    -0.000000    -0.000000    -0.000000    -0.000000    -0.000000    1.000000    0.000000    0.000000    
135.153266    -0.000000    1.000000    0.000000    0.000000    0.000000    0.000000    0.000000    0.000000    0.000000    0.000000    0.000000    
145.680844    -0.000000    -0.000000    -0.000000    -0.000000    -0.000000    -0.000000    -0.000000    -0.000000    -0.000000    1.000000    0.000000    
212.794154    1.000000    0.000000    0.000000    0.000000    0.000000    0.000000    0.000000    0.000000    0.000000    0.000000    0.000000    
225.953627    0.000000    0.000000    0.000000    0.000000    0.000000    0.000000    0.000000    0.000000    0.000000    0.000000    1.000000    

0.324631
0.052693    -0.000000    -0.000000    -0.000000    -0.000000    -0.000000    1.000000    0.000000    0.000000    0.000000    0.000000    0.000000    
7.465862    -0.000000    -0.000000    -0.000000    -0.000000    1.000000    0.000000    0.000000    0.000000    0.000000    0.000000    0.000000    
10.185487    -0.000000    -0.000000    -0.000000    -0.000000    -0.000000    -0.000000    1.000000    0.000000    0.000000    0.000000    0.000000    
32.424995    -0.000000    -0.000000    -0.000000    1.000000    0.000000    0.000000    0.000000    0.000000    0.000000    0.000000    0.000000    
37.864244    -0.000000    -0.000000    -0.000000    -0.000000    -0.000000    -0.000000    -0.000000    1.000000    0.000000    0.000000    0.000000    
74.930091    -0.000000    -0.000000    1.000000    0.000000    0.000000    0.000000    0.000000    0.000000    0.000000    0.000000    0.000000    
83.088964    -0.000000    -0.000000    -0.000000    -0.000000    -0.000000    -0.000000    -0.000000    -0.000000    1.000000    0.000000    0.000000    
134.981151    -0.000000    1.000000    0.000000    0.000000    0.000000    0.000000    0.000000    0.000000    0.000000    0.000000    0.000000    
145.859648    -0.000000    -0.000000    -0.000000    -0.000000    -0.000000    -0.000000    -0.000000    -0.000000    -0.000000    1.000000    0.000000    
212.578174    1.000000    0.000000    0.000000    0.000000    0.000000    0.000000    0.000000    0.000000    0.000000    0.000000    0.000000    
226.176296    0.000000    0.000000    0.000000    0.000000    0.000000    0.000000    0.000000    0.000000    0.000000    0.000000    1.000000    

0.335103
0.056147    -0.000000    -0.000000    -0.000000    -0.000000    -0.000000    1.000000    0.000000    0.000000    0.000000    0.000000    0.000000    
7.425452    -0.000000    -0.000000    -0.000000    -0.000000    1.000000    0.000000    0.000000    0.000000    0.000000    0.000000    0.000000    
10.232806    -0.000000    -0.000000    -0.000000    -0.000000    -0.000000    -0.000000    1.000000    0.000000    0.000000    0.000000    0.000000    
32.340720    -0.000000    -0.000000    -0.000000    1.000000    0.000000    0.000000    0.000000    0.000000    0.000000    0.000000    0.000000    
37.955428    -0.000000    -0.000000    -0.000000    -0.000000    -0.000000    -0.000000    -0.000000    1.000000    0.000000    0.000000    0.000000    
74.801951    -0.000000    -0.000000    1.000000    0.000000    0.000000    0.000000    0.000000    0.000000    0.000000    0.000000    0.000000    
83.224014    -0.000000    -0.000000    -0.000000    -0.000000    -0.000000    -0.000000    -0.000000    -0.000000    1.000000    0.000000    0.000000    
134.809146    -0.000000    1.000000    0.000000    0.000000    0.000000    0.000000    0.000000    0.000000    0.000000    0.000000    0.000000    
146.038562    -0.000000    -0.000000    -0.000000    -0.000000    -0.000000    -0.000000    -0.000000    -0.000000    -0.000000    1.000000    0.000000    
212.362304    1.000000    0.000000    0.000000    0.000000    0.000000    0.000000    0.000000    0.000000    0.000000    0.000000    0.000000    
226.399075    0.000000    0.000000    0.000000    0.000000    0.000000    0.000000    0.000000    0.000000    0.000000    0.000000    1.000000    

0.345575
0.059711    -0.000000    -0.000000    -0.000000    -0.000000    -0.000000    1.000000    0.000000    0.000000    0.000000    0.000000    0.000000    
7.385151    -0.000000    -0.000000    -0.000000    -0.000000    1.000000    0.000000    0.000000    0.000000    0.000000    0.000000    0.000000    
10.280235    -0.000000    -0.000000    -0.000000    -0.000000    -0.000000    -0.000000    1.000000    0.000000    0.000000    0.000000    0.000000    
32.256554    -0.000000    -0.000000    -0.000000    1.000000    0.000000    0.000000    0.000000    0.000000    0.000000    0.000000    0.000000    
38.046722    -0.000000    -0.000000    -0.000000    -0.000000    -0.000000    -0.000000    -0.000000    1.000000    0.000000    0.000000    0.000000    
74.673920    -0.000000    -0.000000    1.000000    0.000000    0.000000    0.000000    0.000000    0.000000    0.000000    0.000000    0.000000    
83.359172    -0.000000    -0.000000    -0.000000    -0.000000    -0.000000    -0.000000    -0.000000    -0.000000    1.000000    0.000000    0.000000    
134.637250    -0.000000    1.000000    0.000000    0.000000    0.000000    0.000000    0.000000    0.000000    0.000000    0.000000    0.000000    
146.217586    -0.000000    -0.000000    -0.000000    -0.000000    -0.000000    -0.000000    -0.000000    -0.000000    -0.000000    1.000000    0.000000    
212.146543    1.000000    0.000000    0.000000    0.000000    0.000000    0.000000    0.000000    0.000000    0.000000    0.000000    0.000000    
226.621963    0.000000    0.000000    0.000000    0.000000    0.000000    0.000000    0.000000    0.000000    0.000000    0.000000    1.000000    

0.356047
0.063385    -0.000000    -0.000000    -0.000000    -0.000000    -0.000000    1.000000    0.000000    0.000000    0.000000    0.000000    0.000000    
7.344960    -0.000000    -0.000000    -0.000000    -0.000000    1.000000    0.000000    0.000000    0.000000    0.000000    0.000000    0.000000    
10.327773    -0.000000    -0.000000    -0.000000    -0.000000    -0.000000    -0.000000    1.000000    0.000000    0.000000    0.000000    0.000000    
32.172498    -0.000000    -0.000000    -0.000000    1.000000    0.000000    0.000000    0.000000    0.000000    0.000000    0.000000    0.000000    
38.138125    -0.000000    -0.000000    -0.000000    -0.000000    -0.000000    -0.000000    -0.000000    1.000000    0.000000    0.000000    0.000000    
74.545999    -0.000000    -0.000000    1.000000    0.000000    0.000000    0.000000    0.000000    0.000000    0.000000    0.000000    0.000000    
83.494441    -0.000000    -0.000000    -0.000000    -0.000000    -0.000000    -0.000000    -0.000000    -0.000000    1.000000    0.000000    0.000000    
134.465464    -0.000000    1.000000    0.000000    0.000000    0.000000    0.000000    0.000000    0.000000    0.000000    0.000000    0.000000    
146.396719    -0.000000    -0.000000    -0.000000    -0.000000    -0.000000    -0.000000    -0.000000    -0.000000    -0.000000    1.000000    0.000000    
211.930893    1.000000    0.000000    0.000000    0.000000    0.000000    0.000000    0.000000    0.000000    0.000000    0.000000    0.000000    
226.844961    0.000000    0.000000    0.000000    0.000000    0.000000    0.000000    0.000000    0.000000    0.000000    0.000000    1.000000    

0.366519
0.067168    -0.000000    -0.000000    -0.000000    -0.000000    -0.000000    1.000000    0.000000    0.000000    0.000000    0.000000    0.000000    
7.304878    -0.000000    -0.000000    -0.000000    -0.000000    1.000000    0.000000    0.000000    0.000000    0.000000    0.000000    0.000000    
10.375422    -0.000000    -0.000000    -0.000000    -0.000000    -0.000000    -0.000000    1.000000    0.000000    0.000000    0.000000    0.000000    
32.088551    -0.000000    -0.000000    -0.000000    1.000000    0.000000    0.000000    0.000000    0.000000    0.000000    0.000000    0.000000    
38.229638    -0.000000    -0.000000    -0.000000    -0.000000    -0.000000    -0.000000    -0.000000    1.000000    0.000000    0.000000    0.000000    
74.418188    -0.000000    -0.000000    1.000000    0.000000    0.000000    0.000000    0.000000    0.000000    0.000000    0.000000    0.000000    
83.629819    -0.000000    -0.000000    -0.000000    -0.000000    -0.000000    -0.000000    -0.000000    -0.000000    1.000000    0.000000    0.000000    
134.293788    -0.000000    1.000000    0.000000    0.000000    0.000000    0.000000    0.000000    0.000000    0.000000    0.000000    0.000000    
146.575962    -0.000000    -0.000000    -0.000000    -0.000000    -0.000000    -0.000000    -0.000000    -0.000000    -0.000000    1.000000    0.000000    
211.715351    1.000000    0.000000    0.000000    0.000000    0.000000    0.000000    0.000000    0.000000    0.000000    0.000000    0.000000    
227.068069    0.000000    0.000000    0.000000    0.000000    0.000000    0.000000    0.000000    0.000000    0.000000    0.000000    1.000000    

0.376991
0.071061    -0.000000    -0.000000    -0.000000    -0.000000    -0.000000    1.000000    0.000000    0.000000    0.000000    0.000000    0.000000    
7.264906    -0.000000    -0.000000    -0.000000    -0.000000    1.000000    0.000000    0.000000    0.000000    0.000000    0.000000    0.000000    
10.423180    -0.000000    -0.000000    -0.000000    -0.000000    -0.000000    -0.000000    1.000000    0.000000    0.000000    0.000000    0.000000    
32.004715    -0.000000    -0.000000    -0.000000    1.000000    0.000000    0.000000    0.000000    0.000000    0.000000    0.000000    0.000000    
38.321261    -0.000000    -0.000000    -0.000000    -0.000000    -0.000000    -0.000000    -0.000000    1.000000    0.000000    0.000000    0.000000    
74.290486    -0.000000    -0.000000    1.000000    0.000000    0.000000    0.000000    0.000000    0.000000    0.000000    0.000000    0.000000    
83.765306    -0.000000    -0.000000    -0.000000    -0.000000    -0.000000    -0.000000    -0.000000    -0.000000    1.000000    0.000000    0.000000    
134.122221    -0.000000    1.000000    0.000000    0.000000    0.000000    0.000000    0.000000    0.000000    0.000000    0.000000    0.000000    
146.755315    -0.000000    -0.000000    -0.000000    -0.000000    -0.000000    -0.000000    -0.000000    -0.000000    -0.000000    1.000000    0.000000    
211.499920    1.000000    0.000000    0.000000    0.000000    0.000000    0.000000    0.000000    0.000000    0.000000    0.000000    0.000000    
227.291287    0.000000    0.000000    0.000000    0.000000    0.000000    0.000000    0.000000    0.000000    0.000000    0.000000    1.000000    

0.387463
0.075064    -0.000000    -0.000000    -0.000000    -0.000000    -0.000000    1.000000    0.000000    0.000000    0.000000    0.000000    0.000000    
7.225044    -0.000000    -0.000000    -0.000000    -0.000000    1.000000    0.000000    0.000000    0.000000    0.000000    0.000000    0.000000    
10.471047    -0.000000    -0.000000    -0.000000    -0.000000    -0.000000    -0.000000    1.000000    0.000000    0.000000    0.000000    0.000000    
31.920987    -0.000000    -0.000000    -0.000000    1.000000    0.000000    0.000000    0.000000    0.000000    0.000000    0.000000    0.000000    
38.412994    -0.000000    -0.000000    -0.000000    -0.000000    -0.000000    -0.000000    -0.000000    1.000000    0.000000    0.000000    0.000000    
74.162894    -0.000000    -0.000000    1.000000    0.000000    0.000000    0.000000    0.000000    0.000000    0.000000    0.000000    0.000000    
83.900904    -0.000000    -0.000000    -0.000000    -0.000000    -0.000000    -0.000000    -0.000000    -0.000000    1.000000    0.000000    0.000000    
133.950764    -0.000000    1.000000    0.000000    0.000000    0.000000    0.000000    0.000000    0.000000    0.000000    0.000000    0.000000    
146.934777    -0.000000    -0.000000    -0.000000    -0.000000    -0.000000    -0.000000    -0.000000    -0.000000    -0.000000    1.000000    0.000000    
211.284598    1.000000    0.000000    0.000000    0.000000    0.000000    0.000000    0.000000    0.000000    0.000000    0.000000    0.000000    
227.514614    0.000000    0.000000    0.000000    0.000000    0.000000    0.000000    0.000000    0.000000    0.000000    0.000000    1.000000    

0.397935
0.079176    -0.000000    -0.000000    -0.000000    -0.000000    -0.000000    1.000000    0.000000    0.000000    0.000000    0.000000    0.000000    
7.185291    -0.000000    -0.000000    -0.000000    -0.000000    1.000000    0.000000    0.000000    0.000000    0.000000    0.000000    0.000000    
10.519024    -0.000000    -0.000000    -0.000000    -0.000000    -0.000000    -0.000000    1.000000    0.000000    0.000000    0.000000    0.000000    
31.837370    -0.000000    -0.000000    -0.000000    1.000000    0.000000    0.000000    0.000000    0.000000    0.000000    0.000000    0.000000    
38.504836    -0.000000    -0.000000    -0.000000    -0.000000    -0.000000    -0.000000    -0.000000    1.000000    0.000000    0.000000    0.000000    
74.035412    -0.000000    -0.000000    1.000000    0.000000    0.000000    0.000000    0.000000    0.000000    0.000000    0.000000    0.000000    
84.036611    -0.000000    -0.000000    -0.000000    -0.000000    -0.000000    -0.000000    -0.000000    -0.000000    1.000000    0.000000    0.000000    
133.779417    -0.000000    1.000000    0.000000    0.000000    0.000000    0.000000    0.000000    0.000000    0.000000    0.000000    0.000000    
147.114349    -0.000000    -0.000000    -0.000000    -0.000000    -0.000000    -0.000000    -0.000000    -0.000000    -0.000000    1.000000    0.000000    
211.069386    1.000000    0.000000    0.000000    0.000000    0.000000    0.000000    0.000000    0.000000    0.000000    0.000000    0.000000    
227.738051    0.000000    0.000000    0.000000    0.000000    0.000000    0.000000    0.000000    0.000000    0.000000    0.000000    1.000000    

0.408407
0.083398    -0.000000    -0.000000    -0.000000    -0.000000    -0.000000    1.000000    0.000000    0.000000    0.000000    0.000000    0.000000    
7.145648    -0.000000    -0.000000    -0.000000    -0.000000    1.000000    0.000000    0.000000    0.000000    0.000000    0.000000    0.000000    
10.567111    -0.000000    -0.000000    -0.000000    -0.000000    -0.000000    -0.000000    1.000000    0.000000    0.000000    0.000000    0.000000    
31.753862    -0.000000    -0.000000    -0.000000    1.000000    0.000000    0.000000    0.000000    0.000000    0.000000    0.000000    0.000000    
38.596788    -0.000000    -0.000000    -0.000000    -0.000000    -0.000000    -0.000000    -0.000000    1.000000    0.000000    0.000000    0.000000    
73.908039    -0.000000    -0.000000    1.000000    0.000000    0.000000    0.000000    0.000000    0.000000    0.000000    0.000000    0.000000    
84.172428    -0.000000    -0.000000    -0.000000    -0.000000    -0.000000    -0.000000    -0.000000    -0.000000    1.000000    0.000000    0.000000    
133.608179    -0.000000    1.000000    0.000000    0.000000    0.000000    0.000000    0.000000    0.000000    0.000000    0.000000    0.000000    
147.294031    -0.000000    -0.000000    -0.000000    -0.000000    -0.000000    -0.000000    -0.000000    -0.000000    -0.000000    1.000000    0.000000    
210.854283    1.000000    0.000000    0.000000    0.000000    0.000000    0.000000    0.000000    0.000000    0.000000    0.000000    0.000000    
227.961598    0.000000    0.000000    0.000000    0.000000    0.000000    0.000000    0.000000    0.000000    0.000000    0.000000    1.000000    

0.418879
0.087730    -0.000000    -0.000000    -0.000000    -0.000000    -0.000000    1.000000    0.000000    0.000000    0.000000    0.000000    0.000000    
7.106115    -0.000000    -0.000000    -0.000000    -0.000000    1.000000    0.000000    0.000000    0.000000    0.000000    0.000000    0.000000    
10.615308    -0.000000    -0.000000    -0.000000    -0.000000    -0.000000    -0.000000    1.000000    0.000000    0.000000    0.000000    0.000000    
31.670464    -0.000000    -0.000000    -0.000000    1.000000    0.000000    0.000000    0.000000    0.000000    0.000000    0.000000    0.000000    
38.688849    -0.000000    -0.000000    -0.000000    -0.000000    -0.000000    -0.000000    -0.000000    1.000000    0.000000    0.000000    0.000000    
73.780776    -0.000000    -0.000000    1.000000    0.000000    0.000000    0.000000    0.000000    0.000000    0.000000    0.000000    0.000000    
84.308354    -0.000000    -0.000000    -0.000000    -0.000000    -0.000000    -0.000000    -0.000000    -0.000000    1.000000    0.000000    0.000000    
133.437052    -0.000000    1.000000    0.000000    0.000000    0.000000    0.000000    0.000000    0.000000    0.000000    0.000000    0.000000    
147.473822    -0.000000    -0.000000    -0.000000    -0.000000    -0.000000    -0.000000    -0.000000    -0.000000    -0.000000    1.000000    0.000000    
210.639290    1.000000    0.000000    0.000000    0.000000    0.000000    0.000000    0.000000    0.000000    0.000000    0.000000    0.000000    
228.185254    0.000000    0.000000    0.000000    0.000000    0.000000    0.000000    0.000000    0.000000    0.000000    0.000000    1.000000    

0.429351
0.092171    -0.000000    -0.000000    -0.000000    -0.000000    -0.000000    1.000000    0.000000    0.000000    0.000000    0.000000    0.000000    
7.066692    -0.000000    -0.000000    -0.000000    -0.000000    1.000000    0.000000    0.000000    0.000000    0.000000    0.000000    0.000000    
10.663614    -0.000000    -0.000000    -0.000000    -0.000000    -0.000000    -0.000000    1.000000    0.000000    0.000000    0.000000    0.000000    
31.587175    -0.000000    -0.000000    -0.000000    1.000000    0.000000    0.000000    0.000000    0.000000    0.000000    0.000000    0.000000    
38.781020    -0.000000    -0.000000    -0.000000    -0.000000    -0.000000    -0.000000    -0.000000    1.000000    0.000000    0.000000    0.000000    
73.653623    -0.000000    -0.000000    1.000000    0.000000    0.000000    0.000000    0.000000    0.000000    0.000000    0.000000    0.000000    
84.444390    -0.000000    -0.000000    -0.000000    -0.000000    -0.000000    -0.000000    -0.000000    -0.000000    1.000000    0.000000    0.000000    
133.266033    -0.000000    1.000000    0.000000    0.000000    0.000000    0.000000    0.000000    0.000000    0.000000    0.000000    0.000000    
147.653723    -0.000000    -0.000000    -0.000000    -0.000000    -0.000000    -0.000000    -0.000000    -0.000000    -0.000000    1.000000    0.000000    
210.424407    1.000000    0.000000    0.000000    0.000000    0.000000    0.000000    0.000000    0.000000    0.000000    0.000000    0.000000    
228.409020    0.000000    0.000000    0.000000    0.000000    0.000000    0.000000    0.000000    0.000000    0.000000    0.000000    1.000000    

0.439823
0.096722    -0.000000    -0.000000    -0.000000    -0.000000    -0.000000    1.000000    0.000000    0.000000    0.000000    0.000000    0.000000    
7.027378    -0.000000    -0.000000    -0.000000    -0.000000    1.000000    0.000000    0.000000    0.000000    0.000000    0.000000    0.000000    
10.712030    -0.000000    -0.000000    -0.000000    -0.000000    -0.000000    -0.000000    1.000000    0.000000    0.000000    0.000000    0.000000    
31.503997    -0.000000    -0.000000    -0.000000    1.000000    0.000000    0.000000    0.000000    0.000000    0.000000    0.000000    0.000000    
38.873301    -0.000000    -0.000000    -0.000000    -0.000000    -0.000000    -0.000000    -0.000000    1.000000    0.000000    0.000000    0.000000    
73.526579    -0.000000    -0.000000    1.000000    0.000000    0.000000    0.000000    0.000000    0.000000    0.000000    0.000000    0.000000    
84.580536    -0.000000    -0.000000    -0.000000    -0.000000    -0.000000    -0.000000    -0.000000    -0.000000    1.000000    0.000000    0.000000    
133.095125    -0.000000    1.000000    0.000000    0.000000    0.000000    0.000000    0.000000    0.000000    0.000000    0.000000    0.000000    
147.833734    -0.000000    -0.000000    -0.000000    -0.000000    -0.000000    -0.000000    -0.000000    -0.000000    -0.000000    1.000000    0.000000    
210.209634    1.000000    0.000000    0.000000    0.000000    0.000000    0.000000    0.000000    0.000000    0.000000    0.000000    0.000000    
228.632895    0.000000    0.000000    0.000000    0.000000    0.000000    0.000000    0.000000    0.000000    0.000000    0.000000    1.000000    

0.450295
0.101383    -0.000000    -0.000000    -0.000000    -0.000000    -0.000000    1.000000    0.000000    0.000000    0.000000    0.000000    0.000000    
6.988173    -0.000000    -0.000000    -0.000000    -0.000000    1.000000    0.000000    0.000000    0.000000    0.000000    0.000000    0.000000    
10.760556    -0.000000    -0.000000    -0.000000    -0.000000    -0.000000    -0.000000    1.000000    0.000000    0.000000    0.000000    0.000000    
31.420927    -0.000000    -0.000000    -0.000000    1.000000    0.000000    0.000000    0.000000    0.000000    0.000000    0.000000    0.000000    
38.965692    -0.000000    -0.000000    -0.000000    -0.000000    -0.000000    -0.000000    -0.000000    1.000000    0.000000    0.000000    0.000000    
73.399645    -0.000000    -0.000000    1.000000    0.000000    0.000000    0.000000    0.000000    0.000000    0.000000    0.000000    0.000000    
84.716791    -0.000000    -0.000000    -0.000000    -0.000000    -0.000000    -0.000000    -0.000000    -0.000000    1.000000    0.000000    0.000000    
132.924326    -0.000000    1.000000    0.000000    0.000000    0.000000    0.000000    0.000000    0.000000    0.000000    0.000000    0.000000    
148.013854    -0.000000    -0.000000    -0.000000    -0.000000    -0.000000    -0.000000    -0.000000    -0.000000    -0.000000    1.000000    0.000000    
209.994970    1.000000    0.000000    0.000000    0.000000    0.000000    0.000000    0.000000    0.000000    0.000000    0.000000    0.000000    
228.856880    0.000000    0.000000    0.000000    0.000000    0.000000    0.000000    0.000000    0.000000    0.000000    0.000000    1.000000    

0.460767
0.106153    -0.000000    -0.000000    -0.000000    -0.000000    -0.000000    1.000000    0.000000    0.000000    0.000000    0.000000    0.000000    
6.949079    -0.000000    -0.000000    -0.000000    -0.000000    1.000000    0.000000    0.000000    0.000000    0.000000    0.000000    0.000000    
10.809191    -0.000000    -0.000000    -0.000000    -0.000000    -0.000000    -0.000000    1.000000    0.000000    0.000000    0.000000    0.000000    
31.337968    -0.000000    -0.000000    -0.000000    1.000000    0.000000    0.000000    0.000000    0.000000    0.000000    0.000000    0.000000    
39.058192    -0.000000    -0.000000    -0.000000    -0.000000    -0.000000    -0.000000    -0.000000    1.000000    0.000000    0.000000    0.000000    
73.272820    -0.000000    -0.000000    1.000000    0.000000    0.000000    0.000000    0.000000    0.000000    0.000000    0.000000    0.000000    
84.853156    -0.000000    -0.000000    -0.000000    -0.000000    -0.000000    -0.000000    -0.000000    -0.000000    1.000000    0.000000    0.000000    
132.753636    -0.000000    1.000000    0.000000    0.000000    0.000000    0.000000    0.000000    0.000000    0.000000    0.000000    0.000000    
148.194084    -0.000000    -0.000000    -0.000000    -0.000000    -0.000000    -0.000000    -0.000000    -0.000000    -0.000000    1.000000    0.000000    
209.780415    1.000000    0.000000    0.000000    0.000000    0.000000    0.000000    0.000000    0.000000    0.000000    0.000000    0.000000    
229.080975    0.000000    0.000000    0.000000    0.000000    0.000000    0.000000    0.000000    0.000000    0.000000    0.000000    1.000000    

0.471239
0.111033    -0.000000    -0.000000    -0.000000    -0.000000    -0.000000    1.000000    0.000000    0.000000    0.000000    0.000000    0.000000    
6.910094    -0.000000    -0.000000    -0.000000    -0.000000    1.000000    0.000000    0.000000    0.000000    0.000000    0.000000    0.000000    
10.857936    -0.000000    -0.000000    -0.000000    -0.000000    -0.000000    -0.000000    1.000000    0.000000    0.000000    0.000000    0.000000    
31.255118    -0.000000    -0.000000    -0.000000    1.000000    0.000000    0.000000    0.000000    0.000000    0.000000    0.000000    0.000000    
39.150802    -0.000000    -0.000000    -0.000000    -0.000000    -0.000000    -0.000000    -0.000000    1.000000    0.000000    0.000000    0.000000    
73.146106    -0.000000    -0.000000    1.000000    0.000000    0.000000    0.000000    0.000000    0.000000    0.000000    0.000000    0.000000    
84.989631    -0.000000    -0.000000    -0.000000    -0.000000    -0.000000    -0.000000    -0.000000    -0.000000    1.000000    0.000000    0.000000    
132.583057    -0.000000    1.000000    0.000000    0.000000    0.000000    0.000000    0.000000    0.000000    0.000000    0.000000    0.000000    
148.374424    -0.000000    -0.000000    -0.000000    -0.000000    -0.000000    -0.000000    -0.000000    -0.000000    -0.000000    1.000000    0.000000    
209.565971    1.000000    0.000000    0.000000    0.000000    0.000000    0.000000    0.000000    0.000000    0.000000    0.000000    0.000000    
229.305180    0.000000    0.000000    0.000000    0.000000    0.000000    0.000000    0.000000    0.000000    0.000000    0.000000    1.000000    

0.481711
0.116023    -0.000000    -0.000000    -0.000000    -0.000000    -0.000000    1.000000    0.000000    0.000000    0.000000    0.000000    0.000000    
6.871219    -0.000000    -0.000000    -0.000000    -0.000000    1.000000    0.000000    0.000000    0.000000    0.000000    0.000000    0.000000    
10.906790    -0.000000    -0.000000    -0.000000    -0.000000    -0.000000    -0.000000    1.000000    0.000000    0.000000    0.000000    0.000000    
31.172378    -0.000000    -0.000000    -0.000000    1.000000    0.000000    0.000000    0.000000    0.000000    0.000000    0.000000    0.000000    
39.243521    -0.000000    -0.000000    -0.000000    -0.000000    -0.000000    -0.000000    -0.000000    1.000000    0.000000    0.000000    0.000000    
73.019501    -0.000000    -0.000000    1.000000    0.000000    0.000000    0.000000    0.000000    0.000000    0.000000    0.000000    0.000000    
85.126215    -0.000000    -0.000000    -0.000000    -0.000000    -0.000000    -0.000000    -0.000000    -0.000000    1.000000    0.000000    0.000000    
132.412587    -0.000000    1.000000    0.000000    0.000000    0.000000    0.000000    0.000000    0.000000    0.000000    0.000000    0.000000    
148.554873    -0.000000    -0.000000    -0.000000    -0.000000    -0.000000    -0.000000    -0.000000    -0.000000    -0.000000    1.000000    0.000000    
209.351636    1.000000    0.000000    0.000000    0.000000    0.000000    0.000000    0.000000    0.000000    0.000000    0.000000    0.000000    
229.529494    0.000000    0.000000    0.000000    0.000000    0.000000    0.000000    0.000000    0.000000    0.000000    0.000000    1.000000    

0.492183
0.121122    -0.000000    -0.000000    -0.000000    -0.000000    -0.000000    1.000000    0.000000    0.000000    0.000000    0.000000    0.000000    
6.832453    -0.000000    -0.000000    -0.000000    -0.000000    1.000000    0.000000    0.000000    0.000000    0.000000    0.000000    0.000000    
10.955754    -0.000000    -0.000000    -0.000000    -0.000000    -0.000000    -0.000000    1.000000    0.000000    0.000000    0.000000    0.000000    
31.089747    -0.000000    -0.000000    -0.000000    1.000000    0.000000    0.000000    0.000000    0.000000    0.000000    0.000000    0.000000    
39.336350    -0.000000    -0.000000    -0.000000    -0.000000    -0.000000    -0.000000    -0.000000    1.000000    0.000000    0.000000    0.000000    
72.893005    -0.000000    -0.000000    1.000000    0.000000    0.000000    0.000000    0.000000    0.000000    0.000000    0.000000    0.000000    
85.262909    -0.000000    -0.000000    -0.000000    -0.000000    -0.000000    -0.000000    -0.000000    -0.000000    1.000000    0.000000    0.000000    
132.242226    -0.000000    1.000000    0.000000    0.000000    0.000000    0.000000    0.000000    0.000000    0.000000    0.000000    0.000000    
148.735432    -0.000000    -0.000000    -0.000000    -0.000000    -0.000000    -0.000000    -0.000000    -0.000000    -0.000000    1.000000    0.000000    
209.137411    1.000000    0.000000    0.000000    0.000000    0.000000    0.000000    0.000000    0.000000    0.000000    0.000000    0.000000    
229.753918    0.000000    0.000000    0.000000    0.000000    0.000000    0.000000    0.000000    0.000000    0.000000    0.000000    1.000000    

0.502655
0.126331    -0.000000    -0.000000    -0.000000    -0.000000    -0.000000    1.000000    0.000000    0.000000    0.000000    0.000000    0.000000    
6.793797    -0.000000    -0.000000    -0.000000    -0.000000    1.000000    0.000000    0.000000    0.000000    0.000000    0.000000    0.000000    
11.004828    -0.000000    -0.000000    -0.000000    -0.000000    -0.000000    -0.000000    1.000000    0.000000    0.000000    0.000000    0.000000    
31.007226    -0.000000    -0.000000    -0.000000    1.000000    0.000000    0.000000    0.000000    0.000000    0.000000    0.000000    0.000000    
39.429289    -0.000000    -0.000000    -0.000000    -0.000000    -0.000000    -0.000000    -0.000000    1.000000    0.000000    0.000000    0.000000    
72.766619    -0.000000    -0.000000    1.000000    0.000000    0.000000    0.000000    0.000000    0.000000    0.000000    0.000000    0.000000    
85.399713    -0.000000    -0.000000    -0.000000    -0.000000    -0.000000    -0.000000    -0.000000    -0.000000    1.000000    0.000000    0.000000    
132.071976    -0.000000    1.000000    0.000000    0.000000    0.000000    0.000000    0.000000    0.000000    0.000000    0.000000    0.000000    
148.916100    -0.000000    -0.000000    -0.000000    -0.000000    -0.000000    -0.000000    -0.000000    -0.000000    -0.000000    1.000000    0.000000    
208.923295    1.000000    0.000000    0.000000    0.000000    0.000000    0.000000    0.000000    0.000000    0.000000    0.000000    0.000000    
229.978451    0.000000    0.000000    0.000000    0.000000    0.000000    0.000000    0.000000    0.000000    0.000000    0.000000    1.000000    

0.513127
0.131650    -0.000000    -0.000000    -0.000000    -0.000000    -0.000000    1.000000    0.000000    0.000000    0.000000    0.000000    0.000000    
6.755251    -0.000000    -0.000000    -0.000000    -0.000000    1.000000    0.000000    0.000000    0.000000    0.000000    0.000000    0.000000    
11.054012    -0.000000    -0.000000    -0.000000    -0.000000    -0.000000    -0.000000    1.000000    0.000000    0.000000    0.000000    0.000000    
30.924815    -0.000000    -0.000000    -0.000000    1.000000    0.000000    0.000000    0.000000    0.000000    0.000000    0.000000    0.000000    
39.522337    -0.000000    -0.000000    -0.000000    -0.000000    -0.000000    -0.000000    -0.000000    1.000000    0.000000    0.000000    0.000000    
72.640343    -0.000000    -0.000000    1.000000    0.000000    0.000000    0.000000    0.000000    0.000000    0.000000    0.000000    0.000000    
85.536626    -0.000000    -0.000000    -0.000000    -0.000000    -0.000000    -0.000000    -0.000000    -0.000000    1.000000    0.000000    0.000000    
131.901835    -0.000000    1.000000    0.000000    0.000000    0.000000    0.000000    0.000000    0.000000    0.000000    0.000000    0.000000    
149.096879    -0.000000    -0.000000    -0.000000    -0.000000    -0.000000    -0.000000    -0.000000    -0.000000    -0.000000    1.000000    0.000000    
208.709289    1.000000    0.000000    0.000000    0.000000    0.000000    0.000000    0.000000    0.000000    0.000000    0.000000    0.000000    
230.203094    0.000000    0.000000    0.000000    0.000000    0.000000    0.000000    0.000000    0.000000    0.000000    0.000000    1.000000    

0.523599
0.137078    -0.000000    -0.000000    -0.000000    -0.000000    -0.000000    1.000000    0.000000    0.000000    0.000000    0.000000    0.000000    
6.716814    -0.000000    -0.000000    -0.000000    -0.000000    1.000000    0.000000    0.000000    0.000000    0.000000    0.000000    0.000000    
11.103305    -0.000000    -0.000000    -0.000000    -0.000000    -0.000000    -0.000000    1.000000    0.000000    0.000000    0.000000    0.000000    
30.842514    -0.000000    -0.000000    -0.000000    1.000000    0.000000    0.000000    0.000000    0.000000    0.000000    0.000000    0.000000    
39.615495    -0.000000    -0.000000    -0.000000    -0.000000    -0.000000    -0.000000    -0.000000    1.000000    0.000000    0.000000    0.000000    
72.514177    -0.000000    -0.000000    1.000000    0.000000    0.000000    0.000000    0.000000    0.000000    0.000000    0.000000    0.000000    
85.673649    -0.000000    -0.000000    -0.000000    -0.000000    -0.000000    -0.000000    -0.000000    -0.000000    1.000000    0.000000    0.000000    
131.731803    -0.000000    1.000000    0.000000    0.000000    0.000000    0.000000    0.000000    0.000000    0.000000    0.000000    0.000000    
149.277767    -0.000000    -0.000000    -0.000000    -0.000000    -0.000000    -0.000000    -0.000000    -0.000000    -0.000000    1.000000    0.000000    
208.495393    1.000000    0.000000    0.000000    0.000000    0.000000    0.000000    0.000000    0.000000    0.000000    0.000000    0.000000    
230.427847    0.000000    0.000000    0.000000    0.000000    0.000000    0.000000    0.000000    0.000000    0.000000    0.000000    1.000000    

0.534071
0.142616    -0.000000    -0.000000    -0.000000    -0.000000    -0.000000    1.000000    0.000000    0.000000    0.000000    0.000000    0.000000    
6.678487    -0.000000    -0.000000    -0.000000    -0.000000    1.000000    0.000000    0.000000    0.000000    0.000000    0.000000    0.000000    
11.152708    -0.000000    -0.000000    -0.000000    -0.000000    -0.000000    -0.000000    1.000000    0.000000    0.000000    0.000000    0.000000    
30.760322    -0.000000    -0.000000    -0.000000    1.000000    0.000000    0.000000    0.000000    0.000000    0.000000    0.000000    0.000000    
39.708763    -0.000000    -0.000000    -0.000000    -0.000000    -0.000000    -0.000000    -0.000000    1.000000    0.000000    0.000000    0.000000    
72.388120    -0.000000    -0.000000    1.000000    0.000000    0.000000    0.000000    0.000000    0.000000    0.000000    0.000000    0.000000    
85.810782    -0.000000    -0.000000    -0.000000    -0.000000    -0.000000    -0.000000    -0.000000    -0.000000    1.000000    0.000000    0.000000    
131.561881    -0.000000    1.000000    0.000000    0.000000    0.000000    0.000000    0.000000    0.000000    0.000000    0.000000    0.000000    
149.458764    -0.000000    -0.000000    -0.000000    -0.000000    -0.000000    -0.000000    -0.000000    -0.000000    -0.000000    1.000000    0.000000    
208.281606    1.000000    0.000000    0.000000    0.000000    0.000000    0.000000    0.000000    0.000000    0.000000    0.000000    0.000000    
230.652710    0.000000    0.000000    0.000000    0.000000    0.000000    0.000000    0.000000    0.000000    0.000000    0.000000    1.000000    

0.544543
0.148263    -0.000000    -0.000000    -0.000000    -0.000000    -0.000000    1.000000    0.000000    0.000000    0.000000    0.000000    0.000000    
6.640270    -0.000000    -0.000000    -0.000000    -0.000000    1.000000    0.000000    0.000000    0.000000    0.000000    0.000000    0.000000    
11.202220    -0.000000    -0.000000    -0.000000    -0.000000    -0.000000    -0.000000    1.000000    0.000000    0.000000    0.000000    0.000000    
30.678240    -0.000000    -0.000000    -0.000000    1.000000    0.000000    0.000000    0.000000    0.000000    0.000000    0.000000    0.000000    
39.802141    -0.000000    -0.000000    -0.000000    -0.000000    -0.000000    -0.000000    -0.000000    1.000000    0.000000    0.000000    0.000000    
72.262173    -0.000000    -0.000000    1.000000    0.000000    0.000000    0.000000    0.000000    0.000000    0.000000    0.000000    0.000000    
85.948024    -0.000000    -0.000000    -0.000000    -0.000000    -0.000000    -0.000000    -0.000000    -0.000000    1.000000    0.000000    0.000000    
131.392069    -0.000000    1.000000    0.000000    0.000000    0.000000    0.000000    0.000000    0.000000    0.000000    0.000000    0.000000    
149.639871    -0.000000    -0.000000    -0.000000    -0.000000    -0.000000    -0.000000    -0.000000    -0.000000    -0.000000    1.000000    0.000000    
208.067929    1.000000    0.000000    0.000000    0.000000    0.000000    0.000000    0.000000    0.000000    0.000000    0.000000    0.000000    
230.877682    0.000000    0.000000    0.000000    0.000000    0.000000    0.000000    0.000000    0.000000    0.000000    0.000000    1.000000    

0.555015
0.154021    -0.000000    -0.000000    -0.000000    -0.000000    -0.000000    1.000000    0.000000    0.000000    0.000000    0.000000    0.000000    
6.602162    -0.000000    -0.000000    -0.000000    -0.000000    1.000000    0.000000    0.000000    0.000000    0.000000    0.000000    0.000000    
11.251842    -0.000000    -0.000000    -0.000000    -0.000000    -0.000000    -0.000000    1.000000    0.000000    0.000000    0.000000    0.000000    
30.596267    -0.000000    -0.000000    -0.000000    1.000000    0.000000    0.000000    0.000000    0.000000    0.000000    0.000000    0.000000    
39.895628    -0.000000    -0.000000    -0.000000    -0.000000    -0.000000    -0.000000    -0.000000    1.000000    0.000000    0.000000    0.000000    
72.136335    -0.000000    -0.000000    1.000000    0.000000    0.000000    0.000000    0.000000    0.000000    0.000000    0.000000    0.000000    
86.085376    -0.000000    -0.000000    -0.000000    -0.000000    -0.000000    -0.000000    -0.000000    -0.000000    1.000000    0.000000    0.000000    
131.222367    -0.000000    1.000000    0.000000    0.000000    0.000000    0.000000    0.000000    0.000000    0.000000    0.000000    0.000000    
149.821088    -0.000000    -0.000000    -0.000000    -0.000000    -0.000000    -0.000000    -0.000000    -0.000000    -0.000000    1.000000    0.000000    
207.854362    1.000000    0.000000    0.000000    0.000000    0.000000    0.000000    0.000000    0.000000    0.000000    0.000000    0.000000    
231.102764    0.000000    0.000000    0.000000    0.000000    0.000000    0.000000    0.000000    0.000000    0.000000    0.000000    1.000000    

0.565487
0.159888    -0.000000    -0.000000    -0.000000    -0.000000    -0.000000    1.000000    0.000000    0.000000    0.000000    0.000000    0.000000    
6.564164    -0.000000    -0.000000    -0.000000    -0.000000    1.000000    0.000000    0.000000    0.000000    0.000000    0.000000    0.000000    
11.301574    -0.000000    -0.000000    -0.000000    -0.000000    -0.000000    -0.000000    1.000000    0.000000    0.000000    0.000000    0.000000    
30.514404    -0.000000    -0.000000    -0.000000    1.000000    0.000000    0.000000    0.000000    0.000000    0.000000    0.000000    0.000000    
39.989224    -0.000000    -0.000000    -0.000000    -0.000000    -0.000000    -0.000000    -0.000000    1.000000    0.000000    0.000000    0.000000    
72.010608    -0.000000    -0.000000    1.000000    0.000000    0.000000    0.000000    0.000000    0.000000    0.000000    0.000000    0.000000    
86.222838    -0.000000    -0.000000    -0.000000    -0.000000    -0.000000    -0.000000    -0.000000    -0.000000    1.000000    0.000000    0.000000    
131.052774    -0.000000    1.000000    0.000000    0.000000    0.000000    0.000000    0.000000    0.000000    0.000000    0.000000    0.000000    
150.002415    -0.000000    -0.000000    -0.000000    -0.000000    -0.000000    -0.000000    -0.000000    -0.000000    -0.000000    1.000000    0.000000    
207.640905    1.000000    0.000000    0.000000    0.000000    0.000000    0.000000    0.000000    0.000000    0.000000    0.000000    0.000000    
231.327955    0.000000    0.000000    0.000000    0.000000    0.000000    0.000000    0.000000    0.000000    0.000000    0.000000    1.000000    

0.575959
0.165864    -0.000000    -0.000000    -0.000000    -0.000000    -0.000000    1.000000    0.000000    0.000000    0.000000    0.000000    0.000000    
6.526276    -0.000000    -0.000000    -0.000000    -0.000000    1.000000    0.000000    0.000000    0.000000    0.000000    0.000000    0.000000    
11.351416    -0.000000    -0.000000    -0.000000    -0.000000    -0.000000    -0.000000    1.000000    0.000000    0.000000    0.000000    0.000000    
30.432651    -0.000000    -0.000000    -0.000000    1.000000    0.000000    0.000000    0.000000    0.000000    0.000000    0.000000    0.000000    
40.082931    -0.000000    -0.000000    -0.000000    -0.000000    -0.000000    -0.000000    -0.000000    1.000000    0.000000    0.000000    0.000000    
71.884989    -0.000000    -0.000000    1.000000    0.000000    0.000000    0.000000    0.000000    0.000000    0.000000    0.000000    0.000000    
86.360409    -0.000000    -0.000000    -0.000000    -0.000000    -0.000000    -0.000000    -0.000000    -0.000000    1.000000    0.000000    0.000000    
130.883291    -0.000000    1.000000    0.000000    0.000000    0.000000    0.000000    0.000000    0.000000    0.000000    0.000000    0.000000    
150.183851    -0.000000    -0.000000    -0.000000    -0.000000    -0.000000    -0.000000    -0.000000    -0.000000    -0.000000    1.000000    0.000000    
207.427557    1.000000    0.000000    0.000000    0.000000    0.000000    0.000000    0.000000    0.000000    0.000000    0.000000    0.000000    
231.553256    0.000000    0.000000    0.000000    0.000000    0.000000    0.000000    0.000000    0.000000    0.000000    0.000000    1.000000    

0.586431
0.171950    -0.000000    -0.000000    -0.000000    -0.000000    -0.000000    1.000000    0.000000    0.000000    0.000000    0.000000    0.000000    
6.488497    -0.000000    -0.000000    -0.000000    -0.000000    1.000000    0.000000    0.000000    0.000000    0.000000    0.000000    0.000000    
11.401367    -0.000000    -0.000000    -0.000000    -0.000000    -0.000000    -0.000000    1.000000    0.000000    0.000000    0.000000    0.000000    
30.351007    -0.000000    -0.000000    -0.000000    1.000000    0.000000    0.000000    0.000000    0.000000    0.000000    0.000000    0.000000    
40.176747    -0.000000    -0.000000    -0.000000    -0.000000    -0.000000    -0.000000    -0.000000    1.000000    0.000000    0.000000    0.000000    
71.759481    -0.000000    -0.000000    1.000000    0.000000    0.000000    0.000000    0.000000    0.000000    0.000000    0.000000    0.000000    
86.498090    -0.000000    -0.000000    -0.000000    -0.000000    -0.000000    -0.000000    -0.000000    -0.000000    1.000000    0.000000    0.000000    
130.713918    -0.000000    1.000000    0.000000    0.000000    0.000000    0.000000    0.000000    0.000000    0.000000    0.000000    0.000000    
150.365397    -0.000000    -0.000000    -0.000000    -0.000000    -0.000000    -0.000000    -0.000000    -0.000000    -0.000000    1.000000    0.000000    
207.214318    1.000000    0.000000    0.000000    0.000000    0.000000    0.000000    0.000000    0.000000    0.000000    0.000000    0.000000    
231.778667    0.000000    0.000000    0.000000    0.000000    0.000000    0.000000    0.000000    0.000000    0.000000    0.000000    1.000000    

0.596903
0.178146    -0.000000    -0.000000    -0.000000    -0.000000    -0.000000    1.000000    0.000000    0.000000    0.000000    0.000000    0.000000    
6.450828    -0.000000    -0.000000    -0.000000    -0.000000    1.000000    0.000000    0.000000    0.000000    0.000000    0.000000    0.000000    
11.451428    -0.000000    -0.000000    -0.000000    -0.000000    -0.000000    -0.000000    1.000000    0.000000    0.000000    0.000000    0.000000    
30.269474    -0.000000    -0.000000    -0.000000    1.000000    0.000000    0.000000    0.000000    0.000000    0.000000    0.000000    0.000000    
40.270673    -0.000000    -0.000000    -0.000000    -0.000000    -0.000000    -0.000000    -0.000000    1.000000    0.000000    0.000000    0.000000    
71.634082    -0.000000    -0.000000    1.000000    0.000000    0.000000    0.000000    0.000000    0.000000    0.000000    0.000000    0.000000    
86.635881    -0.000000    -0.000000    -0.000000    -0.000000    -0.000000    -0.000000    -0.000000    -0.000000    1.000000    0.000000    0.000000    
130.544654    -0.000000    1.000000    0.000000    0.000000    0.000000    0.000000    0.000000    0.000000    0.000000    0.000000    0.000000    
150.547053    -0.000000    -0.000000    -0.000000    -0.000000    -0.000000    -0.000000    -0.000000    -0.000000    -0.000000    1.000000    0.000000    
207.001190    1.000000    0.000000    0.000000    0.000000    0.000000    0.000000    0.000000    0.000000    0.000000    0.000000    0.000000    
232.004188    0.000000    0.000000    0.000000    0.000000    0.000000    0.000000    0.000000    0.000000    0.000000    0.000000    1.000000    

0.607375
0.184452    -0.000000    -0.000000    -0.000000    -0.000000    -0.000000    1.000000    0.000000    0.000000    0.000000    0.000000    0.000000    
6.413269    -0.000000    -0.000000    -0.000000    -0.000000    1.000000    0.000000    0.000000    0.000000    0.000000    0.000000    0.000000    
11.501598    -0.000000    -0.000000    -0.000000    -0.000000    -0.000000    -0.000000    1.000000    0.000000    0.000000    0.000000    0.000000    
30.188049    -0.000000    -0.000000    -0.000000    1.000000    0.000000    0.000000    0.000000    0.000000    0.000000    0.000000    0.000000    
40.364708    -0.000000    -0.000000    -0.000000    -0.000000    -0.000000    -0.000000    -0.000000    1.000000    0.000000    0.000000    0.000000    
71.508793    -0.000000    -0.000000    1.000000    0.000000    0.000000    0.000000    0.000000    0.000000    0.000000    0.000000    0.000000    
86.773781    -0.000000    -0.000000    -0.000000    -0.000000    -0.000000    -0.000000    -0.000000    -0.000000    1.000000    0.000000    0.000000    
130.375500    -0.000000    1.000000    0.000000    0.000000    0.000000    0.000000    0.000000    0.000000    0.000000    0.000000    0.000000    
150.728818    -0.000000    -0.000000    -0.000000    -0.000000    -0.000000    -0.000000    -0.000000    -0.000000    -0.000000    1.000000    0.000000    
206.788171    1.000000    0.000000    0.000000    0.000000    0.000000    0.000000    0.000000    0.000000    0.000000    0.000000    0.000000    
232.229818    0.000000    0.000000    0.000000    0.000000    0.000000    0.000000    0.000000    0.000000    0.000000    0.000000    1.000000    

0.617847
0.190867    -0.000000    -0.000000    -0.000000    -0.000000    -0.000000    1.000000    0.000000    0.000000    0.000000    0.000000    0.000000    
6.375819    -0.000000    -0.000000    -0.000000    -0.000000    1.000000    0.000000    0.000000    0.000000    0.000000    0.000000    0.000000    
11.551878    -0.000000    -0.000000    -0.000000    -0.000000    -0.000000    -0.000000    1.000000    0.000000    0.000000    0.000000    0.000000    
30.106735    -0.000000    -0.000000    -0.000000    1.000000    0.000000    0.000000    0.000000    0.000000    0.000000    0.000000    0.000000    
40.458853    -0.000000    -0.000000    -0.000000    -0.000000    -0.000000    -0.000000    -0.000000    1.000000    0.000000    0.000000    0.000000    
71.383614    -0.000000    -0.000000    1.000000    0.000000    0.000000    0.000000    0.000000    0.000000    0.000000    0.000000    0.000000    
86.911791    -0.000000    -0.000000    -0.000000    -0.000000    -0.000000    -0.000000    -0.000000    -0.000000    1.000000    0.000000    0.000000    
130.206456    -0.000000    1.000000    0.000000    0.000000    0.000000    0.000000    0.000000    0.000000    0.000000    0.000000    0.000000    
150.910693    -0.000000    -0.000000    -0.000000    -0.000000    -0.000000    -0.000000    -0.000000    -0.000000    -0.000000    1.000000    0.000000    
206.575261    1.000000    0.000000    0.000000    0.000000    0.000000    0.000000    0.000000    0.000000    0.000000    0.000000    0.000000    
232.455557    0.000000    0.000000    0.000000    0.000000    0.000000    0.000000    0.000000    0.000000    0.000000    0.000000    1.000000    

0.628319
0.197392    -0.000000    -0.000000    -0.000000    -0.000000    -0.000000    1.000000    0.000000    0.000000    0.000000    0.000000    0.000000    
6.338479    -0.000000    -0.000000    -0.000000    -0.000000    1.000000    0.000000    0.000000    0.000000    0.000000    0.000000    0.000000    
11.602268    -0.000000    -0.000000    -0.000000    -0.000000    -0.000000    -0.000000    1.000000    0.000000    0.000000    0.000000    0.000000    
30.025530    -0.000000    -0.000000    -0.000000    1.000000    0.000000    0.000000    0.000000    0.000000    0.000000    0.000000    0.000000    
40.553108    -0.000000    -0.000000    -0.000000    -0.000000    -0.000000    -0.000000    -0.000000    1.000000    0.000000    0.000000    0.000000    
71.258544    -0.000000    -0.000000    1.000000    0.000000    0.000000    0.000000    0.000000    0.000000    0.000000    0.000000    0.000000    
87.049911    -0.000000    -0.000000    -0.000000    -0.000000    -0.000000    -0.000000    -0.000000    -0.000000    1.000000    0.000000    0.000000    
130.037521    -0.000000    1.000000    0.000000    0.000000    0.000000    0.000000    0.000000    0.000000    0.000000    0.000000    0.000000    
151.092677    -0.000000    -0.000000    -0.000000    -0.000000    -0.000000    -0.000000    -0.000000    -0.000000    -0.000000    1.000000    0.000000    
206.362462    1.000000    0.000000    0.000000    0.000000    0.000000    0.000000    0.000000    0.000000    0.000000    0.000000    0.000000    
232.681407    0.000000    0.000000    0.000000    0.000000    0.000000    0.000000    0.000000    0.000000    0.000000    0.000000    1.000000    

0.638791
0.204027    -0.000000    -0.000000    -0.000000    -0.000000    -0.000000    1.000000    0.000000    0.000000    0.000000    0.000000    0.000000    
6.301249    -0.000000    -0.000000    -0.000000    -0.000000    1.000000    0.000000    0.000000    0.000000    0.000000    0.000000    0.000000    
11.652768    -0.000000    -0.000000    -0.000000    -0.000000    -0.000000    -0.000000    1.000000    0.000000    0.000000    0.000000    0.000000    
29.944435    -0.000000    -0.000000    -0.000000    1.000000    0.000000    0.000000    0.000000    0.000000    0.000000    0.000000    0.000000    
40.647472    -0.000000    -0.000000    -0.000000    -0.000000    -0.000000    -0.000000    -0.000000    1.000000    0.000000    0.000000    0.000000    
71.133584    -0.000000    -0.000000    1.000000    0.000000    0.000000    0.000000    0.000000    0.000000    0.000000    0.000000    0.000000    
87.188140    -0.000000    -0.000000    -0.000000    -0.000000    -0.000000    -0.000000    -0.000000    -0.000000    1.000000    0.000000    0.000000    
129.868696    -0.000000    1.000000    0.000000    0.000000    0.000000    0.000000    0.000000    0.000000    0.000000    0.000000    0.000000    
151.274771    -0.000000    -0.000000    -0.000000    -0.000000    -0.000000    -0.000000    -0.000000    -0.000000    -0.000000    1.000000    0.000000    
206.149772    1.000000    0.000000    0.000000    0.000000    0.000000    0.000000    0.000000    0.000000    0.000000    0.000000    0.000000    
232.907366    0.000000    0.000000    0.000000    0.000000    0.000000    0.000000    0.000000    0.000000    0.000000    0.000000    1.000000    

0.649262
0.210771    -0.000000    -0.000000    -0.000000    -0.000000    -0.000000    1.000000    0.000000    0.000000    0.000000    0.000000    0.000000    
6.264128    -0.000000    -0.000000    -0.000000    -0.000000    1.000000    0.000000    0.000000    0.000000    0.000000    0.000000    0.000000    
11.703377    -0.000000    -0.000000    -0.000000    -0.000000    -0.000000    -0.000000    1.000000    0.000000    0.000000    0.000000    0.000000    
29.863449    -0.000000    -0.000000    -0.000000    1.000000    0.000000    0.000000    0.000000    0.000000    0.000000    0.000000    0.000000    
40.741946    -0.000000    -0.000000    -0.000000    -0.000000    -0.000000    -0.000000    -0.000000    1.000000    0.000000    0.000000    0.000000    
71.008733    -0.000000    -0.000000    1.000000    0.000000    0.000000    0.000000    0.000000    0.000000    0.000000    0.000000    0.000000    
87.326479    -0.000000    -0.000000    -0.000000    -0.000000    -0.000000    -0.000000    -0.000000    -0.000000    1.000000    0.000000    0.000000    
129.699981    -0.000000    1.000000    0.000000    0.000000    0.000000    0.000000    0.000000    0.000000    0.000000    0.000000    0.000000    
151.456975    -0.000000    -0.000000    -0.000000    -0.000000    -0.000000    -0.000000    -0.000000    -0.000000    -0.000000    1.000000    0.000000    
205.937192    1.000000    0.000000    0.000000    0.000000    0.000000    0.000000    0.000000    0.000000    0.000000    0.000000    0.000000    
233.133435    0.000000    0.000000    0.000000    0.000000    0.000000    0.000000    0.000000    0.000000    0.000000    0.000000    1.000000    

0.659734
0.217625    -0.000000    -0.000000    -0.000000    -0.000000    -0.000000    1.000000    0.000000    0.000000    0.000000    0.000000    0.000000    
6.227117    -0.000000    -0.000000    -0.000000    -0.000000    1.000000    0.000000    0.000000    0.000000    0.000000    0.000000    0.000000    
11.754096    -0.000000    -0.000000    -0.000000    -0.000000    -0.000000    -0.000000    1.000000    0.000000    0.000000    0.000000    0.000000    
29.782573    -0.000000    -0.000000    -0.000000    1.000000    0.000000    0.000000    0.000000    0.000000    0.000000    0.000000    0.000000    
40.836530    -0.000000    -0.000000    -0.000000    -0.000000    -0.000000    -0.000000    -0.000000    1.000000    0.000000    0.000000    0.000000    
70.883992    -0.000000    -0.000000    1.000000    0.000000    0.000000    0.000000    0.000000    0.000000    0.000000    0.000000    0.000000    
87.464928    -0.000000    -0.000000    -0.000000    -0.000000    -0.000000    -0.000000    -0.000000    -0.000000    1.000000    0.000000    0.000000    
129.531375    -0.000000    1.000000    0.000000    0.000000    0.000000    0.000000    0.000000    0.000000    0.000000    0.000000    0.000000    
151.639289    -0.000000    -0.000000    -0.000000    -0.000000    -0.000000    -0.000000    -0.000000    -0.000000    -0.000000    1.000000    0.000000    
205.724721    1.000000    0.000000    0.000000    0.000000    0.000000    0.000000    0.000000    0.000000    0.000000    0.000000    0.000000    
233.359613    0.000000    0.000000    0.000000    0.000000    0.000000    0.000000    0.000000    0.000000    0.000000    0.000000    1.000000    

0.670206
0.224588    -0.000000    -0.000000    -0.000000    -0.000000    -0.000000    1.000000    0.000000    0.000000    0.000000    0.000000    0.000000    
6.190216    -0.000000    -0.000000    -0.000000    -0.000000    1.000000    0.000000    0.000000    0.000000    0.000000    0.000000    0.000000    
11.804924    -0.000000    -0.000000    -0.000000    -0.000000    -0.000000    -0.000000    1.000000    0.000000    0.000000    0.000000    0.000000    
29.701807    -0.000000    -0.000000    -0.000000    1.000000    0.000000    0.000000    0.000000    0.000000    0.000000    0.000000    0.000000    
40.931223    -0.000000    -0.000000    -0.000000    -0.000000    -0.000000    -0.000000    -0.000000    1.000000    0.000000    0.000000    0.000000    
70.759361    -0.000000    -0.000000    1.000000    0.000000    0.000000    0.000000    0.000000    0.000000    0.000000    0.000000    0.000000    
87.603486    -0.000000    -0.000000    -0.000000    -0.000000    -0.000000    -0.000000    -0.000000    -0.000000    1.000000    0.000000    0.000000    
129.362879    -0.000000    1.000000    0.000000    0.000000    0.000000    0.000000    0.000000    0.000000    0.000000    0.000000    0.000000    
151.821712    -0.000000    -0.000000    -0.000000    -0.000000    -0.000000    -0.000000    -0.000000    -0.000000    -0.000000    1.000000    0.000000    
205.512360    1.000000    0.000000    0.000000    0.000000    0.000000    0.000000    0.000000    0.000000    0.000000    0.000000    0.000000    
233.585901    0.000000    0.000000    0.000000    0.000000    0.000000    0.000000    0.000000    0.000000    0.000000    0.000000    1.000000    

0.680678
0.231662    -0.000000    -0.000000    -0.000000    -0.000000    -0.000000    1.000000    0.000000    0.000000    0.000000    0.000000    0.000000    
6.153424    -0.000000    -0.000000    -0.000000    -0.000000    1.000000    0.000000    0.000000    0.000000    0.000000    0.000000    0.000000    
11.855862    -0.000000    -0.000000    -0.000000    -0.000000    -0.000000    -0.000000    1.000000    0.000000    0.000000    0.000000    0.000000    
29.621150    -0.000000    -0.000000    -0.000000    1.000000    0.000000    0.000000    0.000000    0.000000    0.000000    0.000000    0.000000    
41.026026    -0.000000    -0.000000    -0.000000    -0.000000    -0.000000    -0.000000    -0.000000    1.000000    0.000000    0.000000    0.000000    
70.634840    -0.000000    -0.000000    1.000000    0.000000    0.000000    0.000000    0.000000    0.000000    0.000000    0.000000    0.000000    
87.742154    -0.000000    -0.000000    -0.000000    -0.000000    -0.000000    -0.000000    -0.000000    -0.000000    1.000000    0.000000    0.000000    
129.194492    -0.000000    1.000000    0.000000    0.000000    0.000000    0.000000    0.000000    0.000000    0.000000    0.000000    0.000000    
152.004245    -0.000000    -0.000000    -0.000000    -0.000000    -0.000000    -0.000000    -0.000000    -0.000000    -0.000000    1.000000    0.000000    
205.300109    1.000000    0.000000    0.000000    0.000000    0.000000    0.000000    0.000000    0.000000    0.000000    0.000000    0.000000    
233.812299    0.000000    0.000000    0.000000    0.000000    0.000000    0.000000    0.000000    0.000000    0.000000    0.000000    1.000000    

0.691150
0.238844    -0.000000    -0.000000    -0.000000    -0.000000    -0.000000    1.000000    0.000000    0.000000    0.000000    0.000000    0.000000    
6.116742    -0.000000    -0.000000    -0.000000    -0.000000    1.000000    0.000000    0.000000    0.000000    0.000000    0.000000    0.000000    
11.906910    -0.000000    -0.000000    -0.000000    -0.000000    -0.000000    -0.000000    1.000000    0.000000    0.000000    0.000000    0.000000    
29.540603    -0.000000    -0.000000    -0.000000    1.000000    0.000000    0.000000    0.000000    0.000000    0.000000    0.000000    0.000000    
41.120939    -0.000000    -0.000000    -0.000000    -0.000000    -0.000000    -0.000000    -0.000000    1.000000    0.000000    0.000000    0.000000    
70.510428    -0.000000    -0.000000    1.000000    0.000000    0.000000    0.000000    0.000000    0.000000    0.000000    0.000000    0.000000    
87.880932    -0.000000    -0.000000    -0.000000    -0.000000    -0.000000    -0.000000    -0.000000    -0.000000    1.000000    0.000000    0.000000    
129.026216    -0.000000    1.000000    0.000000    0.000000    0.000000    0.000000    0.000000    0.000000    0.000000    0.000000    0.000000    
152.186887    -0.000000    -0.000000    -0.000000    -0.000000    -0.000000    -0.000000    -0.000000    -0.000000    -0.000000    1.000000    0.000000    
205.087967    1.000000    0.000000    0.000000    0.000000    0.000000    0.000000    0.000000    0.000000    0.000000    0.000000    0.000000    
234.038806    0.000000    0.000000    0.000000    0.000000    0.000000    0.000000    0.000000    0.000000    0.000000    0.000000    1.000000    

0.701622
0.246137    -0.000000    -0.000000    -0.000000    -0.000000    -0.000000    1.000000    0.000000    0.000000    0.000000    0.000000    0.000000    
6.080170    -0.000000    -0.000000    -0.000000    -0.000000    1.000000    0.000000    0.000000    0.000000    0.000000    0.000000    0.000000    
11.958068    -0.000000    -0.000000    -0.000000    -0.000000    -0.000000    -0.000000    1.000000    0.000000    0.000000    0.000000    0.000000    
29.460166    -0.000000    -0.000000    -0.000000    1.000000    0.000000    0.000000    0.000000    0.000000    0.000000    0.000000    0.000000    
41.215961    -0.000000    -0.000000    -0.000000    -0.000000    -0.000000    -0.000000    -0.000000    1.000000    0.000000    0.000000    0.000000    
70.386126    -0.000000    -0.000000    1.000000    0.000000    0.000000    0.000000    0.000000    0.000000    0.000000    0.000000    0.000000    
88.019819    -0.000000    -0.000000    -0.000000    -0.000000    -0.000000    -0.000000    -0.000000    -0.000000    1.000000    0.000000    0.000000    
128.858049    -0.000000    1.000000    0.000000    0.000000    0.000000    0.000000    0.000000    0.000000    0.000000    0.000000    0.000000    
152.369639    -0.000000    -0.000000    -0.000000    -0.000000    -0.000000    -0.000000    -0.000000    -0.000000    -0.000000    1.000000    0.000000    
204.875935    1.000000    0.000000    0.000000    0.000000    0.000000    0.000000    0.000000    0.000000    0.000000    0.000000    0.000000    
234.265424    0.000000    0.000000    0.000000    0.000000    0.000000    0.000000    0.000000    0.000000    0.000000    0.000000    1.000000    

0.712094
0.253539    -0.000000    -0.000000    -0.000000    -0.000000    -0.000000    1.000000    0.000000    0.000000    0.000000    0.000000    0.000000    
6.043707    -0.000000    -0.000000    -0.000000    -0.000000    1.000000    0.000000    0.000000    0.000000    0.000000    0.000000    0.000000    
12.009335    -0.000000    -0.000000    -0.000000    -0.000000    -0.000000    -0.000000    1.000000    0.000000    0.000000    0.000000    0.000000    
29.379838    -0.000000    -0.000000    -0.000000    1.000000    0.000000    0.000000    0.000000    0.000000    0.000000    0.000000    0.000000    
41.311093    -0.000000    -0.000000    -0.000000    -0.000000    -0.000000    -0.000000    -0.000000    1.000000    0.000000    0.000000    0.000000    
70.261933    -0.000000    -0.000000    1.000000    0.000000    0.000000    0.000000    0.000000    0.000000    0.000000    0.000000    0.000000    
88.158816    -0.000000    -0.000000    -0.000000    -0.000000    -0.000000    -0.000000    -0.000000    -0.000000    1.000000    0.000000    0.000000    
128.689991    -0.000000    1.000000    0.000000    0.000000    0.000000    0.000000    0.000000    0.000000    0.000000    0.000000    0.000000    
152.552501    -0.000000    -0.000000    -0.000000    -0.000000    -0.000000    -0.000000    -0.000000    -0.000000    -0.000000    1.000000    0.000000    
204.664013    1.000000    0.000000    0.000000    0.000000    0.000000    0.000000    0.000000    0.000000    0.000000    0.000000    0.000000    
234.492150    0.000000    0.000000    0.000000    0.000000    0.000000    0.000000    0.000000    0.000000    0.000000    0.000000    1.000000    

0.722566
0.261051    -0.000000    -0.000000    -0.000000    -0.000000    -0.000000    1.000000    0.000000    0.000000    0.000000    0.000000    0.000000    
6.007354    -0.000000    -0.000000    -0.000000    -0.000000    1.000000    0.000000    0.000000    0.000000    0.000000    0.000000    0.000000    
12.060711    -0.000000    -0.000000    -0.000000    -0.000000    -0.000000    -0.000000    1.000000    0.000000    0.000000    0.000000    0.000000    
29.299620    -0.000000    -0.000000    -0.000000    1.000000    0.000000    0.000000    0.000000    0.000000    0.000000    0.000000    0.000000    
41.406335    -0.000000    -0.000000    -0.000000    -0.000000    -0.000000    -0.000000    -0.000000    1.000000    0.000000    0.000000    0.000000    
70.137850    -0.000000    -0.000000    1.000000    0.000000    0.000000    0.000000    0.000000    0.000000    0.000000    0.000000    0.000000    
88.297922    -0.000000    -0.000000    -0.000000    -0.000000    -0.000000    -0.000000    -0.000000    -0.000000    1.000000    0.000000    0.000000    
128.522043    -0.000000    1.000000    0.000000    0.000000    0.000000    0.000000    0.000000    0.000000    0.000000    0.000000    0.000000    
152.735473    -0.000000    -0.000000    -0.000000    -0.000000    -0.000000    -0.000000    -0.000000    -0.000000    -0.000000    1.000000    0.000000    
204.452200    1.000000    0.000000    0.000000    0.000000    0.000000    0.000000    0.000000    0.000000    0.000000    0.000000    0.000000    
234.718987    0.000000    0.000000    0.000000    0.000000    0.000000    0.000000    0.000000    0.000000    0.000000    0.000000    1.000000    

0.733038
0.268673    -0.000000    -0.000000    -0.000000    -0.000000    -0.000000    1.000000    0.000000    0.000000    0.000000    0.000000    0.000000    
5.971111    -0.000000    -0.000000    -0.000000    -0.000000    1.000000    0.000000    0.000000    0.000000    0.000000    0.000000    0.000000    
12.112198    -0.000000    -0.000000    -0.000000    -0.000000    -0.000000    -0.000000    1.000000    0.000000    0.000000    0.000000    0.000000    
29.219512    -0.000000    -0.000000    -0.000000    1.000000    0.000000    0.000000    0.000000    0.000000    0.000000    0.000000    0.000000    
41.501687    -0.000000    -0.000000    -0.000000    -0.000000    -0.000000    -0.000000    -0.000000    1.000000    0.000000    0.000000    0.000000    
70.013877    -0.000000    -0.000000    1.000000    0.000000    0.000000    0.000000    0.000000    0.000000    0.000000    0.000000    0.000000    
88.437139    -0.000000    -0.000000    -0.000000    -0.000000    -0.000000    -0.000000    -0.000000    -0.000000    1.000000    0.000000    0.000000    
128.354205    -0.000000    1.000000    0.000000    0.000000    0.000000    0.000000    0.000000    0.000000    0.000000    0.000000    0.000000    
152.918554    -0.000000    -0.000000    -0.000000    -0.000000    -0.000000    -0.000000    -0.000000    -0.000000    -0.000000    1.000000    0.000000    
204.240497    1.000000    0.000000    0.000000    0.000000    0.000000    0.000000    0.000000    0.000000    0.000000    0.000000    0.000000    
234.945933    0.000000    0.000000    0.000000    0.000000    0.000000    0.000000    0.000000    0.000000    0.000000    0.000000    1.000000    

0.743510
0.276404    -0.000000    -0.000000    -0.000000    -0.000000    -0.000000    1.000000    0.000000    0.000000    0.000000    0.000000    0.000000    
5.934977    -0.000000    -0.000000    -0.000000    -0.000000    1.000000    0.000000    0.000000    0.000000    0.000000    0.000000    0.000000    
12.163794    -0.000000    -0.000000    -0.000000    -0.000000    -0.000000    -0.000000    1.000000    0.000000    0.000000    0.000000    0.000000    
29.139514    -0.000000    -0.000000    -0.000000    1.000000    0.000000    0.000000    0.000000    0.000000    0.000000    0.000000    0.000000    
41.597148    -0.000000    -0.000000    -0.000000    -0.000000    -0.000000    -0.000000    -0.000000    1.000000    0.000000    0.000000    0.000000    
69.890013    -0.000000    -0.000000    1.000000    0.000000    0.000000    0.000000    0.000000    0.000000    0.000000    0.000000    0.000000    
88.576464    -0.000000    -0.000000    -0.000000    -0.000000    -0.000000    -0.000000    -0.000000    -0.000000    1.000000    0.000000    0.000000    
128.186477    -0.000000    1.000000    0.000000    0.000000    0.000000    0.000000    0.000000    0.000000    0.000000    0.000000    0.000000    
153.101745    -0.000000    -0.000000    -0.000000    -0.000000    -0.000000    -0.000000    -0.000000    -0.000000    -0.000000    1.000000    0.000000    
204.028904    1.000000    0.000000    0.000000    0.000000    0.000000    0.000000    0.000000    0.000000    0.000000    0.000000    0.000000    
235.172989    0.000000    0.000000    0.000000    0.000000    0.000000    0.000000    0.000000    0.000000    0.000000    0.000000    1.000000    

0.753982
0.284245    -0.000000    -0.000000    -0.000000    -0.000000    -0.000000    1.000000    0.000000    0.000000    0.000000    0.000000    0.000000    
5.898953    -0.000000    -0.000000    -0.000000    -0.000000    1.000000    0.000000    0.000000    0.000000    0.000000    0.000000    0.000000    
12.215500    -0.000000    -0.000000    -0.000000    -0.000000    -0.000000    -0.000000    1.000000    0.000000    0.000000    0.000000    0.000000    
29.059625    -0.000000    -0.000000    -0.000000    1.000000    0.000000    0.000000    0.000000    0.000000    0.000000    0.000000    0.000000    
41.692718    -0.000000    -0.000000    -0.000000    -0.000000    -0.000000    -0.000000    -0.000000    1.000000    0.000000    0.000000    0.000000    
69.766260    -0.000000    -0.000000    1.000000    0.000000    0.000000    0.000000    0.000000    0.000000    0.000000    0.000000    0.000000    
88.715900    -0.000000    -0.000000    -0.000000    -0.000000    -0.000000    -0.000000    -0.000000    -0.000000    1.000000    0.000000    0.000000    
128.018858    -0.000000    1.000000    0.000000    0.000000    0.000000    0.000000    0.000000    0.000000    0.000000    0.000000    0.000000    
153.285045    -0.000000    -0.000000    -0.000000    -0.000000    -0.000000    -0.000000    -0.000000    -0.000000    -0.000000    1.000000    0.000000    
203.817420    1.000000    0.000000    0.000000    0.000000    0.000000    0.000000    0.000000    0.000000    0.000000    0.000000    0.000000    
235.400154    0.000000    0.000000    0.000000    0.000000    0.000000    0.000000    0.000000    0.000000    0.000000    0.000000    1.000000    

0.764454
0.292195    -0.000000    -0.000000    -0.000000    -0.000000    -0.000000    1.000000    0.000000    0.000000    0.000000    0.000000    0.000000    
5.863038    -0.000000    -0.000000    -0.000000    -0.000000    1.000000    0.000000    0.000000    0.000000    0.000000    0.000000    0.000000    
12.267315    -0.000000    -0.000000    -0.000000    -0.000000    -0.000000    -0.000000    1.000000    0.000000    0.000000    0.000000    0.000000    
28.979845    -0.000000    -0.000000    -0.000000    1.000000    0.000000    0.000000    0.000000    0.000000    0.000000    0.000000    0.000000    
41.788399    -0.000000    -0.000000    -0.000000    -0.000000    -0.000000    -0.000000    -0.000000    1.000000    0.000000    0.000000    0.000000    
69.642615    -0.000000    -0.000000    1.000000    0.000000    0.000000    0.000000    0.000000    0.000000    0.000000    0.000000    0.000000    
88.855445    -0.000000    -0.000000    -0.000000    -0.000000    -0.000000    -0.000000    -0.000000    -0.000000    1.000000    0.000000    0.000000    
127.851349    -0.000000    1.000000    0.000000    0.000000    0.000000    0.000000    0.000000    0.000000    0.000000    0.000000    0.000000    
153.468455    -0.000000    -0.000000    -0.000000    -0.000000    -0.000000    -0.000000    -0.000000    -0.000000    -0.000000    1.000000    0.000000    
203.606046    1.000000    0.000000    0.000000    0.000000    0.000000    0.000000    0.000000    0.000000    0.000000    0.000000    0.000000    
235.627429    0.000000    0.000000    0.000000    0.000000    0.000000    0.000000    0.000000    0.000000    0.000000    0.000000    1.000000    

0.774926
0.300255    -0.000000    -0.000000    -0.000000    -0.000000    -0.000000    1.000000    0.000000    0.000000    0.000000    0.000000    0.000000    
5.827234    -0.000000    -0.000000    -0.000000    -0.000000    1.000000    0.000000    0.000000    0.000000    0.000000    0.000000    0.000000    
12.319240    -0.000000    -0.000000    -0.000000    -0.000000    -0.000000    -0.000000    1.000000    0.000000    0.000000    0.000000    0.000000    
28.900176    -0.000000    -0.000000    -0.000000    1.000000    0.000000    0.000000    0.000000    0.000000    0.000000    0.000000    0.000000    
41.884189    -0.000000    -0.000000    -0.000000    -0.000000    -0.000000    -0.000000    -0.000000    1.000000    0.000000    0.000000    0.000000    
69.519081    -0.000000    -0.000000    1.000000    0.000000    0.000000    0.000000    0.000000    0.000000    0.000000    0.000000    0.000000    
88.995100    -0.000000    -0.000000    -0.000000    -0.000000    -0.000000    -0.000000    -0.000000    -0.000000    1.000000    0.000000    0.000000    
127.683949    -0.000000    1.000000    0.000000    0.000000    0.000000    0.000000    0.000000    0.000000    0.000000    0.000000    0.000000    
153.651975    -0.000000    -0.000000    -0.000000    -0.000000    -0.000000    -0.000000    -0.000000    -0.000000    -0.000000    1.000000    0.000000    
203.394781    1.000000    0.000000    0.000000    0.000000    0.000000    0.000000    0.000000    0.000000    0.000000    0.000000    0.000000    
235.854814    0.000000    0.000000    0.000000    0.000000    0.000000    0.000000    0.000000    0.000000    0.000000    0.000000    1.000000    

0.785398
0.308425    -0.000000    -0.000000    -0.000000    -0.000000    -0.000000    1.000000    0.000000    0.000000    0.000000    0.000000    0.000000    
5.791539    -0.000000    -0.000000    -0.000000    -0.000000    1.000000    0.000000    0.000000    0.000000    0.000000    0.000000    0.000000    
12.371275    -0.000000    -0.000000    -0.000000    -0.000000    -0.000000    -0.000000    1.000000    0.000000    0.000000    0.000000    0.000000    
28.820616    -0.000000    -0.000000    -0.000000    1.000000    0.000000    0.000000    0.000000    0.000000    0.000000    0.000000    0.000000    
41.980088    -0.000000    -0.000000    -0.000000    -0.000000    -0.000000    -0.000000    -0.000000    1.000000    0.000000    0.000000    0.000000    
69.395656    -0.000000    -0.000000    1.000000    0.000000    0.000000    0.000000    0.000000    0.000000    0.000000    0.000000    0.000000    
89.134865    -0.000000    -0.000000    -0.000000    -0.000000    -0.000000    -0.000000    -0.000000    -0.000000    1.000000    0.000000    0.000000    
127.516660    -0.000000    1.000000    0.000000    0.000000    0.000000    0.000000    0.000000    0.000000    0.000000    0.000000    0.000000    
153.835605    -0.000000    -0.000000    -0.000000    -0.000000    -0.000000    -0.000000    -0.000000    -0.000000    -0.000000    1.000000    0.000000    
203.183627    1.000000    0.000000    0.000000    0.000000    0.000000    0.000000    0.000000    0.000000    0.000000    0.000000    0.000000    
236.082308    0.000000    0.000000    0.000000    0.000000    0.000000    0.000000    0.000000    0.000000    0.000000    0.000000    1.000000    

0.795870
0.316705    -0.000000    -0.000000    -0.000000    -0.000000    -0.000000    1.000000    0.000000    0.000000    0.000000    0.000000    0.000000    
5.755953    -0.000000    -0.000000    -0.000000    -0.000000    1.000000    0.000000    0.000000    0.000000    0.000000    0.000000    0.000000    
12.423419    -0.000000    -0.000000    -0.000000    -0.000000    -0.000000    -0.000000    1.000000    0.000000    0.000000    0.000000    0.000000    
28.741165    -0.000000    -0.000000    -0.000000    1.000000    0.000000    0.000000    0.000000    0.000000    0.000000    0.000000    0.000000    
42.076097    -0.000000    -0.000000    -0.000000    -0.000000    -0.000000    -0.000000    -0.000000    1.000000    0.000000    0.000000    0.000000    
69.272341    -0.000000    -0.000000    1.000000    0.000000    0.000000    0.000000    0.000000    0.000000    0.000000    0.000000    0.000000    
89.274739    -0.000000    -0.000000    -0.000000    -0.000000    -0.000000    -0.000000    -0.000000    -0.000000    1.000000    0.000000    0.000000    
127.349480    -0.000000    1.000000    0.000000    0.000000    0.000000    0.000000    0.000000    0.000000    0.000000    0.000000    0.000000    
154.019344    -0.000000    -0.000000    -0.000000    -0.000000    -0.000000    -0.000000    -0.000000    -0.000000    -0.000000    1.000000    0.000000    
202.972582    1.000000    0.000000    0.000000    0.000000    0.000000    0.000000    0.000000    0.000000    0.000000    0.000000    0.000000    
236.309912    0.000000    0.000000    0.000000    0.000000    0.000000    0.000000    0.000000    0.000000    0.000000    0.000000    1.000000    

0.806342
0.325094    -0.000000    -0.000000    -0.000000    -0.000000    -0.000000    1.000000    0.000000    0.000000    0.000000    0.000000    0.000000    
5.720478    -0.000000    -0.000000    -0.000000    -0.000000    1.000000    0.000000    0.000000    0.000000    0.000000    0.000000    0.000000    
12.475673    -0.000000    -0.000000    -0.000000    -0.000000    -0.000000    -0.000000    1.000000    0.000000    0.000000    0.000000    0.000000    
28.661825    -0.000000    -0.000000    -0.000000    1.000000    0.000000    0.000000    0.000000    0.000000    0.000000    0.000000    0.000000    
42.172216    -0.000000    -0.000000    -0.000000    -0.000000    -0.000000    -0.000000    -0.000000    1.000000    0.000000    0.000000    0.000000    
69.149135    -0.000000    -0.000000    1.000000    0.000000    0.000000    0.000000    0.000000    0.000000    0.000000    0.000000    0.000000    
89.414723    -0.000000    -0.000000    -0.000000    -0.000000    -0.000000    -0.000000    -0.000000    -0.000000    1.000000    0.000000    0.000000    
127.182409    -0.000000    1.000000    0.000000    0.000000    0.000000    0.000000    0.000000    0.000000    0.000000    0.000000    0.000000    
154.203193    -0.000000    -0.000000    -0.000000    -0.000000    -0.000000    -0.000000    -0.000000    -0.000000    -0.000000    1.000000    0.000000    
202.761646    1.000000    0.000000    0.000000    0.000000    0.000000    0.000000    0.000000    0.000000    0.000000    0.000000    0.000000    
236.537626    0.000000    0.000000    0.000000    0.000000    0.000000    0.000000    0.000000    0.000000    0.000000    0.000000    1.000000    

0.816814
0.333593    -0.000000    -0.000000    -0.000000    -0.000000    -0.000000    1.000000    0.000000    0.000000    0.000000    0.000000    0.000000    
5.685111    -0.000000    -0.000000    -0.000000    -0.000000    1.000000    0.000000    0.000000    0.000000    0.000000    0.000000    0.000000    
12.528037    -0.000000    -0.000000    -0.000000    -0.000000    -0.000000    -0.000000    1.000000    0.000000    0.000000    0.000000    0.000000    
28.582594    -0.000000    -0.000000    -0.000000    1.000000    0.000000    0.000000    0.000000    0.000000    0.000000    0.000000    0.000000    
42.268445    -0.000000    -0.000000    -0.000000    -0.000000    -0.000000    -0.000000    -0.000000    1.000000    0.000000    0.000000    0.000000    
69.026039    -0.000000    -0.000000    1.000000    0.000000    0.000000    0.000000    0.000000    0.000000    0.000000    0.000000    0.000000    
89.554816    -0.000000    -0.000000    -0.000000    -0.000000    -0.000000    -0.000000    -0.000000    -0.000000    1.000000    0.000000    0.000000    
127.015448    -0.000000    1.000000    0.000000    0.000000    0.000000    0.000000    0.000000    0.000000    0.000000    0.000000    0.000000    
154.387151    -0.000000    -0.000000    -0.000000    -0.000000    -0.000000    -0.000000    -0.000000    -0.000000    -0.000000    1.000000    0.000000    
202.550821    1.000000    0.000000    0.000000    0.000000    0.000000    0.000000    0.000000    0.000000    0.000000    0.000000    0.000000    
236.765449    0.000000    0.000000    0.000000    0.000000    0.000000    0.000000    0.000000    0.000000    0.000000    0.000000    1.000000    

0.827286
0.342201    -0.000000    -0.000000    -0.000000    -0.000000    -0.000000    1.000000    0.000000    0.000000    0.000000    0.000000    0.000000    
5.649855    -0.000000    -0.000000    -0.000000    -0.000000    1.000000    0.000000    0.000000    0.000000    0.000000    0.000000    0.000000    
12.580511    -0.000000    -0.000000    -0.000000    -0.000000    -0.000000    -0.000000    1.000000    0.000000    0.000000    0.000000    0.000000    
28.503472    -0.000000    -0.000000    -0.000000    1.000000    0.000000    0.000000    0.000000    0.000000    0.000000    0.000000    0.000000    
42.364783    -0.000000    -0.000000    -0.000000    -0.000000    -0.000000    -0.000000    -0.000000    1.000000    0.000000    0.000000    0.000000    
68.903053    -0.000000    -0.000000    1.000000    0.000000    0.000000    0.000000    0.000000    0.000000    0.000000    0.000000    0.000000    
89.695020    -0.000000    -0.000000    -0.000000    -0.000000    -0.000000    -0.000000    -0.000000    -0.000000    1.000000    0.000000    0.000000    
126.848597    -0.000000    1.000000    0.000000    0.000000    0.000000    0.000000    0.000000    0.000000    0.000000    0.000000    0.000000    
154.571219    -0.000000    -0.000000    -0.000000    -0.000000    -0.000000    -0.000000    -0.000000    -0.000000    -0.000000    1.000000    0.000000    
202.340105    1.000000    0.000000    0.000000    0.000000    0.000000    0.000000    0.000000    0.000000    0.000000    0.000000    0.000000    
236.993382    0.000000    0.000000    0.000000    0.000000    0.000000    0.000000    0.000000    0.000000    0.000000    0.000000    1.000000    

0.837758
0.350919    -0.000000    -0.000000    -0.000000    -0.000000    -0.000000    1.000000    0.000000    0.000000    0.000000    0.000000    0.000000    
5.614708    -0.000000    -0.000000    -0.000000    -0.000000    1.000000    0.000000    0.000000    0.000000    0.000000    0.000000    0.000000    
12.633094    -0.000000    -0.000000    -0.000000    -0.000000    -0.000000    -0.000000    1.000000    0.000000    0.000000    0.000000    0.000000    
28.424461    -0.000000    -0.000000    -0.000000    1.000000    0.000000    0.000000    0.000000    0.000000    0.000000    0.000000    0.000000    
42.461231    -0.000000    -0.000000    -0.000000    -0.000000    -0.000000    -0.000000    -0.000000    1.000000    0.000000    0.000000    0.000000    
68.780176    -0.000000    -0.000000    1.000000    0.000000    0.000000    0.000000    0.000000    0.000000    0.000000    0.000000    0.000000    
89.835333    -0.000000    -0.000000    -0.000000    -0.000000    -0.000000    -0.000000    -0.000000    -0.000000    1.000000    0.000000    0.000000    
126.681856    -0.000000    1.000000    0.000000    0.000000    0.000000    0.000000    0.000000    0.000000    0.000000    0.000000    0.000000    
154.755397    -0.000000    -0.000000    -0.000000    -0.000000    -0.000000    -0.000000    -0.000000    -0.000000    -0.000000    1.000000    0.000000    
202.129498    1.000000    0.000000    0.000000    0.000000    0.000000    0.000000    0.000000    0.000000    0.000000    0.000000    0.000000    
237.221425    0.000000    0.000000    0.000000    0.000000    0.000000    0.000000    0.000000    0.000000    0.000000    0.000000    1.000000    

0.848230
0.359747    -0.000000    -0.000000    -0.000000    -0.000000    -0.000000    1.000000    0.000000    0.000000    0.000000    0.000000    0.000000    
5.579671    -0.000000    -0.000000    -0.000000    -0.000000    1.000000    0.000000    0.000000    0.000000    0.000000    0.000000    0.000000    
12.685786    -0.000000    -0.000000    -0.000000    -0.000000    -0.000000    -0.000000    1.000000    0.000000    0.000000    0.000000    0.000000    
28.345559    -0.000000    -0.000000    -0.000000    1.000000    0.000000    0.000000    0.000000    0.000000    0.000000    0.000000    0.000000    
42.557789    -0.000000    -0.000000    -0.000000    -0.000000    -0.000000    -0.000000    -0.000000    1.000000    0.000000    0.000000    0.000000    
68.657410    -0.000000    -0.000000    1.000000    0.000000    0.000000    0.000000    0.000000    0.000000    0.000000    0.000000    0.000000    
89.975755    -0.000000    -0.000000    -0.000000    -0.000000    -0.000000    -0.000000    -0.000000    -0.000000    1.000000    0.000000    0.000000    
126.515224    -0.000000    1.000000    0.000000    0.000000    0.000000    0.000000    0.000000    0.000000    0.000000    0.000000    0.000000    
154.939684    -0.000000    -0.000000    -0.000000    -0.000000    -0.000000    -0.000000    -0.000000    -0.000000    -0.000000    1.000000    0.000000    
201.919001    1.000000    0.000000    0.000000    0.000000    0.000000    0.000000    0.000000    0.000000    0.000000    0.000000    0.000000    
237.449577    0.000000    0.000000    0.000000    0.000000    0.000000    0.000000    0.000000    0.000000    0.000000    0.000000    1.000000    

0.858702
0.368685    -0.000000    -0.000000    -0.000000    -0.000000    -0.000000    1.000000    0.000000    0.000000    0.000000    0.000000    0.000000    
5.544744    -0.000000    -0.000000    -0.000000    -0.000000    1.000000    0.000000    0.000000    0.000000    0.000000    0.000000    0.000000    
12.738589    -0.000000    -0.000000    -0.000000    -0.000000    -0.000000    -0.000000    1.000000    0.000000    0.000000    0.000000    0.000000    
28.266766    -0.000000    -0.000000    -0.000000    1.000000    0.000000    0.000000    0.000000    0.000000    0.000000    0.000000    0.000000    
42.654456    -0.000000    -0.000000    -0.000000    -0.000000    -0.000000    -0.000000    -0.000000    1.000000    0.000000    0.000000    0.000000    
68.534752    -0.000000    -0.000000    1.000000    0.000000    0.000000    0.000000    0.000000    0.000000    0.000000    0.000000    0.000000    
90.116287    -0.000000    -0.000000    -0.000000    -0.000000    -0.000000    -0.000000    -0.000000    -0.000000    1.000000    0.000000    0.000000    
126.348702    -0.000000    1.000000    0.000000    0.000000    0.000000    0.000000    0.000000    0.000000    0.000000    0.000000    0.000000    
155.124082    -0.000000    -0.000000    -0.000000    -0.000000    -0.000000    -0.000000    -0.000000    -0.000000    -0.000000    1.000000    0.000000    
201.708614    1.000000    0.000000    0.000000    0.000000    0.000000    0.000000    0.000000    0.000000    0.000000    0.000000    0.000000    
237.677839    0.000000    0.000000    0.000000    0.000000    0.000000    0.000000    0.000000    0.000000    0.000000    0.000000    1.000000    

0.869174
0.377732    -0.000000    -0.000000    -0.000000    -0.000000    -0.000000    1.000000    0.000000    0.000000    0.000000    0.000000    0.000000    
5.509926    -0.000000    -0.000000    -0.000000    -0.000000    1.000000    0.000000    0.000000    0.000000    0.000000    0.000000    0.000000    
12.791501    -0.000000    -0.000000    -0.000000    -0.000000    -0.000000    -0.000000    1.000000    0.000000    0.000000    0.000000    0.000000    
28.188084    -0.000000    -0.000000    -0.000000    1.000000    0.000000    0.000000    0.000000    0.000000    0.000000    0.000000    0.000000    
42.751233    -0.000000    -0.000000    -0.000000    -0.000000    -0.000000    -0.000000    -0.000000    1.000000    0.000000    0.000000    0.000000    
68.412205    -0.000000    -0.000000    1.000000    0.000000    0.000000    0.000000    0.000000    0.000000    0.000000    0.000000    0.000000    
90.256929    -0.000000    -0.000000    -0.000000    -0.000000    -0.000000    -0.000000    -0.000000    -0.000000    1.000000    0.000000    0.000000    
126.182289    -0.000000    1.000000    0.000000    0.000000    0.000000    0.000000    0.000000    0.000000    0.000000    0.000000    0.000000    
155.308588    -0.000000    -0.000000    -0.000000    -0.000000    -0.000000    -0.000000    -0.000000    -0.000000    -0.000000    1.000000    0.000000    
201.498337    1.000000    0.000000    0.000000    0.000000    0.000000    0.000000    0.000000    0.000000    0.000000    0.000000    0.000000    
237.906211    0.000000    0.000000    0.000000    0.000000    0.000000    0.000000    0.000000    0.000000    0.000000    0.000000    1.000000    

0.879646
0.386888    -0.000000    -0.000000    -0.000000    -0.000000    -0.000000    1.000000    0.000000    0.000000    0.000000    0.000000    0.000000    
5.475218    -0.000000    -0.000000    -0.000000    -0.000000    1.000000    0.000000    0.000000    0.000000    0.000000    0.000000    0.000000    
12.844522    -0.000000    -0.000000    -0.000000    -0.000000    -0.000000    -0.000000    1.000000    0.000000    0.000000    0.000000    0.000000    
28.109511    -0.000000    -0.000000    -0.000000    1.000000    0.000000    0.000000    0.000000    0.000000    0.000000    0.000000    0.000000    
42.848120    -0.000000    -0.000000    -0.000000    -0.000000    -0.000000    -0.000000    -0.000000    1.000000    0.000000    0.000000    0.000000    
68.289767    -0.000000    -0.000000    1.000000    0.000000    0.000000    0.000000    0.000000    0.000000    0.000000    0.000000    0.000000    
90.397681    -0.000000    -0.000000    -0.000000    -0.000000    -0.000000    -0.000000    -0.000000    -0.000000    1.000000    0.000000    0.000000    
126.015986    -0.000000    1.000000    0.000000    0.000000    0.000000    0.000000    0.000000    0.000000    0.000000    0.000000    0.000000    
155.493205    -0.000000    -0.000000    -0.000000    -0.000000    -0.000000    -0.000000    -0.000000    -0.000000    -0.000000    1.000000    0.000000    
201.288169    1.000000    0.000000    0.000000    0.000000    0.000000    0.000000    0.000000    0.000000    0.000000    0.000000    0.000000    
238.134692    0.000000    0.000000    0.000000    0.000000    0.000000    0.000000    0.000000    0.000000    0.000000    0.000000    1.000000    

0.890118
0.396155    -0.000000    -0.000000    -0.000000    -0.000000    -0.000000    1.000000    0.000000    0.000000    0.000000    0.000000    0.000000    
5.440619    -0.000000    -0.000000    -0.000000    -0.000000    1.000000    0.000000    0.000000    0.000000    0.000000    0.000000    0.000000    
12.897654    -0.000000    -0.000000    -0.000000    -0.000000    -0.000000    -0.000000    1.000000    0.000000    0.000000    0.000000    0.000000    
28.031047    -0.000000    -0.000000    -0.000000    1.000000    0.000000    0.000000    0.000000    0.000000    0.000000    0.000000    0.000000    
42.945116    -0.000000    -0.000000    -0.000000    -0.000000    -0.000000    -0.000000    -0.000000    1.000000    0.000000    0.000000    0.000000    
68.167439    -0.000000    -0.000000    1.000000    0.000000    0.000000    0.000000    0.000000    0.000000    0.000000    0.000000    0.000000    
90.538542    -0.000000    -0.000000    -0.000000    -0.000000    -0.000000    -0.000000    -0.000000    -0.000000    1.000000    0.000000    0.000000    
125.849793    -0.000000    1.000000    0.000000    0.000000    0.000000    0.000000    0.000000    0.000000    0.000000    0.000000    0.000000    
155.677931    -0.000000    -0.000000    -0.000000    -0.000000    -0.000000    -0.000000    -0.000000    -0.000000    -0.000000    1.000000    0.000000    
201.078111    1.000000    0.000000    0.000000    0.000000    0.000000    0.000000    0.000000    0.000000    0.000000    0.000000    0.000000    
238.363283    0.000000    0.000000    0.000000    0.000000    0.000000    0.000000    0.000000    0.000000    0.000000    0.000000    1.000000    

0.900590
0.405531    -0.000000    -0.000000    -0.000000    -0.000000    -0.000000    1.000000    0.000000    0.000000    0.000000    0.000000    0.000000    
5.406131    -0.000000    -0.000000    -0.000000    -0.000000    1.000000    0.000000    0.000000    0.000000    0.000000    0.000000    0.000000    
12.950895    -0.000000    -0.000000    -0.000000    -0.000000    -0.000000    -0.000000    1.000000    0.000000    0.000000    0.000000    0.000000    
27.952694    -0.000000    -0.000000    -0.000000    1.000000    0.000000    0.000000    0.000000    0.000000    0.000000    0.000000    0.000000    
43.042222    -0.000000    -0.000000    -0.000000    -0.000000    -0.000000    -0.000000    -0.000000    1.000000    0.000000    0.000000    0.000000    
68.045220    -0.000000    -0.000000    1.000000    0.000000    0.000000    0.000000    0.000000    0.000000    0.000000    0.000000    0.000000    
90.679513    -0.000000    -0.000000    -0.000000    -0.000000    -0.000000    -0.000000    -0.000000    -0.000000    1.000000    0.000000    0.000000    
125.683710    -0.000000    1.000000    0.000000    0.000000    0.000000    0.000000    0.000000    0.000000    0.000000    0.000000    0.000000    
155.862767    -0.000000    -0.000000    -0.000000    -0.000000    -0.000000    -0.000000    -0.000000    -0.000000    -0.000000    1.000000    0.000000    
200.868163    1.000000    0.000000    0.000000    0.000000    0.000000    0.000000    0.000000    0.000000    0.000000    0.000000    0.000000    
238.591984    0.000000    0.000000    0.000000    0.000000    0.000000    0.000000    0.000000    0.000000    0.000000    0.000000    1.000000    

0.911062
0.415017    -0.000000    -0.000000    -0.000000    -0.000000    -0.000000    1.000000    0.000000    0.000000    0.000000    0.000000    0.000000    
5.371752    -0.000000    -0.000000    -0.000000    -0.000000    1.000000    0.000000    0.000000    0.000000    0.000000    0.000000    0.000000    
13.004246    -0.000000    -0.000000    -0.000000    -0.000000    -0.000000    -0.000000    1.000000    0.000000    0.000000    0.000000    0.000000    
27.874450    -0.000000    -0.000000    -0.000000    1.000000    0.000000    0.000000    0.000000    0.000000    0.000000    0.000000    0.000000    
43.139438    -0.000000    -0.000000    -0.000000    -0.000000    -0.000000    -0.000000    -0.000000    1.000000    0.000000    0.000000    0.000000    
67.923111    -0.000000    -0.000000    1.000000    0.000000    0.000000    0.000000    0.000000    0.000000    0.000000    0.000000    0.000000    
90.820593    -0.000000    -0.000000    -0.000000    -0.000000    -0.000000    -0.000000    -0.000000    -0.000000    1.000000    0.000000    0.000000    
125.517736    -0.000000    1.000000    0.000000    0.000000    0.000000    0.000000    0.000000    0.000000    0.000000    0.000000    0.000000    
156.047712    -0.000000    -0.000000    -0.000000    -0.000000    -0.000000    -0.000000    -0.000000    -0.000000    -0.000000    1.000000    0.000000    
200.658324    1.000000    0.000000    0.000000    0.000000    0.000000    0.000000    0.000000    0.000000    0.000000    0.000000    0.000000    
238.820794    0.000000    0.000000    0.000000    0.000000    0.000000    0.000000    0.000000    0.000000    0.000000    0.000000    1.000000    

0.921534
0.424612    -0.000000    -0.000000    -0.000000    -0.000000    -0.000000    1.000000    0.000000    0.000000    0.000000    0.000000    0.000000    
5.337482    -0.000000    -0.000000    -0.000000    -0.000000    1.000000    0.000000    0.000000    0.000000    0.000000    0.000000    0.000000    
13.057706    -0.000000    -0.000000    -0.000000    -0.000000    -0.000000    -0.000000    1.000000    0.000000    0.000000    0.000000    0.000000    
27.796315    -0.000000    -0.000000    -0.000000    1.000000    0.000000    0.000000    0.000000    0.000000    0.000000    0.000000    0.000000    
43.236763    -0.000000    -0.000000    -0.000000    -0.000000    -0.000000    -0.000000    -0.000000    1.000000    0.000000    0.000000    0.000000    
67.801112    -0.000000    -0.000000    1.000000    0.000000    0.000000    0.000000    0.000000    0.000000    0.000000    0.000000    0.000000    
90.961783    -0.000000    -0.000000    -0.000000    -0.000000    -0.000000    -0.000000    -0.000000    -0.000000    1.000000    0.000000    0.000000    
125.351872    -0.000000    1.000000    0.000000    0.000000    0.000000    0.000000    0.000000    0.000000    0.000000    0.000000    0.000000    
156.232767    -0.000000    -0.000000    -0.000000    -0.000000    -0.000000    -0.000000    -0.000000    -0.000000    -0.000000    1.000000    0.000000    
200.448595    1.000000    0.000000    0.000000    0.000000    0.000000    0.000000    0.000000    0.000000    0.000000    0.000000    0.000000    
239.049714    0.000000    0.000000    0.000000    0.000000    0.000000    0.000000    0.000000    0.000000    0.000000    0.000000    1.000000    

0.932006
0.434317    -0.000000    -0.000000    -0.000000    -0.000000    -0.000000    1.000000    0.000000    0.000000    0.000000    0.000000    0.000000    
5.303322    -0.000000    -0.000000    -0.000000    -0.000000    1.000000    0.000000    0.000000    0.000000    0.000000    0.000000    0.000000    
13.111276    -0.000000    -0.000000    -0.000000    -0.000000    -0.000000    -0.000000    1.000000    0.000000    0.000000    0.000000    0.000000    
27.718290    -0.000000    -0.000000    -0.000000    1.000000    0.000000    0.000000    0.000000    0.000000    0.000000    0.000000    0.000000    
43.334198    -0.000000    -0.000000    -0.000000    -0.000000    -0.000000    -0.000000    -0.000000    1.000000    0.000000    0.000000    0.000000    
67.679222    -0.000000    -0.000000    1.000000    0.000000    0.000000    0.000000    0.000000    0.000000    0.000000    0.000000    0.000000    
91.103083    -0.000000    -0.000000    -0.000000    -0.000000    -0.000000    -0.000000    -0.000000    -0.000000    1.000000    0.000000    0.000000    
125.186117    -0.000000    1.000000    0.000000    0.000000    0.000000    0.000000    0.000000    0.000000    0.000000    0.000000    0.000000    
156.417932    -0.000000    -0.000000    -0.000000    -0.000000    -0.000000    -0.000000    -0.000000    -0.000000    -0.000000    1.000000    0.000000    
200.238975    1.000000    0.000000    0.000000    0.000000    0.000000    0.000000    0.000000    0.000000    0.000000    0.000000    0.000000    
239.278744    0.000000    0.000000    0.000000    0.000000    0.000000    0.000000    0.000000    0.000000    0.000000    0.000000    1.000000    

0.942478
0.444132    -0.000000    -0.000000    -0.000000    -0.000000    -0.000000    1.000000    0.000000    0.000000    0.000000    0.000000    0.000000    
5.269272    -0.000000    -0.000000    -0.000000    -0.000000    1.000000    0.000000    0.000000    0.000000    0.000000    0.000000    0.000000    
13.164956    -0.000000    -0.000000    -0.000000    -0.000000    -0.000000    -0.000000    1.000000    0.000000    0.000000    0.000000    0.000000    
27.640375    -0.000000    -0.000000    -0.000000    1.000000    0.000000    0.000000    0.000000    0.000000    0.000000    0.000000    0.000000    
43.431742    -0.000000    -0.000000    -0.000000    -0.000000    -0.000000    -0.000000    -0.000000    1.000000    0.000000    0.000000    0.000000    
67.557442    -0.000000    -0.000000    1.000000    0.000000    0.000000    0.000000    0.000000    0.000000    0.000000    0.000000    0.000000    
91.244493    -0.000000    -0.000000    -0.000000    -0.000000    -0.000000    -0.000000    -0.000000    -0.000000    1.000000    0.000000    0.000000    
125.020472    -0.000000    1.000000    0.000000    0.000000    0.000000    0.000000    0.000000    0.000000    0.000000    0.000000    0.000000    
156.603206    -0.000000    -0.000000    -0.000000    -0.000000    -0.000000    -0.000000    -0.000000    -0.000000    -0.000000    1.000000    0.000000    
200.029466    1.000000    0.000000    0.000000    0.000000    0.000000    0.000000    0.000000    0.000000    0.000000    0.000000    0.000000    
239.507883    0.000000    0.000000    0.000000    0.000000    0.000000    0.000000    0.000000    0.000000    0.000000    0.000000    1.000000    

0.952950
0.454057    -0.000000    -0.000000    -0.000000    -0.000000    -0.000000    1.000000    0.000000    0.000000    0.000000    0.000000    0.000000    
5.235332    -0.000000    -0.000000    -0.000000    -0.000000    1.000000    0.000000    0.000000    0.000000    0.000000    0.000000    0.000000    
13.218745    -0.000000    -0.000000    -0.000000    -0.000000    -0.000000    -0.000000    1.000000    0.000000    0.000000    0.000000    0.000000    
27.562570    -0.000000    -0.000000    -0.000000    1.000000    0.000000    0.000000    0.000000    0.000000    0.000000    0.000000    0.000000    
43.529397    -0.000000    -0.000000    -0.000000    -0.000000    -0.000000    -0.000000    -0.000000    1.000000    0.000000    0.000000    0.000000    
67.435772    -0.000000    -0.000000    1.000000    0.000000    0.000000    0.000000    0.000000    0.000000    0.000000    0.000000    0.000000    
91.386012    -0.000000    -0.000000    -0.000000    -0.000000    -0.000000    -0.000000    -0.000000    -0.000000    1.000000    0.000000    0.000000    
124.854937    -0.000000    1.000000    0.000000    0.000000    0.000000    0.000000    0.000000    0.000000    0.000000    0.000000    0.000000    
156.788590    -0.000000    -0.000000    -0.000000    -0.000000    -0.000000    -0.000000    -0.000000    -0.000000    -0.000000    1.000000    0.000000    
199.820066    1.000000    0.000000    0.000000    0.000000    0.000000    0.000000    0.000000    0.000000    0.000000    0.000000    0.000000    
239.737132    0.000000    0.000000    0.000000    0.000000    0.000000    0.000000    0.000000    0.000000    0.000000    0.000000    1.000000    

0.963422
0.464091    -0.000000    -0.000000    -0.000000    -0.000000    -0.000000    1.000000    0.000000    0.000000    0.000000    0.000000    0.000000    
5.201501    -0.000000    -0.000000    -0.000000    -0.000000    1.000000    0.000000    0.000000    0.000000    0.000000    0.000000    0.000000    
13.272644    -0.000000    -0.000000    -0.000000    -0.000000    -0.000000    -0.000000    1.000000    0.000000    0.000000    0.000000    0.000000    
27.484874    -0.000000    -0.000000    -0.000000    1.000000    0.000000    0.000000    0.000000    0.000000    0.000000    0.000000    0.000000    
43.627161    -0.000000    -0.000000    -0.000000    -0.000000    -0.000000    -0.000000    -0.000000    1.000000    0.000000    0.000000    0.000000    
67.314211    -0.000000    -0.000000    1.000000    0.000000    0.000000    0.000000    0.000000    0.000000    0.000000    0.000000    0.000000    
91.527641    -0.000000    -0.000000    -0.000000    -0.000000    -0.000000    -0.000000    -0.000000    -0.000000    1.000000    0.000000    0.000000    
124.689511    -0.000000    1.000000    0.000000    0.000000    0.000000    0.000000    0.000000    0.000000    0.000000    0.000000    0.000000    
156.974084    -0.000000    -0.000000    -0.000000    -0.000000    -0.000000    -0.000000    -0.000000    -0.000000    -0.000000    1.000000    0.000000    
199.610775    1.000000    0.000000    0.000000    0.000000    0.000000    0.000000    0.000000    0.000000    0.000000    0.000000    0.000000    
239.966491    0.000000    0.000000    0.000000    0.000000    0.000000    0.000000    0.000000    0.000000    0.000000    0.000000    1.000000    

0.973894
0.474234    -0.000000    -0.000000    -0.000000    -0.000000    -0.000000    1.000000    0.000000    0.000000    0.000000    0.000000    0.000000    
5.167780    -0.000000    -0.000000    -0.000000    -0.000000    1.000000    0.000000    0.000000    0.000000    0.000000    0.000000    0.000000    
13.326653    -0.000000    -0.000000    -0.000000    -0.000000    -0.000000    -0.000000    1.000000    0.000000    0.000000    0.000000    0.000000    
27.407288    -0.000000    -0.000000    -0.000000    1.000000    0.000000    0.000000    0.000000    0.000000    0.000000    0.000000    0.000000    
43.725034    -0.000000    -0.000000    -0.000000    -0.000000    -0.000000    -0.000000    -0.000000    1.000000    0.000000    0.000000    0.000000    
67.192760    -0.000000    -0.000000    1.000000    0.000000    0.000000    0.000000    0.000000    0.000000    0.000000    0.000000    0.000000    
91.669379    -0.000000    -0.000000    -0.000000    -0.000000    -0.000000    -0.000000    -0.000000    -0.000000    1.000000    0.000000    0.000000    
124.524196    -0.000000    1.000000    0.000000    0.000000    0.000000    0.000000    0.000000    0.000000    0.000000    0.000000    0.000000    
157.159687    -0.000000    -0.000000    -0.000000    -0.000000    -0.000000    -0.000000    -0.000000    -0.000000    -0.000000    1.000000    0.000000    
199.401594    1.000000    0.000000    0.000000    0.000000    0.000000    0.000000    0.000000    0.000000    0.000000    0.000000    0.000000    
240.195959    0.000000    0.000000    0.000000    0.000000    0.000000    0.000000    0.000000    0.000000    0.000000    0.000000    1.000000    

0.984366
0.484488    -0.000000    -0.000000    -0.000000    -0.000000    -0.000000    1.000000    0.000000    0.000000    0.000000    0.000000    0.000000    
5.134168    -0.000000    -0.000000    -0.000000    -0.000000    1.000000    0.000000    0.000000    0.000000    0.000000    0.000000    0.000000    
13.380771    -0.000000    -0.000000    -0.000000    -0.000000    -0.000000    -0.000000    1.000000    0.000000    0.000000    0.000000    0.000000    
27.329812    -0.000000    -0.000000    -0.000000    1.000000    0.000000    0.000000    0.000000    0.000000    0.000000    0.000000    0.000000    
43.823017    -0.000000    -0.000000    -0.000000    -0.000000    -0.000000    -0.000000    -0.000000    1.000000    0.000000    0.000000    0.000000    
67.071419    -0.000000    -0.000000    1.000000    0.000000    0.000000    0.000000    0.000000    0.000000    0.000000    0.000000    0.000000    
91.811227    -0.000000    -0.000000    -0.000000    -0.000000    -0.000000    -0.000000    -0.000000    -0.000000    1.000000    0.000000    0.000000    
124.358989    -0.000000    1.000000    0.000000    0.000000    0.000000    0.000000    0.000000    0.000000    0.000000    0.000000    0.000000    
157.345401    -0.000000    -0.000000    -0.000000    -0.000000    -0.000000    -0.000000    -0.000000    -0.000000    -0.000000    1.000000    0.000000    
199.192523    1.000000    0.000000    0.000000    0.000000    0.000000    0.000000    0.000000    0.000000    0.000000    0.000000    0.000000    
240.425537    0.000000    0.000000    0.000000    0.000000    0.000000    0.000000    0.000000    0.000000    0.000000    0.000000    1.000000    

0.994838
0.494851    -0.000000    -0.000000    -0.000000    -0.000000    -0.000000    1.000000    0.000000    0.000000    0.000000    0.000000    0.000000    
5.100666    -0.000000    -0.000000    -0.000000    -0.000000    1.000000    0.000000    0.000000    0.000000    0.000000    0.000000    0.000000    
13.434999    -0.000000    -0.000000    -0.000000    -0.000000    -0.000000    -0.000000    1.000000    0.000000    0.000000    0.000000    0.000000    
27.252445    -0.000000    -0.000000    -0.000000    1.000000    0.000000    0.000000    0.000000    0.000000    0.000000    0.000000    0.000000    
43.921110    -0.000000    -0.000000    -0.000000    -0.000000    -0.000000    -0.000000    -0.000000    1.000000    0.000000    0.000000    0.000000    
66.950187    -0.000000    -0.000000    1.000000    0.000000    0.000000    0.000000    0.000000    0.000000    0.000000    0.000000    0.000000    
91.953185    -0.000000    -0.000000    -0.000000    -0.000000    -0.000000    -0.000000    -0.000000    -0.000000    1.000000    0.000000    0.000000    
124.193893    -0.000000    1.000000    0.000000    0.000000    0.000000    0.000000    0.000000    0.000000    0.000000    0.000000    0.000000    
157.531223    -0.000000    -0.000000    -0.000000    -0.000000    -0.000000    -0.000000    -0.000000    -0.000000    -0.000000    1.000000    0.000000    
198.983562    1.000000    0.000000    0.000000    0.000000    0.000000    0.000000    0.000000    0.000000    0.000000    0.000000    0.000000    
240.655225    0.000000    0.000000    0.000000    0.000000    0.000000    0.000000    0.000000    0.000000    0.000000    0.000000    1.000000    

1.005310
0.505324    -0.000000    -0.000000    -0.000000    -0.000000    -0.000000    1.000000    0.000000    0.000000    0.000000    0.000000    0.000000    
5.067274    -0.000000    -0.000000    -0.000000    -0.000000    1.000000    0.000000    0.000000    0.000000    0.000000    0.000000    0.000000    
13.489337    -0.000000    -0.000000    -0.000000    -0.000000    -0.000000    -0.000000    1.000000    0.000000    0.000000    0.000000    0.000000    
27.175188    -0.000000    -0.000000    -0.000000    1.000000    0.000000    0.000000    0.000000    0.000000    0.000000    0.000000    0.000000    
44.019313    -0.000000    -0.000000    -0.000000    -0.000000    -0.000000    -0.000000    -0.000000    1.000000    0.000000    0.000000    0.000000    
66.829065    -0.000000    -0.000000    1.000000    0.000000    0.000000    0.000000    0.000000    0.000000    0.000000    0.000000    0.000000    
92.095253    -0.000000    -0.000000    -0.000000    -0.000000    -0.000000    -0.000000    -0.000000    -0.000000    1.000000    0.000000    0.000000    
124.028906    -0.000000    1.000000    0.000000    0.000000    0.000000    0.000000    0.000000    0.000000    0.000000    0.000000    0.000000    
157.717156    -0.000000    -0.000000    -0.000000    -0.000000    -0.000000    -0.000000    -0.000000    -0.000000    -0.000000    1.000000    0.000000    
198.774710    1.000000    0.000000    0.000000    0.000000    0.000000    0.000000    0.000000    0.000000    0.000000    0.000000    0.000000    
240.885022    0.000000    0.000000    0.000000    0.000000    0.000000    0.000000    0.000000    0.000000    0.000000    0.000000    1.000000    

1.015782
0.515906    -0.000000    -0.000000    -0.000000    -0.000000    -0.000000    1.000000    0.000000    0.000000    0.000000    0.000000    0.000000    
5.033992    -0.000000    -0.000000    -0.000000    -0.000000    1.000000    0.000000    0.000000    0.000000    0.000000    0.000000    0.000000    
13.543784    -0.000000    -0.000000    -0.000000    -0.000000    -0.000000    -0.000000    1.000000    0.000000    0.000000    0.000000    0.000000    
27.098041    -0.000000    -0.000000    -0.000000    1.000000    0.000000    0.000000    0.000000    0.000000    0.000000    0.000000    0.000000    
44.117625    -0.000000    -0.000000    -0.000000    -0.000000    -0.000000    -0.000000    -0.000000    1.000000    0.000000    0.000000    0.000000    
66.708053    -0.000000    -0.000000    1.000000    0.000000    0.000000    0.000000    0.000000    0.000000    0.000000    0.000000    0.000000    
92.237430    -0.000000    -0.000000    -0.000000    -0.000000    -0.000000    -0.000000    -0.000000    -0.000000    1.000000    0.000000    0.000000    
123.864029    -0.000000    1.000000    0.000000    0.000000    0.000000    0.000000    0.000000    0.000000    0.000000    0.000000    0.000000    
157.903198    -0.000000    -0.000000    -0.000000    -0.000000    -0.000000    -0.000000    -0.000000    -0.000000    -0.000000    1.000000    0.000000    
198.565968    1.000000    0.000000    0.000000    0.000000    0.000000    0.000000    0.000000    0.000000    0.000000    0.000000    0.000000    
241.114929    0.000000    0.000000    0.000000    0.000000    0.000000    0.000000    0.000000    0.000000    0.000000    0.000000    1.000000    

1.026254
0.526598    -0.000000    -0.000000    -0.000000    -0.000000    -0.000000    1.000000    0.000000    0.000000    0.000000    0.000000    0.000000    
5.000819    -0.000000    -0.000000    -0.000000    -0.000000    1.000000    0.000000    0.000000    0.000000    0.000000    0.000000    0.000000    
13.598341    -0.000000    -0.000000    -0.000000    -0.000000    -0.000000    -0.000000    1.000000    0.000000    0.000000    0.000000    0.000000    
27.021003    -0.000000    -0.000000    -0.000000    1.000000    0.000000    0.000000    0.000000    0.000000    0.000000    0.000000    0.000000    
44.216047    -0.000000    -0.000000    -0.000000    -0.000000    -0.000000    -0.000000    -0.000000    1.000000    0.000000    0.000000    0.000000    
66.587150    -0.000000    -0.000000    1.000000    0.000000    0.000000    0.000000    0.000000    0.000000    0.000000    0.000000    0.000000    
92.379717    -0.000000    -0.000000    -0.000000    -0.000000    -0.000000    -0.000000    -0.000000    -0.000000    1.000000    0.000000    0.000000    
123.699261    -0.000000    1.000000    0.000000    0.000000    0.000000    0.000000    0.000000    0.000000    0.000000    0.000000    0.000000    
158.089349    -0.000000    -0.000000    -0.000000    -0.000000    -0.000000    -0.000000    -0.000000    -0.000000    -0.000000    1.000000    0.000000    
198.357335    1.000000    0.000000    0.000000    0.000000    0.000000    0.000000    0.000000    0.000000    0.000000    0.000000    0.000000    
241.344946    0.000000    0.000000    0.000000    0.000000    0.000000    0.000000    0.000000    0.000000    0.000000    0.000000    1.000000    

1.036726
0.537400    -0.000000    -0.000000    -0.000000    -0.000000    -0.000000    1.000000    0.000000    0.000000    0.000000    0.000000    0.000000    
4.967756    -0.000000    -0.000000    -0.000000    -0.000000    1.000000    0.000000    0.000000    0.000000    0.000000    0.000000    0.000000    
13.653008    -0.000000    -0.000000    -0.000000    -0.000000    -0.000000    -0.000000    1.000000    0.000000    0.000000    0.000000    0.000000    
26.944075    -0.000000    -0.000000    -0.000000    1.000000    0.000000    0.000000    0.000000    0.000000    0.000000    0.000000    0.000000    
44.314579    -0.000000    -0.000000    -0.000000    -0.000000    -0.000000    -0.000000    -0.000000    1.000000    0.000000    0.000000    0.000000    
66.466357    -0.000000    -0.000000    1.000000    0.000000    0.000000    0.000000    0.000000    0.000000    0.000000    0.000000    0.000000    
92.522113    -0.000000    -0.000000    -0.000000    -0.000000    -0.000000    -0.000000    -0.000000    -0.000000    1.000000    0.000000    0.000000    
123.534603    -0.000000    1.000000    0.000000    0.000000    0.000000    0.000000    0.000000    0.000000    0.000000    0.000000    0.000000    
158.275611    -0.000000    -0.000000    -0.000000    -0.000000    -0.000000    -0.000000    -0.000000    -0.000000    -0.000000    1.000000    0.000000    
198.148813    1.000000    0.000000    0.000000    0.000000    0.000000    0.000000    0.000000    0.000000    0.000000    0.000000    0.000000    
241.575072    0.000000    0.000000    0.000000    0.000000    0.000000    0.000000    0.000000    0.000000    0.000000    0.000000    1.000000    

1.047198
0.548311    -0.000000    -0.000000    -0.000000    -0.000000    -0.000000    1.000000    0.000000    0.000000    0.000000    0.000000    0.000000    
4.934802    -0.000000    -0.000000    -0.000000    -0.000000    1.000000    0.000000    0.000000    0.000000    0.000000    0.000000    0.000000    
13.707784    -0.000000    -0.000000    -0.000000    -0.000000    -0.000000    -0.000000    1.000000    0.000000    0.000000    0.000000    0.000000    
26.867256    -0.000000    -0.000000    -0.000000    1.000000    0.000000    0.000000    0.000000    0.000000    0.000000    0.000000    0.000000    
44.413220    -0.000000    -0.000000    -0.000000    -0.000000    -0.000000    -0.000000    -0.000000    1.000000    0.000000    0.000000    0.000000    
66.345674    -0.000000    -0.000000    1.000000    0.000000    0.000000    0.000000    0.000000    0.000000    0.000000    0.000000    0.000000    
92.664619    -0.000000    -0.000000    -0.000000    -0.000000    -0.000000    -0.000000    -0.000000    -0.000000    1.000000    0.000000    0.000000    
123.370055    -0.000000    1.000000    0.000000    0.000000    0.000000    0.000000    0.000000    0.000000    0.000000    0.000000    0.000000    
158.461982    -0.000000    -0.000000    -0.000000    -0.000000    -0.000000    -0.000000    -0.000000    -0.000000    -0.000000    1.000000    0.000000    
197.940399    1.000000    0.000000    0.000000    0.000000    0.000000    0.000000    0.000000    0.000000    0.000000    0.000000    0.000000    
241.805308    0.000000    0.000000    0.000000    0.000000    0.000000    0.000000    0.000000    0.000000    0.000000    0.000000    1.000000    

1.057670
0.559332    -0.000000    -0.000000    -0.000000    -0.000000    -0.000000    1.000000    0.000000    0.000000    0.000000    0.000000    0.000000    
4.901958    -0.000000    -0.000000    -0.000000    -0.000000    1.000000    0.000000    0.000000    0.000000    0.000000    0.000000    0.000000    
13.762670    -0.000000    -0.000000    -0.000000    -0.000000    -0.000000    -0.000000    1.000000    0.000000    0.000000    0.000000    0.000000    
26.790548    -0.000000    -0.000000    -0.000000    1.000000    0.000000    0.000000    0.000000    0.000000    0.000000    0.000000    0.000000    
44.511971    -0.000000    -0.000000    -0.000000    -0.000000    -0.000000    -0.000000    -0.000000    1.000000    0.000000    0.000000    0.000000    
66.225100    -0.000000    -0.000000    1.000000    0.000000    0.000000    0.000000    0.000000    0.000000    0.000000    0.000000    0.000000    
92.807235    -0.000000    -0.000000    -0.000000    -0.000000    -0.000000    -0.000000    -0.000000    -0.000000    1.000000    0.000000    0.000000    
123.205616    -0.000000    1.000000    0.000000    0.000000    0.000000    0.000000    0.000000    0.000000    0.000000    0.000000    0.000000    
158.648462    -0.000000    -0.000000    -0.000000    -0.000000    -0.000000    -0.000000    -0.000000    -0.000000    -0.000000    1.000000    0.000000    
197.732096    1.000000    0.000000    0.000000    0.000000    0.000000    0.000000    0.000000    0.000000    0.000000    0.000000    0.000000    
242.035653    0.000000    0.000000    0.000000    0.000000    0.000000    0.000000    0.000000    0.000000    0.000000    0.000000    1.000000    

1.068142
0.570463    -0.000000    -0.000000    -0.000000    -0.000000    -0.000000    1.000000    0.000000    0.000000    0.000000    0.000000    0.000000    
4.869224    -0.000000    -0.000000    -0.000000    -0.000000    1.000000    0.000000    0.000000    0.000000    0.000000    0.000000    0.000000    
13.817665    -0.000000    -0.000000    -0.000000    -0.000000    -0.000000    -0.000000    1.000000    0.000000    0.000000    0.000000    0.000000    
26.713949    -0.000000    -0.000000    -0.000000    1.000000    0.000000    0.000000    0.000000    0.000000    0.000000    0.000000    0.000000    
44.610831    -0.000000    -0.000000    -0.000000    -0.000000    -0.000000    -0.000000    -0.000000    1.000000    0.000000    0.000000    0.000000    
66.104636    -0.000000    -0.000000    1.000000    0.000000    0.000000    0.000000    0.000000    0.000000    0.000000    0.000000    0.000000    
92.949960    -0.000000    -0.000000    -0.000000    -0.000000    -0.000000    -0.000000    -0.000000    -0.000000    1.000000    0.000000    0.000000    
123.041288    -0.000000    1.000000    0.000000    0.000000    0.000000    0.000000    0.000000    0.000000    0.000000    0.000000    0.000000    
158.835053    -0.000000    -0.000000    -0.000000    -0.000000    -0.000000    -0.000000    -0.000000    -0.000000    -0.000000    1.000000    0.000000    
197.523902    1.000000    0.000000    0.000000    0.000000    0.000000    0.000000    0.000000    0.000000    0.000000    0.000000    0.000000    
242.266109    0.000000    0.000000    0.000000    0.000000    0.000000    0.000000    0.000000    0.000000    0.000000    0.000000    1.000000    

1.078613
0.581704    -0.000000    -0.000000    -0.000000    -0.000000    -0.000000    1.000000    0.000000    0.000000    0.000000    0.000000    0.000000    
4.836600    -0.000000    -0.000000    -0.000000    -0.000000    1.000000    0.000000    0.000000    0.000000    0.000000    0.000000    0.000000    
13.872771    -0.000000    -0.000000    -0.000000    -0.000000    -0.000000    -0.000000    1.000000    0.000000    0.000000    0.000000    0.000000    
26.637459    -0.000000    -0.000000    -0.000000    1.000000    0.000000    0.000000    0.000000    0.000000    0.000000    0.000000    0.000000    
44.709801    -0.000000    -0.000000    -0.000000    -0.000000    -0.000000    -0.000000    -0.000000    1.000000    0.000000    0.000000    0.000000    
65.984282    -0.000000    -0.000000    1.000000    0.000000    0.000000    0.000000    0.000000    0.000000    0.000000    0.000000    0.000000    
93.092795    -0.000000    -0.000000    -0.000000    -0.000000    -0.000000    -0.000000    -0.000000    -0.000000    1.000000    0.000000    0.000000    
122.877068    -0.000000    1.000000    0.000000    0.000000    0.000000    0.000000    0.000000    0.000000    0.000000    0.000000    0.000000    
159.021753    -0.000000    -0.000000    -0.000000    -0.000000    -0.000000    -0.000000    -0.000000    -0.000000    -0.000000    1.000000    0.000000    
197.315818    1.000000    0.000000    0.000000    0.000000    0.000000    0.000000    0.000000    0.000000    0.000000    0.000000    0.000000    
242.496674    0.000000    0.000000    0.000000    0.000000    0.000000    0.000000    0.000000    0.000000    0.000000    0.000000    1.000000    

1.089085
0.593054    -0.000000    -0.000000    -0.000000    -0.000000    -0.000000    1.000000    0.000000    0.000000    0.000000    0.000000    0.000000    
4.804085    -0.000000    -0.000000    -0.000000    -0.000000    1.000000    0.000000    0.000000    0.000000    0.000000    0.000000    0.000000    
13.927986    -0.000000    -0.000000    -0.000000    -0.000000    -0.000000    -0.000000    1.000000    0.000000    0.000000    0.000000    0.000000    
26.561079    -0.000000    -0.000000    -0.000000    1.000000    0.000000    0.000000    0.000000    0.000000    0.000000    0.000000    0.000000    
44.808881    -0.000000    -0.000000    -0.000000    -0.000000    -0.000000    -0.000000    -0.000000    1.000000    0.000000    0.000000    0.000000    
65.864037    -0.000000    -0.000000    1.000000    0.000000    0.000000    0.000000    0.000000    0.000000    0.000000    0.000000    0.000000    
93.235740    -0.000000    -0.000000    -0.000000    -0.000000    -0.000000    -0.000000    -0.000000    -0.000000    1.000000    0.000000    0.000000    
122.712959    -0.000000    1.000000    0.000000    0.000000    0.000000    0.000000    0.000000    0.000000    0.000000    0.000000    0.000000    
159.208563    -0.000000    -0.000000    -0.000000    -0.000000    -0.000000    -0.000000    -0.000000    -0.000000    -0.000000    1.000000    0.000000    
197.107843    1.000000    0.000000    0.000000    0.000000    0.000000    0.000000    0.000000    0.000000    0.000000    0.000000    0.000000    
242.727348    0.000000    0.000000    0.000000    0.000000    0.000000    0.000000    0.000000    0.000000    0.000000    0.000000    1.000000    

1.099557
0.604513    -0.000000    -0.000000    -0.000000    -0.000000    -0.000000    1.000000    0.000000    0.000000    0.000000    0.000000    0.000000    
4.771680    -0.000000    -0.000000    -0.000000    -0.000000    1.000000    0.000000    0.000000    0.000000    0.000000    0.000000    0.000000    
13.983310    -0.000000    -0.000000    -0.000000    -0.000000    -0.000000    -0.000000    1.000000    0.000000    0.000000    0.000000    0.000000    
26.484809    -0.000000    -0.000000    -0.000000    1.000000    0.000000    0.000000    0.000000    0.000000    0.000000    0.000000    0.000000    
44.908071    -0.000000    -0.000000    -0.000000    -0.000000    -0.000000    -0.000000    -0.000000    1.000000    0.000000    0.000000    0.000000    
65.743902    -0.000000    -0.000000    1.000000    0.000000    0.000000    0.000000    0.000000    0.000000    0.000000    0.000000    0.000000    
93.378795    -0.000000    -0.000000    -0.000000    -0.000000    -0.000000    -0.000000    -0.000000    -0.000000    1.000000    0.000000    0.000000    
122.548959    -0.000000    1.000000    0.000000    0.000000    0.000000    0.000000    0.000000    0.000000    0.000000    0.000000    0.000000    
159.395482    -0.000000    -0.000000    -0.000000    -0.000000    -0.000000    -0.000000    -0.000000    -0.000000    -0.000000    1.000000    0.000000    
196.899979    1.000000    0.000000    0.000000    0.000000    0.000000    0.000000    0.000000    0.000000    0.000000    0.000000    0.000000    
242.958132    0.000000    0.000000    0.000000    0.000000    0.000000    0.000000    0.000000    0.000000    0.000000    0.000000    1.000000    

1.110029
0.616083    -0.000000    -0.000000    -0.000000    -0.000000    -0.000000    1.000000    0.000000    0.000000    0.000000    0.000000    0.000000    
4.739384    -0.000000    -0.000000    -0.000000    -0.000000    1.000000    0.000000    0.000000    0.000000    0.000000    0.000000    0.000000    
14.038745    -0.000000    -0.000000    -0.000000    -0.000000    -0.000000    -0.000000    1.000000    0.000000    0.000000    0.000000    0.000000    
26.408649    -0.000000    -0.000000    -0.000000    1.000000    0.000000    0.000000    0.000000    0.000000    0.000000    0.000000    0.000000    
45.007370    -0.000000    -0.000000    -0.000000    -0.000000    -0.000000    -0.000000    -0.000000    1.000000    0.000000    0.000000    0.000000    
65.623877    -0.000000    -0.000000    1.000000    0.000000    0.000000    0.000000    0.000000    0.000000    0.000000    0.000000    0.000000    
93.521959    -0.000000    -0.000000    -0.000000    -0.000000    -0.000000    -0.000000    -0.000000    -0.000000    1.000000    0.000000    0.000000    
122.385068    -0.000000    1.000000    0.000000    0.000000    0.000000    0.000000    0.000000    0.000000    0.000000    0.000000    0.000000    
159.582511    -0.000000    -0.000000    -0.000000    -0.000000    -0.000000    -0.000000    -0.000000    -0.000000    -0.000000    1.000000    0.000000    
196.692223    1.000000    0.000000    0.000000    0.000000    0.000000    0.000000    0.000000    0.000000    0.000000    0.000000    0.000000    
243.189026    0.000000    0.000000    0.000000    0.000000    0.000000    0.000000    0.000000    0.000000    0.000000    0.000000    1.000000    

1.120501
0.627762    -0.000000    -0.000000    -0.000000    -0.000000    -0.000000    1.000000    0.000000    0.000000    0.000000    0.000000    0.000000    
4.707198    -0.000000    -0.000000    -0.000000    -0.000000    1.000000    0.000000    0.000000    0.000000    0.000000    0.000000    0.000000    
14.094289    -0.000000    -0.000000    -0.000000    -0.000000    -0.000000    -0.000000    1.000000    0.000000    0.000000    0.000000    0.000000    
26.332598    -0.000000    -0.000000    -0.000000    1.000000    0.000000    0.000000    0.000000    0.000000    0.000000    0.000000    0.000000    
45.106779    -0.000000    -0.000000    -0.000000    -0.000000    -0.000000    -0.000000    -0.000000    1.000000    0.000000    0.000000    0.000000    
65.503961    -0.000000    -0.000000    1.000000    0.000000    0.000000    0.000000    0.000000    0.000000    0.000000    0.000000    0.000000    
93.665232    -0.000000    -0.000000    -0.000000    -0.000000    -0.000000    -0.000000    -0.000000    -0.000000    1.000000    0.000000    0.000000    
122.221288    -0.000000    1.000000    0.000000    0.000000    0.000000    0.000000    0.000000    0.000000    0.000000    0.000000    0.000000    
159.769650    -0.000000    -0.000000    -0.000000    -0.000000    -0.000000    -0.000000    -0.000000    -0.000000    -0.000000    1.000000    0.000000    
196.484578    1.000000    0.000000    0.000000    0.000000    0.000000    0.000000    0.000000    0.000000    0.000000    0.000000    0.000000    
243.420030    0.000000    0.000000    0.000000    0.000000    0.000000    0.000000    0.000000    0.000000    0.000000    0.000000    1.000000    

1.130973
0.639550    -0.000000    -0.000000    -0.000000    -0.000000    -0.000000    1.000000    0.000000    0.000000    0.000000    0.000000    0.000000    
4.675122    -0.000000    -0.000000    -0.000000    -0.000000    1.000000    0.000000    0.000000    0.000000    0.000000    0.000000    0.000000    
14.149942    -0.000000    -0.000000    -0.000000    -0.000000    -0.000000    -0.000000    1.000000    0.000000    0.000000    0.000000    0.000000    
26.256657    -0.000000    -0.000000    -0.000000    1.000000    0.000000    0.000000    0.000000    0.000000    0.000000    0.000000    0.000000    
45.206297    -0.000000    -0.000000    -0.000000    -0.000000    -0.000000    -0.000000    -0.000000    1.000000    0.000000    0.000000    0.000000    
65.384155    -0.000000    -0.000000    1.000000    0.000000    0.000000    0.000000    0.000000    0.000000    0.000000    0.000000    0.000000    
93.808616    -0.000000    -0.000000    -0.000000    -0.000000    -0.000000    -0.000000    -0.000000    -0.000000    1.000000    0.000000    0.000000    
122.057617    -0.000000    1.000000    0.000000    0.000000    0.000000    0.000000    0.000000    0.000000    0.000000    0.000000    0.000000    
159.956898    -0.000000    -0.000000    -0.000000    -0.000000    -0.000000    -0.000000    -0.000000    -0.000000    -0.000000    1.000000    0.000000    
196.277042    1.000000    0.000000    0.000000    0.000000    0.000000    0.000000    0.000000    0.000000    0.000000    0.000000    0.000000    
243.651143    0.000000    0.000000    0.000000    0.000000    0.000000    0.000000    0.000000    0.000000    0.000000    0.000000    1.000000    

1.141445
0.651449    -0.000000    -0.000000    -0.000000    -0.000000    -0.000000    1.000000    0.000000    0.000000    0.000000    0.000000    0.000000    
4.643155    -0.000000    -0.000000    -0.000000    -0.000000    1.000000    0.000000    0.000000    0.000000    0.000000    0.000000    0.000000    
14.205705    -0.000000    -0.000000    -0.000000    -0.000000    -0.000000    -0.000000    1.000000    0.000000    0.000000    0.000000    0.000000    
26.180825    -0.000000    -0.000000    -0.000000    1.000000    0.000000    0.000000    0.000000    0.000000    0.000000    0.000000    0.000000    
45.305926    -0.000000    -0.000000    -0.000000    -0.000000    -0.000000    -0.000000    -0.000000    1.000000    0.000000    0.000000    0.000000    
65.264459    -0.000000    -0.000000    1.000000    0.000000    0.000000    0.000000    0.000000    0.000000    0.000000    0.000000    0.000000    
93.952109    -0.000000    -0.000000    -0.000000    -0.000000    -0.000000    -0.000000    -0.000000    -0.000000    1.000000    0.000000    0.000000    
121.894056    -0.000000    1.000000    0.000000    0.000000    0.000000    0.000000    0.000000    0.000000    0.000000    0.000000    0.000000    
160.144256    -0.000000    -0.000000    -0.000000    -0.000000    -0.000000    -0.000000    -0.000000    -0.000000    -0.000000    1.000000    0.000000    
196.069616    1.000000    0.000000    0.000000    0.000000    0.000000    0.000000    0.000000    0.000000    0.000000    0.000000    0.000000    
243.882366    0.000000    0.000000    0.000000    0.000000    0.000000    0.000000    0.000000    0.000000    0.000000    0.000000    1.000000    

1.151917
0.663457    -0.000000    -0.000000    -0.000000    -0.000000    -0.000000    1.000000    0.000000    0.000000    0.000000    0.000000    0.000000    
4.611299    -0.000000    -0.000000    -0.000000    -0.000000    1.000000    0.000000    0.000000    0.000000    0.000000    0.000000    0.000000    
14.261578    -0.000000    -0.000000    -0.000000    -0.000000    -0.000000    -0.000000    1.000000    0.000000    0.000000    0.000000    0.000000    
26.105104    -0.000000    -0.000000    -0.000000    1.000000    0.000000    0.000000    0.000000    0.000000    0.000000    0.000000    0.000000    
45.405663    -0.000000    -0.000000    -0.000000    -0.000000    -0.000000    -0.000000    -0.000000    1.000000    0.000000    0.000000    0.000000    
65.144872    -0.000000    -0.000000    1.000000    0.000000    0.000000    0.000000    0.000000    0.000000    0.000000    0.000000    0.000000    
94.095712    -0.000000    -0.000000    -0.000000    -0.000000    -0.000000    -0.000000    -0.000000    -0.000000    1.000000    0.000000    0.000000    
121.730604    -0.000000    1.000000    0.000000    0.000000    0.000000    0.000000    0.000000    0.000000    0.000000    0.000000    0.000000    
160.331723    -0.000000    -0.000000    -0.000000    -0.000000    -0.000000    -0.000000    -0.000000    -0.000000    -0.000000    1.000000    0.000000    
195.862299    1.000000    0.000000    0.000000    0.000000    0.000000    0.000000    0.000000    0.000000    0.000000    0.000000    0.000000    
244.113699    0.000000    0.000000    0.000000    0.000000    0.000000    0.000000    0.000000    0.000000    0.000000    0.000000    1.000000    

1.162389
0.675574    -0.000000    -0.000000    -0.000000    -0.000000    -0.000000    1.000000    0.000000    0.000000    0.000000    0.000000    0.000000    
4.579551    -0.000000    -0.000000    -0.000000    -0.000000    1.000000    0.000000    0.000000    0.000000    0.000000    0.000000    0.000000    
14.317561    -0.000000    -0.000000    -0.000000    -0.000000    -0.000000    -0.000000    1.000000    0.000000    0.000000    0.000000    0.000000    
26.029492    -0.000000    -0.000000    -0.000000    1.000000    0.000000    0.000000    0.000000    0.000000    0.000000    0.000000    0.000000    
45.505511    -0.000000    -0.000000    -0.000000    -0.000000    -0.000000    -0.000000    -0.000000    1.000000    0.000000    0.000000    0.000000    
65.025395    -0.000000    -0.000000    1.000000    0.000000    0.000000    0.000000    0.000000    0.000000    0.000000    0.000000    0.000000    
94.239424    -0.000000    -0.000000    -0.000000    -0.000000    -0.000000    -0.000000    -0.000000    -0.000000    1.000000    0.000000    0.000000    
121.567262    -0.000000    1.000000    0.000000    0.000000    0.000000    0.000000    0.000000    0.000000    0.000000    0.000000    0.000000    
160.519301    -0.000000    -0.000000    -0.000000    -0.000000    -0.000000    -0.000000    -0.000000    -0.000000    -0.000000    1.000000    0.000000    
195.655092    1.000000    0.000000    0.000000    0.000000    0.000000    0.000000    0.000000    0.000000    0.000000    0.000000    0.000000    
244.345141    0.000000    0.000000    0.000000    0.000000    0.000000    0.000000    0.000000    0.000000    0.000000    0.000000    1.000000    

1.172861
0.687802    -0.000000    -0.000000    -0.000000    -0.000000    -0.000000    1.000000    0.000000    0.000000    0.000000    0.000000    0.000000    
4.547914    -0.000000    -0.000000    -0.000000    -0.000000    1.000000    0.000000    0.000000    0.000000    0.000000    0.000000    0.000000    
14.373653    -0.000000    -0.000000    -0.000000    -0.000000    -0.000000    -0.000000    1.000000    0.000000    0.000000    0.000000    0.000000    
25.953989    -0.000000    -0.000000    -0.000000    1.000000    0.000000    0.000000    0.000000    0.000000    0.000000    0.000000    0.000000    
45.605468    -0.000000    -0.000000    -0.000000    -0.000000    -0.000000    -0.000000    -0.000000    1.000000    0.000000    0.000000    0.000000    
64.906028    -0.000000    -0.000000    1.000000    0.000000    0.000000    0.000000    0.000000    0.000000    0.000000    0.000000    0.000000    
94.383246    -0.000000    -0.000000    -0.000000    -0.000000    -0.000000    -0.000000    -0.000000    -0.000000    1.000000    0.000000    0.000000    
121.404030    -0.000000    1.000000    0.000000    0.000000    0.000000    0.000000    0.000000    0.000000    0.000000    0.000000    0.000000    
160.706988    -0.000000    -0.000000    -0.000000    -0.000000    -0.000000    -0.000000    -0.000000    -0.000000    -0.000000    1.000000    0.000000    
195.447995    1.000000    0.000000    0.000000    0.000000    0.000000    0.000000    0.000000    0.000000    0.000000    0.000000    0.000000    
244.576693    0.000000    0.000000    0.000000    0.000000    0.000000    0.000000    0.000000    0.000000    0.000000    0.000000    1.000000    

1.183333
0.700139    -0.000000    -0.000000    -0.000000    -0.000000    -0.000000    1.000000    0.000000    0.000000    0.000000    0.000000    0.000000    
4.516386    -0.000000    -0.000000    -0.000000    -0.000000    1.000000    0.000000    0.000000    0.000000    0.000000    0.000000    0.000000    
14.429855    -0.000000    -0.000000    -0.000000    -0.000000    -0.000000    -0.000000    1.000000    0.000000    0.000000    0.000000    0.000000    
25.878596    -0.000000    -0.000000    -0.000000    1.000000    0.000000    0.000000    0.000000    0.000000    0.000000    0.000000    0.000000    
45.705535    -0.000000    -0.000000    -0.000000    -0.000000    -0.000000    -0.000000    -0.000000    1.000000    0.000000    0.000000    0.000000    
64.786770    -0.000000    -0.000000    1.000000    0.000000    0.000000    0.000000    0.000000    0.000000    0.000000    0.000000    0.000000    
94.527178    -0.000000    -0.000000    -0.000000    -0.000000    -0.000000    -0.000000    -0.000000    -0.000000    1.000000    0.000000    0.000000    
121.240907    -0.000000    1.000000    0.000000    0.000000    0.000000    0.000000    0.000000    0.000000    0.000000    0.000000    0.000000    
160.894784    -0.000000    -0.000000    -0.000000    -0.000000    -0.000000    -0.000000    -0.000000    -0.000000    -0.000000    1.000000    0.000000    
195.241008    1.000000    0.000000    0.000000    0.000000    0.000000    0.000000    0.000000    0.000000    0.000000    0.000000    0.000000    
244.808354    0.000000    0.000000    0.000000    0.000000    0.000000    0.000000    0.000000    0.000000    0.000000    0.000000    1.000000    

1.193805
0.712585    -0.000000    -0.000000    -0.000000    -0.000000    -0.000000    1.000000    0.000000    0.000000    0.000000    0.000000    0.000000    
4.484968    -0.000000    -0.000000    -0.000000    -0.000000    1.000000    0.000000    0.000000    0.000000    0.000000    0.000000    0.000000    
14.486167    -0.000000    -0.000000    -0.000000    -0.000000    -0.000000    -0.000000    1.000000    0.000000    0.000000    0.000000    0.000000    
25.803313    -0.000000    -0.000000    -0.000000    1.000000    0.000000    0.000000    0.000000    0.000000    0.000000    0.000000    0.000000    
45.805711    -0.000000    -0.000000    -0.000000    -0.000000    -0.000000    -0.000000    -0.000000    1.000000    0.000000    0.000000    0.000000    
64.667622    -0.000000    -0.000000    1.000000    0.000000    0.000000    0.000000    0.000000    0.000000    0.000000    0.000000    0.000000    
94.671219    -0.000000    -0.000000    -0.000000    -0.000000    -0.000000    -0.000000    -0.000000    -0.000000    1.000000    0.000000    0.000000    
121.077894    -0.000000    1.000000    0.000000    0.000000    0.000000    0.000000    0.000000    0.000000    0.000000    0.000000    0.000000    
161.082691    -0.000000    -0.000000    -0.000000    -0.000000    -0.000000    -0.000000    -0.000000    -0.000000    -0.000000    1.000000    0.000000    
195.034130    1.000000    0.000000    0.000000    0.000000    0.000000    0.000000    0.000000    0.000000    0.000000    0.000000    0.000000    
245.040126    0.000000    0.000000    0.000000    0.000000    0.000000    0.000000    0.000000    0.000000    0.000000    0.000000    1.000000    

1.204277
0.725142    -0.000000    -0.000000    -0.000000    -0.000000    -0.000000    1.000000    0.000000    0.000000    0.000000    0.000000    0.000000    
4.453659    -0.000000    -0.000000    -0.000000    -0.000000    1.000000    0.000000    0.000000    0.000000    0.000000    0.000000    0.000000    
14.542588    -0.000000    -0.000000    -0.000000    -0.000000    -0.000000    -0.000000    1.000000    0.000000    0.000000    0.000000    0.000000    
25.728140    -0.000000    -0.000000    -0.000000    1.000000    0.000000    0.000000    0.000000    0.000000    0.000000    0.000000    0.000000    
45.905997    -0.000000    -0.000000    -0.000000    -0.000000    -0.000000    -0.000000    -0.000000    1.000000    0.000000    0.000000    0.000000    
64.548584    -0.000000    -0.000000    1.000000    0.000000    0.000000    0.000000    0.000000    0.000000    0.000000    0.000000    0.000000    
94.815370    -0.000000    -0.000000    -0.000000    -0.000000    -0.000000    -0.000000    -0.000000    -0.000000    1.000000    0.000000    0.000000    
120.914991    -0.000000    1.000000    0.000000    0.000000    0.000000    0.000000    0.000000    0.000000    0.000000    0.000000    0.000000    
161.270707    -0.000000    -0.000000    -0.000000    -0.000000    -0.000000    -0.000000    -0.000000    -0.000000    -0.000000    1.000000    0.000000    
194.827362    1.000000    0.000000    0.000000    0.000000    0.000000    0.000000    0.000000    0.000000    0.000000    0.000000    0.000000    
245.272006    0.000000    0.000000    0.000000    0.000000    0.000000    0.000000    0.000000    0.000000    0.000000    0.000000    1.000000    

1.214749
0.737808    -0.000000    -0.000000    -0.000000    -0.000000    -0.000000    1.000000    0.000000    0.000000    0.000000    0.000000    0.000000    
4.422460    -0.000000    -0.000000    -0.000000    -0.000000    1.000000    0.000000    0.000000    0.000000    0.000000    0.000000    0.000000    
14.599119    -0.000000    -0.000000    -0.000000    -0.000000    -0.000000    -0.000000    1.000000    0.000000    0.000000    0.000000    0.000000    
25.653076    -0.000000    -0.000000    -0.000000    1.000000    0.000000    0.000000    0.000000    0.000000    0.000000    0.000000    0.000000    
46.006393    -0.000000    -0.000000    -0.000000    -0.000000    -0.000000    -0.000000    -0.000000    1.000000    0.000000    0.000000    0.000000    
64.429655    -0.000000    -0.000000    1.000000    0.000000    0.000000    0.000000    0.000000    0.000000    0.000000    0.000000    0.000000    
94.959631    -0.000000    -0.000000    -0.000000    -0.000000    -0.000000    -0.000000    -0.000000    -0.000000    1.000000    0.000000    0.000000    
120.752197    -0.000000    1.000000    0.000000    0.000000    0.000000    0.000000    0.000000    0.000000    0.000000    0.000000    0.000000    
161.458832    -0.000000    -0.000000    -0.000000    -0.000000    -0.000000    -0.000000    -0.000000    -0.000000    -0.000000    1.000000    0.000000    
194.620703    1.000000    0.000000    0.000000    0.000000    0.000000    0.000000    0.000000    0.000000    0.000000    0.000000    0.000000    
245.503997    0.000000    0.000000    0.000000    0.000000    0.000000    0.000000    0.000000    0.000000    0.000000    0.000000    1.000000    

1.225221
0.750583    -0.000000    -0.000000    -0.000000    -0.000000    -0.000000    1.000000    0.000000    0.000000    0.000000    0.000000    0.000000    
4.391371    -0.000000    -0.000000    -0.000000    -0.000000    1.000000    0.000000    0.000000    0.000000    0.000000    0.000000    0.000000    
14.655759    -0.000000    -0.000000    -0.000000    -0.000000    -0.000000    -0.000000    1.000000    0.000000    0.000000    0.000000    0.000000    
25.578122    -0.000000    -0.000000    -0.000000    1.000000    0.000000    0.000000    0.000000    0.000000    0.000000    0.000000    0.000000    
46.106899    -0.000000    -0.000000    -0.000000    -0.000000    -0.000000    -0.000000    -0.000000    1.000000    0.000000    0.000000    0.000000    
64.310836    -0.000000    -0.000000    1.000000    0.000000    0.000000    0.000000    0.000000    0.000000    0.000000    0.000000    0.000000    
95.104001    -0.000000    -0.000000    -0.000000    -0.000000    -0.000000    -0.000000    -0.000000    -0.000000    1.000000    0.000000    0.000000    
120.589513    -0.000000    1.000000    0.000000    0.000000    0.000000    0.000000    0.000000    0.000000    0.000000    0.000000    0.000000    
161.647068    -0.000000    -0.000000    -0.000000    -0.000000    -0.000000    -0.000000    -0.000000    -0.000000    -0.000000    1.000000    0.000000    
194.414154    1.000000    0.000000    0.000000    0.000000    0.000000    0.000000    0.000000    0.000000    0.000000    0.000000    0.000000    
245.736097    0.000000    0.000000    0.000000    0.000000    0.000000    0.000000    0.000000    0.000000    0.000000    0.000000    1.000000    

1.235693
0.763469    -0.000000    -0.000000    -0.000000    -0.000000    -0.000000    1.000000    0.000000    0.000000    0.000000    0.000000    0.000000    
4.360391    -0.000000    -0.000000    -0.000000    -0.000000    1.000000    0.000000    0.000000    0.000000    0.000000    0.000000    0.000000    
14.712510    -0.000000    -0.000000    -0.000000    -0.000000    -0.000000    -0.000000    1.000000    0.000000    0.000000    0.000000    0.000000    
25.503277    -0.000000    -0.000000    -0.000000    1.000000    0.000000    0.000000    0.000000    0.000000    0.000000    0.000000    0.000000    
46.207514    -0.000000    -0.000000    -0.000000    -0.000000    -0.000000    -0.000000    -0.000000    1.000000    0.000000    0.000000    0.000000    
64.192126    -0.000000    -0.000000    1.000000    0.000000    0.000000    0.000000    0.000000    0.000000    0.000000    0.000000    0.000000    
95.248482    -0.000000    -0.000000    -0.000000    -0.000000    -0.000000    -0.000000    -0.000000    -0.000000    1.000000    0.000000    0.000000    
120.426939    -0.000000    1.000000    0.000000    0.000000    0.000000    0.000000    0.000000    0.000000    0.000000    0.000000    0.000000    
161.835413    -0.000000    -0.000000    -0.000000    -0.000000    -0.000000    -0.000000    -0.000000    -0.000000    -0.000000    1.000000    0.000000    
194.207715    1.000000    0.000000    0.000000    0.000000    0.000000    0.000000    0.000000    0.000000    0.000000    0.000000    0.000000    
245.968307    0.000000    0.000000    0.000000    0.000000    0.000000    0.000000    0.000000    0.000000    0.000000    0.000000    1.000000    

1.246165
0.776464    -0.000000    -0.000000    -0.000000    -0.000000    -0.000000    1.000000    0.000000    0.000000    0.000000    0.000000    0.000000    
4.329521    -0.000000    -0.000000    -0.000000    -0.000000    1.000000    0.000000    0.000000    0.000000    0.000000    0.000000    0.000000    
14.769370    -0.000000    -0.000000    -0.000000    -0.000000    -0.000000    -0.000000    1.000000    0.000000    0.000000    0.000000    0.000000    
25.428542    -0.000000    -0.000000    -0.000000    1.000000    0.000000    0.000000    0.000000    0.000000    0.000000    0.000000    0.000000    
46.308239    -0.000000    -0.000000    -0.000000    -0.000000    -0.000000    -0.000000    -0.000000    1.000000    0.000000    0.000000    0.000000    
64.073527    -0.000000    -0.000000    1.000000    0.000000    0.000000    0.000000    0.000000    0.000000    0.000000    0.000000    0.000000    
95.393071    -0.000000    -0.000000    -0.000000    -0.000000    -0.000000    -0.000000    -0.000000    -0.000000    1.000000    0.000000    0.000000    
120.264474    -0.000000    1.000000    0.000000    0.000000    0.000000    0.000000    0.000000    0.000000    0.000000    0.000000    0.000000    
162.023867    -0.000000    -0.000000    -0.000000    -0.000000    -0.000000    -0.000000    -0.000000    -0.000000    -0.000000    1.000000    0.000000    
194.001385    1.000000    0.000000    0.000000    0.000000    0.000000    0.000000    0.000000    0.000000    0.000000    0.000000    0.000000    
246.200626    0.000000    0.000000    0.000000    0.000000    0.000000    0.000000    0.000000    0.000000    0.000000    0.000000    1.000000    

1.256637
0.789568    -0.000000    -0.000000    -0.000000    -0.000000    -0.000000    1.000000    0.000000    0.000000    0.000000    0.000000    0.000000    
4.298761    -0.000000    -0.000000    -0.000000    -0.000000    1.000000    0.000000    0.000000    0.000000    0.000000    0.000000    0.000000    
14.826339    -0.000000    -0.000000    -0.000000    -0.000000    -0.000000    -0.000000    1.000000    0.000000    0.000000    0.000000    0.000000    
25.353917    -0.000000    -0.000000    -0.000000    1.000000    0.000000    0.000000    0.000000    0.000000    0.000000    0.000000    0.000000    
46.409073    -0.000000    -0.000000    -0.000000    -0.000000    -0.000000    -0.000000    -0.000000    1.000000    0.000000    0.000000    0.000000    
63.955037    -0.000000    -0.000000    1.000000    0.000000    0.000000    0.000000    0.000000    0.000000    0.000000    0.000000    0.000000    
95.537771    -0.000000    -0.000000    -0.000000    -0.000000    -0.000000    -0.000000    -0.000000    -0.000000    1.000000    0.000000    0.000000    
120.102119    -0.000000    1.000000    0.000000    0.000000    0.000000    0.000000    0.000000    0.000000    0.000000    0.000000    0.000000    
162.212431    -0.000000    -0.000000    -0.000000    -0.000000    -0.000000    -0.000000    -0.000000    -0.000000    -0.000000    1.000000    0.000000    
193.795166    1.000000    0.000000    0.000000    0.000000    0.000000    0.000000    0.000000    0.000000    0.000000    0.000000    0.000000    
246.433056    0.000000    0.000000    0.000000    0.000000    0.000000    0.000000    0.000000    0.000000    0.000000    0.000000    1.000000    

1.267109
0.802783    -0.000000    -0.000000    -0.000000    -0.000000    -0.000000    1.000000    0.000000    0.000000    0.000000    0.000000    0.000000    
4.268110    -0.000000    -0.000000    -0.000000    -0.000000    1.000000    0.000000    0.000000    0.000000    0.000000    0.000000    0.000000    
14.883418    -0.000000    -0.000000    -0.000000    -0.000000    -0.000000    -0.000000    1.000000    0.000000    0.000000    0.000000    0.000000    
25.279402    -0.000000    -0.000000    -0.000000    1.000000    0.000000    0.000000    0.000000    0.000000    0.000000    0.000000    0.000000    
46.510017    -0.000000    -0.000000    -0.000000    -0.000000    -0.000000    -0.000000    -0.000000    1.000000    0.000000    0.000000    0.000000    
63.836656    -0.000000    -0.000000    1.000000    0.000000    0.000000    0.000000    0.000000    0.000000    0.000000    0.000000    0.000000    
95.682580    -0.000000    -0.000000    -0.000000    -0.000000    -0.000000    -0.000000    -0.000000    -0.000000    1.000000    0.000000    0.000000    
119.939874    -0.000000    1.000000    0.000000    0.000000    0.000000    0.000000    0.000000    0.000000    0.000000    0.000000    0.000000    
162.401105    -0.000000    -0.000000    -0.000000    -0.000000    -0.000000    -0.000000    -0.000000    -0.000000    -0.000000    1.000000    0.000000    
193.589055    1.000000    0.000000    0.000000    0.000000    0.000000    0.000000    0.000000    0.000000    0.000000    0.000000    0.000000    
246.665595    0.000000    0.000000    0.000000    0.000000    0.000000    0.000000    0.000000    0.000000    0.000000    0.000000    1.000000    

1.277581
0.816107    -0.000000    -0.000000    -0.000000    -0.000000    -0.000000    1.000000    0.000000    0.000000    0.000000    0.000000    0.000000    
4.237569    -0.000000    -0.000000    -0.000000    -0.000000    1.000000    0.000000    0.000000    0.000000    0.000000    0.000000    0.000000    
14.940607    -0.000000    -0.000000    -0.000000    -0.000000    -0.000000    -0.000000    1.000000    0.000000    0.000000    0.000000    0.000000    
25.204996    -0.000000    -0.000000    -0.000000    1.000000    0.000000    0.000000    0.000000    0.000000    0.000000    0.000000    0.000000    
46.611071    -0.000000    -0.000000    -0.000000    -0.000000    -0.000000    -0.000000    -0.000000    1.000000    0.000000    0.000000    0.000000    
63.718385    -0.000000    -0.000000    1.000000    0.000000    0.000000    0.000000    0.000000    0.000000    0.000000    0.000000    0.000000    
95.827498    -0.000000    -0.000000    -0.000000    -0.000000    -0.000000    -0.000000    -0.000000    -0.000000    1.000000    0.000000    0.000000    
119.777738    -0.000000    1.000000    0.000000    0.000000    0.000000    0.000000    0.000000    0.000000    0.000000    0.000000    0.000000    
162.589889    -0.000000    -0.000000    -0.000000    -0.000000    -0.000000    -0.000000    -0.000000    -0.000000    -0.000000    1.000000    0.000000    
193.383055    1.000000    0.000000    0.000000    0.000000    0.000000    0.000000    0.000000    0.000000    0.000000    0.000000    0.000000    
246.898243    0.000000    0.000000    0.000000    0.000000    0.000000    0.000000    0.000000    0.000000    0.000000    0.000000    1.000000    

1.288053
0.829540    -0.000000    -0.000000    -0.000000    -0.000000    -0.000000    1.000000    0.000000    0.000000    0.000000    0.000000    0.000000    
4.207138    -0.000000    -0.000000    -0.000000    -0.000000    1.000000    0.000000    0.000000    0.000000    0.000000    0.000000    0.000000    
14.997906    -0.000000    -0.000000    -0.000000    -0.000000    -0.000000    -0.000000    1.000000    0.000000    0.000000    0.000000    0.000000    
25.130700    -0.000000    -0.000000    -0.000000    1.000000    0.000000    0.000000    0.000000    0.000000    0.000000    0.000000    0.000000    
46.712234    -0.000000    -0.000000    -0.000000    -0.000000    -0.000000    -0.000000    -0.000000    1.000000    0.000000    0.000000    0.000000    
63.600224    -0.000000    -0.000000    1.000000    0.000000    0.000000    0.000000    0.000000    0.000000    0.000000    0.000000    0.000000    
95.972527    -0.000000    -0.000000    -0.000000    -0.000000    -0.000000    -0.000000    -0.000000    -0.000000    1.000000    0.000000    0.000000    
119.615712    -0.000000    1.000000    0.000000    0.000000    0.000000    0.000000    0.000000    0.000000    0.000000    0.000000    0.000000    
162.778782    -0.000000    -0.000000    -0.000000    -0.000000    -0.000000    -0.000000    -0.000000    -0.000000    -0.000000    1.000000    0.000000    
193.177164    1.000000    0.000000    0.000000    0.000000    0.000000    0.000000    0.000000    0.000000    0.000000    0.000000    0.000000    
247.131001    0.000000    0.000000    0.000000    0.000000    0.000000    0.000000    0.000000    0.000000    0.000000    0.000000    1.000000    

1.298525
0.843084    -0.000000    -0.000000    -0.000000    -0.000000    -0.000000    1.000000    0.000000    0.000000    0.000000    0.000000    0.000000    
4.176817    -0.000000    -0.000000    -0.000000    -0.000000    1.000000    0.000000    0.000000    0.000000    0.000000    0.000000    0.000000    
15.055314    -0.000000    -0.000000    -0.000000    -0.000000    -0.000000    -0.000000    1.000000    0.000000    0.000000    0.000000    0.000000    
25.056513    -0.000000    -0.000000    -0.000000    1.000000    0.000000    0.000000    0.000000    0.000000    0.000000    0.000000    0.000000    
46.813508    -0.000000    -0.000000    -0.000000    -0.000000    -0.000000    -0.000000    -0.000000    1.000000    0.000000    0.000000    0.000000    
63.482173    -0.000000    -0.000000    1.000000    0.000000    0.000000    0.000000    0.000000    0.000000    0.000000    0.000000    0.000000    
96.117665    -0.000000    -0.000000    -0.000000    -0.000000    -0.000000    -0.000000    -0.000000    -0.000000    1.000000    0.000000    0.000000    
119.453796    -0.000000    1.000000    0.000000    0.000000    0.000000    0.000000    0.000000    0.000000    0.000000    0.000000    0.000000    
162.967785    -0.000000    -0.000000    -0.000000    -0.000000    -0.000000    -0.000000    -0.000000    -0.000000    -0.000000    1.000000    0.000000    
192.971383    1.000000    0.000000    0.000000    0.000000    0.000000    0.000000    0.000000    0.000000    0.000000    0.000000    0.000000    
247.363869    0.000000    0.000000    0.000000    0.000000    0.000000    0.000000    0.000000    0.000000    0.000000    0.000000    1.000000    

1.308997
0.856736    -0.000000    -0.000000    -0.000000    -0.000000    -0.000000    1.000000    0.000000    0.000000    0.000000    0.000000    0.000000    
4.146605    -0.000000    -0.000000    -0.000000    -0.000000    1.000000    0.000000    0.000000    0.000000    0.000000    0.000000    0.000000    
15.112832    -0.000000    -0.000000    -0.000000    -0.000000    -0.000000    -0.000000    1.000000    0.000000    0.000000    0.000000    0.000000    
24.982436    -0.000000    -0.000000    -0.000000    1.000000    0.000000    0.000000    0.000000    0.000000    0.000000    0.000000    0.000000    
46.914890    -0.000000    -0.000000    -0.000000    -0.000000    -0.000000    -0.000000    -0.000000    1.000000    0.000000    0.000000    0.000000    
63.364231    -0.000000    -0.000000    1.000000    0.000000    0.000000    0.000000    0.000000    0.000000    0.000000    0.000000    0.000000    
96.262912    -0.000000    -0.000000    -0.000000    -0.000000    -0.000000    -0.000000    -0.000000    -0.000000    1.000000    0.000000    0.000000    
119.291989    -0.000000    1.000000    0.000000    0.000000    0.000000    0.000000    0.000000    0.000000    0.000000    0.000000    0.000000    
163.156898    -0.000000    -0.000000    -0.000000    -0.000000    -0.000000    -0.000000    -0.000000    -0.000000    -0.000000    1.000000    0.000000    
192.765711    1.000000    0.000000    0.000000    0.000000    0.000000    0.000000    0.000000    0.000000    0.000000    0.000000    0.000000    
247.596847    0.000000    0.000000    0.000000    0.000000    0.000000    0.000000    0.000000    0.000000    0.000000    0.000000    1.000000    

1.319469
0.870499    -0.000000    -0.000000    -0.000000    -0.000000    -0.000000    1.000000    0.000000    0.000000    0.000000    0.000000    0.000000    
4.116502    -0.000000    -0.000000    -0.000000    -0.000000    1.000000    0.000000    0.000000    0.000000    0.000000    0.000000    0.000000    
15.170459    -0.000000    -0.000000    -0.000000    -0.000000    -0.000000    -0.000000    1.000000    0.000000    0.000000    0.000000    0.000000    
24.908469    -0.000000    -0.000000    -0.000000    1.000000    0.000000    0.000000    0.000000    0.000000    0.000000    0.000000    0.000000    
47.016383    -0.000000    -0.000000    -0.000000    -0.000000    -0.000000    -0.000000    -0.000000    1.000000    0.000000    0.000000    0.000000    
63.246399    -0.000000    -0.000000    1.000000    0.000000    0.000000    0.000000    0.000000    0.000000    0.000000    0.000000    0.000000    
96.408270    -0.000000    -0.000000    -0.000000    -0.000000    -0.000000    -0.000000    -0.000000    -0.000000    1.000000    0.000000    0.000000    
119.130292    -0.000000    1.000000    0.000000    0.000000    0.000000    0.000000    0.000000    0.000000    0.000000    0.000000    0.000000    
163.346120    -0.000000    -0.000000    -0.000000    -0.000000    -0.000000    -0.000000    -0.000000    -0.000000    -0.000000    1.000000    0.000000    
192.560149    1.000000    0.000000    0.000000    0.000000    0.000000    0.000000    0.000000    0.000000    0.000000    0.000000    0.000000    
247.829934    0.000000    0.000000    0.000000    0.000000    0.000000    0.000000    0.000000    0.000000    0.000000    0.000000    1.000000    

1.329941
0.884371    -0.000000    -0.000000    -0.000000    -0.000000    -0.000000    1.000000    0.000000    0.000000    0.000000    0.000000    0.000000    
4.086510    -0.000000    -0.000000    -0.000000    -0.000000    1.000000    0.000000    0.000000    0.000000    0.000000    0.000000    0.000000    
15.228196    -0.000000    -0.000000    -0.000000    -0.000000    -0.000000    -0.000000    1.000000    0.000000    0.000000    0.000000    0.000000    
24.834611    -0.000000    -0.000000    -0.000000    1.000000    0.000000    0.000000    0.000000    0.000000    0.000000    0.000000    0.000000    
47.117985    -0.000000    -0.000000    -0.000000    -0.000000    -0.000000    -0.000000    -0.000000    1.000000    0.000000    0.000000    0.000000    
63.128676    -0.000000    -0.000000    1.000000    0.000000    0.000000    0.000000    0.000000    0.000000    0.000000    0.000000    0.000000    
96.553737    -0.000000    -0.000000    -0.000000    -0.000000    -0.000000    -0.000000    -0.000000    -0.000000    1.000000    0.000000    0.000000    
118.968705    -0.000000    1.000000    0.000000    0.000000    0.000000    0.000000    0.000000    0.000000    0.000000    0.000000    0.000000    
163.535452    -0.000000    -0.000000    -0.000000    -0.000000    -0.000000    -0.000000    -0.000000    -0.000000    -0.000000    1.000000    0.000000    
192.354697    1.000000    0.000000    0.000000    0.000000    0.000000    0.000000    0.000000    0.000000    0.000000    0.000000    0.000000    
248.063130    0.000000    0.000000    0.000000    0.000000    0.000000    0.000000    0.000000    0.000000    0.000000    0.000000    1.000000    

1.340413
0.898353    -0.000000    -0.000000    -0.000000    -0.000000    -0.000000    1.000000    0.000000    0.000000    0.000000    0.000000    0.000000    
4.056627    -0.000000    -0.000000    -0.000000    -0.000000    1.000000    0.000000    0.000000    0.000000    0.000000    0.000000    0.000000    
15.286043    -0.000000    -0.000000    -0.000000    -0.000000    -0.000000    -0.000000    1.000000    0.000000    0.000000    0.000000    0.000000    
24.760864    -0.000000    -0.000000    -0.000000    1.000000    0.000000    0.000000    0.000000    0.000000    0.000000    0.000000    0.000000    
47.219697    -0.000000    -0.000000    -0.000000    -0.000000    -0.000000    -0.000000    -0.000000    1.000000    0.000000    0.000000    0.000000    
63.011064    -0.000000    -0.000000    1.000000    0.000000    0.000000    0.000000    0.000000    0.000000    0.000000    0.000000    0.000000    
96.699313    -0.000000    -0.000000    -0.000000    -0.000000    -0.000000    -0.000000    -0.000000    -0.000000    1.000000    0.000000    0.000000    
118.807227    -0.000000    1.000000    0.000000    0.000000    0.000000    0.000000    0.000000    0.000000    0.000000    0.000000    0.000000    
163.724893    -0.000000    -0.000000    -0.000000    -0.000000    -0.000000    -0.000000    -0.000000    -0.000000    -0.000000    1.000000    0.000000    
192.149354    1.000000    0.000000    0.000000    0.000000    0.000000    0.000000    0.000000    0.000000    0.000000    0.000000    0.000000    
248.296437    0.000000    0.000000    0.000000    0.000000    0.000000    0.000000    0.000000    0.000000    0.000000    0.000000    1.000000    

1.350885
0.912445    -0.000000    -0.000000    -0.000000    -0.000000    -0.000000    1.000000    0.000000    0.000000    0.000000    0.000000    0.000000    
4.026853    -0.000000    -0.000000    -0.000000    -0.000000    1.000000    0.000000    0.000000    0.000000    0.000000    0.000000    0.000000    
15.344000    -0.000000    -0.000000    -0.000000    -0.000000    -0.000000    -0.000000    1.000000    0.000000    0.000000    0.000000    0.000000    
24.687225    -0.000000    -0.000000    -0.000000    1.000000    0.000000    0.000000    0.000000    0.000000    0.000000    0.000000    0.000000    
47.321518    -0.000000    -0.000000    -0.000000    -0.000000    -0.000000    -0.000000    -0.000000    1.000000    0.000000    0.000000    0.000000    
62.893561    -0.000000    -0.000000    1.000000    0.000000    0.000000    0.000000    0.000000    0.000000    0.000000    0.000000    0.000000    
96.845000    -0.000000    -0.000000    -0.000000    -0.000000    -0.000000    -0.000000    -0.000000    -0.000000    1.000000    0.000000    0.000000    
118.645859    -0.000000    1.000000    0.000000    0.000000    0.000000    0.000000    0.000000    0.000000    0.000000    0.000000    0.000000    
163.914445    -0.000000    -0.000000    -0.000000    -0.000000    -0.000000    -0.000000    -0.000000    -0.000000    -0.000000    1.000000    0.000000    
191.944121    1.000000    0.000000    0.000000    0.000000    0.000000    0.000000    0.000000    0.000000    0.000000    0.000000    0.000000    
248.529853    0.000000    0.000000    0.000000    0.000000    0.000000    0.000000    0.000000    0.000000    0.000000    0.000000    1.000000    

1.361357
0.926646    -0.000000    -0.000000    -0.000000    -0.000000    -0.000000    1.000000    0.000000    0.000000    0.000000    0.000000    0.000000    
3.997190    -0.000000    -0.000000    -0.000000    -0.000000    1.000000    0.000000    0.000000    0.000000    0.000000    0.000000    0.000000    
15.402066    -0.000000    -0.000000    -0.000000    -0.000000    -0.000000    -0.000000    1.000000    0.000000    0.000000    0.000000    0.000000    
24.613697    -0.000000    -0.000000    -0.000000    1.000000    0.000000    0.000000    0.000000    0.000000    0.000000    0.000000    0.000000    
47.423449    -0.000000    -0.000000    -0.000000    -0.000000    -0.000000    -0.000000    -0.000000    1.000000    0.000000    0.000000    0.000000    
62.776167    -0.000000    -0.000000    1.000000    0.000000    0.000000    0.000000    0.000000    0.000000    0.000000    0.000000    0.000000    
96.990796    -0.000000    -0.000000    -0.000000    -0.000000    -0.000000    -0.000000    -0.000000    -0.000000    1.000000    0.000000    0.000000    
118.484601    -0.000000    1.000000    0.000000    0.000000    0.000000    0.000000    0.000000    0.000000    0.000000    0.000000    0.000000    
164.104106    -0.000000    -0.000000    -0.000000    -0.000000    -0.000000    -0.000000    -0.000000    -0.000000    -0.000000    1.000000    0.000000    
191.738998    1.000000    0.000000    0.000000    0.000000    0.000000    0.000000    0.000000    0.000000    0.000000    0.000000    0.000000    
248.763379    0.000000    0.000000    0.000000    0.000000    0.000000    0.000000    0.000000    0.000000    0.000000    0.000000    1.000000    

1.371829
0.940957    -0.000000    -0.000000    -0.000000    -0.000000    -0.000000    1.000000    0.000000    0.000000    0.000000    0.000000    0.000000    
3.967636    -0.000000    -0.000000    -0.000000    -0.000000    1.000000    0.000000    0.000000    0.000000    0.000000    0.000000    0.000000    
15.460242    -0.000000    -0.000000    -0.000000    -0.000000    -0.000000    -0.000000    1.000000    0.000000    0.000000    0.000000    0.000000    
24.540278    -0.000000    -0.000000    -0.000000    1.000000    0.000000    0.000000    0.000000    0.000000    0.000000    0.000000    0.000000    
47.525490    -0.000000    -0.000000    -0.000000    -0.000000    -0.000000    -0.000000    -0.000000    1.000000    0.000000    0.000000    0.000000    
62.658883    -0.000000    -0.000000    1.000000    0.000000    0.000000    0.000000    0.000000    0.000000    0.000000    0.000000    0.000000    
97.136701    -0.000000    -0.000000    -0.000000    -0.000000    -0.000000    -0.000000    -0.000000    -0.000000    1.000000    0.000000    0.000000    
118.323452    -0.000000    1.000000    0.000000    0.000000    0.000000    0.000000    0.000000    0.000000    0.000000    0.000000    0.000000    
164.293876    -0.000000    -0.000000    -0.000000    -0.000000    -0.000000    -0.000000    -0.000000    -0.000000    -0.000000    1.000000    0.000000    
191.533984    1.000000    0.000000    0.000000    0.000000    0.000000    0.000000    0.000000    0.000000    0.000000    0.000000    0.000000    
248.997014    0.000000    0.000000    0.000000    0.000000    0.000000    0.000000    0.000000    0.000000    0.000000    0.000000    1.000000    

1.382301
0.955378    -0.000000    -0.000000    -0.000000    -0.000000    -0.000000    1.000000    0.000000    0.000000    0.000000    0.000000    0.000000    
3.938191    -0.000000    -0.000000    -0.000000    -0.000000    1.000000    0.000000    0.000000    0.000000    0.000000    0.000000    0.000000    
15.518527    -0.000000    -0.000000    -0.000000    -0.000000    -0.000000    -0.000000    1.000000    0.000000    0.000000    0.000000    0.000000    
24.466969    -0.000000    -0.000000    -0.000000    1.000000    0.000000    0.000000    0.000000    0.000000    0.000000    0.000000    0.000000    
47.627640    -0.000000    -0.000000    -0.000000    -0.000000    -0.000000    -0.000000    -0.000000    1.000000    0.000000    0.000000    0.000000    
62.541709    -0.000000    -0.000000    1.000000    0.000000    0.000000    0.000000    0.000000    0.000000    0.000000    0.000000    0.000000    
97.282717    -0.000000    -0.000000    -0.000000    -0.000000    -0.000000    -0.000000    -0.000000    -0.000000    1.000000    0.000000    0.000000    
118.162413    -0.000000    1.000000    0.000000    0.000000    0.000000    0.000000    0.000000    0.000000    0.000000    0.000000    0.000000    
164.483756    -0.000000    -0.000000    -0.000000    -0.000000    -0.000000    -0.000000    -0.000000    -0.000000    -0.000000    1.000000    0.000000    
191.329080    1.000000    0.000000    0.000000    0.000000    0.000000    0.000000    0.000000    0.000000    0.000000    0.000000    0.000000    
249.230760    0.000000    0.000000    0.000000    0.000000    0.000000    0.000000    0.000000    0.000000    0.000000    0.000000    1.000000    

1.392773
0.969908    -0.000000    -0.000000    -0.000000    -0.000000    -0.000000    1.000000    0.000000    0.000000    0.000000    0.000000    0.000000    
3.908857    -0.000000    -0.000000    -0.000000    -0.000000    1.000000    0.000000    0.000000    0.000000    0.000000    0.000000    0.000000    
15.576922    -0.000000    -0.000000    -0.000000    -0.000000    -0.000000    -0.000000    1.000000    0.000000    0.000000    0.000000    0.000000    
24.393769    -0.000000    -0.000000    -0.000000    1.000000    0.000000    0.000000    0.000000    0.000000    0.000000    0.000000    0.000000    
47.729900    -0.000000    -0.000000    -0.000000    -0.000000    -0.000000    -0.000000    -0.000000    1.000000    0.000000    0.000000    0.000000    
62.424645    -0.000000    -0.000000    1.000000    0.000000    0.000000    0.000000    0.000000    0.000000    0.000000    0.000000    0.000000    
97.428842    -0.000000    -0.000000    -0.000000    -0.000000    -0.000000    -0.000000    -0.000000    -0.000000    1.000000    0.000000    0.000000    
118.001484    -0.000000    1.000000    0.000000    0.000000    0.000000    0.000000    0.000000    0.000000    0.000000    0.000000    0.000000    
164.673746    -0.000000    -0.000000    -0.000000    -0.000000    -0.000000    -0.000000    -0.000000    -0.000000    -0.000000    1.000000    0.000000    
191.124286    1.000000    0.000000    0.000000    0.000000    0.000000    0.000000    0.000000    0.000000    0.000000    0.000000    0.000000    
249.464614    0.000000    0.000000    0.000000    0.000000    0.000000    0.000000    0.000000    0.000000    0.000000    0.000000    1.000000    

1.403245
0.984548    -0.000000    -0.000000    -0.000000    -0.000000    -0.000000    1.000000    0.000000    0.000000    0.000000    0.000000    0.000000    
3.879632    -0.000000    -0.000000    -0.000000    -0.000000    1.000000    0.000000    0.000000    0.000000    0.000000    0.000000    0.000000    
15.635427    -0.000000    -0.000000    -0.000000    -0.000000    -0.000000    -0.000000    1.000000    0.000000    0.000000    0.000000    0.000000    
24.320679    -0.000000    -0.000000    -0.000000    1.000000    0.000000    0.000000    0.000000    0.000000    0.000000    0.000000    0.000000    
47.832270    -0.000000    -0.000000    -0.000000    -0.000000    -0.000000    -0.000000    -0.000000    1.000000    0.000000    0.000000    0.000000    
62.307690    -0.000000    -0.000000    1.000000    0.000000    0.000000    0.000000    0.000000    0.000000    0.000000    0.000000    0.000000    
97.575076    -0.000000    -0.000000    -0.000000    -0.000000    -0.000000    -0.000000    -0.000000    -0.000000    1.000000    0.000000    0.000000    
117.840664    -0.000000    1.000000    0.000000    0.000000    0.000000    0.000000    0.000000    0.000000    0.000000    0.000000    0.000000    
164.863846    -0.000000    -0.000000    -0.000000    -0.000000    -0.000000    -0.000000    -0.000000    -0.000000    -0.000000    1.000000    0.000000    
190.919601    1.000000    0.000000    0.000000    0.000000    0.000000    0.000000    0.000000    0.000000    0.000000    0.000000    0.000000    
249.698579    0.000000    0.000000    0.000000    0.000000    0.000000    0.000000    0.000000    0.000000    0.000000    0.000000    1.000000    

1.413717
0.999297    -0.000000    -0.000000    -0.000000    -0.000000    -0.000000    1.000000    0.000000    0.000000    0.000000    0.000000    0.000000    
3.850516    -0.000000    -0.000000    -0.000000    -0.000000    1.000000    0.000000    0.000000    0.000000    0.000000    0.000000    0.000000    
15.694042    -0.000000    -0.000000    -0.000000    -0.000000    -0.000000    -0.000000    1.000000    0.000000    0.000000    0.000000    0.000000    
24.247699    -0.000000    -0.000000    -0.000000    1.000000    0.000000    0.000000    0.000000    0.000000    0.000000    0.000000    0.000000    
47.934749    -0.000000    -0.000000    -0.000000    -0.000000    -0.000000    -0.000000    -0.000000    1.000000    0.000000    0.000000    0.000000    
62.190845    -0.000000    -0.000000    1.000000    0.000000    0.000000    0.000000    0.000000    0.000000    0.000000    0.000000    0.000000    
97.721421    -0.000000    -0.000000    -0.000000    -0.000000    -0.000000    -0.000000    -0.000000    -0.000000    1.000000    0.000000    0.000000    
117.679954    -0.000000    1.000000    0.000000    0.000000    0.000000    0.000000    0.000000    0.000000    0.000000    0.000000    0.000000    
165.054055    -0.000000    -0.000000    -0.000000    -0.000000    -0.000000    -0.000000    -0.000000    -0.000000    -0.000000    1.000000    0.000000    
190.715026    1.000000    0.000000    0.000000    0.000000    0.000000    0.000000    0.000000    0.000000    0.000000    0.000000    0.000000    
249.932653    0.000000    0.000000    0.000000    0.000000    0.000000    0.000000    0.000000    0.000000    0.000000    0.000000    1.000000    

1.424189
1.014157    -0.000000    -0.000000    -0.000000    -0.000000    -0.000000    1.000000    0.000000    0.000000    0.000000    0.000000    0.000000    
3.821511    -0.000000    -0.000000    -0.000000    -0.000000    1.000000    0.000000    0.000000    0.000000    0.000000    0.000000    0.000000    
15.752766    -0.000000    -0.000000    -0.000000    -0.000000    -0.000000    -0.000000    1.000000    0.000000    0.000000    0.000000    0.000000    
24.174828    -0.000000    -0.000000    -0.000000    1.000000    0.000000    0.000000    0.000000    0.000000    0.000000    0.000000    0.000000    
48.037339    -0.000000    -0.000000    -0.000000    -0.000000    -0.000000    -0.000000    -0.000000    1.000000    0.000000    0.000000    0.000000    
62.074109    -0.000000    -0.000000    1.000000    0.000000    0.000000    0.000000    0.000000    0.000000    0.000000    0.000000    0.000000    
97.867875    -0.000000    -0.000000    -0.000000    -0.000000    -0.000000    -0.000000    -0.000000    -0.000000    1.000000    0.000000    0.000000    
117.519354    -0.000000    1.000000    0.000000    0.000000    0.000000    0.000000    0.000000    0.000000    0.000000    0.000000    0.000000    
165.244374    -0.000000    -0.000000    -0.000000    -0.000000    -0.000000    -0.000000    -0.000000    -0.000000    -0.000000    1.000000    0.000000    
190.510561    1.000000    0.000000    0.000000    0.000000    0.000000    0.000000    0.000000    0.000000    0.000000    0.000000    0.000000    
250.166837    0.000000    0.000000    0.000000    0.000000    0.000000    0.000000    0.000000    0.000000    0.000000    0.000000    1.000000    

1.434661
1.029126    -0.000000    -0.000000    -0.000000    -0.000000    -0.000000    1.000000    0.000000    0.000000    0.000000    0.000000    0.000000    
3.792615    -0.000000    -0.000000    -0.000000    -0.000000    1.000000    0.000000    0.000000    0.000000    0.000000    0.000000    0.000000    
15.811600    -0.000000    -0.000000    -0.000000    -0.000000    -0.000000    -0.000000    1.000000    0.000000    0.000000    0.000000    0.000000    
24.102067    -0.000000    -0.000000    -0.000000    1.000000    0.000000    0.000000    0.000000    0.000000    0.000000    0.000000    0.000000    
48.140037    -0.000000    -0.000000    -0.000000    -0.000000    -0.000000    -0.000000    -0.000000    1.000000    0.000000    0.000000    0.000000    
61.957483    -0.000000    -0.000000    1.000000    0.000000    0.000000    0.000000    0.000000    0.000000    0.000000    0.000000    0.000000    
98.014438    -0.000000    -0.000000    -0.000000    -0.000000    -0.000000    -0.000000    -0.000000    -0.000000    1.000000    0.000000    0.000000    
117.358863    -0.000000    1.000000    0.000000    0.000000    0.000000    0.000000    0.000000    0.000000    0.000000    0.000000    0.000000    
165.434802    -0.000000    -0.000000    -0.000000    -0.000000    -0.000000    -0.000000    -0.000000    -0.000000    -0.000000    1.000000    0.000000    
190.306206    1.000000    0.000000    0.000000    0.000000    0.000000    0.000000    0.000000    0.000000    0.000000    0.000000    0.000000    
250.401130    0.000000    0.000000    0.000000    0.000000    0.000000    0.000000    0.000000    0.000000    0.000000    0.000000    1.000000    

1.445133
1.044204    -0.000000    -0.000000    -0.000000    -0.000000    -0.000000    1.000000    0.000000    0.000000    0.000000    0.000000    0.000000    
3.763828    -0.000000    -0.000000    -0.000000    -0.000000    1.000000    0.000000    0.000000    0.000000    0.000000    0.000000    0.000000    
15.870543    -0.000000    -0.000000    -0.000000    -0.000000    -0.000000    -0.000000    1.000000    0.000000    0.000000    0.000000    0.000000    
24.029416    -0.000000    -0.000000    -0.000000    1.000000    0.000000    0.000000    0.000000    0.000000    0.000000    0.000000    0.000000    
48.242846    -0.000000    -0.000000    -0.000000    -0.000000    -0.000000    -0.000000    -0.000000    1.000000    0.000000    0.000000    0.000000    
61.840967    -0.000000    -0.000000    1.000000    0.000000    0.000000    0.000000    0.000000    0.000000    0.000000    0.000000    0.000000    
98.161111    -0.000000    -0.000000    -0.000000    -0.000000    -0.000000    -0.000000    -0.000000    -0.000000    1.000000    0.000000    0.000000    
117.198482    -0.000000    1.000000    0.000000    0.000000    0.000000    0.000000    0.000000    0.000000    0.000000    0.000000    0.000000    
165.625341    -0.000000    -0.000000    -0.000000    -0.000000    -0.000000    -0.000000    -0.000000    -0.000000    -0.000000    1.000000    0.000000    
190.101960    1.000000    0.000000    0.000000    0.000000    0.000000    0.000000    0.000000    0.000000    0.000000    0.000000    0.000000    
250.635533    0.000000    0.000000    0.000000    0.000000    0.000000    0.000000    0.000000    0.000000    0.000000    0.000000    1.000000    

1.455605
1.059392    -0.000000    -0.000000    -0.000000    -0.000000    -0.000000    1.000000    0.000000    0.000000    0.000000    0.000000    0.000000    
3.735152    -0.000000    -0.000000    -0.000000    -0.000000    1.000000    0.000000    0.000000    0.000000    0.000000    0.000000    0.000000    
15.929596    -0.000000    -0.000000    -0.000000    -0.000000    -0.000000    -0.000000    1.000000    0.000000    0.000000    0.000000    0.000000    
23.956875    -0.000000    -0.000000    -0.000000    1.000000    0.000000    0.000000    0.000000    0.000000    0.000000    0.000000    0.000000    
48.345764    -0.000000    -0.000000    -0.000000    -0.000000    -0.000000    -0.000000    -0.000000    1.000000    0.000000    0.000000    0.000000    
61.724561    -0.000000    -0.000000    1.000000    0.000000    0.000000    0.000000    0.000000    0.000000    0.000000    0.000000    0.000000    
98.307894    -0.000000    -0.000000    -0.000000    -0.000000    -0.000000    -0.000000    -0.000000    -0.000000    1.000000    0.000000    0.000000    
117.038210    -0.000000    1.000000    0.000000    0.000000    0.000000    0.000000    0.000000    0.000000    0.000000    0.000000    0.000000    
165.815989    -0.000000    -0.000000    -0.000000    -0.000000    -0.000000    -0.000000    -0.000000    -0.000000    -0.000000    1.000000    0.000000    
189.897823    1.000000    0.000000    0.000000    0.000000    0.000000    0.000000    0.000000    0.000000    0.000000    0.000000    0.000000    
250.870046    0.000000    0.000000    0.000000    0.000000    0.000000    0.000000    0.000000    0.000000    0.000000    0.000000    1.000000    

1.466077
1.074690    -0.000000    -0.000000    -0.000000    -0.000000    -0.000000    1.000000    0.000000    0.000000    0.000000    0.000000    0.000000    
3.706585    -0.000000    -0.000000    -0.000000    -0.000000    1.000000    0.000000    0.000000    0.000000    0.000000    0.000000    0.000000    
15.988759    -0.000000    -0.000000    -0.000000    -0.000000    -0.000000    -0.000000    1.000000    0.000000    0.000000    0.000000    0.000000    
23.884443    -0.000000    -0.000000    -0.000000    1.000000    0.000000    0.000000    0.000000    0.000000    0.000000    0.000000    0.000000    
48.448791    -0.000000    -0.000000    -0.000000    -0.000000    -0.000000    -0.000000    -0.000000    1.000000    0.000000    0.000000    0.000000    
61.608264    -0.000000    -0.000000    1.000000    0.000000    0.000000    0.000000    0.000000    0.000000    0.000000    0.000000    0.000000    
98.454787    -0.000000    -0.000000    -0.000000    -0.000000    -0.000000    -0.000000    -0.000000    -0.000000    1.000000    0.000000    0.000000    
116.878049    -0.000000    1.000000    0.000000    0.000000    0.000000    0.000000    0.000000    0.000000    0.000000    0.000000    0.000000    
166.006746    -0.000000    -0.000000    -0.000000    -0.000000    -0.000000    -0.000000    -0.000000    -0.000000    -0.000000    1.000000    0.000000    
189.693797    1.000000    0.000000    0.000000    0.000000    0.000000    0.000000    0.000000    0.000000    0.000000    0.000000    0.000000    
251.104668    0.000000    0.000000    0.000000    0.000000    0.000000    0.000000    0.000000    0.000000    0.000000    0.000000    1.000000    

1.476549
1.090098    -0.000000    -0.000000    -0.000000    -0.000000    -0.000000    1.000000    0.000000    0.000000    0.000000    0.000000    0.000000    
3.678127    -0.000000    -0.000000    -0.000000    -0.000000    1.000000    0.000000    0.000000    0.000000    0.000000    0.000000    0.000000    
16.048032    -0.000000    -0.000000    -0.000000    -0.000000    -0.000000    -0.000000    1.000000    0.000000    0.000000    0.000000    0.000000    
23.812120    -0.000000    -0.000000    -0.000000    1.000000    0.000000    0.000000    0.000000    0.000000    0.000000    0.000000    0.000000    
48.551929    -0.000000    -0.000000    -0.000000    -0.000000    -0.000000    -0.000000    -0.000000    1.000000    0.000000    0.000000    0.000000    
61.492077    -0.000000    -0.000000    1.000000    0.000000    0.000000    0.000000    0.000000    0.000000    0.000000    0.000000    0.000000    
98.601789    -0.000000    -0.000000    -0.000000    -0.000000    -0.000000    -0.000000    -0.000000    -0.000000    1.000000    0.000000    0.000000    
116.717996    -0.000000    1.000000    0.000000    0.000000    0.000000    0.000000    0.000000    0.000000    0.000000    0.000000    0.000000    
166.197613    -0.000000    -0.000000    -0.000000    -0.000000    -0.000000    -0.000000    -0.000000    -0.000000    -0.000000    1.000000    0.000000    
189.489880    1.000000    0.000000    0.000000    0.000000    0.000000    0.000000    0.000000    0.000000    0.000000    0.000000    0.000000    
251.339401    0.000000    0.000000    0.000000    0.000000    0.000000    0.000000    0.000000    0.000000    0.000000    0.000000    1.000000    

1.487021
1.105615    -0.000000    -0.000000    -0.000000    -0.000000    -0.000000    1.000000    0.000000    0.000000    0.000000    0.000000    0.000000    
3.649780    -0.000000    -0.000000    -0.000000    -0.000000    1.000000    0.000000    0.000000    0.000000    0.000000    0.000000    0.000000    
16.107414    -0.000000    -0.000000    -0.000000    -0.000000    -0.000000    -0.000000    1.000000    0.000000    0.000000    0.000000    0.000000    
23.739908    -0.000000    -0.000000    -0.000000    1.000000    0.000000    0.000000    0.000000    0.000000    0.000000    0.000000    0.000000    
48.655176    -0.000000    -0.000000    -0.000000    -0.000000    -0.000000    -0.000000    -0.000000    1.000000    0.000000    0.000000    0.000000    
61.375999    -0.000000    -0.000000    1.000000    0.000000    0.000000    0.000000    0.000000    0.000000    0.000000    0.000000    0.000000    
98.748901    -0.000000    -0.000000    -0.000000    -0.000000    -0.000000    -0.000000    -0.000000    -0.000000    1.000000    0.000000    0.000000    
116.558054    -0.000000    1.000000    0.000000    0.000000    0.000000    0.000000    0.000000    0.000000    0.000000    0.000000    0.000000    
166.388590    -0.000000    -0.000000    -0.000000    -0.000000    -0.000000    -0.000000    -0.000000    -0.000000    -0.000000    1.000000    0.000000    
189.286072    1.000000    0.000000    0.000000    0.000000    0.000000    0.000000    0.000000    0.000000    0.000000    0.000000    0.000000    
251.574242    0.000000    0.000000    0.000000    0.000000    0.000000    0.000000    0.000000    0.000000    0.000000    0.000000    1.000000    

1.497492
1.121242    -0.000000    -0.000000    -0.000000    -0.000000    -0.000000    1.000000    0.000000    0.000000    0.000000    0.000000    0.000000    
3.621542    -0.000000    -0.000000    -0.000000    -0.000000    1.000000    0.000000    0.000000    0.000000    0.000000    0.000000    0.000000    
16.166905    -0.000000    -0.000000    -0.000000    -0.000000    -0.000000    -0.000000    1.000000    0.000000    0.000000    0.000000    0.000000    
23.667805    -0.000000    -0.000000    -0.000000    1.000000    0.000000    0.000000    0.000000    0.000000    0.000000    0.000000    0.000000    
48.758532    -0.000000    -0.000000    -0.000000    -0.000000    -0.000000    -0.000000    -0.000000    1.000000    0.000000    0.000000    0.000000    
61.260031    -0.000000    -0.000000    1.000000    0.000000    0.000000    0.000000    0.000000    0.000000    0.000000    0.000000    0.000000    
98.896123    -0.000000    -0.000000    -0.000000    -0.000000    -0.000000    -0.000000    -0.000000    -0.000000    1.000000    0.000000    0.000000    
116.398221    -0.000000    1.000000    0.000000    0.000000    0.000000    0.000000    0.000000    0.000000    0.000000    0.000000    0.000000    
166.579677    -0.000000    -0.000000    -0.000000    -0.000000    -0.000000    -0.000000    -0.000000    -0.000000    -0.000000    1.000000    0.000000    
189.082375    1.000000    0.000000    0.000000    0.000000    0.000000    0.000000    0.000000    0.000000    0.000000    0.000000    0.000000    
251.809194    0.000000    0.000000    0.000000    0.000000    0.000000    0.000000    0.000000    0.000000    0.000000    0.000000    1.000000    

1.507964
1.136978    -0.000000    -0.000000    -0.000000    -0.000000    -0.000000    1.000000    0.000000    0.000000    0.000000    0.000000    0.000000    
3.593413    -0.000000    -0.000000    -0.000000    -0.000000    1.000000    0.000000    0.000000    0.000000    0.000000    0.000000    0.000000    
16.226507    -0.000000    -0.000000    -0.000000    -0.000000    -0.000000    -0.000000    1.000000    0.000000    0.000000    0.000000    0.000000    
23.595812    -0.000000    -0.000000    -0.000000    1.000000    0.000000    0.000000    0.000000    0.000000    0.000000    0.000000    0.000000    
48.861999    -0.000000    -0.000000    -0.000000    -0.000000    -0.000000    -0.000000    -0.000000    1.000000    0.000000    0.000000    0.000000    
61.144173    -0.000000    -0.000000    1.000000    0.000000    0.000000    0.000000    0.000000    0.000000    0.000000    0.000000    0.000000    
99.043454    -0.000000    -0.000000    -0.000000    -0.000000    -0.000000    -0.000000    -0.000000    -0.000000    1.000000    0.000000    0.000000    
116.238498    -0.000000    1.000000    0.000000    0.000000    0.000000    0.000000    0.000000    0.000000    0.000000    0.000000    0.000000    
166.770873    -0.000000    -0.000000    -0.000000    -0.000000    -0.000000    -0.000000    -0.000000    -0.000000    -0.000000    1.000000    0.000000    
188.878787    1.000000    0.000000    0.000000    0.000000    0.000000    0.000000    0.000000    0.000000    0.000000    0.000000    0.000000    
252.044255    0.000000    0.000000    0.000000    0.000000    0.000000    0.000000    0.000000    0.000000    0.000000    0.000000    1.000000    

1.518436
1.152825    -0.000000    -0.000000    -0.000000    -0.000000    -0.000000    1.000000    0.000000    0.000000    0.000000    0.000000    0.000000    
3.565395    -0.000000    -0.000000    -0.000000    -0.000000    1.000000    0.000000    0.000000    0.000000    0.000000    0.000000    0.000000    
16.286218    -0.000000    -0.000000    -0.000000    -0.000000    -0.000000    -0.000000    1.000000    0.000000    0.000000    0.000000    0.000000    
23.523928    -0.000000    -0.000000    -0.000000    1.000000    0.000000    0.000000    0.000000    0.000000    0.000000    0.000000    0.000000    
48.965575    -0.000000    -0.000000    -0.000000    -0.000000    -0.000000    -0.000000    -0.000000    1.000000    0.000000    0.000000    0.000000    
61.028425    -0.000000    -0.000000    1.000000    0.000000    0.000000    0.000000    0.000000    0.000000    0.000000    0.000000    0.000000    
99.190895    -0.000000    -0.000000    -0.000000    -0.000000    -0.000000    -0.000000    -0.000000    -0.000000    1.000000    0.000000    0.000000    
116.078885    -0.000000    1.000000    0.000000    0.000000    0.000000    0.000000    0.000000    0.000000    0.000000    0.000000    0.000000    
166.962179    -0.000000    -0.000000    -0.000000    -0.000000    -0.000000    -0.000000    -0.000000    -0.000000    -0.000000    1.000000    0.000000    
188.675308    1.000000    0.000000    0.000000    0.000000    0.000000    0.000000    0.000000    0.000000    0.000000    0.000000    0.000000    
252.279425    0.000000    0.000000    0.000000    0.000000    0.000000    0.000000    0.000000    0.000000    0.000000    0.000000    1.000000    

1.528908
1.168780    -0.000000    -0.000000    -0.000000    -0.000000    -0.000000    1.000000    0.000000    0.000000    0.000000    0.000000    0.000000    
3.537486    -0.000000    -0.000000    -0.000000    -0.000000    1.000000    0.000000    0.000000    0.000000    0.000000    0.000000    0.000000    
16.346039    -0.000000    -0.000000    -0.000000    -0.000000    -0.000000    -0.000000    1.000000    0.000000    0.000000    0.000000    0.000000    
23.452154    -0.000000    -0.000000    -0.000000    1.000000    0.000000    0.000000    0.000000    0.000000    0.000000    0.000000    0.000000    
49.069261    -0.000000    -0.000000    -0.000000    -0.000000    -0.000000    -0.000000    -0.000000    1.000000    0.000000    0.000000    0.000000    
60.912786    -0.000000    -0.000000    1.000000    0.000000    0.000000    0.000000    0.000000    0.000000    0.000000    0.000000    0.000000    
99.338446    -0.000000    -0.000000    -0.000000    -0.000000    -0.000000    -0.000000    -0.000000    -0.000000    1.000000    0.000000    0.000000    
115.919381    -0.000000    1.000000    0.000000    0.000000    0.000000    0.000000    0.000000    0.000000    0.000000    0.000000    0.000000    
167.153594    -0.000000    -0.000000    -0.000000    -0.000000    -0.000000    -0.000000    -0.000000    -0.000000    -0.000000    1.000000    0.000000    
188.471940    1.000000    0.000000    0.000000    0.000000    0.000000    0.000000    0.000000    0.000000    0.000000    0.000000    0.000000    
252.514706    0.000000    0.000000    0.000000    0.000000    0.000000    0.000000    0.000000    0.000000    0.000000    0.000000    1.000000    

1.539380
1.184846    -0.000000    -0.000000    -0.000000    -0.000000    -0.000000    1.000000    0.000000    0.000000    0.000000    0.000000    0.000000    
3.509686    -0.000000    -0.000000    -0.000000    -0.000000    1.000000    0.000000    0.000000    0.000000    0.000000    0.000000    0.000000    
16.405969    -0.000000    -0.000000    -0.000000    -0.000000    -0.000000    -0.000000    1.000000    0.000000    0.000000    0.000000    0.000000    
23.380490    -0.000000    -0.000000    -0.000000    1.000000    0.000000    0.000000    0.000000    0.000000    0.000000    0.000000    0.000000    
49.173056    -0.000000    -0.000000    -0.000000    -0.000000    -0.000000    -0.000000    -0.000000    1.000000    0.000000    0.000000    0.000000    
60.797257    -0.000000    -0.000000    1.000000    0.000000    0.000000    0.000000    0.000000    0.000000    0.000000    0.000000    0.000000    
99.486106    -0.000000    -0.000000    -0.000000    -0.000000    -0.000000    -0.000000    -0.000000    -0.000000    1.000000    0.000000    0.000000    
115.759987    -0.000000    1.000000    0.000000    0.000000    0.000000    0.000000    0.000000    0.000000    0.000000    0.000000    0.000000    
167.345119    -0.000000    -0.000000    -0.000000    -0.000000    -0.000000    -0.000000    -0.000000    -0.000000    -0.000000    1.000000    0.000000    
188.268681    1.000000    0.000000    0.000000    0.000000    0.000000    0.000000    0.000000    0.000000    0.000000    0.000000    0.000000    
252.750096    0.000000    0.000000    0.000000    0.000000    0.000000    0.000000    0.000000    0.000000    0.000000    0.000000    1.000000    

1.549852
1.201021    -0.000000    -0.000000    -0.000000    -0.000000    -0.000000    1.000000    0.000000    0.000000    0.000000    0.000000    0.000000    
3.481996    -0.000000    -0.000000    -0.000000    -0.000000    1.000000    0.000000    0.000000    0.000000    0.000000    0.000000    0.000000    
16.466009    -0.000000    -0.000000    -0.000000    -0.000000    -0.000000    -0.000000    1.000000    0.000000    0.000000    0.000000    0.000000    
23.308935    -0.000000    -0.000000    -0.000000    1.000000    0.000000    0.000000    0.000000    0.000000    0.000000    0.000000    0.000000    
49.276961    -0.000000    -0.000000    -0.000000    -0.000000    -0.000000    -0.000000    -0.000000    1.000000    0.000000    0.000000    0.000000    
60.681837    -0.000000    -0.000000    1.000000    0.000000    0.000000    0.000000    0.000000    0.000000    0.000000    0.000000    0.000000    
99.633876    -0.000000    -0.000000    -0.000000    -0.000000    -0.000000    -0.000000    -0.000000    -0.000000    1.000000    0.000000    0.000000    
115.600702    -0.000000    1.000000    0.000000    0.000000    0.000000    0.000000    0.000000    0.000000    0.000000    0.000000    0.000000    
167.536754    -0.000000    -0.000000    -0.000000    -0.000000    -0.000000    -0.000000    -0.000000    -0.000000    -0.000000    1.000000    0.000000    
188.065531    1.000000    0.000000    0.000000    0.000000    0.000000    0.000000    0.000000    0.000000    0.000000    0.000000    0.000000    
252.985596    0.000000    0.000000    0.000000    0.000000    0.000000    0.000000    0.000000    0.000000    0.000000    0.000000    1.000000    

1.560324
1.217306    -0.000000    -0.000000    -0.000000    -0.000000    -0.000000    1.000000    0.000000    0.000000    0.000000    0.000000    0.000000    
3.454416    -0.000000    -0.000000    -0.000000    -0.000000    1.000000    0.000000    0.000000    0.000000    0.000000    0.000000    0.000000    
16.526159    -0.000000    -0.000000    -0.000000    -0.000000    -0.000000    -0.000000    1.000000    0.000000    0.000000    0.000000    0.000000    
23.237490    -0.000000    -0.000000    -0.000000    1.000000    0.000000    0.000000    0.000000    0.000000    0.000000    0.000000    0.000000    
49.380976    -0.000000    -0.000000    -0.000000    -0.000000    -0.000000    -0.000000    -0.000000    1.000000    0.000000    0.000000    0.000000    
60.566527    -0.000000    -0.000000    1.000000    0.000000    0.000000    0.000000    0.000000    0.000000    0.000000    0.000000    0.000000    
99.781755    -0.000000    -0.000000    -0.000000    -0.000000    -0.000000    -0.000000    -0.000000    -0.000000    1.000000    0.000000    0.000000    
115.441528    -0.000000    1.000000    0.000000    0.000000    0.000000    0.000000    0.000000    0.000000    0.000000    0.000000    0.000000    
167.728499    -0.000000    -0.000000    -0.000000    -0.000000    -0.000000    -0.000000    -0.000000    -0.000000    -0.000000    1.000000    0.000000    
187.862491    1.000000    0.000000    0.000000    0.000000    0.000000    0.000000    0.000000    0.000000    0.000000    0.000000    0.000000    
253.221205    0.000000    0.000000    0.000000    0.000000    0.000000    0.000000    0.000000    0.000000    0.000000    0.000000    1.000000    

1.570796
1.233701    -0.000000    -0.000000    -0.000000    -0.000000    -0.000000    1.000000    0.000000    0.000000    0.000000    0.000000    0.000000    
3.426946    -0.000000    -0.000000    -0.000000    -0.000000    1.000000    0.000000    0.000000    0.000000    0.000000    0.000000    0.000000    
16.586419    -0.000000    -0.000000    -0.000000    -0.000000    -0.000000    -0.000000    1.000000    0.000000    0.000000    0.000000    0.000000    
23.166155    -0.000000    -0.000000    -0.000000    1.000000    0.000000    0.000000    0.000000    0.000000    0.000000    0.000000    0.000000    
49.485100    -0.000000    -0.000000    -0.000000    -0.000000    -0.000000    -0.000000    -0.000000    1.000000    0.000000    0.000000    0.000000    
60.451327    -0.000000    -0.000000    1.000000    0.000000    0.000000    0.000000    0.000000    0.000000    0.000000    0.000000    0.000000    
99.929745    -0.000000    -0.000000    -0.000000    -0.000000    -0.000000    -0.000000    -0.000000    -0.000000    1.000000    0.000000    0.000000    
115.282463    -0.000000    1.000000    0.000000    0.000000    0.000000    0.000000    0.000000    0.000000    0.000000    0.000000    0.000000    
167.920353    -0.000000    -0.000000    -0.000000    -0.000000    -0.000000    -0.000000    -0.000000    -0.000000    -0.000000    1.000000    0.000000    
187.659561    1.000000    0.000000    0.000000    0.000000    0.000000    0.000000    0.000000    0.000000    0.000000    0.000000    0.000000    
253.456924    0.000000    0.000000    0.000000    0.000000    0.000000    0.000000    0.000000    0.000000    0.000000    0.000000    1.000000    

1.581268
1.250205    -0.000000    -0.000000    -0.000000    -0.000000    -0.000000    1.000000    0.000000    0.000000    0.000000    0.000000    0.000000    
3.399585    -0.000000    -0.000000    -0.000000    -0.000000    1.000000    0.000000    0.000000    0.000000    0.000000    0.000000    0.000000    
16.646788    -0.000000    -0.000000    -0.000000    -0.000000    -0.000000    -0.000000    1.000000    0.000000    0.000000    0.000000    0.000000    
23.094929    -0.000000    -0.000000    -0.000000    1.000000    0.000000    0.000000    0.000000    0.000000    0.000000    0.000000    0.000000    
49.589334    -0.000000    -0.000000    -0.000000    -0.000000    -0.000000    -0.000000    -0.000000    1.000000    0.000000    0.000000    0.000000    
60.336236    -0.000000    -0.000000    1.000000    0.000000    0.000000    0.000000    0.000000    0.000000    0.000000    0.000000    0.000000    
100.077843    -0.000000    -0.000000    -0.000000    -0.000000    -0.000000    -0.000000    -0.000000    -0.000000    1.000000    0.000000    0.000000    
115.123507    -0.000000    1.000000    0.000000    0.000000    0.000000    0.000000    0.000000    0.000000    0.000000    0.000000    0.000000    
168.112316    -0.000000    -0.000000    -0.000000    -0.000000    -0.000000    -0.000000    -0.000000    -0.000000    -0.000000    1.000000    0.000000    
187.456741    1.000000    0.000000    0.000000    0.000000    0.000000    0.000000    0.000000    0.000000    0.000000    0.000000    0.000000    
253.692753    0.000000    0.000000    0.000000    0.000000    0.000000    0.000000    0.000000    0.000000    0.000000    0.000000    1.000000    

1.591740
1.266819    -0.000000    -0.000000    -0.000000    -0.000000    -0.000000    1.000000    0.000000    0.000000    0.000000    0.000000    0.000000    
3.372334    -0.000000    -0.000000    -0.000000    -0.000000    1.000000    0.000000    0.000000    0.000000    0.000000    0.000000    0.000000    
16.707266    -0.000000    -0.000000    -0.000000    -0.000000    -0.000000    -0.000000    1.000000    0.000000    0.000000    0.000000    0.000000    
23.023813    -0.000000    -0.000000    -0.000000    1.000000    0.000000    0.000000    0.000000    0.000000    0.000000    0.000000    0.000000    
49.693677    -0.000000    -0.000000    -0.000000    -0.000000    -0.000000    -0.000000    -0.000000    1.000000    0.000000    0.000000    0.000000    
60.221256    -0.000000    -0.000000    1.000000    0.000000    0.000000    0.000000    0.000000    0.000000    0.000000    0.000000    0.000000    
100.226052    -0.000000    -0.000000    -0.000000    -0.000000    -0.000000    -0.000000    -0.000000    -0.000000    1.000000    0.000000    0.000000    
114.964661    -0.000000    1.000000    0.000000    0.000000    0.000000    0.000000    0.000000    0.000000    0.000000    0.000000    0.000000    
168.304390    -0.000000    -0.000000    -0.000000    -0.000000    -0.000000    -0.000000    -0.000000    -0.000000    -0.000000    1.000000    0.000000    
187.254030    1.000000    0.000000    0.000000    0.000000    0.000000    0.000000    0.000000    0.000000    0.000000    0.000000    0.000000    
253.928691    0.000000    0.000000    0.000000    0.000000    0.000000    0.000000    0.000000    0.000000    0.000000    0.000000    1.000000    

1.602212
1.283542    -0.000000    -0.000000    -0.000000    -0.000000    -0.000000    1.000000    0.000000    0.000000    0.000000    0.000000    0.000000    
3.345193    -0.000000    -0.000000    -0.000000    -0.000000    1.000000    0.000000    0.000000    0.000000    0.000000    0.000000    0.000000    
16.767855    -0.000000    -0.000000    -0.000000    -0.000000    -0.000000    -0.000000    1.000000    0.000000    0.000000    0.000000    0.000000    
22.952807    -0.000000    -0.000000    -0.000000    1.000000    0.000000    0.000000    0.000000    0.000000    0.000000    0.000000    0.000000    
49.798131    -0.000000    -0.000000    -0.000000    -0.000000    -0.000000    -0.000000    -0.000000    1.000000    0.000000    0.000000    0.000000    
60.106384    -0.000000    -0.000000    1.000000    0.000000    0.000000    0.000000    0.000000    0.000000    0.000000    0.000000    0.000000    
100.374370    -0.000000    -0.000000    -0.000000    -0.000000    -0.000000    -0.000000    -0.000000    -0.000000    1.000000    0.000000    0.000000    
114.805925    -0.000000    1.000000    0.000000    0.000000    0.000000    0.000000    0.000000    0.000000    0.000000    0.000000    0.000000    
168.496573    -0.000000    -0.000000    -0.000000    -0.000000    -0.000000    -0.000000    -0.000000    -0.000000    -0.000000    1.000000    0.000000    
187.051429    1.000000    0.000000    0.000000    0.000000    0.000000    0.000000    0.000000    0.000000    0.000000    0.000000    0.000000    
254.164739    0.000000    0.000000    0.000000    0.000000    0.000000    0.000000    0.000000    0.000000    0.000000    0.000000    1.000000    

1.612684
1.300375    -0.000000    -0.000000    -0.000000    -0.000000    -0.000000    1.000000    0.000000    0.000000    0.000000    0.000000    0.000000    
3.318161    -0.000000    -0.000000    -0.000000    -0.000000    1.000000    0.000000    0.000000    0.000000    0.000000    0.000000    0.000000    
16.828553    -0.000000    -0.000000    -0.000000    -0.000000    -0.000000    -0.000000    1.000000    0.000000    0.000000    0.000000    0.000000    
22.881910    -0.000000    -0.000000    -0.000000    1.000000    0.000000    0.000000    0.000000    0.000000    0.000000    0.000000    0.000000    
49.902694    -0.000000    -0.000000    -0.000000    -0.000000    -0.000000    -0.000000    -0.000000    1.000000    0.000000    0.000000    0.000000    
59.991623    -0.000000    -0.000000    1.000000    0.000000    0.000000    0.000000    0.000000    0.000000    0.000000    0.000000    0.000000    
100.522798    -0.000000    -0.000000    -0.000000    -0.000000    -0.000000    -0.000000    -0.000000    -0.000000    1.000000    0.000000    0.000000    
114.647299    -0.000000    1.000000    0.000000    0.000000    0.000000    0.000000    0.000000    0.000000    0.000000    0.000000    0.000000    
168.688866    -0.000000    -0.000000    -0.000000    -0.000000    -0.000000    -0.000000    -0.000000    -0.000000    -0.000000    1.000000    0.000000    
186.848938    1.000000    0.000000    0.000000    0.000000    0.000000    0.000000    0.000000    0.000000    0.000000    0.000000    0.000000    
254.400897    0.000000    0.000000    0.000000    0.000000    0.000000    0.000000    0.000000    0.000000    0.000000    0.000000    1.000000    

1.623156
1.317318    -0.000000    -0.000000    -0.000000    -0.000000    -0.000000    1.000000    0.000000    0.000000    0.000000    0.000000    0.000000    
3.291239    -0.000000    -0.000000    -0.000000    -0.000000    1.000000    0.000000    0.000000    0.000000    0.000000    0.000000    0.000000    
16.889361    -0.000000    -0.000000    -0.000000    -0.000000    -0.000000    -0.000000    1.000000    0.000000    0.000000    0.000000    0.000000    
22.811123    -0.000000    -0.000000    -0.000000    1.000000    0.000000    0.000000    0.000000    0.000000    0.000000    0.000000    0.000000    
50.007366    -0.000000    -0.000000    -0.000000    -0.000000    -0.000000    -0.000000    -0.000000    1.000000    0.000000    0.000000    0.000000    
59.876971    -0.000000    -0.000000    1.000000    0.000000    0.000000    0.000000    0.000000    0.000000    0.000000    0.000000    0.000000    
100.671336    -0.000000    -0.000000    -0.000000    -0.000000    -0.000000    -0.000000    -0.000000    -0.000000    1.000000    0.000000    0.000000    
114.488782    -0.000000    1.000000    0.000000    0.000000    0.000000    0.000000    0.000000    0.000000    0.000000    0.000000    0.000000    
168.881268    -0.000000    -0.000000    -0.000000    -0.000000    -0.000000    -0.000000    -0.000000    -0.000000    -0.000000    1.000000    0.000000    
186.646556    1.000000    0.000000    0.000000    0.000000    0.000000    0.000000    0.000000    0.000000    0.000000    0.000000    0.000000    
254.637164    0.000000    0.000000    0.000000    0.000000    0.000000    0.000000    0.000000    0.000000    0.000000    0.000000    1.000000    

1.633628
1.334371    -0.000000    -0.000000    -0.000000    -0.000000    -0.000000    1.000000    0.000000    0.000000    0.000000    0.000000    0.000000    
3.264426    -0.000000    -0.000000    -0.000000    -0.000000    1.000000    0.000000    0.000000    0.000000    0.000000    0.000000    0.000000    
16.950278    -0.000000    -0.000000    -0.000000    -0.000000    -0.000000    -0.000000    1.000000    0.000000    0.000000    0.000000    0.000000    
22.740446    -0.000000    -0.000000    -0.000000    1.000000    0.000000    0.000000    0.000000    0.000000    0.000000    0.000000    0.000000    
50.112149    -0.000000    -0.000000    -0.000000    -0.000000    -0.000000    -0.000000    -0.000000    1.000000    0.000000    0.000000    0.000000    
59.762429    -0.000000    -0.000000    1.000000    0.000000    0.000000    0.000000    0.000000    0.000000    0.000000    0.000000    0.000000    
100.819983    -0.000000    -0.000000    -0.000000    -0.000000    -0.000000    -0.000000    -0.000000    -0.000000    1.000000    0.000000    0.000000    
114.330375    -0.000000    1.000000    0.000000    0.000000    0.000000    0.000000    0.000000    0.000000    0.000000    0.000000    0.000000    
169.073780    -0.000000    -0.000000    -0.000000    -0.000000    -0.000000    -0.000000    -0.000000    -0.000000    -0.000000    1.000000    0.000000    
186.444284    1.000000    0.000000    0.000000    0.000000    0.000000    0.000000    0.000000    0.000000    0.000000    0.000000    0.000000    
254.873541    0.000000    0.000000    0.000000    0.000000    0.000000    0.000000    0.000000    0.000000    0.000000    0.000000    1.000000    

1.644100
1.351533    -0.000000    -0.000000    -0.000000    -0.000000    -0.000000    1.000000    0.000000    0.000000    0.000000    0.000000    0.000000    
3.237724    -0.000000    -0.000000    -0.000000    -0.000000    1.000000    0.000000    0.000000    0.000000    0.000000    0.000000    0.000000    
17.011305    -0.000000    -0.000000    -0.000000    -0.000000    -0.000000    -0.000000    1.000000    0.000000    0.000000    0.000000    0.000000    
22.669878    -0.000000    -0.000000    -0.000000    1.000000    0.000000    0.000000    0.000000    0.000000    0.000000    0.000000    0.000000    
50.217041    -0.000000    -0.000000    -0.000000    -0.000000    -0.000000    -0.000000    -0.000000    1.000000    0.000000    0.000000    0.000000    
59.647996    -0.000000    -0.000000    1.000000    0.000000    0.000000    0.000000    0.000000    0.000000    0.000000    0.000000    0.000000    
100.968740    -0.000000    -0.000000    -0.000000    -0.000000    -0.000000    -0.000000    -0.000000    -0.000000    1.000000    0.000000    0.000000    
114.172077    -0.000000    1.000000    0.000000    0.000000    0.000000    0.000000    0.000000    0.000000    0.000000    0.000000    0.000000    
169.266402    -0.000000    -0.000000    -0.000000    -0.000000    -0.000000    -0.000000    -0.000000    -0.000000    -0.000000    1.000000    0.000000    
186.242122    1.000000    0.000000    0.000000    0.000000    0.000000    0.000000    0.000000    0.000000    0.000000    0.000000    0.000000    
255.110028    0.000000    0.000000    0.000000    0.000000    0.000000    0.000000    0.000000    0.000000    0.000000    0.000000    1.000000    

1.654572
1.368804    -0.000000    -0.000000    -0.000000    -0.000000    -0.000000    1.000000    0.000000    0.000000    0.000000    0.000000    0.000000    
3.211131    -0.000000    -0.000000    -0.000000    -0.000000    1.000000    0.000000    0.000000    0.000000    0.000000    0.000000    0.000000    
17.072442    -0.000000    -0.000000    -0.000000    -0.000000    -0.000000    -0.000000    1.000000    0.000000    0.000000    0.000000    0.000000    
22.599420    -0.000000    -0.000000    -0.000000    1.000000    0.000000    0.000000    0.000000    0.000000    0.000000    0.000000    0.000000    
50.322042    -0.000000    -0.000000    -0.000000    -0.000000    -0.000000    -0.000000    -0.000000    1.000000    0.000000    0.000000    0.000000    
59.533673    -0.000000    -0.000000    1.000000    0.000000    0.000000    0.000000    0.000000    0.000000    0.000000    0.000000    0.000000    
101.117606    -0.000000    -0.000000    -0.000000    -0.000000    -0.000000    -0.000000    -0.000000    -0.000000    1.000000    0.000000    0.000000    
114.013889    -0.000000    1.000000    0.000000    0.000000    0.000000    0.000000    0.000000    0.000000    0.000000    0.000000    0.000000    
169.459134    -0.000000    -0.000000    -0.000000    -0.000000    -0.000000    -0.000000    -0.000000    -0.000000    -0.000000    1.000000    0.000000    
186.040069    1.000000    0.000000    0.000000    0.000000    0.000000    0.000000    0.000000    0.000000    0.000000    0.000000    0.000000    
255.346624    0.000000    0.000000    0.000000    0.000000    0.000000    0.000000    0.000000    0.000000    0.000000    0.000000    1.000000    

1.665044
1.386186    -0.000000    -0.000000    -0.000000    -0.000000    -0.000000    1.000000    0.000000    0.000000    0.000000    0.000000    0.000000    
3.184647    -0.000000    -0.000000    -0.000000    -0.000000    1.000000    0.000000    0.000000    0.000000    0.000000    0.000000    0.000000    
17.133688    -0.000000    -0.000000    -0.000000    -0.000000    -0.000000    -0.000000    1.000000    0.000000    0.000000    0.000000    0.000000    
22.529072    -0.000000    -0.000000    -0.000000    1.000000    0.000000    0.000000    0.000000    0.000000    0.000000    0.000000    0.000000    
50.427154    -0.000000    -0.000000    -0.000000    -0.000000    -0.000000    -0.000000    -0.000000    1.000000    0.000000    0.000000    0.000000    
59.419460    -0.000000    -0.000000    1.000000    0.000000    0.000000    0.000000    0.000000    0.000000    0.000000    0.000000    0.000000    
101.266582    -0.000000    -0.000000    -0.000000    -0.000000    -0.000000    -0.000000    -0.000000    -0.000000    1.000000    0.000000    0.000000    
113.855811    -0.000000    1.000000    0.000000    0.000000    0.000000    0.000000    0.000000    0.000000    0.000000    0.000000    0.000000    
169.651975    -0.000000    -0.000000    -0.000000    -0.000000    -0.000000    -0.000000    -0.000000    -0.000000    -0.000000    1.000000    0.000000    
185.838126    1.000000    0.000000    0.000000    0.000000    0.000000    0.000000    0.000000    0.000000    0.000000    0.000000    0.000000    
255.583330    0.000000    0.000000    0.000000    0.000000    0.000000    0.000000    0.000000    0.000000    0.000000    0.000000    1.000000    

1.675516
1.403677    -0.000000    -0.000000    -0.000000    -0.000000    -0.000000    1.000000    0.000000    0.000000    0.000000    0.000000    0.000000    
3.158273    -0.000000    -0.000000    -0.000000    -0.000000    1.000000    0.000000    0.000000    0.000000    0.000000    0.000000    0.000000    
17.195044    -0.000000    -0.000000    -0.000000    -0.000000    -0.000000    -0.000000    1.000000    0.000000    0.000000    0.000000    0.000000    
22.458833    -0.000000    -0.000000    -0.000000    1.000000    0.000000    0.000000    0.000000    0.000000    0.000000    0.000000    0.000000    
50.532375    -0.000000    -0.000000    -0.000000    -0.000000    -0.000000    -0.000000    -0.000000    1.000000    0.000000    0.000000    0.000000    
59.305356    -0.000000    -0.000000    1.000000    0.000000    0.000000    0.000000    0.000000    0.000000    0.000000    0.000000    0.000000    
101.415668    -0.000000    -0.000000    -0.000000    -0.000000    -0.000000    -0.000000    -0.000000    -0.000000    1.000000    0.000000    0.000000    
113.697843    -0.000000    1.000000    0.000000    0.000000    0.000000    0.000000    0.000000    0.000000    0.000000    0.000000    0.000000    
169.844926    -0.000000    -0.000000    -0.000000    -0.000000    -0.000000    -0.000000    -0.000000    -0.000000    -0.000000    1.000000    0.000000    
185.636293    1.000000    0.000000    0.000000    0.000000    0.000000    0.000000    0.000000    0.000000    0.000000    0.000000    0.000000    
255.820146    0.000000    0.000000    0.000000    0.000000    0.000000    0.000000    0.000000    0.000000    0.000000    0.000000    1.000000    

1.685988
1.421278    -0.000000    -0.000000    -0.000000    -0.000000    -0.000000    1.000000    0.000000    0.000000    0.000000    0.000000    0.000000    
3.132009    -0.000000    -0.000000    -0.000000    -0.000000    1.000000    0.000000    0.000000    0.000000    0.000000    0.000000    0.000000    
17.256510    -0.000000    -0.000000    -0.000000    -0.000000    -0.000000    -0.000000    1.000000    0.000000    0.000000    0.000000    0.000000    
22.388704    -0.000000    -0.000000    -0.000000    1.000000    0.000000    0.000000    0.000000    0.000000    0.000000    0.000000    0.000000    
50.637705    -0.000000    -0.000000    -0.000000    -0.000000    -0.000000    -0.000000    -0.000000    1.000000    0.000000    0.000000    0.000000    
59.191362    -0.000000    -0.000000    1.000000    0.000000    0.000000    0.000000    0.000000    0.000000    0.000000    0.000000    0.000000    
101.564864    -0.000000    -0.000000    -0.000000    -0.000000    -0.000000    -0.000000    -0.000000    -0.000000    1.000000    0.000000    0.000000    
113.539984    -0.000000    1.000000    0.000000    0.000000    0.000000    0.000000    0.000000    0.000000    0.000000    0.000000    0.000000    
170.037986    -0.000000    -0.000000    -0.000000    -0.000000    -0.000000    -0.000000    -0.000000    -0.000000    -0.000000    1.000000    0.000000    
185.434569    1.000000    0.000000    0.000000    0.000000    0.000000    0.000000    0.000000    0.000000    0.000000    0.000000    0.000000    
256.057071    0.000000    0.000000    0.000000    0.000000    0.000000    0.000000    0.000000    0.000000    0.000000    0.000000    1.000000    

1.696460
1.438988    -0.000000    -0.000000    -0.000000    -0.000000    -0.000000    1.000000    0.000000    0.000000    0.000000    0.000000    0.000000    
3.105855    -0.000000    -0.000000    -0.000000    -0.000000    1.000000    0.000000    0.000000    0.000000    0.000000    0.000000    0.000000    
17.318085    -0.000000    -0.000000    -0.000000    -0.000000    -0.000000    -0.000000    1.000000    0.000000    0.000000    0.000000    0.000000    
22.318685    -0.000000    -0.000000    -0.000000    1.000000    0.000000    0.000000    0.000000    0.000000    0.000000    0.000000    0.000000    
50.743145    -0.000000    -0.000000    -0.000000    -0.000000    -0.000000    -0.000000    -0.000000    1.000000    0.000000    0.000000    0.000000    
59.077478    -0.000000    -0.000000    1.000000    0.000000    0.000000    0.000000    0.000000    0.000000    0.000000    0.000000    0.000000    
101.714169    -0.000000    -0.000000    -0.000000    -0.000000    -0.000000    -0.000000    -0.000000    -0.000000    1.000000    0.000000    0.000000    
113.382235    -0.000000    1.000000    0.000000    0.000000    0.000000    0.000000    0.000000    0.000000    0.000000    0.000000    0.000000    
170.231156    -0.000000    -0.000000    -0.000000    -0.000000    -0.000000    -0.000000    -0.000000    -0.000000    -0.000000    1.000000    0.000000    
185.232955    1.000000    0.000000    0.000000    0.000000    0.000000    0.000000    0.000000    0.000000    0.000000    0.000000    0.000000    
256.294106    0.000000    0.000000    0.000000    0.000000    0.000000    0.000000    0.000000    0.000000    0.000000    0.000000    1.000000    

1.706932
1.456808    -0.000000    -0.000000    -0.000000    -0.000000    -0.000000    1.000000    0.000000    0.000000    0.000000    0.000000    0.000000    
3.079810    -0.000000    -0.000000    -0.000000    -0.000000    1.000000    0.000000    0.000000    0.000000    0.000000    0.000000    0.000000    
17.379770    -0.000000    -0.000000    -0.000000    -0.000000    -0.000000    -0.000000    1.000000    0.000000    0.000000    0.000000    0.000000    
22.248775    -0.000000    -0.000000    -0.000000    1.000000    0.000000    0.000000    0.000000    0.000000    0.000000    0.000000    0.000000    
50.848695    -0.000000    -0.000000    -0.000000    -0.000000    -0.000000    -0.000000    -0.000000    1.000000    0.000000    0.000000    0.000000    
58.963703    -0.000000    -0.000000    1.000000    0.000000    0.000000    0.000000    0.000000    0.000000    0.000000    0.000000    0.000000    
101.863584    -0.000000    -0.000000    -0.000000    -0.000000    -0.000000    -0.000000    -0.000000    -0.000000    1.000000    0.000000    0.000000    
113.224595    -0.000000    1.000000    0.000000    0.000000    0.000000    0.000000    0.000000    0.000000    0.000000    0.000000    0.000000    
170.424436    -0.000000    -0.000000    -0.000000    -0.000000    -0.000000    -0.000000    -0.000000    -0.000000    -0.000000    1.000000    0.000000    
185.031450    1.000000    0.000000    0.000000    0.000000    0.000000    0.000000    0.000000    0.000000    0.000000    0.000000    0.000000    
256.531251    0.000000    0.000000    0.000000    0.000000    0.000000    0.000000    0.000000    0.000000    0.000000    0.000000    1.000000    

1.717404
1.474738    -0.000000    -0.000000    -0.000000    -0.000000    -0.000000    1.000000    0.000000    0.000000    0.000000    0.000000    0.000000    
3.053875    -0.000000    -0.000000    -0.000000    -0.000000    1.000000    0.000000    0.000000    0.000000    0.000000    0.000000    0.000000    
17.441565    -0.000000    -0.000000    -0.000000    -0.000000    -0.000000    -0.000000    1.000000    0.000000    0.000000    0.000000    0.000000    
22.178975    -0.000000    -0.000000    -0.000000    1.000000    0.000000    0.000000    0.000000    0.000000    0.000000    0.000000    0.000000    
50.954355    -0.000000    -0.000000    -0.000000    -0.000000    -0.000000    -0.000000    -0.000000    1.000000    0.000000    0.000000    0.000000    
58.850038    -0.000000    -0.000000    1.000000    0.000000    0.000000    0.000000    0.000000    0.000000    0.000000    0.000000    0.000000    
102.013108    -0.000000    -0.000000    -0.000000    -0.000000    -0.000000    -0.000000    -0.000000    -0.000000    1.000000    0.000000    0.000000    
113.067065    -0.000000    1.000000    0.000000    0.000000    0.000000    0.000000    0.000000    0.000000    0.000000    0.000000    0.000000    
170.617825    -0.000000    -0.000000    -0.000000    -0.000000    -0.000000    -0.000000    -0.000000    -0.000000    -0.000000    1.000000    0.000000    
184.830056    1.000000    0.000000    0.000000    0.000000    0.000000    0.000000    0.000000    0.000000    0.000000    0.000000    0.000000    
256.768505    0.000000    0.000000    0.000000    0.000000    0.000000    0.000000    0.000000    0.000000    0.000000    0.000000    1.000000    

1.727876
1.492778    -0.000000    -0.000000    -0.000000    -0.000000    -0.000000    1.000000    0.000000    0.000000    0.000000    0.000000    0.000000    
3.028049    -0.000000    -0.000000    -0.000000    -0.000000    1.000000    0.000000    0.000000    0.000000    0.000000    0.000000    0.000000    
17.503469    -0.000000    -0.000000    -0.000000    -0.000000    -0.000000    -0.000000    1.000000    0.000000    0.000000    0.000000    0.000000    
22.109285    -0.000000    -0.000000    -0.000000    1.000000    0.000000    0.000000    0.000000    0.000000    0.000000    0.000000    0.000000    
51.060124    -0.000000    -0.000000    -0.000000    -0.000000    -0.000000    -0.000000    -0.000000    1.000000    0.000000    0.000000    0.000000    
58.736483    -0.000000    -0.000000    1.000000    0.000000    0.000000    0.000000    0.000000    0.000000    0.000000    0.000000    0.000000    
102.162743    -0.000000    -0.000000    -0.000000    -0.000000    -0.000000    -0.000000    -0.000000    -0.000000    1.000000    0.000000    0.000000    
112.909645    -0.000000    1.000000    0.000000    0.000000    0.000000    0.000000    0.000000    0.000000    0.000000    0.000000    0.000000    
170.811324    -0.000000    -0.000000    -0.000000    -0.000000    -0.000000    -0.000000    -0.000000    -0.000000    -0.000000    1.000000    0.000000    
184.628770    1.000000    0.000000    0.000000    0.000000    0.000000    0.000000    0.000000    0.000000    0.000000    0.000000    0.000000    
257.005869    0.000000    0.000000    0.000000    0.000000    0.000000    0.000000    0.000000    0.000000    0.000000    0.000000    1.000000    

1.738348
1.510927    -0.000000    -0.000000    -0.000000    -0.000000    -0.000000    1.000000    0.000000    0.000000    0.000000    0.000000    0.000000    
3.002334    -0.000000    -0.000000    -0.000000    -0.000000    1.000000    0.000000    0.000000    0.000000    0.000000    0.000000    0.000000    
17.565483    -0.000000    -0.000000    -0.000000    -0.000000    -0.000000    -0.000000    1.000000    0.000000    0.000000    0.000000    0.000000    
22.039704    -0.000000    -0.000000    -0.000000    1.000000    0.000000    0.000000    0.000000    0.000000    0.000000    0.000000    0.000000    
51.166003    -0.000000    -0.000000    -0.000000    -0.000000    -0.000000    -0.000000    -0.000000    1.000000    0.000000    0.000000    0.000000    
58.623038    -0.000000    -0.000000    1.000000    0.000000    0.000000    0.000000    0.000000    0.000000    0.000000    0.000000    0.000000    
102.312486    -0.000000    -0.000000    -0.000000    -0.000000    -0.000000    -0.000000    -0.000000    -0.000000    1.000000    0.000000    0.000000    
112.752335    -0.000000    1.000000    0.000000    0.000000    0.000000    0.000000    0.000000    0.000000    0.000000    0.000000    0.000000    
171.004933    -0.000000    -0.000000    -0.000000    -0.000000    -0.000000    -0.000000    -0.000000    -0.000000    -0.000000    1.000000    0.000000    
184.427595    1.000000    0.000000    0.000000    0.000000    0.000000    0.000000    0.000000    0.000000    0.000000    0.000000    0.000000    
257.243343    0.000000    0.000000    0.000000    0.000000    0.000000    0.000000    0.000000    0.000000    0.000000    0.000000    1.000000    

1.748820
1.529186    -0.000000    -0.000000    -0.000000    -0.000000    -0.000000    1.000000    0.000000    0.000000    0.000000    0.000000    0.000000    
2.976728    -0.000000    -0.000000    -0.000000    -0.000000    1.000000    0.000000    0.000000    0.000000    0.000000    0.000000    0.000000    
17.627607    -0.000000    -0.000000    -0.000000    -0.000000    -0.000000    -0.000000    1.000000    0.000000    0.000000    0.000000    0.000000    
21.970233    -0.000000    -0.000000    -0.000000    1.000000    0.000000    0.000000    0.000000    0.000000    0.000000    0.000000    0.000000    
51.271992    -0.000000    -0.000000    -0.000000    -0.000000    -0.000000    -0.000000    -0.000000    1.000000    0.000000    0.000000    0.000000    
58.509702    -0.000000    -0.000000    1.000000    0.000000    0.000000    0.000000    0.000000    0.000000    0.000000    0.000000    0.000000    
102.462340    -0.000000    -0.000000    -0.000000    -0.000000    -0.000000    -0.000000    -0.000000    -0.000000    1.000000    0.000000    0.000000    
112.595134    -0.000000    1.000000    0.000000    0.000000    0.000000    0.000000    0.000000    0.000000    0.000000    0.000000    0.000000    
171.198651    -0.000000    -0.000000    -0.000000    -0.000000    -0.000000    -0.000000    -0.000000    -0.000000    -0.000000    1.000000    0.000000    
184.226529    1.000000    0.000000    0.000000    0.000000    0.000000    0.000000    0.000000    0.000000    0.000000    0.000000    0.000000    
257.480926    0.000000    0.000000    0.000000    0.000000    0.000000    0.000000    0.000000    0.000000    0.000000    0.000000    1.000000    

1.759292
1.547554    -0.000000    -0.000000    -0.000000    -0.000000    -0.000000    1.000000    0.000000    0.000000    0.000000    0.000000    0.000000    
2.951231    -0.000000    -0.000000    -0.000000    -0.000000    1.000000    0.000000    0.000000    0.000000    0.000000    0.000000    0.000000    
17.689840    -0.000000    -0.000000    -0.000000    -0.000000    -0.000000    -0.000000    1.000000    0.000000    0.000000    0.000000    0.000000    
21.900871    -0.000000    -0.000000    -0.000000    1.000000    0.000000    0.000000    0.000000    0.000000    0.000000    0.000000    0.000000    
51.378090    -0.000000    -0.000000    -0.000000    -0.000000    -0.000000    -0.000000    -0.000000    1.000000    0.000000    0.000000    0.000000    
58.396475    -0.000000    -0.000000    1.000000    0.000000    0.000000    0.000000    0.000000    0.000000    0.000000    0.000000    0.000000    
102.612303    -0.000000    -0.000000    -0.000000    -0.000000    -0.000000    -0.000000    -0.000000    -0.000000    1.000000    0.000000    0.000000    
112.438043    -0.000000    1.000000    0.000000    0.000000    0.000000    0.000000    0.000000    0.000000    0.000000    0.000000    0.000000    
171.392479    -0.000000    -0.000000    -0.000000    -0.000000    -0.000000    -0.000000    -0.000000    -0.000000    -0.000000    1.000000    0.000000    
184.025573    1.000000    0.000000    0.000000    0.000000    0.000000    0.000000    0.000000    0.000000    0.000000    0.000000    0.000000    
257.718619    0.000000    0.000000    0.000000    0.000000    0.000000    0.000000    0.000000    0.000000    0.000000    0.000000    1.000000    

1.769764
1.566032    -0.000000    -0.000000    -0.000000    -0.000000    -0.000000    1.000000    0.000000    0.000000    0.000000    0.000000    0.000000    
2.925844    -0.000000    -0.000000    -0.000000    -0.000000    1.000000    0.000000    0.000000    0.000000    0.000000    0.000000    0.000000    
17.752183    -0.000000    -0.000000    -0.000000    -0.000000    -0.000000    -0.000000    1.000000    0.000000    0.000000    0.000000    0.000000    
21.831620    -0.000000    -0.000000    -0.000000    1.000000    0.000000    0.000000    0.000000    0.000000    0.000000    0.000000    0.000000    
51.484298    -0.000000    -0.000000    -0.000000    -0.000000    -0.000000    -0.000000    -0.000000    1.000000    0.000000    0.000000    0.000000    
58.283359    -0.000000    -0.000000    1.000000    0.000000    0.000000    0.000000    0.000000    0.000000    0.000000    0.000000    0.000000    
102.762376    -0.000000    -0.000000    -0.000000    -0.000000    -0.000000    -0.000000    -0.000000    -0.000000    1.000000    0.000000    0.000000    
112.281061    -0.000000    1.000000    0.000000    0.000000    0.000000    0.000000    0.000000    0.000000    0.000000    0.000000    0.000000    
171.586417    -0.000000    -0.000000    -0.000000    -0.000000    -0.000000    -0.000000    -0.000000    -0.000000    -0.000000    1.000000    0.000000    
183.824727    1.000000    0.000000    0.000000    0.000000    0.000000    0.000000    0.000000    0.000000    0.000000    0.000000    0.000000    
257.956422    0.000000    0.000000    0.000000    0.000000    0.000000    0.000000    0.000000    0.000000    0.000000    0.000000    1.000000    

1.780236
1.584620    -0.000000    -0.000000    -0.000000    -0.000000    -0.000000    1.000000    0.000000    0.000000    0.000000    0.000000    0.000000    
2.900567    -0.000000    -0.000000    -0.000000    -0.000000    1.000000    0.000000    0.000000    0.000000    0.000000    0.000000    0.000000    
17.814636    -0.000000    -0.000000    -0.000000    -0.000000    -0.000000    -0.000000    1.000000    0.000000    0.000000    0.000000    0.000000    
21.762478    -0.000000    -0.000000    -0.000000    1.000000    0.000000    0.000000    0.000000    0.000000    0.000000    0.000000    0.000000    
51.590615    -0.000000    -0.000000    -0.000000    -0.000000    -0.000000    -0.000000    -0.000000    1.000000    0.000000    0.000000    0.000000    
58.170352    -0.000000    -0.000000    1.000000    0.000000    0.000000    0.000000    0.000000    0.000000    0.000000    0.000000    0.000000    
102.912558    -0.000000    -0.000000    -0.000000    -0.000000    -0.000000    -0.000000    -0.000000    -0.000000    1.000000    0.000000    0.000000    
112.124189    -0.000000    1.000000    0.000000    0.000000    0.000000    0.000000    0.000000    0.000000    0.000000    0.000000    0.000000    
171.780465    -0.000000    -0.000000    -0.000000    -0.000000    -0.000000    -0.000000    -0.000000    -0.000000    -0.000000    1.000000    0.000000    
183.623990    1.000000    0.000000    0.000000    0.000000    0.000000    0.000000    0.000000    0.000000    0.000000    0.000000    0.000000    
258.194334    0.000000    0.000000    0.000000    0.000000    0.000000    0.000000    0.000000    0.000000    0.000000    0.000000    1.000000    

1.790708
1.603317    -0.000000    -0.000000    -0.000000    -0.000000    -0.000000    1.000000    0.000000    0.000000    0.000000    0.000000    0.000000    
2.875400    -0.000000    -0.000000    -0.000000    -0.000000    1.000000    0.000000    0.000000    0.000000    0.000000    0.000000    0.000000    
17.877198    -0.000000    -0.000000    -0.000000    -0.000000    -0.000000    -0.000000    1.000000    0.000000    0.000000    0.000000    0.000000    
21.693445    -0.000000    -0.000000    -0.000000    1.000000    0.000000    0.000000    0.000000    0.000000    0.000000    0.000000    0.000000    
51.697043    -0.000000    -0.000000    -0.000000    -0.000000    -0.000000    -0.000000    -0.000000    1.000000    0.000000    0.000000    0.000000    
58.057454    -0.000000    -0.000000    1.000000    0.000000    0.000000    0.000000    0.000000    0.000000    0.000000    0.000000    0.000000    
103.062850    -0.000000    -0.000000    -0.000000    -0.000000    -0.000000    -0.000000    -0.000000    -0.000000    1.000000    0.000000    0.000000    
111.967427    -0.000000    1.000000    0.000000    0.000000    0.000000    0.000000    0.000000    0.000000    0.000000    0.000000    0.000000    
171.974622    -0.000000    -0.000000    -0.000000    -0.000000    -0.000000    -0.000000    -0.000000    -0.000000    -0.000000    1.000000    0.000000    
183.423363    1.000000    0.000000    0.000000    0.000000    0.000000    0.000000    0.000000    0.000000    0.000000    0.000000    0.000000    
258.432356    0.000000    0.000000    0.000000    0.000000    0.000000    0.000000    0.000000    0.000000    0.000000    0.000000    1.000000    

1.801180
1.622124    -0.000000    -0.000000    -0.000000    -0.000000    -0.000000    1.000000    0.000000    0.000000    0.000000    0.000000    0.000000    
2.850342    -0.000000    -0.000000    -0.000000    -0.000000    1.000000    0.000000    0.000000    0.000000    0.000000    0.000000    0.000000    
17.939870    -0.000000    -0.000000    -0.000000    -0.000000    -0.000000    -0.000000    1.000000    0.000000    0.000000    0.000000    0.000000    
21.624523    -0.000000    -0.000000    -0.000000    1.000000    0.000000    0.000000    0.000000    0.000000    0.000000    0.000000    0.000000    
51.803580    -0.000000    -0.000000    -0.000000    -0.000000    -0.000000    -0.000000    -0.000000    1.000000    0.000000    0.000000    0.000000    
57.944667    -0.000000    -0.000000    1.000000    0.000000    0.000000    0.000000    0.000000    0.000000    0.000000    0.000000    0.000000    
103.213252    -0.000000    -0.000000    -0.000000    -0.000000    -0.000000    -0.000000    -0.000000    -0.000000    1.000000    0.000000    0.000000    
111.810774    -0.000000    1.000000    0.000000    0.000000    0.000000    0.000000    0.000000    0.000000    0.000000    0.000000    0.000000    
172.168888    -0.000000    -0.000000    -0.000000    -0.000000    -0.000000    -0.000000    -0.000000    -0.000000    -0.000000    1.000000    0.000000    
183.222845    1.000000    0.000000    0.000000    0.000000    0.000000    0.000000    0.000000    0.000000    0.000000    0.000000    0.000000    
258.670488    0.000000    0.000000    0.000000    0.000000    0.000000    0.000000    0.000000    0.000000    0.000000    0.000000    1.000000    

1.811652
1.641041    -0.000000    -0.000000    -0.000000    -0.000000    -0.000000    1.000000    0.000000    0.000000    0.000000    0.000000    0.000000    
2.825394    -0.000000    -0.000000    -0.000000    -0.000000    1.000000    0.000000    0.000000    0.000000    0.000000    0.000000    0.000000    
18.002652    -0.000000    -0.000000    -0.000000    -0.000000    -0.000000    -0.000000    1.000000    0.000000    0.000000    0.000000    0.000000    
21.555709    -0.000000    -0.000000    -0.000000    1.000000    0.000000    0.000000    0.000000    0.000000    0.000000    0.000000    0.000000    
51.910226    -0.000000    -0.000000    -0.000000    -0.000000    -0.000000    -0.000000    -0.000000    1.000000    0.000000    0.000000    0.000000    
57.831989    -0.000000    -0.000000    1.000000    0.000000    0.000000    0.000000    0.000000    0.000000    0.000000    0.000000    0.000000    
103.363764    -0.000000    -0.000000    -0.000000    -0.000000    -0.000000    -0.000000    -0.000000    -0.000000    1.000000    0.000000    0.000000    
111.654231    -0.000000    1.000000    0.000000    0.000000    0.000000    0.000000    0.000000    0.000000    0.000000    0.000000    0.000000    
172.363265    -0.000000    -0.000000    -0.000000    -0.000000    -0.000000    -0.000000    -0.000000    -0.000000    -0.000000    1.000000    0.000000    
183.022437    1.000000    0.000000    0.000000    0.000000    0.000000    0.000000    0.000000    0.000000    0.000000    0.000000    0.000000    
258.908729    0.000000    0.000000    0.000000    0.000000    0.000000    0.000000    0.000000    0.000000    0.000000    0.000000    1.000000    

1.822124
1.660067    -0.000000    -0.000000    -0.000000    -0.000000    -0.000000    1.000000    0.000000    0.000000    0.000000    0.000000    0.000000    
2.800555    -0.000000    -0.000000    -0.000000    -0.000000    1.000000    0.000000    0.000000    0.000000    0.000000    0.000000    0.000000    
18.065543    -0.000000    -0.000000    -0.000000    -0.000000    -0.000000    -0.000000    1.000000    0.000000    0.000000    0.000000    0.000000    
21.487006    -0.000000    -0.000000    -0.000000    1.000000    0.000000    0.000000    0.000000    0.000000    0.000000    0.000000    0.000000    
52.016982    -0.000000    -0.000000    -0.000000    -0.000000    -0.000000    -0.000000    -0.000000    1.000000    0.000000    0.000000    0.000000    
57.719420    -0.000000    -0.000000    1.000000    0.000000    0.000000    0.000000    0.000000    0.000000    0.000000    0.000000    0.000000    
103.514385    -0.000000    -0.000000    -0.000000    -0.000000    -0.000000    -0.000000    -0.000000    -0.000000    1.000000    0.000000    0.000000    
111.497798    -0.000000    1.000000    0.000000    0.000000    0.000000    0.000000    0.000000    0.000000    0.000000    0.000000    0.000000    
172.557751    -0.000000    -0.000000    -0.000000    -0.000000    -0.000000    -0.000000    -0.000000    -0.000000    -0.000000    1.000000    0.000000    
182.822139    1.000000    0.000000    0.000000    0.000000    0.000000    0.000000    0.000000    0.000000    0.000000    0.000000    0.000000    
259.147080    0.000000    0.000000    0.000000    0.000000    0.000000    0.000000    0.000000    0.000000    0.000000    0.000000    1.000000    

1.832596
1.679204    -0.000000    -0.000000    -0.000000    -0.000000    -0.000000    1.000000    0.000000    0.000000    0.000000    0.000000    0.000000    
2.775826    -0.000000    -0.000000    -0.000000    -0.000000    1.000000    0.000000    0.000000    0.000000    0.000000    0.000000    0.000000    
18.128544    -0.000000    -0.000000    -0.000000    -0.000000    -0.000000    -0.000000    1.000000    0.000000    0.000000    0.000000    0.000000    
21.418412    -0.000000    -0.000000    -0.000000    1.000000    0.000000    0.000000    0.000000    0.000000    0.000000    0.000000    0.000000    
52.123848    -0.000000    -0.000000    -0.000000    -0.000000    -0.000000    -0.000000    -0.000000    1.000000    0.000000    0.000000    0.000000    
57.606962    -0.000000    -0.000000    1.000000    0.000000    0.000000    0.000000    0.000000    0.000000    0.000000    0.000000    0.000000    
103.665116    -0.000000    -0.000000    -0.000000    -0.000000    -0.000000    -0.000000    -0.000000    -0.000000    1.000000    0.000000    0.000000    
111.341475    -0.000000    1.000000    0.000000    0.000000    0.000000    0.000000    0.000000    0.000000    0.000000    0.000000    0.000000    
172.752346    -0.000000    -0.000000    -0.000000    -0.000000    -0.000000    -0.000000    -0.000000    -0.000000    -0.000000    1.000000    0.000000    
182.621951    1.000000    0.000000    0.000000    0.000000    0.000000    0.000000    0.000000    0.000000    0.000000    0.000000    0.000000    
259.385541    0.000000    0.000000    0.000000    0.000000    0.000000    0.000000    0.000000    0.000000    0.000000    0.000000    1.000000    

1.843068
1.698449    -0.000000    -0.000000    -0.000000    -0.000000    -0.000000    1.000000    0.000000    0.000000    0.000000    0.000000    0.000000    
2.751207    -0.000000    -0.000000    -0.000000    -0.000000    1.000000    0.000000    0.000000    0.000000    0.000000    0.000000    0.000000    
18.191655    -0.000000    -0.000000    -0.000000    -0.000000    -0.000000    -0.000000    1.000000    0.000000    0.000000    0.000000    0.000000    
21.349928    -0.000000    -0.000000    -0.000000    1.000000    0.000000    0.000000    0.000000    0.000000    0.000000    0.000000    0.000000    
52.230824    -0.000000    -0.000000    -0.000000    -0.000000    -0.000000    -0.000000    -0.000000    1.000000    0.000000    0.000000    0.000000    
57.494613    -0.000000    -0.000000    1.000000    0.000000    0.000000    0.000000    0.000000    0.000000    0.000000    0.000000    0.000000    
103.815956    -0.000000    -0.000000    -0.000000    -0.000000    -0.000000    -0.000000    -0.000000    -0.000000    1.000000    0.000000    0.000000    
111.185261    -0.000000    1.000000    0.000000    0.000000    0.000000    0.000000    0.000000    0.000000    0.000000    0.000000    0.000000    
172.947052    -0.000000    -0.000000    -0.000000    -0.000000    -0.000000    -0.000000    -0.000000    -0.000000    -0.000000    1.000000    0.000000    
182.421872    1.000000    0.000000    0.000000    0.000000    0.000000    0.000000    0.000000    0.000000    0.000000    0.000000    0.000000    
259.624111    0.000000    0.000000    0.000000    0.000000    0.000000    0.000000    0.000000    0.000000    0.000000    0.000000    1.000000    

1.853540
1.717805    -0.000000    -0.000000    -0.000000    -0.000000    -0.000000    1.000000    0.000000    0.000000    0.000000    0.000000    0.000000    
2.726698    -0.000000    -0.000000    -0.000000    -0.000000    1.000000    0.000000    0.000000    0.000000    0.000000    0.000000    0.000000    
18.254875    -0.000000    -0.000000    -0.000000    -0.000000    -0.000000    -0.000000    1.000000    0.000000    0.000000    0.000000    0.000000    
21.281554    -0.000000    -0.000000    -0.000000    1.000000    0.000000    0.000000    0.000000    0.000000    0.000000    0.000000    0.000000    
52.337909    -0.000000    -0.000000    -0.000000    -0.000000    -0.000000    -0.000000    -0.000000    1.000000    0.000000    0.000000    0.000000    
57.382373    -0.000000    -0.000000    1.000000    0.000000    0.000000    0.000000    0.000000    0.000000    0.000000    0.000000    0.000000    
103.966906    -0.000000    -0.000000    -0.000000    -0.000000    -0.000000    -0.000000    -0.000000    -0.000000    1.000000    0.000000    0.000000    
111.029157    -0.000000    1.000000    0.000000    0.000000    0.000000    0.000000    0.000000    0.000000    0.000000    0.000000    0.000000    
173.141867    -0.000000    -0.000000    -0.000000    -0.000000    -0.000000    -0.000000    -0.000000    -0.000000    -0.000000    1.000000    0.000000    
182.221903    1.000000    0.000000    0.000000    0.000000    0.000000    0.000000    0.000000    0.000000    0.000000    0.000000    0.000000    
259.862791    0.000000    0.000000    0.000000    0.000000    0.000000    0.000000    0.000000    0.000000    0.000000    0.000000    1.000000    

1.864012
1.737270    -0.000000    -0.000000    -0.000000    -0.000000    -0.000000    1.000000    0.000000    0.000000    0.000000    0.000000    0.000000    
2.702298    -0.000000    -0.000000    -0.000000    -0.000000    1.000000    0.000000    0.000000    0.000000    0.000000    0.000000    0.000000    
18.318205    -0.000000    -0.000000    -0.000000    -0.000000    -0.000000    -0.000000    1.000000    0.000000    0.000000    0.000000    0.000000    
21.213289    -0.000000    -0.000000    -0.000000    1.000000    0.000000    0.000000    0.000000    0.000000    0.000000    0.000000    0.000000    
52.445104    -0.000000    -0.000000    -0.000000    -0.000000    -0.000000    -0.000000    -0.000000    1.000000    0.000000    0.000000    0.000000    
57.270244    -0.000000    -0.000000    1.000000    0.000000    0.000000    0.000000    0.000000    0.000000    0.000000    0.000000    0.000000    
104.117966    -0.000000    -0.000000    -0.000000    -0.000000    -0.000000    -0.000000    -0.000000    -0.000000    1.000000    0.000000    0.000000    
110.873162    -0.000000    1.000000    0.000000    0.000000    0.000000    0.000000    0.000000    0.000000    0.000000    0.000000    0.000000    
173.336792    -0.000000    -0.000000    -0.000000    -0.000000    -0.000000    -0.000000    -0.000000    -0.000000    -0.000000    1.000000    0.000000    
182.022043    1.000000    0.000000    0.000000    0.000000    0.000000    0.000000    0.000000    0.000000    0.000000    0.000000    0.000000    
260.101580    0.000000    0.000000    0.000000    0.000000    0.000000    0.000000    0.000000    0.000000    0.000000    0.000000    1.000000    

1.874484
1.756844    -0.000000    -0.000000    -0.000000    -0.000000    -0.000000    1.000000    0.000000    0.000000    0.000000    0.000000    0.000000    
2.678007    -0.000000    -0.000000    -0.000000    -0.000000    1.000000    0.000000    0.000000    0.000000    0.000000    0.000000    0.000000    
18.381645    -0.000000    -0.000000    -0.000000    -0.000000    -0.000000    -0.000000    1.000000    0.000000    0.000000    0.000000    0.000000    
21.145134    -0.000000    -0.000000    -0.000000    1.000000    0.000000    0.000000    0.000000    0.000000    0.000000    0.000000    0.000000    
52.552408    -0.000000    -0.000000    -0.000000    -0.000000    -0.000000    -0.000000    -0.000000    1.000000    0.000000    0.000000    0.000000    
57.158224    -0.000000    -0.000000    1.000000    0.000000    0.000000    0.000000    0.000000    0.000000    0.000000    0.000000    0.000000    
104.269135    -0.000000    -0.000000    -0.000000    -0.000000    -0.000000    -0.000000    -0.000000    -0.000000    1.000000    0.000000    0.000000    
110.717277    -0.000000    1.000000    0.000000    0.000000    0.000000    0.000000    0.000000    0.000000    0.000000    0.000000    0.000000    
173.531826    -0.000000    -0.000000    -0.000000    -0.000000    -0.000000    -0.000000    -0.000000    -0.000000    -0.000000    1.000000    0.000000    
181.822294    1.000000    0.000000    0.000000    0.000000    0.000000    0.000000    0.000000    0.000000    0.000000    0.000000    0.000000    
260.340480    0.000000    0.000000    0.000000    0.000000    0.000000    0.000000    0.000000    0.000000    0.000000    0.000000    1.000000    

1.884956
1.776529    -0.000000    -0.000000    -0.000000    -0.000000    -0.000000    1.000000    0.000000    0.000000    0.000000    0.000000    0.000000    
2.653827    -0.000000    -0.000000    -0.000000    -0.000000    1.000000    0.000000    0.000000    0.000000    0.000000    0.000000    0.000000    
18.445194    -0.000000    -0.000000    -0.000000    -0.000000    -0.000000    -0.000000    1.000000    0.000000    0.000000    0.000000    0.000000    
21.077089    -0.000000    -0.000000    -0.000000    1.000000    0.000000    0.000000    0.000000    0.000000    0.000000    0.000000    0.000000    
52.659823    -0.000000    -0.000000    -0.000000    -0.000000    -0.000000    -0.000000    -0.000000    1.000000    0.000000    0.000000    0.000000    
57.046313    -0.000000    -0.000000    1.000000    0.000000    0.000000    0.000000    0.000000    0.000000    0.000000    0.000000    0.000000    
104.420415    -0.000000    -0.000000    -0.000000    -0.000000    -0.000000    -0.000000    -0.000000    -0.000000    1.000000    0.000000    0.000000    
110.561502    -0.000000    1.000000    0.000000    0.000000    0.000000    0.000000    0.000000    0.000000    0.000000    0.000000    0.000000    
173.726970    -0.000000    -0.000000    -0.000000    -0.000000    -0.000000    -0.000000    -0.000000    -0.000000    -0.000000    1.000000    0.000000    
181.622653    1.000000    0.000000    0.000000    0.000000    0.000000    0.000000    0.000000    0.000000    0.000000    0.000000    0.000000    
260.579489    0.000000    0.000000    0.000000    0.000000    0.000000    0.000000    0.000000    0.000000    0.000000    0.000000    1.000000    

1.895428
1.796323    -0.000000    -0.000000    -0.000000    -0.000000    -0.000000    1.000000    0.000000    0.000000    0.000000    0.000000    0.000000    
2.629756    -0.000000    -0.000000    -0.000000    -0.000000    1.000000    0.000000    0.000000    0.000000    0.000000    0.000000    0.000000    
18.508853    -0.000000    -0.000000    -0.000000    -0.000000    -0.000000    -0.000000    1.000000    0.000000    0.000000    0.000000    0.000000    
21.009153    -0.000000    -0.000000    -0.000000    1.000000    0.000000    0.000000    0.000000    0.000000    0.000000    0.000000    0.000000    
52.767346    -0.000000    -0.000000    -0.000000    -0.000000    -0.000000    -0.000000    -0.000000    1.000000    0.000000    0.000000    0.000000    
56.934513    -0.000000    -0.000000    1.000000    0.000000    0.000000    0.000000    0.000000    0.000000    0.000000    0.000000    0.000000    
104.571803    -0.000000    -0.000000    -0.000000    -0.000000    -0.000000    -0.000000    -0.000000    -0.000000    1.000000    0.000000    0.000000    
110.405836    -0.000000    1.000000    0.000000    0.000000    0.000000    0.000000    0.000000    0.000000    0.000000    0.000000    0.000000    
173.922224    -0.000000    -0.000000    -0.000000    -0.000000    -0.000000    -0.000000    -0.000000    -0.000000    -0.000000    1.000000    0.000000    
181.423123    1.000000    0.000000    0.000000    0.000000    0.000000    0.000000    0.000000    0.000000    0.000000    0.000000    0.000000    
260.818607    0.000000    0.000000    0.000000    0.000000    0.000000    0.000000    0.000000    0.000000    0.000000    0.000000    1.000000    

1.905900
1.816227    -0.000000    -0.000000    -0.000000    -0.000000    -0.000000    1.000000    0.000000    0.000000    0.000000    0.000000    0.000000    
2.605795    -0.000000    -0.000000    -0.000000    -0.000000    1.000000    0.000000    0.000000    0.000000    0.000000    0.000000    0.000000    
18.572622    -0.000000    -0.000000    -0.000000    -0.000000    -0.000000    -0.000000    1.000000    0.000000    0.000000    0.000000    0.000000    
20.941327    -0.000000    -0.000000    -0.000000    1.000000    0.000000    0.000000    0.000000    0.000000    0.000000    0.000000    0.000000    
52.874980    -0.000000    -0.000000    -0.000000    -0.000000    -0.000000    -0.000000    -0.000000    1.000000    0.000000    0.000000    0.000000    
56.822822    -0.000000    -0.000000    1.000000    0.000000    0.000000    0.000000    0.000000    0.000000    0.000000    0.000000    0.000000    
104.723302    -0.000000    -0.000000    -0.000000    -0.000000    -0.000000    -0.000000    -0.000000    -0.000000    1.000000    0.000000    0.000000    
110.250280    -0.000000    1.000000    0.000000    0.000000    0.000000    0.000000    0.000000    0.000000    0.000000    0.000000    0.000000    
174.117587    -0.000000    -0.000000    -0.000000    -0.000000    -0.000000    -0.000000    -0.000000    -0.000000    -0.000000    1.000000    0.000000    
181.223702    1.000000    0.000000    0.000000    0.000000    0.000000    0.000000    0.000000    0.000000    0.000000    0.000000    0.000000    
261.057835    0.000000    0.000000    0.000000    0.000000    0.000000    0.000000    0.000000    0.000000    0.000000    0.000000    1.000000    

1.916372
1.836240    -0.000000    -0.000000    -0.000000    -0.000000    -0.000000    1.000000    0.000000    0.000000    0.000000    0.000000    0.000000    
2.581943    -0.000000    -0.000000    -0.000000    -0.000000    1.000000    0.000000    0.000000    0.000000    0.000000    0.000000    0.000000    
18.636500    -0.000000    -0.000000    -0.000000    -0.000000    -0.000000    -0.000000    1.000000    0.000000    0.000000    0.000000    0.000000    
20.873610    -0.000000    -0.000000    -0.000000    1.000000    0.000000    0.000000    0.000000    0.000000    0.000000    0.000000    0.000000    
52.982723    -0.000000    -0.000000    -0.000000    -0.000000    -0.000000    -0.000000    -0.000000    1.000000    0.000000    0.000000    0.000000    
56.711240    -0.000000    -0.000000    1.000000    0.000000    0.000000    0.000000    0.000000    0.000000    0.000000    0.000000    0.000000    
104.874910    -0.000000    -0.000000    -0.000000    -0.000000    -0.000000    -0.000000    -0.000000    -0.000000    1.000000    0.000000    0.000000    
110.094834    -0.000000    1.000000    0.000000    0.000000    0.000000    0.000000    0.000000    0.000000    0.000000    0.000000    0.000000    
174.313060    -0.000000    -0.000000    -0.000000    -0.000000    -0.000000    -0.000000    -0.000000    -0.000000    -0.000000    1.000000    0.000000    
181.024391    1.000000    0.000000    0.000000    0.000000    0.000000    0.000000    0.000000    0.000000    0.000000    0.000000    0.000000    
261.297173    0.000000    0.000000    0.000000    0.000000    0.000000    0.000000    0.000000    0.000000    0.000000    0.000000    1.000000    

1.926843
1.856363    -0.000000    -0.000000    -0.000000    -0.000000    -0.000000    1.000000    0.000000    0.000000    0.000000    0.000000    0.000000    
2.558201    -0.000000    -0.000000    -0.000000    -0.000000    1.000000    0.000000    0.000000    0.000000    0.000000    0.000000    0.000000    
18.700488    -0.000000    -0.000000    -0.000000    -0.000000    -0.000000    -0.000000    1.000000    0.000000    0.000000    0.000000    0.000000    
20.806003    -0.000000    -0.000000    -0.000000    1.000000    0.000000    0.000000    0.000000    0.000000    0.000000    0.000000    0.000000    
53.090576    -0.000000    -0.000000    -0.000000    -0.000000    -0.000000    -0.000000    -0.000000    1.000000    0.000000    0.000000    0.000000    
56.599769    -0.000000    -0.000000    1.000000    0.000000    0.000000    0.000000    0.000000    0.000000    0.000000    0.000000    0.000000    
105.026628    -0.000000    -0.000000    -0.000000    -0.000000    -0.000000    -0.000000    -0.000000    -0.000000    1.000000    0.000000    0.000000    
109.939497    -0.000000    1.000000    0.000000    0.000000    0.000000    0.000000    0.000000    0.000000    0.000000    0.000000    0.000000    
174.508643    -0.000000    -0.000000    -0.000000    -0.000000    -0.000000    -0.000000    -0.000000    -0.000000    -0.000000    1.000000    0.000000    
180.825189    1.000000    0.000000    0.000000    0.000000    0.000000    0.000000    0.000000    0.000000    0.000000    0.000000    0.000000    
261.536621    0.000000    0.000000    0.000000    0.000000    0.000000    0.000000    0.000000    0.000000    0.000000    0.000000    1.000000    

1.937315
1.876596    -0.000000    -0.000000    -0.000000    -0.000000    -0.000000    1.000000    0.000000    0.000000    0.000000    0.000000    0.000000    
2.534569    -0.000000    -0.000000    -0.000000    -0.000000    1.000000    0.000000    0.000000    0.000000    0.000000    0.000000    0.000000    
18.764585    -0.000000    -0.000000    -0.000000    -0.000000    -0.000000    -0.000000    1.000000    0.000000    0.000000    0.000000    0.000000    
20.738506    -0.000000    -0.000000    -0.000000    1.000000    0.000000    0.000000    0.000000    0.000000    0.000000    0.000000    0.000000    
53.198539    -0.000000    -0.000000    -0.000000    -0.000000    -0.000000    -0.000000    -0.000000    1.000000    0.000000    0.000000    0.000000    
56.488407    -0.000000    -0.000000    1.000000    0.000000    0.000000    0.000000    0.000000    0.000000    0.000000    0.000000    0.000000    
105.178455    -0.000000    -0.000000    -0.000000    -0.000000    -0.000000    -0.000000    -0.000000    -0.000000    1.000000    0.000000    0.000000    
109.784270    -0.000000    1.000000    0.000000    0.000000    0.000000    0.000000    0.000000    0.000000    0.000000    0.000000    0.000000    
174.704335    -0.000000    -0.000000    -0.000000    -0.000000    -0.000000    -0.000000    -0.000000    -0.000000    -0.000000    1.000000    0.000000    
180.626098    1.000000    0.000000    0.000000    0.000000    0.000000    0.000000    0.000000    0.000000    0.000000    0.000000    0.000000    
261.776178    0.000000    0.000000    0.000000    0.000000    0.000000    0.000000    0.000000    0.000000    0.000000    0.000000    1.000000    

1.947787
1.896938    -0.000000    -0.000000    -0.000000    -0.000000    -0.000000    1.000000    0.000000    0.000000    0.000000    0.000000    0.000000    
2.511047    -0.000000    -0.000000    -0.000000    -0.000000    1.000000    0.000000    0.000000    0.000000    0.000000    0.000000    0.000000    
18.828793    -0.000000    -0.000000    -0.000000    -0.000000    -0.000000    -0.000000    1.000000    0.000000    0.000000    0.000000    0.000000    
20.671119    -0.000000    -0.000000    -0.000000    1.000000    0.000000    0.000000    0.000000    0.000000    0.000000    0.000000    0.000000    
53.306611    -0.000000    -0.000000    -0.000000    -0.000000    -0.000000    -0.000000    -0.000000    1.000000    0.000000    0.000000    0.000000    
56.377154    -0.000000    -0.000000    1.000000    0.000000    0.000000    0.000000    0.000000    0.000000    0.000000    0.000000    0.000000    
105.330392    -0.000000    -0.000000    -0.000000    -0.000000    -0.000000    -0.000000    -0.000000    -0.000000    1.000000    0.000000    0.000000    
109.629153    -0.000000    1.000000    0.000000    0.000000    0.000000    0.000000    0.000000    0.000000    0.000000    0.000000    0.000000    
174.900137    -0.000000    -0.000000    -0.000000    -0.000000    -0.000000    -0.000000    -0.000000    -0.000000    -0.000000    1.000000    0.000000    
180.427115    1.000000    0.000000    0.000000    0.000000    0.000000    0.000000    0.000000    0.000000    0.000000    0.000000    0.000000    
262.015845    0.000000    0.000000    0.000000    0.000000    0.000000    0.000000    0.000000    0.000000    0.000000    0.000000    1.000000    

1.958259
1.917390    -0.000000    -0.000000    -0.000000    -0.000000    -0.000000    1.000000    0.000000    0.000000    0.000000    0.000000    0.000000    
2.487634    -0.000000    -0.000000    -0.000000    -0.000000    1.000000    0.000000    0.000000    0.000000    0.000000    0.000000    0.000000    
18.893110    -0.000000    -0.000000    -0.000000    -0.000000    -0.000000    -0.000000    1.000000    0.000000    0.000000    0.000000    0.000000    
20.603841    -0.000000    -0.000000    -0.000000    1.000000    0.000000    0.000000    0.000000    0.000000    0.000000    0.000000    0.000000    
53.414792    -0.000000    -0.000000    -0.000000    -0.000000    -0.000000    -0.000000    -0.000000    1.000000    0.000000    0.000000    0.000000    
56.266012    -0.000000    -0.000000    1.000000    0.000000    0.000000    0.000000    0.000000    0.000000    0.000000    0.000000    0.000000    
105.482439    -0.000000    -0.000000    -0.000000    -0.000000    -0.000000    -0.000000    -0.000000    -0.000000    1.000000    0.000000    0.000000    
109.474145    -0.000000    1.000000    0.000000    0.000000    0.000000    0.000000    0.000000    0.000000    0.000000    0.000000    0.000000    
175.096049    -0.000000    -0.000000    -0.000000    -0.000000    -0.000000    -0.000000    -0.000000    -0.000000    -0.000000    1.000000    0.000000    
180.228243    1.000000    0.000000    0.000000    0.000000    0.000000    0.000000    0.000000    0.000000    0.000000    0.000000    0.000000    
262.255622    0.000000    0.000000    0.000000    0.000000    0.000000    0.000000    0.000000    0.000000    0.000000    0.000000    1.000000    

1.968731
1.937952    -0.000000    -0.000000    -0.000000    -0.000000    -0.000000    1.000000    0.000000    0.000000    0.000000    0.000000    0.000000    
2.464331    -0.000000    -0.000000    -0.000000    -0.000000    1.000000    0.000000    0.000000    0.000000    0.000000    0.000000    0.000000    
18.957536    -0.000000    -0.000000    -0.000000    -0.000000    -0.000000    -0.000000    1.000000    0.000000    0.000000    0.000000    0.000000    
20.536673    -0.000000    -0.000000    -0.000000    1.000000    0.000000    0.000000    0.000000    0.000000    0.000000    0.000000    0.000000    
53.523084    -0.000000    -0.000000    -0.000000    -0.000000    -0.000000    -0.000000    -0.000000    1.000000    0.000000    0.000000    0.000000    
56.154978    -0.000000    -0.000000    1.000000    0.000000    0.000000    0.000000    0.000000    0.000000    0.000000    0.000000    0.000000    
105.634595    -0.000000    -0.000000    -0.000000    -0.000000    -0.000000    -0.000000    -0.000000    -0.000000    1.000000    0.000000    0.000000    
109.319248    -0.000000    1.000000    0.000000    0.000000    0.000000    0.000000    0.000000    0.000000    0.000000    0.000000    0.000000    
175.292070    -0.000000    -0.000000    -0.000000    -0.000000    -0.000000    -0.000000    -0.000000    -0.000000    -0.000000    1.000000    0.000000    
180.029480    1.000000    0.000000    0.000000    0.000000    0.000000    0.000000    0.000000    0.000000    0.000000    0.000000    0.000000    
262.495508    0.000000    0.000000    0.000000    0.000000    0.000000    0.000000    0.000000    0.000000    0.000000    0.000000    1.000000    

1.979203
1.958623    -0.000000    -0.000000    -0.000000    -0.000000    -0.000000    1.000000    0.000000    0.000000    0.000000    0.000000    0.000000    
2.441137    -0.000000    -0.000000    -0.000000    -0.000000    1.000000    0.000000    0.000000    0.000000    0.000000    0.000000    0.000000    
19.022072    -0.000000    -0.000000    -0.000000    -0.000000    -0.000000    -0.000000    1.000000    0.000000    0.000000    0.000000    0.000000    
20.469614    -0.000000    -0.000000    -0.000000    1.000000    0.000000    0.000000    0.000000    0.000000    0.000000    0.000000    0.000000    
53.631485    -0.000000    -0.000000    -0.000000    -0.000000    -0.000000    -0.000000    -0.000000    1.000000    0.000000    0.000000    0.000000    
56.044055    -0.000000    -0.000000    1.000000    0.000000    0.000000    0.000000    0.000000    0.000000    0.000000    0.000000    0.000000    
105.786861    -0.000000    -0.000000    -0.000000    -0.000000    -0.000000    -0.000000    -0.000000    -0.000000    1.000000    0.000000    0.000000    
109.164459    -0.000000    1.000000    0.000000    0.000000    0.000000    0.000000    0.000000    0.000000    0.000000    0.000000    0.000000    
175.488201    -0.000000    -0.000000    -0.000000    -0.000000    -0.000000    -0.000000    -0.000000    -0.000000    -0.000000    1.000000    0.000000    
179.830827    1.000000    0.000000    0.000000    0.000000    0.000000    0.000000    0.000000    0.000000    0.000000    0.000000    0.000000    
262.735504    0.000000    0.000000    0.000000    0.000000    0.000000    0.000000    0.000000    0.000000    0.000000    0.000000    1.000000    

1.989675
1.979404    -0.000000    -0.000000    -0.000000    -0.000000    -0.000000    1.000000    0.000000    0.000000    0.000000    0.000000    0.000000    
2.418053    -0.000000    -0.000000    -0.000000    -0.000000    1.000000    0.000000    0.000000    0.000000    0.000000    0.000000    0.000000    
19.086718    -0.000000    -0.000000    -0.000000    -0.000000    -0.000000    -0.000000    1.000000    0.000000    0.000000    0.000000    0.000000    
20.402666    -0.000000    -0.000000    -0.000000    1.000000    0.000000    0.000000    0.000000    0.000000    0.000000    0.000000    0.000000    
53.739996    -0.000000    -0.000000    -0.000000    -0.000000    -0.000000    -0.000000    -0.000000    1.000000    0.000000    0.000000    0.000000    
55.933241    -0.000000    -0.000000    1.000000    0.000000    0.000000    0.000000    0.000000    0.000000    0.000000    0.000000    0.000000    
105.939237    -0.000000    -0.000000    -0.000000    -0.000000    -0.000000    -0.000000    -0.000000    -0.000000    1.000000    0.000000    0.000000    
109.009781    -0.000000    1.000000    0.000000    0.000000    0.000000    0.000000    0.000000    0.000000    0.000000    0.000000    0.000000    
175.684441    -0.000000    -0.000000    -0.000000    -0.000000    -0.000000    -0.000000    -0.000000    -0.000000    -0.000000    1.000000    0.000000    
179.632283    1.000000    0.000000    0.000000    0.000000    0.000000    0.000000    0.000000    0.000000    0.000000    0.000000    0.000000    
262.975609    0.000000    0.000000    0.000000    0.000000    0.000000    0.000000    0.000000    0.000000    0.000000    0.000000    1.000000    

2.000147
2.000295    -0.000000    -0.000000    -0.000000    -0.000000    -0.000000    1.000000    0.000000    0.000000    0.000000    0.000000    0.000000    
2.395079    -0.000000    -0.000000    -0.000000    -0.000000    1.000000    0.000000    0.000000    0.000000    0.000000    0.000000    0.000000    
19.151474    -0.000000    -0.000000    -0.000000    -0.000000    -0.000000    -0.000000    1.000000    0.000000    0.000000    0.000000    0.000000    
20.335826    -0.000000    -0.000000    -0.000000    1.000000    0.000000    0.000000    0.000000    0.000000    0.000000    0.000000    0.000000    
53.848616    -0.000000    -0.000000    -0.000000    -0.000000    -0.000000    -0.000000    -0.000000    1.000000    0.000000    0.000000    0.000000    
55.822537    -0.000000    -0.000000    1.000000    0.000000    0.000000    0.000000    0.000000    0.000000    0.000000    0.000000    0.000000    
106.091722    -0.000000    -0.000000    -0.000000    -0.000000    -0.000000    -0.000000    -0.000000    -0.000000    1.000000    0.000000    0.000000    
108.855212    -0.000000    1.000000    0.000000    0.000000    0.000000    0.000000    0.000000    0.000000    0.000000    0.000000    0.000000    
175.880792    -0.000000    -0.000000    -0.000000    -0.000000    -0.000000    -0.000000    -0.000000    -0.000000    -0.000000    1.000000    0.000000    
179.433849    1.000000    0.000000    0.000000    0.000000    0.000000    0.000000    0.000000    0.000000    0.000000    0.000000    0.000000    
263.215824    0.000000    0.000000    0.000000    0.000000    0.000000    0.000000    0.000000    0.000000    0.000000    0.000000    1.000000    

2.010619
2.021295    -0.000000    -0.000000    -0.000000    -0.000000    -0.000000    1.000000    0.000000    0.000000    0.000000    0.000000    0.000000    
2.372214    -0.000000    -0.000000    -0.000000    -0.000000    1.000000    0.000000    0.000000    0.000000    0.000000    0.000000    0.000000    
19.216339    -0.000000    -0.000000    -0.000000    -0.000000    -0.000000    -0.000000    1.000000    0.000000    0.000000    0.000000    0.000000    
20.269097    -0.000000    -0.000000    -0.000000    1.000000    0.000000    0.000000    0.000000    0.000000    0.000000    0.000000    0.000000    
53.957347    -0.000000    -0.000000    -0.000000    -0.000000    -0.000000    -0.000000    -0.000000    1.000000    0.000000    0.000000    0.000000    
55.711943    -0.000000    -0.000000    1.000000    0.000000    0.000000    0.000000    0.000000    0.000000    0.000000    0.000000    0.000000    
106.244317    -0.000000    -0.000000    -0.000000    -0.000000    -0.000000    -0.000000    -0.000000    -0.000000    1.000000    0.000000    0.000000    
108.700752    -0.000000    1.000000    0.000000    0.000000    0.000000    0.000000    0.000000    0.000000    0.000000    0.000000    0.000000    
176.077252    -0.000000    -0.000000    -0.000000    -0.000000    -0.000000    -0.000000    -0.000000    -0.000000    -0.000000    1.000000    0.000000    
179.235525    1.000000    0.000000    0.000000    0.000000    0.000000    0.000000    0.000000    0.000000    0.000000    0.000000    0.000000    
263.456149    0.000000    0.000000    0.000000    0.000000    0.000000    0.000000    0.000000    0.000000    0.000000    0.000000    1.000000    

2.021091
2.042405    -0.000000    -0.000000    -0.000000    -0.000000    -0.000000    1.000000    0.000000    0.000000    0.000000    0.000000    0.000000    
2.349459    -0.000000    -0.000000    -0.000000    -0.000000    1.000000    0.000000    0.000000    0.000000    0.000000    0.000000    0.000000    
19.281314    -0.000000    -0.000000    -0.000000    -0.000000    -0.000000    -0.000000    1.000000    0.000000    0.000000    0.000000    0.000000    
20.202477    -0.000000    -0.000000    -0.000000    1.000000    0.000000    0.000000    0.000000    0.000000    0.000000    0.000000    0.000000    
54.066186    -0.000000    -0.000000    -0.000000    -0.000000    -0.000000    -0.000000    -0.000000    1.000000    0.000000    0.000000    0.000000    
55.601458    -0.000000    -0.000000    1.000000    0.000000    0.000000    0.000000    0.000000    0.000000    0.000000    0.000000    0.000000    
106.397022    -0.000000    -0.000000    -0.000000    -0.000000    -0.000000    -0.000000    -0.000000    -0.000000    1.000000    0.000000    0.000000    
108.546403    -0.000000    1.000000    0.000000    0.000000    0.000000    0.000000    0.000000    0.000000    0.000000    0.000000    0.000000    
176.273821    -0.000000    -0.000000    -0.000000    -0.000000    -0.000000    -0.000000    -0.000000    -0.000000    -0.000000    1.000000    0.000000    
179.037311    1.000000    0.000000    0.000000    0.000000    0.000000    0.000000    0.000000    0.000000    0.000000    0.000000    0.000000    
263.696584    0.000000    0.000000    0.000000    0.000000    0.000000    0.000000    0.000000    0.000000    0.000000    0.000000    1.000000    

2.031563
2.063625    -0.000000    -0.000000    -0.000000    -0.000000    -0.000000    1.000000    0.000000    0.000000    0.000000    0.000000    0.000000    
2.326814    -0.000000    -0.000000    -0.000000    -0.000000    1.000000    0.000000    0.000000    0.000000    0.000000    0.000000    0.000000    
19.346399    -0.000000    -0.000000    -0.000000    -0.000000    -0.000000    -0.000000    1.000000    0.000000    0.000000    0.000000    0.000000    
20.135967    -0.000000    -0.000000    -0.000000    1.000000    0.000000    0.000000    0.000000    0.000000    0.000000    0.000000    0.000000    
54.175136    -0.000000    -0.000000    -0.000000    -0.000000    -0.000000    -0.000000    -0.000000    1.000000    0.000000    0.000000    0.000000    
55.491083    -0.000000    -0.000000    1.000000    0.000000    0.000000    0.000000    0.000000    0.000000    0.000000    0.000000    0.000000    
106.549837    -0.000000    -0.000000    -0.000000    -0.000000    -0.000000    -0.000000    -0.000000    -0.000000    1.000000    0.000000    0.000000    
108.392163    -0.000000    1.000000    0.000000    0.000000    0.000000    0.000000    0.000000    0.000000    0.000000    0.000000    0.000000    
176.470501    -0.000000    -0.000000    -0.000000    -0.000000    -0.000000    -0.000000    -0.000000    -0.000000    -0.000000    1.000000    0.000000    
178.839206    1.000000    0.000000    0.000000    0.000000    0.000000    0.000000    0.000000    0.000000    0.000000    0.000000    0.000000    
263.937128    0.000000    0.000000    0.000000    0.000000    0.000000    0.000000    0.000000    0.000000    0.000000    0.000000    1.000000    

2.042035
2.084954    -0.000000    -0.000000    -0.000000    -0.000000    -0.000000    1.000000    0.000000    0.000000    0.000000    0.000000    0.000000    
2.304278    -0.000000    -0.000000    -0.000000    -0.000000    1.000000    0.000000    0.000000    0.000000    0.000000    0.000000    0.000000    
19.411593    -0.000000    -0.000000    -0.000000    -0.000000    -0.000000    -0.000000    1.000000    0.000000    0.000000    0.000000    0.000000    
20.069566    -0.000000    -0.000000    -0.000000    1.000000    0.000000    0.000000    0.000000    0.000000    0.000000    0.000000    0.000000    
54.284195    -0.000000    -0.000000    -0.000000    -0.000000    -0.000000    -0.000000    -0.000000    1.000000    0.000000    0.000000    0.000000    
55.380818    -0.000000    -0.000000    1.000000    0.000000    0.000000    0.000000    0.000000    0.000000    0.000000    0.000000    0.000000    
106.702761    -0.000000    -0.000000    -0.000000    -0.000000    -0.000000    -0.000000    -0.000000    -0.000000    1.000000    0.000000    0.000000    
108.238032    -0.000000    1.000000    0.000000    0.000000    0.000000    0.000000    0.000000    0.000000    0.000000    0.000000    0.000000    
176.667290    -0.000000    -0.000000    -0.000000    -0.000000    -0.000000    -0.000000    -0.000000    -0.000000    -0.000000    1.000000    0.000000    
178.641210    1.000000    0.000000    0.000000    0.000000    0.000000    0.000000    0.000000    0.000000    0.000000    0.000000    0.000000    
264.177782    0.000000    0.000000    0.000000    0.000000    0.000000    0.000000    0.000000    0.000000    0.000000    0.000000    1.000000    

2.052507
2.106393    -0.000000    -0.000000    -0.000000    -0.000000    -0.000000    1.000000    0.000000    0.000000    0.000000    0.000000    0.000000    
2.281853    -0.000000    -0.000000    -0.000000    -0.000000    1.000000    0.000000    0.000000    0.000000    0.000000    0.000000    0.000000    
19.476897    -0.000000    -0.000000    -0.000000    -0.000000    -0.000000    -0.000000    1.000000    0.000000    0.000000    0.000000    0.000000    
20.003276    -0.000000    -0.000000    -0.000000    1.000000    0.000000    0.000000    0.000000    0.000000    0.000000    0.000000    0.000000    
54.393364    -0.000000    -0.000000    -0.000000    -0.000000    -0.000000    -0.000000    -0.000000    1.000000    0.000000    0.000000    0.000000    
55.270662    -0.000000    -0.000000    1.000000    0.000000    0.000000    0.000000    0.000000    0.000000    0.000000    0.000000    0.000000    
106.855794    -0.000000    -0.000000    -0.000000    -0.000000    -0.000000    -0.000000    -0.000000    -0.000000    1.000000    0.000000    0.000000    
108.084012    -0.000000    1.000000    0.000000    0.000000    0.000000    0.000000    0.000000    0.000000    0.000000    0.000000    0.000000    
176.864188    -0.000000    -0.000000    -0.000000    -0.000000    -0.000000    -0.000000    -0.000000    -0.000000    -0.000000    1.000000    0.000000    
178.443325    1.000000    0.000000    0.000000    0.000000    0.000000    0.000000    0.000000    0.000000    0.000000    0.000000    0.000000    
264.418545    0.000000    0.000000    0.000000    0.000000    0.000000    0.000000    0.000000    0.000000    0.000000    0.000000    1.000000    

2.062979
2.127942    -0.000000    -0.000000    -0.000000    -0.000000    -0.000000    1.000000    0.000000    0.000000    0.000000    0.000000    0.000000    
2.259536    -0.000000    -0.000000    -0.000000    -0.000000    1.000000    0.000000    0.000000    0.000000    0.000000    0.000000    0.000000    
19.542310    -0.000000    -0.000000    -0.000000    -0.000000    -0.000000    -0.000000    1.000000    0.000000    0.000000    0.000000    0.000000    
19.937094    -0.000000    -0.000000    -0.000000    1.000000    0.000000    0.000000    0.000000    0.000000    0.000000    0.000000    0.000000    
54.502642    -0.000000    -0.000000    -0.000000    -0.000000    -0.000000    -0.000000    -0.000000    1.000000    0.000000    0.000000    0.000000    
55.160616    -0.000000    -0.000000    1.000000    0.000000    0.000000    0.000000    0.000000    0.000000    0.000000    0.000000    0.000000    
107.008938    -0.000000    -0.000000    -0.000000    -0.000000    -0.000000    -0.000000    -0.000000    -0.000000    1.000000    0.000000    0.000000    
107.930101    -0.000000    1.000000    0.000000    0.000000    0.000000    0.000000    0.000000    0.000000    0.000000    0.000000    0.000000    
177.061196    -0.000000    -0.000000    -0.000000    -0.000000    -0.000000    -0.000000    -0.000000    -0.000000    -0.000000    1.000000    0.000000    
178.245549    1.000000    0.000000    0.000000    0.000000    0.000000    0.000000    0.000000    0.000000    0.000000    0.000000    0.000000    
264.659419    0.000000    0.000000    0.000000    0.000000    0.000000    0.000000    0.000000    0.000000    0.000000    0.000000    1.000000    

2.073451
2.149600    -0.000000    -0.000000    -0.000000    -0.000000    -0.000000    1.000000    0.000000    0.000000    0.000000    0.000000    0.000000    
2.237330    -0.000000    -0.000000    -0.000000    -0.000000    1.000000    0.000000    0.000000    0.000000    0.000000    0.000000    0.000000    
19.607833    -0.000000    -0.000000    -0.000000    -0.000000    -0.000000    -0.000000    1.000000    0.000000    0.000000    0.000000    0.000000    
19.871023    -0.000000    -0.000000    -0.000000    1.000000    0.000000    0.000000    0.000000    0.000000    0.000000    0.000000    0.000000    
54.612030    -0.000000    -0.000000    -0.000000    -0.000000    -0.000000    -0.000000    -0.000000    1.000000    0.000000    0.000000    0.000000    
55.050679    -0.000000    -0.000000    1.000000    0.000000    0.000000    0.000000    0.000000    0.000000    0.000000    0.000000    0.000000    
107.162191    -0.000000    -0.000000    -0.000000    -0.000000    -0.000000    -0.000000    -0.000000    -0.000000    1.000000    0.000000    0.000000    
107.776299    -0.000000    1.000000    0.000000    0.000000    0.000000    0.000000    0.000000    0.000000    0.000000    0.000000    0.000000    
177.258314    -0.000000    -0.000000    -0.000000    -0.000000    -0.000000    -0.000000    -0.000000    -0.000000    -0.000000    1.000000    0.000000    
178.047883    1.000000    0.000000    0.000000    0.000000    0.000000    0.000000    0.000000    0.000000    0.000000    0.000000    0.000000    
264.900401    0.000000    0.000000    0.000000    0.000000    0.000000    0.000000    0.000000    0.000000    0.000000    0.000000    1.000000    

2.083923
2.171368    -0.000000    -0.000000    -0.000000    -0.000000    -0.000000    1.000000    0.000000    0.000000    0.000000    0.000000    0.000000    
2.215233    -0.000000    -0.000000    -0.000000    -0.000000    1.000000    0.000000    0.000000    0.000000    0.000000    0.000000    0.000000    
19.673466    -0.000000    -0.000000    -0.000000    -0.000000    -0.000000    -0.000000    1.000000    0.000000    0.000000    0.000000    0.000000    
19.805061    -0.000000    -0.000000    -0.000000    1.000000    0.000000    0.000000    0.000000    0.000000    0.000000    0.000000    0.000000    
54.721528    -0.000000    -0.000000    -0.000000    -0.000000    -0.000000    -0.000000    -0.000000    1.000000    0.000000    0.000000    0.000000    
54.940853    -0.000000    -0.000000    1.000000    0.000000    0.000000    0.000000    0.000000    0.000000    0.000000    0.000000    0.000000    
107.315553    -0.000000    -0.000000    -0.000000    -0.000000    -0.000000    -0.000000    -0.000000    -0.000000    1.000000    0.000000    0.000000    
107.622608    -0.000000    1.000000    0.000000    0.000000    0.000000    0.000000    0.000000    0.000000    0.000000    0.000000    0.000000    
177.455542    -0.000000    -0.000000    -0.000000    -0.000000    -0.000000    -0.000000    -0.000000    -0.000000    -0.000000    1.000000    0.000000    
177.850326    1.000000    0.000000    0.000000    0.000000    0.000000    0.000000    0.000000    0.000000    0.000000    0.000000    0.000000    
265.141494    0.000000    0.000000    0.000000    0.000000    0.000000    0.000000    0.000000    0.000000    0.000000    0.000000    1.000000    

2.094395
2.193245    -0.000000    -0.000000    -0.000000    -0.000000    -0.000000    1.000000    0.000000    0.000000    0.000000    0.000000    0.000000    
2.193245    -0.000000    -0.000000    -0.000000    -0.000000    1.000000    0.000000    0.000000    0.000000    0.000000    0.000000    0.000000    
19.739209    -0.000000    -0.000000    -0.000000    -0.000000    -0.000000    -0.000000    1.000000    0.000000    0.000000    0.000000    0.000000    
19.739209    -0.000000    -0.000000    -0.000000    1.000000    0.000000    0.000000    0.000000    0.000000    0.000000    0.000000    0.000000    
54.831136    -0.000000    -0.000000    -0.000000    -0.000000    -0.000000    -0.000000    -0.000000    1.000000    0.000000    0.000000    0.000000    
54.831136    -0.000000    -0.000000    1.000000    0.000000    0.000000    0.000000    0.000000    0.000000    0.000000    0.000000    0.000000    
107.469026    -0.000000    -0.000000    -0.000000    -0.000000    -0.000000    -0.000000    -0.000000    -0.000000    1.000000    0.000000    0.000000    
107.469026    -0.000000    1.000000    0.000000    0.000000    0.000000    0.000000    0.000000    0.000000    0.000000    0.000000    0.000000    
177.652879    1.000000    0.000000    0.000000    0.000000    0.000000    0.000000    0.000000    0.000000    0.000000    0.000000    0.000000    
177.652879    -0.000000    -0.000000    -0.000000    -0.000000    -0.000000    -0.000000    -0.000000    -0.000000    -0.000000    1.000000    0.000000    
265.382696    0.000000    0.000000    0.000000    0.000000    0.000000    0.000000    0.000000    0.000000    0.000000    0.000000    1.000000    

